effect,component,group,term,estimate,std.error,conf.low,conf.high
fixed,cond,,NULL,0.48165518762194776,0.3893659349253865,-0.33163581425947003,1.1862923859771013
