effect,component,group,term,estimate,std.error,conf.low,conf.high
fixed,cond,NA,(Intercept),-1.4476530263134717,0.7125233888660752,-2.791515288840015,0.07365690184680407
fixed,cond,NA,fungicide,-0.48742678187305744,0.31019685992163937,-1.1096272537444785,0.10971612822124548
fixed,cond,NA,yearf2019,-0.7605322155700075,0.12922289906546983,-1.0067774201826531,-0.5059107932325403
fixed,cond,NA,ageseedling,0.5431550220095388,0.12168943285996628,0.3006087905903869,0.7774850449998257
ran_pars,cond,site,sd__(Intercept),1.1024938245708424,0.7378354557724601,0.1812180436654318,2.5497942930431603
ran_pars,cond,site:plotID,sd__(Intercept),0.7624229448003874,0.15060319069882255,0.478078423664707,1.0572176675921983
