effect,component,group,term,estimate,std.error,conf.low,conf.high
fixed,cond,NA,(Intercept),-1.5237512419986403,1.3347254283287429,-4.115672239057978,1.4908243420480682
fixed,cond,NA,fungicide,-0.36208861399625353,0.11026595299327233,-0.5782686794688037,-0.14561982190937733
ran_pars,cond,site,sd__(Intercept),1.1005106968371072,0.7027815678764314,0.297491640974777,2.4034944642824465
ran_pars,cond,yearf,sd__(Intercept),1.3024578306507715,1.2929576711435307,0.06440950369928379,3.8755213339727668
