effect,component,group,term,estimate,std.error,conf.low,conf.high,rhat,ess
fixed,cond,NA,(Intercept),4.217246980113686,0.4083473838980683,3.435990062666194,5.053021659115174,1.0000141953534898,5940.022989936066
fixed,cond,NA,ageseedling,-2.3299702127417246,0.14729294109398203,-2.6109895901656057,-2.041328767052108,1.0005545774622195,10965.240728531333
fixed,cond,NA,fungicide,-0.13606815510432796,0.1900295418619869,-0.5095892927393221,0.23626957053392048,1.000684177989572,7771.203655083273
fixed,cond,NA,yearf2019,0.6241499835746259,0.10796966119046865,0.41044622573237666,0.8354902351243597,1.0001573840563944,16010.968040035654
fixed,cond,NA,ageseedling:fungicide,0.004766401173731729,0.20265854318985607,-0.38291355049008857,0.40771316050121437,1.0010258193612414,9416.016886785323
ran_pars,cond,site,sd__(Intercept),0.8020389235412055,0.3992656548210793,0.27559413171025554,1.5855548348064614,0.9998975030648338,6646.677342036382
ran_pars,cond,site:plotID,sd__(Intercept),0.3909701860182418,0.08538754146178747,0.21945390893075611,0.5532186479907262,1.0001468905843418,3459.6846644841635
