effect,component,group,term,estimate,std.error,conf.low,conf.high
fixed,cond,NA,(Intercept),7.7045224438197435,4.30415204067736,1.443591455289507,16.59295551730762
fixed,cond,NA,fungicide,1.365062144311727,2.684512948395854,-3.795208772585887,7.069452089449675
ran_pars,cond,site,sd__(Intercept),2.1109407492251075,1.9490349684238577,5.256101858441201e-4,5.657385950485209
ran_pars,cond,site:plotID,sd__(Intercept),3.70328488872566,2.7220970272226763,3.9494136185388073e-4,8.832495540675065
