effect,component,group,term,estimate,std.error,conf.low,conf.high
fixed,cond,NA,(Intercept),4.072178080855486,2.3561979646226057,0.1619260171217171,9.163269339215812
fixed,cond,NA,fungicide,-2.1067547822735846,2.1702504712349544,-6.638959692418744,2.020752763926725
fixed,cond,NA,background_density:backgroundEvadult,0.28953967320220025,0.573016482935708,-0.575775279381692,1.683039122811318
fixed,cond,NA,background_density:backgroundEvseedling,2.8424044496909335,2.457125302120183,-0.002892662540105534,8.906469560718168
fixed,cond,NA,background_density:backgroundMvseedling,-0.03508803007021913,0.037310934370794496,-0.11106041880034448,0.03910069468364073
fixed,cond,NA,fungicide:background_density:backgroundEvadult,4.881421621710691,4.034951479994812,-0.19596736030467918,14.93182285504851
fixed,cond,NA,fungicide:background_density:backgroundEvseedling,0.2314633752335034,3.5559360916058425,-7.118264844331483,7.744970246110924
fixed,cond,NA,fungicide:background_density:backgroundMvseedling,1.2639858034720133,0.9538320264954097,0.10219641979176887,3.65954479167417
ran_pars,cond,site,sd__(Intercept),2.1646295081180362,2.103152423673733,0.0914236502630159,7.166723042099226
