effect,component,group,term,estimate,std.error,conf.low,conf.high
fixed,cond,NA,s0_(Intercept),81.20989048700979,9.799881215621651,61.83785085501565,100.32721278903402
fixed,cond,NA,s0_spMv,1181.2689559859912,93.52019061392998,1006.0844901449324,1373.1473709259303
fixed,cond,NA,s0_fungicide,52.340643534519224,9.971225900961839,33.31813699472857,71.92497536529297
fixed,cond,NA,s0_spMv:fungicide,-357.4082959048468,9.98025470532629,-376.93663055472416,-338.00960784584873
fixed,cond,NA,alpha_treatmentfungicide,0.01615756828803732,0.017432692812163548,1.2151878515206096e-6,0.050328072644655934
fixed,cond,NA,alpha_treatmentwater,0.08281395895497198,0.06472255329594061,1.9615974934726643e-5,0.20730552659354812
ran_pars,cond,site,sd__s0_(Intercept),735.9946726856094,338.10952135543425,170.34455707958531,1417.5965111496396
ran_pars,cond,site:plotID,sd__s0_(Intercept),677.796125515721,222.05544693221444,236.91361180729194,1134.0688355411498
ran_pars,cond,Residual,sd__Observation,1223.8982579717497,92.50945184276505,1051.8465216181314,1412.5922972306275
