effect,component,group,term,estimate,std.error,conf.low,conf.high
fixed,cond,NA,(Intercept),4.072178080855486,2.3561979646226057,-0.04888385153559227,8.89190706082548
fixed,cond,NA,fungicide,-2.1067547822735846,2.1702504712349544,-6.663793319031488,1.9958405881009444
fixed,cond,NA,background_density:backgroundEvadult,0.28953967320220025,0.573016482935708,-0.6772080225826894,1.4990810976750448
fixed,cond,NA,background_density:backgroundEvseedling,2.8424044496909335,2.457125302120183,-0.26154533996700163,7.70522702537601
fixed,cond,NA,background_density:backgroundMvseedling,-0.03508803007021913,0.037310934370794496,-0.10835196185631844,0.04112157398291078
fixed,cond,NA,fungicide:background_density:backgroundEvadult,4.881421621710691,4.034951479994812,-0.8891595285259178,13.260569231937986
fixed,cond,NA,fungicide:background_density:backgroundEvseedling,0.2314633752335034,3.5559360916058425,-7.412373231238834,7.380372491178215
fixed,cond,NA,fungicide:background_density:backgroundMvseedling,1.2639858034720133,0.9538320264954097,-0.011859576616622718,3.1553118718584647
ran_pars,cond,site,sd__(Intercept),2.1646295081180362,2.103152423673733,2.434228754367757e-4,5.791558699184592
