effect,component,group,term,estimate,std.error,conf.low,conf.high
fixed,cond,NA,(Intercept),-0.30491435064542777,1.1496991134372887,-2.6145803747475873,2.0579689556969853
fixed,cond,NA,fungicide,-0.19791534115514514,0.42571731294713944,-1.0193321804363347,0.6366139554654732
ran_pars,cond,site,sd__(Intercept),1.98333811325352,1.034442270497558,0.5567313946036381,3.9523964910628715
ran_pars,cond,site:plotID,sd__(Intercept),1.0691796468719248,0.3803367948362966,0.28699174260457194,1.8234488693877482
