effect,component,group,term,estimate,std.error,conf.low,conf.high
fixed,cond,NA,b0_treatmentcontrol,1.4027103006397712,0.9115585986428215,0.08676580199259185,3.4130912131409863
fixed,cond,NA,b0_treatmentfungicide,1.2350656998167064,0.860641891880452,0.05775733246999119,3.0504666644455884
fixed,cond,NA,alpha_treatmentcontrol,0.02470190248715214,0.027252466154399167,7.435486895924539e-4,0.08965216008434745
fixed,cond,NA,alpha_treatmentfungicide,0.008501556997605991,0.010921857489931004,1.7695359641770479e-4,0.03598729988877138
ran_pars,cond,site,sd__b0_(Intercept),2.7265455240632708,2.008919248797508,0.6136481602636037,7.954492178196142
ran_pars,cond,Residual,sd__Observation,10.700338644805308,1.6866408232544645,8.01255090118584,14.543616525399251
