effect,component,group,term,estimate,std.error,conf.low,conf.high
fixed,cond,NA,s0_(Intercept),81.28416336964814,9.883201568386392,61.71965791914226,100.34813159453542
fixed,cond,NA,s0_spMv,1165.0880375039683,71.8314015262606,1028.457937018819,1307.0240616288747
fixed,cond,NA,s0_fungicide,52.30197778836264,9.922060006259576,32.823479641087474,71.90795199867671
fixed,cond,NA,s0_spMv:fungicide,-357.1819181093385,9.9800709225785,-376.7115368962644,-337.46933049875474
fixed,cond,NA,alpha_treatmentfungicide,0.020059984829987037,0.016246587908978465,1.2367292853308307e-6,0.05116985784881862
fixed,cond,NA,alpha_treatmentwater,0.013735441140547311,0.010822884756104992,2.3003143931585507e-7,0.03466915169624563
ran_pars,cond,site,sd__s0_(Intercept),128.20324162987743,125.21967287416012,0.004831493161607133,364.9057678022291
ran_pars,cond,site:plotID,sd__s0_(Intercept),447.7312458252784,90.74773335958639,279.2485062080726,630.9790790420808
ran_pars,cond,Residual,sd__Observation,531.3567729738843,39.26778481313162,457.578404305264,609.974563713058
