effect,component,group,term,estimate,std.error,conf.low,conf.high
fixed,cond,NA,s0_(Intercept),81.48108403094254,10.023739416062888,62.13764269401171,101.36312027276672
fixed,cond,NA,s0_spMv,1178.5723119577594,76.74023964231684,1024.622452898548,1324.7730512523804
fixed,cond,NA,s0_fungicide,52.127623520722516,10.039109725870901,32.04998017238896,71.26899235665947
fixed,cond,NA,s0_spMv:fungicide,-357.6466879786214,10.059834312205645,-377.00661196431497,-337.78430046975524
fixed,cond,NA,alpha_treatmentfungicide,0.07049378774290166,0.03529405093683837,0.014746839232162882,0.13859929413646468
fixed,cond,NA,alpha_treatmentwater,0.07035935243644702,0.025592486173827533,0.02688451367054284,0.12128368524888765
ran_pars,cond,site,sd__s0_(Intercept),184.48634699271082,166.79959719110656,0.04714199766701218,501.4588677358255
ran_pars,cond,site:plotID,sd__s0_(Intercept),491.17784192803333,101.06993561743987,309.81178761989605,696.4300039656644
ran_pars,cond,Residual,sd__Observation,427.89884114871535,29.938307732198748,369.94485667353666,486.1032578945038
