effect,component,group,term,estimate,std.error,conf.low,conf.high,rhat,ess
fixed,cond,NA,(Intercept),2.46371726866128,0.15530751809210197,2.156027548551089,2.7642312493531542,1.0007519576487611,2284.229283941664
fixed,cond,NA,fungicide,0.08952454155734839,0.17156671267762338,-0.2593183333069955,0.41072230994962594,1.0008985324001198,1682.545958210692
ran_pars,cond,site,sd__(Intercept),0.15974646877772355,0.16123757425960683,2.3134341178551047e-5,0.4558579711438801,1.0004250647272142,2503.17704519881
ran_pars,cond,site:plotID,sd__(Intercept),0.7347483706126504,0.06731963714681267,0.6064425229700339,0.8671421457530741,1.0020534053836145,3061.5519456974275
ran_pars,cond,Residual,sd__Observation,0.4271176002093911,0.024351463740965678,0.38092250175839903,0.47501325919892723,1.0000080752986935,8422.660000845186
