effect,component,group,term,estimate,std.error,conf.low,conf.high
fixed,cond,NA,(Intercept),3.1604985522092344,0.10466440960415936,2.9542768813480587,3.3712971164801737
fixed,cond,NA,fungicide1,-0.1635845827876857,0.14520097165244428,-0.44934790845449024,0.1255079559756279
ran_pars,cond,Residual,sd__Observation,0.30401478891871325,0.05821028324774048,0.21485936996202643,0.44007537813135694
