effect,component,group,term,estimate,std.error,conf.low,conf.high,rhat,ess
fixed,cond,NA,e0_(Intercept),0.6641367945711303,0.239968610279404,0.194800051077262,1.1473035243834135,0.9999592216134198,6291.3577217027405
fixed,cond,NA,beta_sterilizedsterilized,0.07119302213138179,0.10107361530098219,1.8236584102652218e-5,0.269480374442506,1.000375629005085,10116.05437189627
fixed,cond,NA,beta_sterilizedlive,0.11730475127584455,0.13053264676968496,7.445868094414171e-4,0.3754063923448027,1.0003538439161637,10258.584256719998
ran_pars,cond,site,sd__e0_(Intercept),0.4154813690917204,0.3942991720270456,1.114583366099168e-4,1.1200848656611984,1.000321173490233,4451.258696257919
ran_pars,cond,Residual,sd__Observation,0.3651887484108203,0.05696023922312643,0.2659070302482098,0.4806826358631072,1.0001796957503928,8679.312953123284
