effect,component,group,term,estimate,std.error,conf.low,conf.high
fixed,cond,NA,(Intercept),5.000075105533688,0.30539552098228195,4.424321703629506,5.626357432631257
fixed,cond,NA,mv_germ_ev,0.0026945461213378195,8.21074653602143e-4,0.0011200227924793315,0.004365698028738292
fixed,cond,NA,litter.g.m2,-0.0018306072841740221,0.0017340118495625847,-0.005212187678453625,0.0016719537780065816
fixed,cond,NA,litter.g.m2:live,-1.8227499335162067e-4,0.0017166207240106239,-0.0035982348725120527,0.0031741209233914942
ran_pars,cond,site,sd__(Intercept),0.23888013119816545,0.30462633403383316,0.006211762763785794,1.03283920689994
