effect,component,group,term,estimate,std.error,conf.low,conf.high
fixed,cond,NA,(Intercept),1.162996601149524,0.09592351153329647,0.9738310687868329,1.3521594503980505
fixed,cond,NA,fungicide,0.10212479825087069,0.13897329310179204,-0.16803291008977542,0.3759567572292841
ran_pars,cond,plotf,sd__(Intercept),0.5314667281466746,0.05983873590861401,0.42005676329880165,0.6523166998816259
