effect,component,group,term,estimate,std.error,conf.low,conf.high
fixed,cond,NA,(Intercept),1.1927443336522012,0.09636225105753814,1.0015984118616563,1.378432312047987
fixed,cond,NA,prop_dark,-1.9860282577592336,0.3582584639726409,-2.653592359270662,-1.2505874430034019
fixed,cond,NA,prop_light,0.7910278038756142,0.2521002273790392,0.3017151178406178,1.2895464179976712
ran_pars,cond,plotf,sd__(Intercept),0.5128547547504445,0.05841836501604645,0.4038103499388988,0.6293357461835994
