effect,component,group,term,estimate,std.error,conf.low,conf.high
fixed,cond,NA,(Intercept),1.1938011201046455,0.09713351219421809,1.005100882085983,1.3859790298706853
fixed,cond,NA,prop_dark,-1.9858780101800457,0.360598918870693,-2.6857334827801447,-1.2946811172238204
fixed,cond,NA,prop_light,0.7918242409532156,0.25412515828613985,0.29348170117746564,1.293279347587072
ran_pars,cond,plotf,sd__(Intercept),0.5125215514462681,0.05795486633011421,0.4083261610297207,0.6340427354868323
