effect,component,group,term,estimate,std.error,conf.low,conf.high,rhat,ess
fixed,cond,NA,(Intercept),1.16051440805725,0.15779938975990526,0.8557724182490926,1.4789294875696954,1.0005301668407134,5820.062170092147
fixed,cond,NA,fungicide,0.09973300319221101,0.137369911809789,-0.16447314090964146,0.3717278344029792,1.0005059273990102,5878.360892490712
ran_pars,cond,site,sd__(Intercept),0.1899052864854258,0.18842848441718896,9.488423314057653e-5,0.5241228130513141,1.0003618698210004,4013.115291618418
ran_pars,cond,site:plotID,sd__(Intercept),0.5235874583354619,0.059649986725363126,0.41092666018983676,0.642706312373236,1.000046270131046,5430.299959548335
