effect,component,group,term,estimate,std.error,conf.low,conf.high
fixed,cond,NA,(Intercept),1.1927443336522012,0.09636225105753814,1.0060486652134701,1.3847168263029623
fixed,cond,NA,prop_dark,-1.9860282577592336,0.3582584639726409,-2.6836294655547066,-1.2754858684022672
fixed,cond,NA,prop_light,0.7910278038756142,0.2521002273790392,0.2969040303447324,1.2864309463909798
ran_pars,cond,plotf,sd__(Intercept),0.5128547547504445,0.05841836501604645,0.4074744873024268,0.6333513534164473
