effect,component,group,term,estimate,std.error,conf.low,conf.high
fixed,cond,NA,(Intercept),1.161844117297007,0.0952007545137359,0.9761472583582423,1.3497960056216276
fixed,cond,NA,fungicide,0.101516080612237,0.13681171044451446,-0.1721187626369521,0.3644698811230496
ran_pars,cond,plotID,sd__(Intercept),0.5307674463677866,0.05898009056051418,0.41657769418099017,0.6448462938544073
