effect,component,group,term,estimate,std.error,conf.low,conf.high
fixed,cond,NA,(Intercept),1.1938171619699256,0.09693079477953555,1.0066129099797825,1.3829758300786434
fixed,cond,NA,prop_dark,-1.9859732181664465,0.35588987329141397,-2.6668790567457368,-1.2752586217265633
fixed,cond,NA,prop_light,0.7895573822367675,0.2551066752387112,0.3018963840073061,1.296907703926185
ran_pars,cond,plotID,sd__(Intercept),0.5136745185693489,0.05875604522014105,0.40178300841174003,0.6321546617965637
