effect,component,group,term,estimate,std.error,conf.low,conf.high
fixed,cond,NA,b0_treatmentfungicide,1050.219848806276,98.89372766352727,856.9188131899086,1246.1720420665881
fixed,cond,NA,b0_treatmentwater,1088.0011893809176,99.20617530890117,893.8560988170531,1283.8983565020021
fixed,cond,NA,alpha_treatmentfungicide,0.06686722525058768,0.045311589024323154,0.028130157324448627,0.1417534313570179
fixed,cond,NA,alpha_treatmentwater,0.06532827123665588,0.03885635893123436,0.029434618493467454,0.1323722638338362
ran_pars,cond,site,sd__b0_(Intercept),1085.1635146152346,1162.2305845265141,118.83515033157556,3915.0069373026317
ran_pars,cond,Residual,sd__Observation,4566.23481264593,689.6574244312396,3475.9989935529597,6133.464467420108
