effect,component,group,term,estimate,std.error,conf.low,conf.high
fixed,cond,NA,b0_treatmentfungicide,15.086216204519262,3.881057367124262,8.329987550967854,23.514682501276965
fixed,cond,NA,b0_treatmentwater,15.936043131305818,4.066565136384286,8.905103433681115,24.61323622315824
fixed,cond,NA,alpha_treatmentfungicide,0.05701477205871603,0.022525106825364467,0.02277872158923063,0.10932143611880044
fixed,cond,NA,alpha_treatmentwater,0.08604881652991353,0.032925804994349266,0.035232455652265404,0.16108872583905032
ran_pars,cond,site,sd__b0_(Intercept),25.59232379183926,20.4928785788957,2.312928910746609,78.41123369845437
ran_pars,cond,Residual,sd__Observation,81.9113247412858,12.323292333583524,61.87449956293094,110.04186276868795
