effect,component,group,term,estimate,std.error,conf.low,conf.high
fixed,cond,NA,(Intercept),-2.1996694194208017,0.1221032447473145,-2.4396990286118694,-1.95946436092806
fixed,cond,NA,fungicide,-0.8662213283602828,0.18696136049922424,-1.2379045440786536,-0.5034746306238151
ran_pars,cond,plotID,sd__(Intercept),0.638969720764175,0.09080024266974404,0.4715024065064896,0.8233443660880404
