effect,component,group,term,estimate,std.error,conf.low,conf.high
fixed,cond,NA,(Intercept),-2.1972161536940846,0.1227842344619665,-2.442655038784677,-1.9634298138056934
fixed,cond,NA,fungicide,-0.8699829630201139,0.18766280090523224,-1.242980513887248,-0.5061450205877805
ran_pars,cond,plotf,sd__(Intercept),0.6399183802346224,0.09028243874744252,0.4717468292409229,0.8217475790242688
