effect,component,group,term,estimate,std.error,conf.low,conf.high
fixed,cond,,NULL,3.5982100177224243,0.08903385168582552,3.4258198397447965,3.776875515013293
fixed,cond,,NULL,-0.21085253619100622,0.12441711675492005,-0.4582870828572299,0.03522143580507263
