effect,component,group,term,estimate,std.error,conf.low,conf.high
fixed,cond,NA,(Intercept),-2.1972161536940846,0.1227842344619665,-2.445011341342674,-1.9645980035955464
fixed,cond,NA,fungicide,-0.8699829630201139,0.18766280090523224,-1.244321227449894,-0.5066202887383863
ran_pars,cond,plotf,sd__(Intercept),0.6399183802346224,0.09028243874744252,0.4789490160694587,0.8315479667929622
