fungicide,.draw,value
1,1,0.9873187551149493
1,2,0.973640381662951
1,3,0.9903912876405603
1,4,0.985925517542378
1,5,0.9901171321785687
1,6,0.9791613596603581
1,7,0.9675824944113336
1,8,0.9720386616903267
1,9,0.9923012121373906
1,10,0.9824495252368275
1,11,0.9918221437201682
1,12,0.973024755204974
1,13,0.9887035506749726
1,14,0.977034913622649
1,15,0.9848761672589945
1,16,0.9892677941084603
1,17,0.996088655592563
1,18,0.9545272906505001
1,19,0.9926627824299523
1,20,0.9929033981058654
1,21,0.9392281233881746
1,22,0.9980049145126516
1,23,0.9886688138759961
1,24,0.9884437596358376
1,25,0.9778148789659665
1,26,0.9716198501051225
1,27,0.9888828216087097
1,28,0.9818132654085459
1,29,0.9939205939778256
1,30,0.9933673452797013
1,31,0.9937906612211164
1,32,0.9960730731061253
1,33,0.9770850776194191
1,34,0.9808530048779759
1,35,0.9970703571017956
1,36,0.9553644572902072
1,37,0.9824959578069227
1,38,0.9810750893009317
1,39,0.9841910297686797
1,40,0.9787016409401015
1,41,0.9852618551207948
1,42,0.9881249733511225
1,43,0.9726602652399657
1,44,0.9885095091499662
1,45,0.9847068588295341
1,46,0.9940972532748513
1,47,0.9934432948301254
1,48,0.9899176974739324
1,49,0.9914535117799382
1,50,0.989707063198998
1,51,0.9731118258212598
1,52,0.9775083529533307
1,53,0.9565672302014611
1,54,0.9865565233383535
1,55,0.9882945272771462
1,56,0.9872959912326567
1,57,0.9926367378192619
1,58,0.9594046202352744
1,59,0.9918928609592564
1,60,0.9928574167265007
1,61,0.9801974946863168
1,62,0.9916256141637728
1,63,0.9882263267217906
1,64,0.9826380823882477
1,65,0.9898785473986174
1,66,0.9932337793379261
1,67,0.9954341084232834
1,68,0.9849784696746382
1,69,0.9931522135238705
1,70,0.9753603429288242
1,71,0.9940780002923133
1,72,0.9936896394971902
1,73,0.9899445786256479
1,74,0.9892112459976653
1,75,0.9651231005052319
1,76,0.9913854203262746
1,77,0.96180904021046
1,78,0.9970397675825574
1,79,0.9668093163547611
1,80,0.9962017056396522
1,81,0.9837295993687296
1,82,0.9829376200850923
1,83,0.9892622991370282
1,84,0.992856240249374
1,85,0.9926173219044557
1,86,0.9972271836898023
1,87,0.8869957815792748
1,88,0.9963623355267373
1,89,0.9847835875621902
1,90,0.9846445453660133
1,91,0.99363607383504
1,92,0.9805627624103591
1,93,0.9919075951562619
1,94,0.963076327021096
1,95,0.9929789191129618
1,96,0.9531382474923569
1,97,0.9938816229927199
1,98,0.9545795209466039
1,99,0.9921219602494593
1,100,0.9790556438921232
1,101,0.990443633776352
1,102,0.9879710129598778
1,103,0.9838581985414002
1,104,0.9658977366478222
1,105,0.98195994429556
1,106,0.9852393017562351
1,107,0.9872763853040539
1,108,0.9791328883205586
1,109,0.9873614567238954
1,110,0.9891293230506029
1,111,0.9818298729751624
1,112,0.9901600355860707
1,113,0.9716475849567546
1,114,0.995111002361306
1,115,0.9591413261515993
1,116,0.9887521865522618
1,117,0.9798998986363331
1,118,0.9808155096398306
1,119,0.9914833020917554
1,120,0.9931938173499466
1,121,0.9734504529528307
1,122,0.9808570507423731
1,123,0.9763627371640899
1,124,0.9900044572818024
1,125,0.9886262151574549
1,126,0.9562414009934472
1,127,0.961197050026453
1,128,0.9249532655045161
1,129,0.9906040130083763
1,130,0.9728769586048511
1,131,0.9929795363269877
1,132,0.9969495246652414
1,133,0.9971247286594443
1,134,0.9774103742307927
1,135,0.9722926332118873
1,136,0.9722591505661822
1,137,0.9858645510669122
1,138,0.9890241310059974
1,139,0.9644808000343116
1,140,0.9946969123158361
1,141,0.9946856933483025
1,142,0.993002317105766
1,143,0.981061548349744
1,144,0.9933005095007367
1,145,0.9937057503252213
1,146,0.9894777428994114
1,147,0.9970710681385907
1,148,0.9763170533347005
1,149,0.9960216395508984
1,150,0.9921741527637504
1,151,0.9784676912372641
1,152,0.9935424974797542
1,153,0.9860481558431947
1,154,0.9908775439762663
1,155,0.9895424230767252
1,156,0.9921428106252668
1,157,0.9389484384600713
1,158,0.9878223202587894
1,159,0.9956819969008386
1,160,0.9947725734581473
1,161,0.9786839981735409
1,162,0.9904563157190994
1,163,0.9853666867071976
1,164,0.9775517689664813
1,165,0.9576133053756736
1,166,0.9651906211356581
1,167,0.9733429662851703
1,168,0.9963746707310333
1,169,0.9716359800607692
1,170,0.974639151792976
1,171,0.9900500238464459
1,172,0.9504867510450756
1,173,0.9940037780123269
1,174,0.9729253263206469
1,175,0.9789602820912899
1,176,0.9802271134881073
1,177,0.9902745130014626
1,178,0.9771950765465998
1,179,0.9912719358369239
1,180,0.9914593055212675
1,181,0.993230100550634
1,182,0.9842916766506036
1,183,0.9779505970113739
1,184,0.9884908764007703
1,185,0.9861679296610983
1,186,0.9879045150210602
1,187,0.9901342446486803
1,188,0.9923865236667164
1,189,0.9894857753635228
1,190,0.9447479832187966
1,191,0.9955367974761299
1,192,0.9603247417674402
1,193,0.983480680774721
1,194,0.9909569369304705
1,195,0.9920009844464422
1,196,0.9773748997377597
1,197,0.9602115790403357
1,198,0.9897571986992534
1,199,0.9917007625803452
1,200,0.9933346502548719
1,201,0.9972340335697903
1,202,0.994797442123482
1,203,0.99617218449529
1,204,0.9831273916119178
1,205,0.9916828002870663
1,206,0.9966575512138385
1,207,0.9554617193257123
1,208,0.969857847812698
1,209,0.9924011441947871
1,210,0.9847208612590729
1,211,0.9930665585435686
1,212,0.9766356046232884
1,213,0.9915757896468974
1,214,0.9828707890595967
1,215,0.9911851512363468
1,216,0.9913703000153229
1,217,0.9761579073291924
1,218,0.9921343229873142
1,219,0.9731544300639933
1,220,0.9948695557493349
1,221,0.9723600359692196
1,222,0.9776803121736406
1,223,0.971009110941712
1,224,0.9971632813299363
1,225,0.9756536121544905
1,226,0.962375664054556
1,227,0.994970265245456
1,228,0.9935778005966333
1,229,0.9476902681883472
1,230,0.9852555402346138
1,231,0.9984304478884471
1,232,0.9740888527794002
1,233,0.9888118228767523
1,234,0.9965653608521036
1,235,0.994726290299091
1,236,0.9795352898360726
1,237,0.9895894057059472
1,238,0.9937788719141127
1,239,0.9638777782018981
1,240,0.9889336635687277
1,241,0.9777727876002866
1,242,0.9824418328878586
1,243,0.9897073803640672
1,244,0.9400126794659596
1,245,0.9912942716318937
1,246,0.994182116259803
1,247,0.9640325788161719
1,248,0.9656298267589124
1,249,0.9736795055979149
1,250,0.9905129830450946
1,251,0.9469867750035956
1,252,0.9948815430029037
1,253,0.9787532608282932
1,254,0.9759808154215144
1,255,0.9935537824207181
1,256,0.9706799655208281
1,257,0.9568030505994007
1,258,0.991377638269869
1,259,0.9722145925322563
1,260,0.9952441370839135
1,261,0.9798464323736917
1,262,0.990055185623843
1,263,0.9699141193416543
1,264,0.9977408926714967
1,265,0.9678943289597053
1,266,0.9612669673517981
1,267,0.9883890849577471
1,268,0.9949615264212961
1,269,0.9952645452954575
1,270,0.9708144984755358
1,271,0.9945829334212646
1,272,0.9867899594398695
1,273,0.9686594654858119
1,274,0.9866108616013657
1,275,0.9935270904610511
1,276,0.9896554375774582
1,277,0.9802965946347225
1,278,0.9803017047397168
1,279,0.9732470991255374
1,280,0.987422246893187
1,281,0.9811423568955701
1,282,0.9742682914095114
1,283,0.9654723662016929
1,284,0.9743739341578678
1,285,0.9805824034366617
1,286,0.9794669922966539
1,287,0.9615532601427523
1,288,0.998532162995394
1,289,0.9326207239253236
1,290,0.9914273671895683
1,291,0.9803692027644613
1,292,0.9883171243047506
1,293,0.9905493480206778
1,294,0.987834474983089
1,295,0.9947694087119793
1,296,0.982990488106812
1,297,0.9927516921382022
1,298,0.9882842933845614
1,299,0.9830133841617016
1,300,0.9649727068837397
1,301,0.9681631508814507
1,302,0.9962631532710685
1,303,0.9926596956078123
1,304,0.9836242126855015
1,305,0.9913713180012425
1,306,0.9626160839099348
1,307,0.9878954453509377
1,308,0.9864643917255228
1,309,0.9910439621711977
1,310,0.9936241649713425
1,311,0.9866049795489429
1,312,0.9920967448660774
1,313,0.9841860486441844
1,314,0.982677250159973
1,315,0.9939306600809497
1,316,0.9828058281034102
1,317,0.9899180013375627
1,318,0.9693342069345936
1,319,0.9463431168424875
1,320,0.9929950773244559
1,321,0.9543864077254287
1,322,0.9764767987757408
1,323,0.9898429960230821
1,324,0.9845084264893037
1,325,0.9828414598941226
1,326,0.9861406796589774
1,327,0.9978750574196039
1,328,0.9578994235163748
1,329,0.9759689552122185
1,330,0.9873026067226013
1,331,0.9982033392183358
1,332,0.959253567743933
1,333,0.9944959466106021
1,334,0.9954524586681338
1,335,0.9847343514568966
1,336,0.9879064431731822
1,337,0.9918781853256949
1,338,0.9886002163967527
1,339,0.9857876262338199
1,340,0.9493747989862432
1,341,0.9935381825136035
1,342,0.9883086829600093
1,343,0.9750804798042316
1,344,0.9615650960967247
1,345,0.923453324887588
1,346,0.9965918083266774
1,347,0.9338972786369061
1,348,0.9945431843991109
1,349,0.9918270891646711
1,350,0.9301879369911136
1,351,0.9494430784918619
1,352,0.9721637622312665
1,353,0.9873160798744213
1,354,0.9925964696548057
1,355,0.9926239473337474
1,356,0.9885440190108429
1,357,0.9799978470327085
1,358,0.995473163792384
1,359,0.9931322766103232
1,360,0.977538798004158
1,361,0.9902170187340747
1,362,0.9881980457145271
1,363,0.9868327647792119
1,364,0.9771855852976021
1,365,0.9959584573241956
1,366,0.9898664785925532
1,367,0.9367975118029999
1,368,0.9972170076800039
1,369,0.9842791536251707
1,370,0.9784560546253194
1,371,0.983259041834425
1,372,0.9832359440364179
1,373,0.9749186209512379
1,374,0.9874587960527458
1,375,0.9640190525699628
1,376,0.9922946976248939
1,377,0.9957750661986273
1,378,0.9886998872853857
1,379,0.9856730079062113
1,380,0.942399540029196
1,381,0.9798064654466101
1,382,0.9767152536160048
1,383,0.9787608838618235
1,384,0.9789327494006252
1,385,0.985388218788275
1,386,0.9914149888775109
1,387,0.9639285000619076
1,388,0.9660053040875698
1,389,0.9869304757720417
1,390,0.9615749198975134
1,391,0.9873543577037383
1,392,0.9925075071225119
1,393,0.969185105028851
1,394,0.9857884460768893
1,395,0.9597832343060361
1,396,0.9866584571730257
1,397,0.9949512389394982
1,398,0.9759105258974442
1,399,0.9972279123650418
1,400,0.9796645140902215
1,401,0.9945806599726084
1,402,0.9663153511712557
1,403,0.9831782257285621
1,404,0.9926618322866558
1,405,0.9917577382313849
1,406,0.9863969596355419
1,407,0.9972024493169538
1,408,0.9929223314329567
1,409,0.9900872672762059
1,410,0.9833897786903809
1,411,0.9876888857680183
1,412,0.9928120703467983
1,413,0.9318238234412608
1,414,0.9870183250970651
1,415,0.9775969028538416
1,416,0.9879045587892384
1,417,0.9927481011262543
1,418,0.9881716303098743
1,419,0.9671853333260463
1,420,0.9969465042398833
1,421,0.9798747596543513
1,422,0.9854362715214867
1,423,0.9761935296343613
1,424,0.9922962207802725
1,425,0.9869663963193067
1,426,0.9899241569209397
1,427,0.977715027898067
1,428,0.9632243794605917
1,429,0.9603007508657854
1,430,0.9760213284159063
1,431,0.9892633243221626
1,432,0.9651748686124553
1,433,0.9885741288350948
1,434,0.982645395998714
1,435,0.9820678304670599
1,436,0.9925675908060145
1,437,0.9864087909373848
1,438,0.9607722737841036
1,439,0.995803306245293
1,440,0.9932569825184684
1,441,0.9907305826252775
1,442,0.9760953831229925
1,443,0.985552348750867
1,444,0.9779084715019473
1,445,0.9875970591625025
1,446,0.9680465883417173
1,447,0.9938357658445683
1,448,0.993850321119421
1,449,0.992768670811057
1,450,0.9770558298511673
1,451,0.9898684925812482
1,452,0.9905619852232647
1,453,0.9789654117898198
1,454,0.9770507570754252
1,455,0.9853558569171601
1,456,0.9944610807112753
1,457,0.9939075134551721
1,458,0.9831357955939446
1,459,0.9681878965779165
1,460,0.9924499875652907
1,461,0.9416307574410758
1,462,0.9983288693631287
1,463,0.9311384750281864
1,464,0.979812843805175
1,465,0.9805832188745582
1,466,0.9763990376207705
1,467,0.97689306239739
1,468,0.9838787650270503
1,469,0.9826954407908003
1,470,0.9607818350932102
1,471,0.9763234285788739
1,472,0.9943747775400981
1,473,0.9938985082608185
1,474,0.9731184162725652
1,475,0.9809501419909541
1,476,0.9671038774643532
1,477,0.9865114428731652
1,478,0.9667112548789358
1,479,0.9894843664980627
1,480,0.9775786246985226
1,481,0.9670636292844512
1,482,0.9577402845683537
1,483,0.9881099978910152
1,484,0.9665122994136703
1,485,0.9882138827027388
1,486,0.985659838230039
1,487,0.9894208853873437
1,488,0.9860892940526902
1,489,0.994602965923225
1,490,0.9936334596526366
1,491,0.9903133269470343
1,492,0.9443546177300953
1,493,0.9731859063133352
1,494,0.9827044318306574
1,495,0.9886505117868958
1,496,0.9782988930514
1,497,0.9810386414549058
1,498,0.9776609430235383
1,499,0.9737570967948582
1,500,0.9943183891966355
1,501,0.9647202832044792
1,502,0.9853536069277278
1,503,0.9958176232702391
1,504,0.9778005323651554
1,505,0.9900514115276097
1,506,0.993974876799182
1,507,0.9870273114090026
1,508,0.9880212373253925
1,509,0.9643545966674117
1,510,0.9831745242531349
1,511,0.9613881445513804
1,512,0.993642841799337
1,513,0.9989494736470769
1,514,0.9265963539368776
1,515,0.991397962260443
1,516,0.9822317210245396
1,517,0.9845515716017609
1,518,0.9648023003647621
1,519,0.9733368770918621
1,520,0.9976333331110645
1,521,0.9913310533170575
1,522,0.9885300516231688
1,523,0.9799515878108951
1,524,0.9819878392082504
1,525,0.9907948321278728
1,526,0.9913133203868381
1,527,0.9954469256702224
1,528,0.9689073646988974
1,529,0.9955023829549208
1,530,0.9829868691837538
1,531,0.9881124479836012
1,532,0.9832225519314137
1,533,0.9921300494209189
1,534,0.9702278124125554
1,535,0.9896335409629147
1,536,0.9749716675537847
1,537,0.9851071980953255
1,538,0.9870950469403265
1,539,0.9980014621237917
1,540,0.9967097316390386
1,541,0.9377972179999801
1,542,0.996535553190596
1,543,0.9801132195673519
1,544,0.9904955927051716
1,545,0.9776315344700373
1,546,0.9980483075420802
1,547,0.9860650029351083
1,548,0.9887229359971165
1,549,0.9795371243655812
1,550,0.9980271550192655
1,551,0.9972659431449614
1,552,0.993932688289915
1,553,0.9846417848774998
1,554,0.9855168525102761
1,555,0.9946358726696111
1,556,0.9841170730518087
1,557,0.9841316170391274
1,558,0.978411129770757
1,559,0.9692098246673069
1,560,0.9896001866510573
1,561,0.9877889033552474
1,562,0.9004542702635318
1,563,0.9557267590568266
1,564,0.9589389390962059
1,565,0.99273307335626
1,566,0.9799340932229325
1,567,0.9930955546892148
1,568,0.986796169514409
1,569,0.9753517856249531
1,570,0.9892120805365057
1,571,0.9931679247839271
1,572,0.961861945615771
1,573,0.9699359029319935
1,574,0.9897950983209913
1,575,0.9893483168845493
1,576,0.9444262107986676
1,577,0.9967897954668195
1,578,0.9920086218589753
1,579,0.9987940901213916
1,580,0.9916065112249143
1,581,0.98667463705139
1,582,0.9859237717919423
1,583,0.9918003312496952
1,584,0.9727284219024102
1,585,0.9884984679020955
1,586,0.9938102430315724
1,587,0.9930954611929154
1,588,0.9853567934453723
1,589,0.9906973531481961
1,590,0.9606657426982157
1,591,0.9864047829895368
1,592,0.9902257519251575
1,593,0.9875389581863427
1,594,0.9876730453827681
1,595,0.9875489894507968
1,596,0.9954850885941319
1,597,0.9835081500256575
1,598,0.9924641821643004
1,599,0.9530585756391896
1,600,0.9915326819176234
1,601,0.9795285802665566
1,602,0.996140455228951
1,603,0.9953040957554795
1,604,0.9865617193598959
1,605,0.9928492327370958
1,606,0.9905615361087754
1,607,0.9696505875384874
1,608,0.9793766301612356
1,609,0.9892605709026159
1,610,0.9911437267524162
1,611,0.9893009696894305
1,612,0.9881022461239549
1,613,0.9935044553676867
1,614,0.976581998393427
1,615,0.9848030168226846
1,616,0.9869828960977315
1,617,0.9703206063773321
1,618,0.9961919731250263
1,619,0.9721716296140378
1,620,0.991874234515343
1,621,0.979220330871941
1,622,0.9907399334324866
1,623,0.9794826219270238
1,624,0.989240875069121
1,625,0.9819573113335519
1,626,0.9955625475033575
1,627,0.9361086634612868
1,628,0.9835114239467834
1,629,0.9865436138686388
1,630,0.9827603039438199
1,631,0.9797138224774893
1,632,0.9926880368651271
1,633,0.9935967800899163
1,634,0.9951080764218357
1,635,0.9426865829634838
1,636,0.9942866793022145
1,637,0.9932083970727903
1,638,0.9904325153616987
1,639,0.98780266620552
1,640,0.9885716730734841
1,641,0.9942324493987765
1,642,0.9504574835096292
1,643,0.9622435815321849
1,644,0.9836361232138786
1,645,0.9681857455363234
1,646,0.9839267101266818
1,647,0.9787562454918658
1,648,0.9860173024095275
1,649,0.9829973494768792
1,650,0.9748562879345745
1,651,0.9882290644639218
1,652,0.9537864446001877
1,653,0.996470641366058
1,654,0.9801443213188771
1,655,0.9864356798584353
1,656,0.9872645169796749
1,657,0.9766583178797354
1,658,0.9860932087488641
1,659,0.9812098646208276
1,660,0.9798447842278104
1,661,0.9686899290800182
1,662,0.9524322424307627
1,663,0.9956174604424283
1,664,0.955260686890858
1,665,0.9739252537788066
1,666,0.9930716251095894
1,667,0.9667616461171988
1,668,0.9866471406505793
1,669,0.9720713538606143
1,670,0.963365856419404
1,671,0.9698456855427375
1,672,0.993472869726799
1,673,0.8932140733338005
1,674,0.9963687468148131
1,675,0.9783534805903117
1,676,0.9654935191301044
1,677,0.9785352876975018
1,678,0.985622396204784
1,679,0.98640040112319
1,680,0.9753320603733784
1,681,0.9923540516350238
1,682,0.9733761174117282
1,683,0.9897849567574357
1,684,0.9772499681583855
1,685,0.9882979380129561
1,686,0.975623049238647
1,687,0.978427278487608
1,688,0.9839766535449614
1,689,0.9910536076082518
1,690,0.9850439535643245
1,691,0.9853982944834754
1,692,0.9787696457598424
1,693,0.9917040601939985
1,694,0.9809535054874085
1,695,0.9769237432709954
1,696,0.9864444624420677
1,697,0.9895351150845263
1,698,0.9947144181248885
1,699,0.9914637060901218
1,700,0.9853722991933815
1,701,0.993926506404406
1,702,0.983036978729675
1,703,0.993824857267263
1,704,0.9491965774639435
1,705,0.9969340321216639
1,706,0.9972082674197014
1,707,0.8672718464825095
1,708,0.9964044101770081
1,709,0.995053399110915
1,710,0.9860102882421753
1,711,0.9811470982138997
1,712,0.9720079004112744
1,713,0.9923163437457125
1,714,0.9930035769201457
1,715,0.9791480509246168
1,716,0.9960452739054396
1,717,0.9811969991174644
1,718,0.9906839065307875
1,719,0.9544786955407956
1,720,0.995553604544003
1,721,0.9825840010407589
1,722,0.9952858326313109
1,723,0.9871340235551601
1,724,0.9769909605137832
1,725,0.9710170844810525
1,726,0.9893532074846417
1,727,0.9953634524991516
1,728,0.9651215275272286
1,729,0.9857285712279357
1,730,0.9875489119171298
1,731,0.96372697197621
1,732,0.9935357510944566
1,733,0.9818864689632684
1,734,0.9767280624744077
1,735,0.9870805544193086
1,736,0.9901738921647308
1,737,0.9722968560066304
1,738,0.9665793598438003
1,739,0.9942062267746052
1,740,0.9936817374353991
1,741,0.9543947998389961
1,742,0.9972316489699996
1,743,0.9976124587530323
1,744,0.9935060215158394
1,745,0.9728369827818456
1,746,0.9899120321947421
1,747,0.9826529126542429
1,748,0.9881044721696064
1,749,0.9947416682743296
1,750,0.9900287245834498
1,751,0.9612633111593567
1,752,0.9922360671379378
1,753,0.9864365026125922
1,754,0.9829723224087521
1,755,0.9815503376424406
1,756,0.9790294520419448
1,757,0.9932528228374355
1,758,0.9917099557757597
1,759,0.9905031523103233
1,760,0.9893651426874216
1,761,0.9941531781171223
1,762,0.9850653103316646
1,763,0.9916648685673629
1,764,0.9843627911359519
1,765,0.9729500219817877
1,766,0.9666806509520632
1,767,0.9935382066355516
1,768,0.9482906950922292
1,769,0.9919812108065114
1,770,0.9644424790801162
1,771,0.9930959546598517
1,772,0.9893344798298082
1,773,0.9811133611035565
1,774,0.9874012891108896
1,775,0.9953139567922548
1,776,0.9867306232313766
1,777,0.9828437873145833
1,778,0.9934207253584902
1,779,0.9411021425628638
1,780,0.9915765069740535
1,781,0.9609780311518856
1,782,0.9817107818333977
1,783,0.9914762336569066
1,784,0.9911993437793486
1,785,0.9495637838326301
1,786,0.995810574961659
1,787,0.9733382958214156
1,788,0.9951554899350714
1,789,0.9714934306974434
1,790,0.9828300028621745
1,791,0.9810778151131697
1,792,0.9856564719851619
1,793,0.9807938545476954
1,794,0.9986356699571364
1,795,0.9920701645118686
1,796,0.9856043293615765
1,797,0.9843868208708735
1,798,0.9722699997813303
1,799,0.9950752808505318
1,800,0.9906533186893555
1,801,0.9955669261455106
1,802,0.9545140358100559
1,803,0.9828628136390946
1,804,0.9908214591850211
1,805,0.9742232237165951
1,806,0.9941383471312247
1,807,0.9920288078632873
1,808,0.9934291033207383
1,809,0.9870506760213817
1,810,0.9637004583338294
1,811,0.9885467771905366
1,812,0.9889864017483481
1,813,0.9635842911091919
1,814,0.9956297956311079
1,815,0.9769595399910445
1,816,0.9681251609648748
1,817,0.9925484491756286
1,818,0.9750266830581272
1,819,0.9833803205942035
1,820,0.9683668618158995
1,821,0.9669457531986249
1,822,0.9917491209414899
1,823,0.9713164353819639
1,824,0.9937474394809047
1,825,0.9822744485474082
1,826,0.9899256802855105
1,827,0.985751381027167
1,828,0.973992259503602
1,829,0.9844871146495072
1,830,0.9923580912218511
1,831,0.9694094680476197
1,832,0.9890595112303507
1,833,0.992489654974252
1,834,0.9639758179179271
1,835,0.9714504093152357
1,836,0.9889025148215068
1,837,0.9229860928524792
1,838,0.990217014476301
1,839,0.9672403443896438
1,840,0.9900490750864523
1,841,0.9889530155657656
1,842,0.9930425148047551
1,843,0.9936379375156518
1,844,0.9811581970803606
1,845,0.9868942591783119
1,846,0.9885730199200224
1,847,0.9905052138224306
1,848,0.9815025724374163
1,849,0.9583343027462721
1,850,0.9811598440417713
1,851,0.9789699472804172
1,852,0.9897219347738293
1,853,0.9865189007821096
1,854,0.9946771251825919
1,855,0.962299363328062
1,856,0.9735691535751322
1,857,0.9555000643242325
1,858,0.9828158662501106
1,859,0.9703378844235119
1,860,0.9860842234842221
1,861,0.984927763703612
1,862,0.9879798954089736
1,863,0.9900395435532972
1,864,0.9731164869434121
1,865,0.9850229507054054
1,866,0.9787407204306838
1,867,0.9807070487561395
1,868,0.9708091713073048
1,869,0.9890981241308323
1,870,0.9786342994805355
1,871,0.9916931094426725
1,872,0.9966659371289351
1,873,0.9897641619818999
1,874,0.986423599172556
1,875,0.9916829033538287
1,876,0.927875345108037
1,877,0.9979272154218851
1,878,0.9602763726961978
1,879,0.992584016292996
1,880,0.9670108352583998
1,881,0.9839176215899689
1,882,0.9900012741530319
1,883,0.9831190976471819
1,884,0.9889695623801179
1,885,0.9840035958917482
1,886,0.990083078006177
1,887,0.9882674544124987
1,888,0.9859461371408136
1,889,0.9582723899021307
1,890,0.9793185438207223
1,891,0.9827123120659645
1,892,0.9819828461258101
1,893,0.98851622257771
1,894,0.9919169341095381
1,895,0.9883610696408157
1,896,0.983340278422423
1,897,0.9880815279113843
1,898,0.9890324090323586
1,899,0.9792775123801467
1,900,0.9922850031869476
1,901,0.974276284198442
1,902,0.9814412064688819
1,903,0.9830175767887839
1,904,0.9943849277283127
1,905,0.9656428375278596
1,906,0.9863787428953537
1,907,0.9938226197648977
1,908,0.9778965544717236
1,909,0.9886214938206647
1,910,0.987055854883669
1,911,0.9921655864588034
1,912,0.9545064252524438
1,913,0.9473040746842326
1,914,0.9933390396007019
1,915,0.963658349402051
1,916,0.9901978006395566
1,917,0.9817046232114742
1,918,0.9802086430831852
1,919,0.992981801140466
1,920,0.9557817577875517
1,921,0.9894611455812378
1,922,0.9720411194994225
1,923,0.9704179994581249
1,924,0.9844362748019733
1,925,0.9810750065948707
1,926,0.9932238993505258
1,927,0.9867434906089576
1,928,0.9833341190548345
1,929,0.9951307955511364
1,930,0.9608954531295817
1,931,0.994108708309141
1,932,0.9847084024071124
1,933,0.985720028596783
1,934,0.9920899440547013
1,935,0.9888511132383121
1,936,0.9908599194464782
1,937,0.990235274988321
1,938,0.9896075228018686
1,939,0.9948950721970596
1,940,0.9842569944428182
1,941,0.9796340319853594
1,942,0.9843651993001402
1,943,0.9844762474990637
1,944,0.97978622900323
1,945,0.9942218820776776
1,946,0.9914648045672879
1,947,0.9963730984398481
1,948,0.9779740421608616
1,949,0.9800287246639102
1,950,0.9898226627670106
1,951,0.9394960258471698
1,952,0.9826896777225855
1,953,0.9768753296090072
1,954,0.9928967587542489
1,955,0.9761452987090412
1,956,0.9886656604201228
1,957,0.9804398965201985
1,958,0.9929095772891907
1,959,0.9960068237512509
1,960,0.9880713020113409
1,961,0.9885608576059571
1,962,0.9932252584450132
1,963,0.9906527981402621
1,964,0.9791415412350529
1,965,0.9881333455807837
1,966,0.9706090524946963
1,967,0.9778488349564859
1,968,0.9861181831582525
1,969,0.969137449862505
1,970,0.9983670210558767
1,971,0.995040382091162
1,972,0.9917640400811055
1,973,0.9952187772858097
1,974,0.9865587099853992
1,975,0.9921017059419656
1,976,0.9905218035369565
1,977,0.9824933750930565
1,978,0.9958224326319716
1,979,0.9877737130297403
1,980,0.9826331378065726
1,981,0.9862036569750523
1,982,0.9912628578118419
1,983,0.9826133235194824
1,984,0.9834595753118189
1,985,0.9881135291629792
1,986,0.9901423594078473
1,987,0.9921294052492513
1,988,0.9954620243822676
1,989,0.9751610307132277
1,990,0.9621595178502347
1,991,0.9832932165548087
1,992,0.9844505793852748
1,993,0.9904974773418634
1,994,0.9710797460301747
1,995,0.991130386296839
1,996,0.9898339472936944
1,997,0.9925110718467831
1,998,0.996360775614925
1,999,0.978580626064924
1,1000,0.9973384482683869
1,1001,0.9505773396047124
1,1002,0.9528318207480189
1,1003,0.9959268142402764
1,1004,0.9460390978233194
1,1005,0.9917416163858414
1,1006,0.9511338286465194
1,1007,0.9657055793930828
1,1008,0.9604443921440621
1,1009,0.9870126164226581
1,1010,0.9808293263253378
1,1011,0.9863169779161189
1,1012,0.985024891394949
1,1013,0.9791044783195971
1,1014,0.9948136425410259
1,1015,0.976843188182766
1,1016,0.9870540537620728
1,1017,0.9702040998245055
1,1018,0.9834628657820496
1,1019,0.9921057121499579
1,1020,0.9960714394124023
1,1021,0.9860448121113013
1,1022,0.9959156624863548
1,1023,0.9889628079701527
1,1024,0.9529053035464347
1,1025,0.9949510436164286
1,1026,0.9786818826083516
1,1027,0.9824056929679817
1,1028,0.9820607609974213
1,1029,0.9773809109012453
1,1030,0.994513357428227
1,1031,0.9946991200722418
1,1032,0.9923953333479189
1,1033,0.9779974135879905
1,1034,0.9874206328632885
1,1035,0.983403713428459
1,1036,0.9946002367510234
1,1037,0.9845617987338575
1,1038,0.9807163555650832
1,1039,0.9720225922192709
1,1040,0.9877798411823141
1,1041,0.9937324082799761
1,1042,0.9876708536567547
1,1043,0.9873988633792059
1,1044,0.9834800910614148
1,1045,0.985079466353421
1,1046,0.9842839508534693
1,1047,0.9840967665038451
1,1048,0.9593509008093887
1,1049,0.9761225530003759
1,1050,0.9939594046756168
1,1051,0.9656347711649373
1,1052,0.992313768999021
1,1053,0.9851606588012815
1,1054,0.9765652503347096
1,1055,0.9889912622287012
1,1056,0.9503673343025368
1,1057,0.9735944031907974
1,1058,0.9858847243345731
1,1059,0.9576622236994458
1,1060,0.9854431225832144
1,1061,0.9813807401514724
1,1062,0.9871796881871181
1,1063,0.9759252707071059
1,1064,0.9786719999545117
1,1065,0.9868119888921802
1,1066,0.9814088136863142
1,1067,0.99109914893823
1,1068,0.9789224735289268
1,1069,0.982499528233212
1,1070,0.9830153134286693
1,1071,0.9817186221870658
1,1072,0.9948182689874752
1,1073,0.9867672879753075
1,1074,0.9725105040466302
1,1075,0.98974002026494
1,1076,0.9796666758980495
1,1077,0.9832372244689217
1,1078,0.9927463562125892
1,1079,0.9690366698856233
1,1080,0.9860185535333068
1,1081,0.9899095261934727
1,1082,0.9556245023244215
1,1083,0.9961721181533946
1,1084,0.9922544926200921
1,1085,0.9651853996786905
1,1086,0.9943787555810483
1,1087,0.9911276901210488
1,1088,0.9806885876163489
1,1089,0.980463701599715
1,1090,0.9967970014552198
1,1091,0.9945444186074085
1,1092,0.9805568593231604
1,1093,0.9932835013084667
1,1094,0.9792677584901796
1,1095,0.9863766699523105
1,1096,0.9854919721583187
1,1097,0.9849600382106279
1,1098,0.9855263945118156
1,1099,0.9769640419434017
1,1100,0.992555967792898
1,1101,0.9816064940498612
1,1102,0.9927817231903004
1,1103,0.9409031717224935
1,1104,0.9961862430579604
1,1105,0.9939870467835242
1,1106,0.9893417270886727
1,1107,0.9735810072274285
1,1108,0.9933248259367309
1,1109,0.9857301889941203
1,1110,0.9869080016082913
1,1111,0.9617214859826158
1,1112,0.9926130908901847
1,1113,0.9958242443424733
1,1114,0.9941660512666362
1,1115,0.9903402481141538
1,1116,0.9762286296600867
1,1117,0.9943181447439216
1,1118,0.975801287676375
1,1119,0.9946592903070743
1,1120,0.9812600676460996
1,1121,0.9928481686595861
1,1122,0.992065714391782
1,1123,0.987336191825833
1,1124,0.9706041279745697
1,1125,0.9645816984495224
1,1126,0.9205115492442895
1,1127,0.9982312554538418
1,1128,0.9975360282545512
1,1129,0.9482762109339958
1,1130,0.9623223568954591
1,1131,0.9829884807313449
1,1132,0.9880198227375963
1,1133,0.9621973585304116
1,1134,0.9955835263546838
1,1135,0.9904152224564613
1,1136,0.9857711476956124
1,1137,0.9760122065279752
1,1138,0.9855009920318785
1,1139,0.9941797869167499
1,1140,0.9947575963678192
1,1141,0.979143934275439
1,1142,0.9839735593187399
1,1143,0.9967149939994088
1,1144,0.9892094879931258
1,1145,0.9842715921718698
1,1146,0.9681171735041431
1,1147,0.9934084314770788
1,1148,0.9831636356449545
1,1149,0.9710389194870236
1,1150,0.9804398893787126
1,1151,0.9624410145473998
1,1152,0.9885872326382977
1,1153,0.9874874636678626
1,1154,0.9873724777965383
1,1155,0.9410372930955129
1,1156,0.957070502506816
1,1157,0.9820877784064114
1,1158,0.9983658403979421
1,1159,0.9893249360196213
1,1160,0.9970056674334701
1,1161,0.9801282724557403
1,1162,0.9884634890086621
1,1163,0.9710085750305787
1,1164,0.9937105432868946
1,1165,0.9753476993926994
1,1166,0.9904334536817552
1,1167,0.9834064629419706
1,1168,0.9826104828116324
1,1169,0.9853701309550892
1,1170,0.9848857130895642
1,1171,0.9953136943621881
1,1172,0.9896289660185567
1,1173,0.9774745814716677
1,1174,0.9725015954791172
1,1175,0.9710870517240057
1,1176,0.9958509298724681
1,1177,0.9581882453691968
1,1178,0.9928782697557393
1,1179,0.9929919355985842
1,1180,0.9731668970024827
1,1181,0.9898576151772989
1,1182,0.9797381872229535
1,1183,0.9937918828858827
1,1184,0.9942458007009823
1,1185,0.9718307803357066
1,1186,0.961781631024195
1,1187,0.9974993752946634
1,1188,0.9744567880142131
1,1189,0.9967872387829696
1,1190,0.9967394662658526
1,1191,0.9923308306662172
1,1192,0.9854194850066724
1,1193,0.9786012788627975
1,1194,0.9808084375496897
1,1195,0.9927228028792554
1,1196,0.9678165936911087
1,1197,0.9938807085273662
1,1198,0.9824018406295492
1,1199,0.9874957505052449
1,1200,0.9784631271801401
1,1201,0.9861624756790537
1,1202,0.9622933497129011
1,1203,0.9932098883525029
1,1204,0.9742574186833693
1,1205,0.995802248824985
1,1206,0.9904063857233016
1,1207,0.98843170656818
1,1208,0.9591084538494284
1,1209,0.9924772039670988
1,1210,0.9828196150880371
1,1211,0.9835488145182946
1,1212,0.9921832989876131
1,1213,0.9731888895656466
1,1214,0.9877984441987978
1,1215,0.9945153144481003
1,1216,0.9895422523138133
1,1217,0.9886462714367391
1,1218,0.9957957843562191
1,1219,0.9932527337811566
1,1220,0.9818865587918034
1,1221,0.9933037644565726
1,1222,0.894766194998068
1,1223,0.9271383698162695
1,1224,0.8862952617703956
1,1225,0.9648547854857739
1,1226,0.987034726784026
1,1227,0.9926786534332318
1,1228,0.9899801912001557
1,1229,0.9742253047408598
1,1230,0.9961746021256893
1,1231,0.9964968591042592
1,1232,0.9917484368366822
1,1233,0.980371954026276
1,1234,0.9804380308560127
1,1235,0.9891506952467204
1,1236,0.9870511418071845
1,1237,0.9730286898047662
1,1238,0.9923392562911802
1,1239,0.9641507150865734
1,1240,0.9784316173581763
1,1241,0.9949634144646187
1,1242,0.9776747650102952
1,1243,0.985538122190529
1,1244,0.9840209321272839
1,1245,0.9904079624985647
1,1246,0.988888302518656
1,1247,0.9878899067203625
1,1248,0.9866542114407331
1,1249,0.9803181643052322
1,1250,0.9916390078990538
1,1251,0.9817223508926359
1,1252,0.9972478497448025
1,1253,0.9733617828740152
1,1254,0.9821505132363662
1,1255,0.9938186955265422
1,1256,0.9866443658771801
1,1257,0.9901166702803512
1,1258,0.9651375232640506
1,1259,0.9929309334007859
1,1260,0.969964472719016
1,1261,0.9918024842011501
1,1262,0.9713005984033805
1,1263,0.9770754798286653
1,1264,0.9964683737620534
1,1265,0.9846605047370091
1,1266,0.990663052257885
1,1267,0.9879651769623834
1,1268,0.992757881499891
1,1269,0.9821820187778076
1,1270,0.9845697432855789
1,1271,0.9891118048453097
1,1272,0.9797592881083463
1,1273,0.9892388721024836
1,1274,0.9920763074011444
1,1275,0.9929231864073237
1,1276,0.9809697549981291
1,1277,0.9780210437379893
1,1278,0.9967044447541067
1,1279,0.9831429233216322
1,1280,0.988405311287085
1,1281,0.9901408194732593
1,1282,0.9728148734972595
1,1283,0.9800002622249925
1,1284,0.9691132616345602
1,1285,0.9898281603107587
1,1286,0.9798563468930386
1,1287,0.9525421463101005
1,1288,0.9858992920692249
1,1289,0.9861151311651781
1,1290,0.9958736265880263
1,1291,0.9654735996910264
1,1292,0.9821948463730783
1,1293,0.9919293236449653
1,1294,0.9924126597194464
1,1295,0.9784241611094974
1,1296,0.9856181658720317
1,1297,0.9871332139519144
1,1298,0.9960921085202165
1,1299,0.9799547607335618
1,1300,0.9933355130575025
1,1301,0.9902340765378209
1,1302,0.9378870452629334
1,1303,0.9961529477662321
1,1304,0.9739409940708611
1,1305,0.9957011085445192
1,1306,0.9852779505707384
1,1307,0.9952006520134291
1,1308,0.9471592820834174
1,1309,0.9616471340228879
1,1310,0.9884910795889416
1,1311,0.9815248438946467
1,1312,0.9783291526749774
1,1313,0.9680431198203127
1,1314,0.9753651449488843
1,1315,0.9591089810138037
1,1316,0.9863146648120602
1,1317,0.9853227226973325
1,1318,0.972669678310041
1,1319,0.9855018452948088
1,1320,0.9845137307709072
1,1321,0.9700017703300898
1,1322,0.9947685236222207
1,1323,0.9966255587851025
1,1324,0.9524738139213772
1,1325,0.9882987491519863
1,1326,0.9798907489744221
1,1327,0.9804902697515367
1,1328,0.985471995376197
1,1329,0.9921255741426697
1,1330,0.9626794794285236
1,1331,0.9800838543715409
1,1332,0.9585916963168861
1,1333,0.9839673169783242
1,1334,0.9813243895742387
1,1335,0.9850413731417246
1,1336,0.9626033919659416
1,1337,0.996075171378365
1,1338,0.961144973245381
1,1339,0.9875831306663684
1,1340,0.9932752504312785
1,1341,0.9709793253249381
1,1342,0.9884408068426449
1,1343,0.9822092524279846
1,1344,0.9850954269010365
1,1345,0.9709883113684791
1,1346,0.9826528607873298
1,1347,0.9901264992955426
1,1348,0.9832037408211088
1,1349,0.9887978961663895
1,1350,0.9753987647510262
1,1351,0.9552876103983376
1,1352,0.9979144481707967
1,1353,0.9913859835855631
1,1354,0.9702945467986781
1,1355,0.9895963163967795
1,1356,0.9896460882813973
1,1357,0.9859585788969982
1,1358,0.9724963246487051
1,1359,0.9951065198199799
1,1360,0.9964736257709412
1,1361,0.9857401681341694
1,1362,0.9899821879260078
1,1363,0.9947482302560794
1,1364,0.9624004659999714
1,1365,0.9940001178459267
1,1366,0.9397197418230935
1,1367,0.9689133083798357
1,1368,0.9909744353802864
1,1369,0.9744688454591655
1,1370,0.977381473297535
1,1371,0.9911664760134301
1,1372,0.9817738511180938
1,1373,0.9793961144520028
1,1374,0.9936818006500602
1,1375,0.9651162260015868
1,1376,0.9748600483712703
1,1377,0.9779294212502992
1,1378,0.9883231546905005
1,1379,0.994126285140284
1,1380,0.9830269172713719
1,1381,0.9933971432831964
1,1382,0.9937510628529597
1,1383,0.9952129007693088
1,1384,0.9964930730166371
1,1385,0.9913850570508975
1,1386,0.9959813378347216
1,1387,0.9639393352864694
1,1388,0.9858544730911812
1,1389,0.9894433643663196
1,1390,0.9905469905629467
1,1391,0.9887202217247401
1,1392,0.9899461319250742
1,1393,0.9879012114000902
1,1394,0.9847192416490034
1,1395,0.9725158111857629
1,1396,0.9782155731302422
1,1397,0.9895932413060076
1,1398,0.9659287647549818
1,1399,0.9811806210893057
1,1400,0.9829348275268641
1,1401,0.9959825121212529
1,1402,0.9629267512640155
1,1403,0.9832755628869625
1,1404,0.991028489538862
1,1405,0.9756971168449189
1,1406,0.9933936908921281
1,1407,0.9946464339047767
1,1408,0.9896630457478973
1,1409,0.9884813054563687
1,1410,0.978100654299692
1,1411,0.9768666280185833
1,1412,0.9935568130548783
1,1413,0.9421932074556759
1,1414,0.9972163521895642
1,1415,0.9654245322393049
1,1416,0.9908201921424662
1,1417,0.9635457573756441
1,1418,0.9974769095928451
1,1419,0.9639068056343917
1,1420,0.9816324830792105
1,1421,0.9783289026108742
1,1422,0.9785485032594088
1,1423,0.94972387161681
1,1424,0.9780345377032076
1,1425,0.988762326475276
1,1426,0.9896873821253033
1,1427,0.986445870522324
1,1428,0.9721100720326423
1,1429,0.9741116891741947
1,1430,0.9454357744917398
1,1431,0.9847309431593755
1,1432,0.9792693151841675
1,1433,0.9974122617622683
1,1434,0.9647602134154378
1,1435,0.9817714902848713
1,1436,0.9874323372062652
1,1437,0.9948961680926173
1,1438,0.97115896390801
1,1439,0.9939309219922271
1,1440,0.963456391888751
1,1441,0.9495376187915827
1,1442,0.979700954059006
1,1443,0.992584072896004
1,1444,0.9971630443647347
1,1445,0.9698652741740238
1,1446,0.9825958114295757
1,1447,0.9914678534295388
1,1448,0.9885648026116591
1,1449,0.9875196627607126
1,1450,0.9938791618502947
1,1451,0.995450017670176
1,1452,0.9768840421562573
1,1453,0.9870753653152718
1,1454,0.9884448009975236
1,1455,0.9918786016502306
1,1456,0.991084605229256
1,1457,0.9773636833889956
1,1458,0.9747106393981224
1,1459,0.990876241532626
1,1460,0.9716368409768151
1,1461,0.9972091062871133
1,1462,0.9774031223231052
1,1463,0.9760995796751417
1,1464,0.9692802691850062
1,1465,0.9971916002673595
1,1466,0.9336590990244901
1,1467,0.9897554612014761
1,1468,0.9369521498582762
1,1469,0.997383135799016
1,1470,0.9917554717591965
1,1471,0.9728650776029356
1,1472,0.9855310771930488
1,1473,0.9702950614651351
1,1474,0.9882402318711391
1,1475,0.9789654301194726
1,1476,0.9869390378542704
1,1477,0.9804533251179706
1,1478,0.9968789881448035
1,1479,0.9840381481288865
1,1480,0.9927715969030972
1,1481,0.9939397754706633
1,1482,0.9676679702704156
1,1483,0.9684520802691058
1,1484,0.9874425308177078
1,1485,0.972152913382592
1,1486,0.9788423358597508
1,1487,0.9845462452681369
1,1488,0.9717829775191164
1,1489,0.9867203378925878
1,1490,0.9770092661648054
1,1491,0.9961500945778718
1,1492,0.9906836334608218
1,1493,0.9803738085722588
1,1494,0.9871122070237384
1,1495,0.9880226601987786
1,1496,0.9553703866351281
1,1497,0.9804943715998086
1,1498,0.9962847259254649
1,1499,0.9774418226031116
1,1500,0.979765688900725
1,1501,0.9946271164341771
1,1502,0.9954965031178453
1,1503,0.9970851103689035
1,1504,0.964928929147515
1,1505,0.9707422550086752
1,1506,0.9733881354929007
1,1507,0.9791769148967013
1,1508,0.9760404384614548
1,1509,0.994562754834492
1,1510,0.9763142498035245
1,1511,0.9819716029772988
1,1512,0.9650316637935961
1,1513,0.9820852577789704
1,1514,0.990406376992061
1,1515,0.9917065323532058
1,1516,0.9800863963323124
1,1517,0.9966607001173041
1,1518,0.9944374214283045
1,1519,0.9522297066225902
1,1520,0.9916287411680992
1,1521,0.9507800961480466
1,1522,0.9928345785699797
1,1523,0.9832787774031577
1,1524,0.9861685970080288
1,1525,0.9774864689762461
1,1526,0.9888484042000334
1,1527,0.9844806899259012
1,1528,0.988619386278494
1,1529,0.9875312968394853
1,1530,0.9924822208164658
1,1531,0.9835057283627376
1,1532,0.9808842781937153
1,1533,0.9921922893747074
1,1534,0.9810413784544324
1,1535,0.9761269502027069
1,1536,0.9817313522008674
1,1537,0.9917591104955196
1,1538,0.9867590881112785
1,1539,0.995470936756966
1,1540,0.9853382527262414
1,1541,0.995849210624009
1,1542,0.9943608298486161
1,1543,0.9943142133699152
1,1544,0.978661486829674
1,1545,0.9934292457673316
1,1546,0.9893720987500748
1,1547,0.9912524421422335
1,1548,0.9833278271790622
1,1549,0.9833976432333578
1,1550,0.9829778506728909
1,1551,0.9863328840285235
1,1552,0.9893608128508883
1,1553,0.9918923990708342
1,1554,0.9871253851706114
1,1555,0.9779358826020934
1,1556,0.9729511785110347
1,1557,0.9927125033522445
1,1558,0.9870502629246856
1,1559,0.974086453623966
1,1560,0.9905784941311384
1,1561,0.9896660740874084
1,1562,0.9852378117679893
1,1563,0.9877296311011999
1,1564,0.970023716524775
1,1565,0.9854940585052486
1,1566,0.9965663799554287
1,1567,0.9805664478409853
1,1568,0.9857860856215359
1,1569,0.980194185581455
1,1570,0.9937982258436332
1,1571,0.9702629066443557
1,1572,0.965639479472968
1,1573,0.9682145124339314
1,1574,0.9814029632497386
1,1575,0.9683793386136885
1,1576,0.9445177123351957
1,1577,0.990109720370005
1,1578,0.9612631665270206
1,1579,0.9955831529717513
1,1580,0.9714651612114118
1,1581,0.9970809140253767
1,1582,0.9427988815269448
1,1583,0.9923677139973655
1,1584,0.978162690939233
1,1585,0.9900184459489677
1,1586,0.986667382275678
1,1587,0.9961930711388204
1,1588,0.9957366825201251
1,1589,0.97841256352289
1,1590,0.9919650272155458
1,1591,0.948464629520787
1,1592,0.9618695202271982
1,1593,0.9855617701896126
1,1594,0.9828425973080002
1,1595,0.993819373051175
1,1596,0.9731811453306556
1,1597,0.9905987855824767
1,1598,0.9919898815080082
1,1599,0.9930652151626639
1,1600,0.9897400150350466
1,1601,0.9973560692035404
1,1602,0.9637448224886264
1,1603,0.9841383525041548
1,1604,0.9614461148983805
1,1605,0.9931374802306306
1,1606,0.9610420030510591
1,1607,0.9971194359590293
1,1608,0.9825964306122114
1,1609,0.9876557948408187
1,1610,0.9529924981885496
1,1611,0.9843823440818444
1,1612,0.9817052387957755
1,1613,0.9692588746374464
1,1614,0.9938374611762145
1,1615,0.9611970255228548
1,1616,0.9797224026659531
1,1617,0.9729087741086266
1,1618,0.9639447847591718
1,1619,0.9925271793827236
1,1620,0.9802480739362761
1,1621,0.9969939522703261
1,1622,0.9617879894711391
1,1623,0.997424911079941
1,1624,0.9592824067768604
1,1625,0.9959389015790368
1,1626,0.9607598957518454
1,1627,0.9957125031664488
1,1628,0.9743048271806699
1,1629,0.9877347548643992
1,1630,0.9883996211946127
1,1631,0.9708823018928667
1,1632,0.9968935005318298
1,1633,0.9719473234261894
1,1634,0.9868468314704095
1,1635,0.9875431524342475
1,1636,0.9919813418922568
1,1637,0.996676176042099
1,1638,0.9697983770995748
1,1639,0.9827396166758157
1,1640,0.9936922264988927
1,1641,0.9847307345762425
1,1642,0.9816007567741208
1,1643,0.9909330246576338
1,1644,0.9849903254439556
1,1645,0.9953520845287789
1,1646,0.9782419502173506
1,1647,0.9788839023844885
1,1648,0.9869625000149207
1,1649,0.9751606184522361
1,1650,0.9804258325380885
1,1651,0.9744305697295301
1,1652,0.9828119462029882
1,1653,0.9711428105104357
1,1654,0.9946009418532343
1,1655,0.9886996594583302
1,1656,0.9944021393816074
1,1657,0.9866463040609353
1,1658,0.9826181806467301
1,1659,0.995077852775765
1,1660,0.9882134559577145
1,1661,0.9886012704297525
1,1662,0.9968785869664408
1,1663,0.9973226215130634
1,1664,0.9826076816844665
1,1665,0.9923563173513117
1,1666,0.9766342231356171
1,1667,0.9963161305137223
1,1668,0.9961317485289427
1,1669,0.978982969957871
1,1670,0.9744951989303742
1,1671,0.9960362927246517
1,1672,0.9631165801027652
1,1673,0.9940539851687317
1,1674,0.9750635665920376
1,1675,0.985727385658027
1,1676,0.9910739221348651
1,1677,0.9802967816560876
1,1678,0.952568678408385
1,1679,0.9949944615255276
1,1680,0.979359315935817
1,1681,0.9960884347444998
1,1682,0.9982809748695137
1,1683,0.9985775517739117
1,1684,0.9304552867021251
1,1685,0.9924091045915316
1,1686,0.9692427512854337
1,1687,0.9789665150111316
1,1688,0.9905221934096502
1,1689,0.9709001286312003
1,1690,0.9943266799734878
1,1691,0.9829901201322229
1,1692,0.9901158762780932
1,1693,0.9917269176752487
1,1694,0.9955795463540268
1,1695,0.9868849216892266
1,1696,0.9736985506017988
1,1697,0.9920600929494623
1,1698,0.9915919940630542
1,1699,0.9771158403564845
1,1700,0.9271131729001428
1,1701,0.9698214721152358
1,1702,0.9778596252278846
1,1703,0.9887170284886582
1,1704,0.980017625392102
1,1705,0.9911332939323034
1,1706,0.9905999010624479
1,1707,0.9662018882591465
1,1708,0.9761410830285658
1,1709,0.9785959496970069
1,1710,0.991090200737298
1,1711,0.9908026833741339
1,1712,0.9870335654366994
1,1713,0.955007047358328
1,1714,0.994974276388407
1,1715,0.9854622738760058
1,1716,0.9826034312700681
1,1717,0.9660793823055429
1,1718,0.9957664055351712
1,1719,0.9505989668299509
1,1720,0.9911809888910139
1,1721,0.9715229132581649
1,1722,0.983746651449717
1,1723,0.9827279919007528
1,1724,0.9814531903739997
1,1725,0.9800815924992036
1,1726,0.9721705044466487
1,1727,0.9895113049468177
1,1728,0.966427292693354
1,1729,0.9906288571417613
1,1730,0.9866337471360873
1,1731,0.987205412227861
1,1732,0.9965353967283093
1,1733,0.9845892994171516
1,1734,0.9885474913028758
1,1735,0.9791052612885409
1,1736,0.9937256008371802
1,1737,0.9745140126434964
1,1738,0.9879930524724291
1,1739,0.9603514231721056
1,1740,0.995894538154467
1,1741,0.9655422981998891
1,1742,0.9757435133537539
1,1743,0.9917283388708472
1,1744,0.9808412162545491
1,1745,0.9609269076521015
1,1746,0.9942792403637257
1,1747,0.9943655743944427
1,1748,0.981462852972141
1,1749,0.9969022590421629
1,1750,0.9899971277346583
1,1751,0.9901949679010742
1,1752,0.980776535131521
1,1753,0.9933999776173915
1,1754,0.9466448214942491
1,1755,0.9829640511527447
1,1756,0.9788614918252341
1,1757,0.9768425305302942
1,1758,0.9899885233157659
1,1759,0.9933919936903668
1,1760,0.9631987871675685
1,1761,0.9930952999667668
1,1762,0.9911085467494485
1,1763,0.9845113414221393
1,1764,0.9939895305633164
1,1765,0.9674630322038793
1,1766,0.9933542553888719
1,1767,0.9866913776961831
1,1768,0.9845548546808328
1,1769,0.9702638329328761
1,1770,0.993304857406629
1,1771,0.9852720447956291
1,1772,0.9910439365805899
1,1773,0.9914080266903847
1,1774,0.9817896297580189
1,1775,0.9960470531990183
1,1776,0.9948104963011999
1,1777,0.9425911185886887
1,1778,0.9964849906251058
1,1779,0.9755261438233913
1,1780,0.9858047100723555
1,1781,0.9762192251875504
1,1782,0.9794600257041279
1,1783,0.9944107240837766
1,1784,0.9627039706208098
1,1785,0.9933934106900719
1,1786,0.9650979914436787
1,1787,0.9915841774140348
1,1788,0.9939090657307109
1,1789,0.9796651892437425
1,1790,0.9959444667021123
1,1791,0.9493373393740994
1,1792,0.954700304892273
1,1793,0.9956583771989899
1,1794,0.9937310824171908
1,1795,0.9930492090815228
1,1796,0.9925749619776227
1,1797,0.9876352933174798
1,1798,0.9891393159095876
1,1799,0.9870041098951922
1,1800,0.9915081184574014
1,1801,0.9893443678383543
1,1802,0.9843831103762727
1,1803,0.9852630713962862
1,1804,0.9861765078013797
1,1805,0.987464172699752
1,1806,0.9789324176585026
1,1807,0.9602049669986937
1,1808,0.9923062327065951
1,1809,0.9898721195688379
1,1810,0.9791946862757639
1,1811,0.9959643711983611
1,1812,0.9649928775558823
1,1813,0.995464958385631
1,1814,0.9703782908603371
1,1815,0.9830736443519361
1,1816,0.9871705565001251
1,1817,0.986619429982488
1,1818,0.9963653875613881
1,1819,0.9246956195989567
1,1820,0.9948570866918597
1,1821,0.9888969375427621
1,1822,0.9867391661536029
1,1823,0.9806354592350666
1,1824,0.9676652154788775
1,1825,0.9882527064353637
1,1826,0.9768243556806152
1,1827,0.9902491638804676
1,1828,0.9950227269318672
1,1829,0.9435716839584541
1,1830,0.9953045729099758
1,1831,0.9897454741882148
1,1832,0.9940620664063744
1,1833,0.9719699775857388
1,1834,0.9930940323668455
1,1835,0.9846875527608285
1,1836,0.9941911155227361
1,1837,0.9862428422582076
1,1838,0.9554510159579193
1,1839,0.9944836798599873
1,1840,0.9822898569598095
1,1841,0.9666420320661712
1,1842,0.9910410025842191
1,1843,0.992153842678648
1,1844,0.9699429646622487
1,1845,0.9617612462423916
1,1846,0.9894065069677906
1,1847,0.9955473186048677
1,1848,0.9765373090928773
1,1849,0.9812132533300139
1,1850,0.983253262390745
1,1851,0.9794355444547406
1,1852,0.9870845463459017
1,1853,0.9720910110613659
1,1854,0.9808502773389797
1,1855,0.9758252972482765
1,1856,0.9941401425568679
1,1857,0.9944142501326647
1,1858,0.9867789935931859
1,1859,0.9883972373419757
1,1860,0.9631065860689967
1,1861,0.9913418390904184
1,1862,0.9713020522325898
1,1863,0.9950376183035045
1,1864,0.9815575011663348
1,1865,0.9765992175287154
1,1866,0.9538687834176324
1,1867,0.9953122803574115
1,1868,0.962077533770047
1,1869,0.9885351820457756
1,1870,0.995041116529939
1,1871,0.988762353667666
1,1872,0.9943860142594076
1,1873,0.9872271688870556
1,1874,0.9799540020264905
1,1875,0.9923177836533223
1,1876,0.9515013545133163
1,1877,0.954096961403454
1,1878,0.9757988795939345
1,1879,0.9932750366500216
1,1880,0.9967484673054694
1,1881,0.95651016075082
1,1882,0.9561634526089613
1,1883,0.9851167562708031
1,1884,0.9514075916076177
1,1885,0.9313421407419936
1,1886,0.9484720370351823
1,1887,0.9953649291677747
1,1888,0.98856060031476
1,1889,0.9797979132557856
1,1890,0.9922886596963167
1,1891,0.9875201158114756
1,1892,0.9876283039329152
1,1893,0.9726230873307783
1,1894,0.9766323365542495
1,1895,0.9954967747216266
1,1896,0.9729173103029786
1,1897,0.9913354573075782
1,1898,0.9816889265402226
1,1899,0.979475065077643
1,1900,0.9855209883358635
1,1901,0.9927516424291633
1,1902,0.9939916602886736
1,1903,0.9541231562959891
1,1904,0.9941660364130084
1,1905,0.9793987266974887
1,1906,0.9922324772113014
1,1907,0.9866354654256378
1,1908,0.9898931852169508
1,1909,0.9767791207880703
1,1910,0.9915784872208755
1,1911,0.961729726429759
1,1912,0.9952944634247949
1,1913,0.9832246709774208
1,1914,0.9850439767072486
1,1915,0.9726501086779951
1,1916,0.9937253349616282
1,1917,0.9829621274897675
1,1918,0.9980080313586916
1,1919,0.9915028797329166
1,1920,0.9736699741347943
1,1921,0.9739981411207093
1,1922,0.9698507668731912
1,1923,0.989193126682778
1,1924,0.9851235408584763
1,1925,0.9683911979342784
1,1926,0.9832434024629285
1,1927,0.9969163348959008
1,1928,0.9745969180446579
1,1929,0.9946298264510062
1,1930,0.9771426030627384
1,1931,0.9899577315883809
1,1932,0.9708596500735764
1,1933,0.9634896677411964
1,1934,0.9927015747457566
1,1935,0.9908730023562844
1,1936,0.9242024146144758
1,1937,0.997114670266645
1,1938,0.8990970831644334
1,1939,0.9994088444976029
1,1940,0.9805902058298265
1,1941,0.9966517424737926
1,1942,0.9956473642188368
1,1943,0.8526041939413124
1,1944,0.9943446773086125
1,1945,0.946641016111359
1,1946,0.9935426471891545
1,1947,0.9892452702681612
1,1948,0.9598312988983723
1,1949,0.9971429036541926
1,1950,0.9541212579562798
1,1951,0.9954714130407964
1,1952,0.9947702464223087
1,1953,0.9885911727885832
1,1954,0.9929214559288881
1,1955,0.9650295375916389
1,1956,0.9833255593203889
1,1957,0.98512330391246
1,1958,0.989644795973735
1,1959,0.9868319305335918
1,1960,0.9859765284557586
1,1961,0.9825927773494598
1,1962,0.9932610704591924
1,1963,0.9867890210032292
1,1964,0.9864275538719341
1,1965,0.9883744609263222
1,1966,0.9904515700743284
1,1967,0.9816917038847166
1,1968,0.9947221882784604
1,1969,0.9976589074430677
1,1970,0.9134095511916074
1,1971,0.9924220096082375
1,1972,0.9916985782775066
1,1973,0.9763504383804732
1,1974,0.9932075467070091
1,1975,0.9937209995113037
1,1976,0.9876480574011236
1,1977,0.9947017180095563
1,1978,0.9892400242443983
1,1979,0.9815650624069712
1,1980,0.9714855770570016
1,1981,0.9964769922692034
1,1982,0.9860579290935935
1,1983,0.9657074663281657
1,1984,0.9910124306903875
1,1985,0.998749070749318
1,1986,0.9519453754397247
1,1987,0.977495083249005
1,1988,0.9930035779694427
1,1989,0.9712210331741544
1,1990,0.9950904363733246
1,1991,0.9635081449329651
1,1992,0.9826935059005429
1,1993,0.9924110824965917
1,1994,0.9841539484820664
1,1995,0.9573676209858618
1,1996,0.9929513702617746
1,1997,0.9963591857128483
1,1998,0.9954849579519887
1,1999,0.9771613023809216
1,2000,0.9939362008884698
1,2001,0.9885077813037603
1,2002,0.95162823747378
1,2003,0.9873365719904867
1,2004,0.9836794749301738
1,2005,0.9787554482779929
1,2006,0.991351370778447
1,2007,0.9831948128865173
1,2008,0.9745001287932822
1,2009,0.9908772626457442
1,2010,0.9688175481221315
1,2011,0.9895575336319623
1,2012,0.9850255459596077
1,2013,0.9679472092376556
1,2014,0.9921986097426005
1,2015,0.9717911533057142
1,2016,0.99380154375834
1,2017,0.9883985669537309
1,2018,0.9649760404986963
1,2019,0.997353236938324
1,2020,0.9947965603939899
1,2021,0.9879263226757279
1,2022,0.9925077115645095
1,2023,0.9804350311580952
1,2024,0.9936043259018489
1,2025,0.9743882901606564
1,2026,0.9835756839020309
1,2027,0.9790998927439365
1,2028,0.9769266053506708
1,2029,0.9812804533891928
1,2030,0.9857676872901386
1,2031,0.981412492134085
1,2032,0.9968658840727341
1,2033,0.9735465283994947
1,2034,0.9950457061153253
1,2035,0.9557719621530878
1,2036,0.9945429907391241
1,2037,0.9930888247761577
1,2038,0.9813085987987702
1,2039,0.9883955488286633
1,2040,0.9780751355169858
1,2041,0.987870009390588
1,2042,0.9774549494812136
1,2043,0.9899661977718925
1,2044,0.9873359396477054
1,2045,0.9818940562991206
1,2046,0.9835230270486399
1,2047,0.9821176816000596
1,2048,0.9575597946339295
1,2049,0.98146402479726
1,2050,0.9709954500012281
1,2051,0.9827057776401622
1,2052,0.9906810917888998
1,2053,0.9942508034494124
1,2054,0.9753394391251319
1,2055,0.9966086182192114
1,2056,0.9615286276420585
1,2057,0.9948061603929975
1,2058,0.9574045713659632
1,2059,0.9949535382527857
1,2060,0.9633805624925804
1,2061,0.9919915813169171
1,2062,0.9539917924407761
1,2063,0.9154872934962333
1,2064,0.9963537580710962
1,2065,0.9957252493945208
1,2066,0.9515531483757736
1,2067,0.9972993168253544
1,2068,0.9824613711965782
1,2069,0.9861471014163689
1,2070,0.989402049756852
1,2071,0.9776325418123997
1,2072,0.9942053356142806
1,2073,0.9857116798289406
1,2074,0.9864087489750215
1,2075,0.9970889167692873
1,2076,0.9877906574496461
1,2077,0.9974102564084236
1,2078,0.9883350612819716
1,2079,0.9694141577617849
1,2080,0.993834529981028
1,2081,0.9874713533427665
1,2082,0.9815692287721842
1,2083,0.9501434130139079
1,2084,0.9966076293183529
1,2085,0.9952265252545462
1,2086,0.9570431376152573
1,2087,0.9813973007475135
1,2088,0.992260704000391
1,2089,0.9733256447290812
1,2090,0.9957786599743083
1,2091,0.9814408233678682
1,2092,0.9877038099964337
1,2093,0.9715083332203646
1,2094,0.9914852492757036
1,2095,0.9917815068646126
1,2096,0.9928203638797919
1,2097,0.9898373439479002
1,2098,0.9902865415704678
1,2099,0.9893921536523493
1,2100,0.9341152397704313
1,2101,0.9884854866628832
1,2102,0.9757682975905687
1,2103,0.9849973773576293
1,2104,0.9793432296470024
1,2105,0.9933686965366529
1,2106,0.9907172379179267
1,2107,0.9789003875054264
1,2108,0.9909018467866744
1,2109,0.9836194334325373
1,2110,0.9945326740709287
1,2111,0.958875394210096
1,2112,0.9874278659259922
1,2113,0.9925083914592994
1,2114,0.9797454934172342
1,2115,0.9903484603435498
1,2116,0.9777475949478331
1,2117,0.9908920485963516
1,2118,0.9939748027540577
1,2119,0.9520496349544553
1,2120,0.991711676821265
1,2121,0.9984435816665006
1,2122,0.9846959488710603
1,2123,0.977636578248288
1,2124,0.9700352297790799
1,2125,0.9842372453653686
1,2126,0.9604728489764067
1,2127,0.9498275762285072
1,2128,0.9942060471913678
1,2129,0.9870802733979233
1,2130,0.989038480220274
1,2131,0.9730304238667952
1,2132,0.9927244142328109
1,2133,0.9899369016612859
1,2134,0.9834792021662986
1,2135,0.9854600718126206
1,2136,0.9886363800691944
1,2137,0.9883658033534048
1,2138,0.9911671248516091
1,2139,0.9893480295098116
1,2140,0.9793990963506041
1,2141,0.9921184178165677
1,2142,0.9968557034866716
1,2143,0.9709444795240387
1,2144,0.9906781104463511
1,2145,0.9934349264767885
1,2146,0.9892827867106982
1,2147,0.9728816572706919
1,2148,0.9906469724480322
1,2149,0.985776722725005
1,2150,0.9795155864494087
1,2151,0.9654597785981119
1,2152,0.9953950602738
1,2153,0.9964034283236869
1,2154,0.934608560011491
1,2155,0.9445161034485972
1,2156,0.9879478780315579
1,2157,0.9646005182870718
1,2158,0.9812062377052146
1,2159,0.991035992962828
1,2160,0.9906585787062677
1,2161,0.9756275868898953
1,2162,0.9803888281731863
1,2163,0.9866727282613741
1,2164,0.9717718073762588
1,2165,0.9748193620935682
1,2166,0.9917804256674146
1,2167,0.9974313681795017
1,2168,0.9253435586940483
1,2169,0.9988140752306334
1,2170,0.9656677948493353
1,2171,0.9352315559157431
1,2172,0.9947090674458962
1,2173,0.9583097212790846
1,2174,0.99436049071234
1,2175,0.989264235050708
1,2176,0.9838266190346541
1,2177,0.9870596886989895
1,2178,0.9852814433762391
1,2179,0.994411892630672
1,2180,0.994209274513101
1,2181,0.9878629381799342
1,2182,0.987924649122052
1,2183,0.9860142946639918
1,2184,0.9830924604325535
1,2185,0.9968609054674044
1,2186,0.9601582637922189
1,2187,0.9713761629041349
1,2188,0.986768361113053
1,2189,0.982145631891891
1,2190,0.9889650352231774
1,2191,0.9797472040693965
1,2192,0.976897455805427
1,2193,0.9725281023938404
1,2194,0.9951851038997513
1,2195,0.9906226771791445
1,2196,0.9888099061679175
1,2197,0.9835720129528247
1,2198,0.9665059859129751
1,2199,0.9976972519177751
1,2200,0.9817356673752546
1,2201,0.9595823935156034
1,2202,0.9931638837428638
1,2203,0.970975416903843
1,2204,0.9899208966570772
1,2205,0.984984729260803
1,2206,0.9668149960578566
1,2207,0.9883282371575093
1,2208,0.9958541187061194
1,2209,0.9656737651546955
1,2210,0.9866783177172953
1,2211,0.9843590412262618
1,2212,0.9411223660879383
1,2213,0.9972241639644597
1,2214,0.9747668121335329
1,2215,0.9829307893956377
1,2216,0.9927829059801097
1,2217,0.9646816977749393
1,2218,0.992552109611787
1,2219,0.980602807021504
1,2220,0.9897479717580752
1,2221,0.9780641127067375
1,2222,0.9965224066395675
1,2223,0.9877593088906401
1,2224,0.9688814962638128
1,2225,0.9914297732846035
1,2226,0.966705022364417
1,2227,0.9742019526025518
1,2228,0.9917874735978306
1,2229,0.9893082326625458
1,2230,0.9895336678734138
1,2231,0.9914566617378402
1,2232,0.9911443323788413
1,2233,0.9731677081819121
1,2234,0.9898762015213778
1,2235,0.9803774086640457
1,2236,0.9827081846993052
1,2237,0.9794555271799207
1,2238,0.9765313632842242
1,2239,0.9793420555041885
1,2240,0.9853228204118468
1,2241,0.9894972594466808
1,2242,0.9674272240015955
1,2243,0.9653079965721559
1,2244,0.9846289858262128
1,2245,0.9786923771806355
1,2246,0.9720569736870316
1,2247,0.9914393417696139
1,2248,0.9741376948373897
1,2249,0.9979310438236391
1,2250,0.9841878315677491
1,2251,0.9801303348855459
1,2252,0.9801343671143014
1,2253,0.9836041299915782
1,2254,0.9863532059582302
1,2255,0.9717594290192054
1,2256,0.9784240960200625
1,2257,0.9744875205983146
1,2258,0.9799318546781088
1,2259,0.9612202428787167
1,2260,0.9828857212605223
1,2261,0.9693240103708546
1,2262,0.9715803019041224
1,2263,0.9793188029417672
1,2264,0.9806159266963638
1,2265,0.9682202167148428
1,2266,0.994447126421153
1,2267,0.921356720792549
1,2268,0.9956044380062609
1,2269,0.9770150935783111
1,2270,0.9890010897295868
1,2271,0.9930128377287187
1,2272,0.9929795859124312
1,2273,0.9640165950836621
1,2274,0.989066279937988
1,2275,0.988186789801378
1,2276,0.9882039401331871
1,2277,0.9974297738174802
1,2278,0.9618129030410757
1,2279,0.9827555428753117
1,2280,0.9751951358735154
1,2281,0.9935472337259728
1,2282,0.9943471023595328
1,2283,0.951376103573827
1,2284,0.9873648522632533
1,2285,0.9954408902625124
1,2286,0.9820745976551652
1,2287,0.9961315949081906
1,2288,0.9948104305488732
1,2289,0.9962385554624046
1,2290,0.9317273207023796
1,2291,0.996472889841848
1,2292,0.978448489860306
1,2293,0.98577428281882
1,2294,0.9897558018576809
1,2295,0.9785995238238115
1,2296,0.9903284928395508
1,2297,0.987028657215243
1,2298,0.9941221357635125
1,2299,0.9664807432744418
1,2300,0.9942432124090208
1,2301,0.9623429235193692
1,2302,0.9891601959438476
1,2303,0.9851394509582282
1,2304,0.9734831335569971
1,2305,0.997870579242592
1,2306,0.9509847825895135
1,2307,0.9789944758703862
1,2308,0.9835307981461874
1,2309,0.9979636998075314
1,2310,0.9796054362439967
1,2311,0.996023781468084
1,2312,0.990167520029803
1,2313,0.9688989789588736
1,2314,0.9897272060700782
1,2315,0.9966774886286945
1,2316,0.9784055618738434
1,2317,0.9592322785847627
1,2318,0.9959011877307684
1,2319,0.9984227911079515
1,2320,0.9693321275380065
1,2321,0.9856370938484547
1,2322,0.9848700349606099
1,2323,0.9888487692343803
1,2324,0.9918710640838179
1,2325,0.9910912658211567
1,2326,0.9931430527831098
1,2327,0.988128717488883
1,2328,0.9637955109342645
1,2329,0.9880526388621025
1,2330,0.9655297833036303
1,2331,0.9901751261658618
1,2332,0.9895491676600714
1,2333,0.9880481848609415
1,2334,0.99694619167748
1,2335,0.9861194016857288
1,2336,0.997154447165706
1,2337,0.994863987129706
1,2338,0.9853617603971561
1,2339,0.9918236007550305
1,2340,0.9916433385589923
1,2341,0.9962622258740592
1,2342,0.9668724042449148
1,2343,0.9936871908556453
1,2344,0.9855189559765409
1,2345,0.9552027513983186
1,2346,0.9971686018371443
1,2347,0.9448118552553829
1,2348,0.9961501185670627
1,2349,0.9785008163357924
1,2350,0.9885360400395268
1,2351,0.9676881796565482
1,2352,0.9813271974187485
1,2353,0.9815437329637615
1,2354,0.9961290516475447
1,2355,0.9840073781974898
1,2356,0.9892788869643337
1,2357,0.9966412192634307
1,2358,0.9834036285491861
1,2359,0.9794656637523097
1,2360,0.9914658356426851
1,2361,0.9782059067302968
1,2362,0.9833109331406595
1,2363,0.967871468347079
1,2364,0.9893288547764632
1,2365,0.9901989365911938
1,2366,0.9833524114006061
1,2367,0.9895464019390845
1,2368,0.9756461296269925
1,2369,0.9743551380464068
1,2370,0.9920799719443608
1,2371,0.9826446527241232
1,2372,0.9787660689796039
1,2373,0.9821055031114616
1,2374,0.9944070902450184
1,2375,0.9759701699315084
1,2376,0.980262863153603
1,2377,0.9883063051933385
1,2378,0.9845895127367015
1,2379,0.9914954537329462
1,2380,0.9650799632781283
1,2381,0.9837638995748378
1,2382,0.9845716517230008
1,2383,0.9844343101016545
1,2384,0.9983044285183856
1,2385,0.9687799089623377
1,2386,0.9906462838233914
1,2387,0.9907559425382959
1,2388,0.9937642544877368
1,2389,0.9899396303781364
1,2390,0.984225399080149
1,2391,0.9836572337076751
1,2392,0.9899466576223082
1,2393,0.9702741457350021
1,2394,0.996007287080528
1,2395,0.9824565194464033
1,2396,0.9902266151221751
1,2397,0.9891670799716792
1,2398,0.9855981315234525
1,2399,0.9688614603911796
1,2400,0.9655670143027542
1,2401,0.992709508020671
1,2402,0.9581890832278778
1,2403,0.9869194695198936
1,2404,0.9830924942416677
1,2405,0.9770675337749596
1,2406,0.9976007817776412
1,2407,0.9723293964016768
1,2408,0.9421205383599726
1,2409,0.9774335460481668
1,2410,0.9901586572667624
1,2411,0.9897493320306658
1,2412,0.9821982248012062
1,2413,0.9787823131801482
1,2414,0.9873148609421938
1,2415,0.9718021089916803
1,2416,0.9759813627977937
1,2417,0.9917485222677246
1,2418,0.9764325130492728
1,2419,0.9903448799773877
1,2420,0.983898366011915
1,2421,0.9815574394732127
1,2422,0.9960644531594204
1,2423,0.9960196227531222
1,2424,0.9945231327263129
1,2425,0.9415103307829211
1,2426,0.9776871257121735
1,2427,0.9685515606124732
1,2428,0.9936635552869403
1,2429,0.9962237110365396
1,2430,0.9929239360761185
1,2431,0.9949459432597569
1,2432,0.9758890051551284
1,2433,0.9886044418759594
1,2434,0.9774235733567286
1,2435,0.992667979692078
1,2436,0.9760989007135918
1,2437,0.9895743165332751
1,2438,0.9777115282135247
1,2439,0.9865642923328672
1,2440,0.9865837977839542
1,2441,0.975781305460093
1,2442,0.9910525445146896
1,2443,0.9865756328102742
1,2444,0.9833256604313182
1,2445,0.9854353599885538
1,2446,0.9849109846197304
1,2447,0.9584840934222995
1,2448,0.9995261484650536
1,2449,0.9586231623514222
1,2450,0.9864511216711016
1,2451,0.9670016678349627
1,2452,0.9700958073317714
1,2453,0.9893150518357412
1,2454,0.9914476425283918
1,2455,0.9827063866537182
1,2456,0.9839827337544569
1,2457,0.9634655373260513
1,2458,0.9930313211132349
1,2459,0.9858049091957594
1,2460,0.9842662394760421
1,2461,0.9974057156365967
1,2462,0.9828913839492951
1,2463,0.9909689418239626
1,2464,0.9695855979931614
1,2465,0.9936133737790812
1,2466,0.9929353088746257
1,2467,0.9711762063498293
1,2468,0.9840466003038333
1,2469,0.9858627962441199
1,2470,0.9789170513082236
1,2471,0.9858540203745283
1,2472,0.9799344836409761
1,2473,0.9947858565404742
1,2474,0.9844571143756495
1,2475,0.9913218568919427
1,2476,0.9567092349431096
1,2477,0.9956311743690903
1,2478,0.9695207443050128
1,2479,0.9970628556275026
1,2480,0.995648627687527
1,2481,0.9913790628130643
1,2482,0.9907484680936248
1,2483,0.9888461241350757
1,2484,0.9986683377604862
1,2485,0.9989306268838998
1,2486,0.9737438510574481
1,2487,0.987731059014996
1,2488,0.9798662071935662
1,2489,0.9786271211575125
1,2490,0.9628147998010369
1,2491,0.9562824934380683
1,2492,0.9833936221195213
1,2493,0.9842831724001015
1,2494,0.9809360422048582
1,2495,0.9953821823636496
1,2496,0.9793423680872977
1,2497,0.9783250438557931
1,2498,0.998975612148523
1,2499,0.9990902085485398
1,2500,0.9988198869690057
1,2501,0.9399399519554347
1,2502,0.992521936563342
1,2503,0.9757397678225873
1,2504,0.9927753027559005
1,2505,0.9725588496368722
1,2506,0.9964619879792419
1,2507,0.9977880288735799
1,2508,0.9647950515633678
1,2509,0.9881972995544638
1,2510,0.9765192535008925
1,2511,0.9949984673493067
1,2512,0.9720138963957465
1,2513,0.993552861363659
1,2514,0.9877286938368584
1,2515,0.9835058708146376
1,2516,0.9837918828374541
1,2517,0.9945796632267757
1,2518,0.9693614503378573
1,2519,0.9814965396045685
1,2520,0.9898470065843179
1,2521,0.9863455077702107
1,2522,0.9849409440252039
1,2523,0.9965804296013426
1,2524,0.9919111541881581
1,2525,0.9958676018273036
1,2526,0.9789525834351368
1,2527,0.991356335503286
1,2528,0.9922064569355461
1,2529,0.9802039201832345
1,2530,0.972855993399467
1,2531,0.9955829494053637
1,2532,0.997864967532131
1,2533,0.9839810535917534
1,2534,0.9686863766432429
1,2535,0.9909854807661053
1,2536,0.9770186767609698
1,2537,0.9988844364355758
1,2538,0.998414395738318
1,2539,0.9836155935712563
1,2540,0.9773903094984085
1,2541,0.9911178721048268
1,2542,0.9820219817918082
1,2543,0.994041881833309
1,2544,0.9619363120732244
1,2545,0.996532652758293
1,2546,0.9801923209938483
1,2547,0.9672182691244209
1,2548,0.9954605051976895
1,2549,0.9916751925777244
1,2550,0.9794654043737585
1,2551,0.9706221014580225
1,2552,0.9843627892750115
1,2553,0.9647715069189801
1,2554,0.9970808962469492
1,2555,0.9886626334891396
1,2556,0.9799238529244482
1,2557,0.9851478601252319
1,2558,0.9936010514992037
1,2559,0.9770396825172959
1,2560,0.9856342170710558
1,2561,0.9849583460113394
1,2562,0.9873924367002409
1,2563,0.9830155563091929
1,2564,0.9951146087236517
1,2565,0.9924891331741762
1,2566,0.9865431625039195
1,2567,0.9723358338995248
1,2568,0.9541722295606911
1,2569,0.99379824456892
1,2570,0.9596585865639262
1,2571,0.9953678666080223
1,2572,0.967686071993732
1,2573,0.9819820438232656
1,2574,0.9942390682949365
1,2575,0.9753814022277951
1,2576,0.9911324627349586
1,2577,0.9921867681139672
1,2578,0.9767825095504472
1,2579,0.9891922955159885
1,2580,0.9755355986990952
1,2581,0.9793185788839007
1,2582,0.9913404759088431
1,2583,0.9838700932625373
1,2584,0.9661524678742616
1,2585,0.9929077339439338
1,2586,0.9837624937630658
1,2587,0.9643127831446443
1,2588,0.966608800286572
1,2589,0.9962018682020616
1,2590,0.9934692485223371
1,2591,0.9811318058965705
1,2592,0.985329926117528
1,2593,0.9705497364821839
1,2594,0.9798855058285151
1,2595,0.9732465749367605
1,2596,0.9841240825744924
1,2597,0.9807495157271774
1,2598,0.9815530992472143
1,2599,0.9844411750741267
1,2600,0.9902472369954152
1,2601,0.94138451112303
1,2602,0.988776469836814
1,2603,0.9612414446688162
1,2604,0.978992668683989
1,2605,0.9929470442498655
1,2606,0.9931280926570537
1,2607,0.9968595665785589
1,2608,0.9618274792043995
1,2609,0.9915665263551918
1,2610,0.9921215354705909
1,2611,0.9969792217509472
1,2612,0.9590872774936946
1,2613,0.996082886225759
1,2614,0.9760872091216262
1,2615,0.9918459521682185
1,2616,0.9524661004247948
1,2617,0.9700083920750813
1,2618,0.9888645863456661
1,2619,0.9878277231432495
1,2620,0.9807507342965857
1,2621,0.9699475005464162
1,2622,0.9952022069463315
1,2623,0.9354108661790792
1,2624,0.9962420594685177
1,2625,0.9941820102486465
1,2626,0.9773627442409412
1,2627,0.9803707667889157
1,2628,0.9911364060528927
1,2629,0.9854407462150492
1,2630,0.9791634569814258
1,2631,0.9524733769735382
1,2632,0.9898836616973811
1,2633,0.974110944499228
1,2634,0.9928522915768475
1,2635,0.9772355963495047
1,2636,0.9915677191014982
1,2637,0.9570273530326289
1,2638,0.9764369065844136
1,2639,0.9793269139364744
1,2640,0.9774765789700256
1,2641,0.9771628800153833
1,2642,0.9884054783055817
1,2643,0.9398477568902509
1,2644,0.9921499632713611
1,2645,0.9808860564575836
1,2646,0.9420376675314995
1,2647,0.9367112384668547
1,2648,0.9852454258336724
1,2649,0.9960054220740093
1,2650,0.9839426343528677
1,2651,0.9833618004184373
1,2652,0.9747479101342169
1,2653,0.9908107801183196
1,2654,0.9822844653032566
1,2655,0.9886370381787307
1,2656,0.9879495441208337
1,2657,0.9898183310679872
1,2658,0.9834360334275893
1,2659,0.9744887234714975
1,2660,0.9832055550010321
1,2661,0.9762496703499929
1,2662,0.9916769944078184
1,2663,0.9800726588361768
1,2664,0.990428150474852
1,2665,0.9900486012511504
1,2666,0.9857515132573211
1,2667,0.9823864174741833
1,2668,0.9895292831736178
1,2669,0.9682001744891837
1,2670,0.9945496465834686
1,2671,0.9758545271102065
1,2672,0.9776430006204228
1,2673,0.969664847241549
1,2674,0.9888289433490788
1,2675,0.9728785221198364
1,2676,0.9605437616522925
1,2677,0.9920043840053998
1,2678,0.9744287981744388
1,2679,0.988931979475729
1,2680,0.9818726793123959
1,2681,0.9643364623695524
1,2682,0.9870003820810533
1,2683,0.9869349289469324
1,2684,0.973648396567611
1,2685,0.9975118042258809
1,2686,0.9508009707760035
1,2687,0.9394560537741748
1,2688,0.9556038053006285
1,2689,0.9864858537665797
1,2690,0.9960917885296542
1,2691,0.9892651167067695
1,2692,0.9791658202138501
1,2693,0.9835906366134001
1,2694,0.981704058776276
1,2695,0.984795990043272
1,2696,0.9898696447948624
1,2697,0.953770772096407
1,2698,0.9946678928352541
1,2699,0.974482476648628
1,2700,0.985622026966568
1,2701,0.976940768781621
1,2702,0.9904231304993113
1,2703,0.9858135039386018
1,2704,0.9858299286511127
1,2705,0.9592583551741919
1,2706,0.9983616054840979
1,2707,0.9796770181192915
1,2708,0.9783129488130382
1,2709,0.9948402118058163
1,2710,0.9952537976801836
1,2711,0.9939618982543261
1,2712,0.9831661875795282
1,2713,0.98836851327582
1,2714,0.9673638478522477
1,2715,0.9925659629143566
1,2716,0.9897553857454521
1,2717,0.9642268098722308
1,2718,0.9958204190627968
1,2719,0.9965842747012255
1,2720,0.9518821374516553
1,2721,0.9632116738094392
1,2722,0.9921530317122516
1,2723,0.9872351042823032
1,2724,0.9874962904898626
1,2725,0.9808531948447194
1,2726,0.9706907802039039
1,2727,0.9873400675321566
1,2728,0.9862402930130167
1,2729,0.9943436194531696
1,2730,0.9839323860630208
1,2731,0.9711620878874723
1,2732,0.978877407731687
1,2733,0.9715955801371361
1,2734,0.982224370013826
1,2735,0.9966477159170217
1,2736,0.98776845276454
1,2737,0.9803067907233215
1,2738,0.984202314743306
1,2739,0.9835909933297107
1,2740,0.986047281482109
1,2741,0.9966104299990288
1,2742,0.9963816559804599
1,2743,0.9937505281296046
1,2744,0.9867617405886163
1,2745,0.9919902294228709
1,2746,0.995655395204811
1,2747,0.9470806293452502
1,2748,0.9901471139948812
1,2749,0.9984660342662225
1,2750,0.9988397044819584
1,2751,0.975819518990352
1,2752,0.992830328512142
1,2753,0.9585284977744194
1,2754,0.992086693080545
1,2755,0.9845418002511797
1,2756,0.9901392712909838
1,2757,0.9905874385067959
1,2758,0.9940590250666123
1,2759,0.9554144552302459
1,2760,0.9908458590632466
1,2761,0.9480066939052343
1,2762,0.9756043753645143
1,2763,0.9946773682957719
1,2764,0.9894514106067478
1,2765,0.9793471383712441
1,2766,0.9640618293233808
1,2767,0.9985313573395908
1,2768,0.9953969522739843
1,2769,0.9731701677371822
1,2770,0.9881138991017784
1,2771,0.9478409571312598
1,2772,0.9919021158010527
1,2773,0.9846831994923918
1,2774,0.9584178628306014
1,2775,0.9910319356306565
1,2776,0.9518761924356678
1,2777,0.989443355732512
1,2778,0.9859655002084963
1,2779,0.9871240894620221
1,2780,0.9835747814172039
1,2781,0.9842427211215028
1,2782,0.9276478100981139
1,2783,0.9854390390529479
1,2784,0.9396096241415861
1,2785,0.9878528087059152
1,2786,0.9928070876760636
1,2787,0.9943736215403994
1,2788,0.9635515725348498
1,2789,0.987692314629583
1,2790,0.9831561785632281
1,2791,0.9747793739355844
1,2792,0.9924675520844571
1,2793,0.9741972218419304
1,2794,0.9873800315733482
1,2795,0.9889690428791191
1,2796,0.9863649006073564
1,2797,0.9902946840883797
1,2798,0.9720686537221455
1,2799,0.993737404839169
1,2800,0.9761030903836546
1,2801,0.9943186502880121
1,2802,0.9865807781174238
1,2803,0.9966840990669145
1,2804,0.9666687619781688
1,2805,0.9778590943320846
1,2806,0.9761854379709808
1,2807,0.9911288538922362
1,2808,0.9867167056605812
1,2809,0.9813366249692357
1,2810,0.9673546197023284
1,2811,0.9837988688022233
1,2812,0.99420750803564
1,2813,0.9791848919160335
1,2814,0.9947463997650299
1,2815,0.987426724628686
1,2816,0.9834782390054435
1,2817,0.9969768662482834
1,2818,0.9811690665081659
1,2819,0.9957976839773954
1,2820,0.9627222562764899
1,2821,0.9909288133227204
1,2822,0.9855277878910723
1,2823,0.9900338343946218
1,2824,0.9923223229262755
1,2825,0.9380615233723865
1,2826,0.9902097731832621
1,2827,0.9626420501280444
1,2828,0.9889411449726171
1,2829,0.9922691845577369
1,2830,0.9709196488403993
1,2831,0.9706034412974935
1,2832,0.9906385872122235
1,2833,0.9690428468883381
1,2834,0.9909858209922293
1,2835,0.9833377897825464
1,2836,0.9915660173592818
1,2837,0.9718088540112638
1,2838,0.9850895825069818
1,2839,0.9724996669537479
1,2840,0.985794538634427
1,2841,0.9621872433320843
1,2842,0.9852808621770385
1,2843,0.993300687842543
1,2844,0.987483538788613
1,2845,0.979919218551896
1,2846,0.9989384143113834
1,2847,0.9896000222740978
1,2848,0.9697376094742148
1,2849,0.9931351942404879
1,2850,0.9939391294616594
1,2851,0.9885230431632733
1,2852,0.962595422812658
1,2853,0.9961021823716506
1,2854,0.9992202898314811
1,2855,0.9651358091087204
1,2856,0.979948506201224
1,2857,0.9844499518058535
1,2858,0.9838039403682195
1,2859,0.9956772787383829
1,2860,0.9804983462037118
1,2861,0.9940709881930091
1,2862,0.9859283399338906
1,2863,0.9858216492871605
1,2864,0.9926596143196472
1,2865,0.9390626034293391
1,2866,0.9974458330578655
1,2867,0.9944926753668824
1,2868,0.9747249137381777
1,2869,0.9905779104702219
1,2870,0.9914407604286112
1,2871,0.9856045322316722
1,2872,0.9832074813639159
1,2873,0.9860874850306989
1,2874,0.9776416983528485
1,2875,0.9702275987877926
1,2876,0.9731952116878946
1,2877,0.9925174967436255
1,2878,0.992829904071673
1,2879,0.9890065902085727
1,2880,0.995774466957374
1,2881,0.9803482438076296
1,2882,0.9847457865863966
1,2883,0.9823431278156364
1,2884,0.9909427962651608
1,2885,0.9392615605810992
1,2886,0.9979860021932019
1,2887,0.9966966396518351
1,2888,0.995603310136832
1,2889,0.9872884285251323
1,2890,0.9803816615159489
1,2891,0.9913711416005107
1,2892,0.9851707299959092
1,2893,0.9818195524522841
1,2894,0.9848578497396858
1,2895,0.9754372511545246
1,2896,0.9895622023783053
1,2897,0.9897612290985369
1,2898,0.9911343772639972
1,2899,0.9083483931507803
1,2900,0.9777993255995976
1,2901,0.9840003538524826
1,2902,0.9908999994228536
1,2903,0.9769452036829857
1,2904,0.9630101216179061
1,2905,0.9850098516570787
1,2906,0.9985740247436835
1,2907,0.9690788346202988
1,2908,0.9716253222424661
1,2909,0.9579722224466112
1,2910,0.9960337782709118
1,2911,0.984722128891018
1,2912,0.9892581845172969
1,2913,0.9873551273944517
1,2914,0.9865811956774858
1,2915,0.9823717894932662
1,2916,0.9962101992789755
1,2917,0.9895506881162038
1,2918,0.9711373209227809
1,2919,0.9932951370977676
1,2920,0.976430092022781
1,2921,0.9935792057360862
1,2922,0.9870752887192
1,2923,0.9792274050748244
1,2924,0.9832580432488583
1,2925,0.9809719226676077
1,2926,0.9828056345125118
1,2927,0.9457367116838786
1,2928,0.9670151065685778
1,2929,0.9691093232566874
1,2930,0.9912854749652081
1,2931,0.9887428679455775
1,2932,0.9772211537375864
1,2933,0.9870336430554889
1,2934,0.9890142680375441
1,2935,0.9905243738745678
1,2936,0.9776563604762951
1,2937,0.9872281215134443
1,2938,0.9782807422892777
1,2939,0.9724403465450964
1,2940,0.984054813473209
1,2941,0.9894879586354979
1,2942,0.9846377778838805
1,2943,0.9855078653837016
1,2944,0.9807402251455642
1,2945,0.9883643117940197
1,2946,0.986752716340702
1,2947,0.9885536799680058
1,2948,0.9842931601495535
1,2949,0.9754014409587805
1,2950,0.9812891237287596
1,2951,0.9641789577753004
1,2952,0.9915268735048234
1,2953,0.9750637775387263
1,2954,0.9886822936534441
1,2955,0.9794073893805417
1,2956,0.9969973909389327
1,2957,0.9776453902013265
1,2958,0.9924091847763523
1,2959,0.9166267722064347
1,2960,0.9063408841425962
1,2961,0.9890923295142952
1,2962,0.9950452949415491
1,2963,0.994871518226777
1,2964,0.9972530703504396
1,2965,0.9425404570060547
1,2966,0.9975496989299959
1,2967,0.9771767477673878
1,2968,0.9935377616264358
1,2969,0.9937747876108842
1,2970,0.9908188366385385
1,2971,0.9591935663055325
1,2972,0.9941970813431292
1,2973,0.9775494088536404
1,2974,0.9908407241696722
1,2975,0.98331172032594
1,2976,0.9731429925358418
1,2977,0.9730898920925403
1,2978,0.9903539659382584
1,2979,0.9830373054199613
1,2980,0.9916589653304617
1,2981,0.9805260722785031
1,2982,0.9868595374123935
1,2983,0.9900057430199936
1,2984,0.9852955465202428
1,2985,0.9773251448636486
1,2986,0.9809721743676962
1,2987,0.9886229007998852
1,2988,0.969384082355979
1,2989,0.9911793943378061
1,2990,0.979953700516098
1,2991,0.9833641484337873
1,2992,0.9884987560660204
1,2993,0.9927267819604947
1,2994,0.9859376514135222
1,2995,0.961334305014675
1,2996,0.9600647629998246
1,2997,0.9866119877189694
1,2998,0.9818513264667195
1,2999,0.9877669051240877
1,3000,0.9946141573316867
1,3001,0.9477545159941693
1,3002,0.9761596630449273
1,3003,0.9882396171549485
1,3004,0.9842694966813378
1,3005,0.9844002247622887
1,3006,0.9806675684322277
1,3007,0.990852679151796
1,3008,0.9771064198033208
1,3009,0.9788017292465645
1,3010,0.9914674824714936
1,3011,0.9640192293094149
1,3012,0.9962410117443157
1,3013,0.9921436297538965
1,3014,0.9721164959185566
1,3015,0.9763660426313019
1,3016,0.9824565851618727
1,3017,0.9916089529949287
1,3018,0.9901712821001996
1,3019,0.9864756483049463
1,3020,0.9933740576949159
1,3021,0.9858071751371931
1,3022,0.9730488799730365
1,3023,0.9823904266227554
1,3024,0.9652033939488374
1,3025,0.9933531455509735
1,3026,0.9858011464882346
1,3027,0.9926389923586217
1,3028,0.9916902749170704
1,3029,0.9911894319982467
1,3030,0.9873190727228491
1,3031,0.9848210028593898
1,3032,0.9860555759786955
1,3033,0.9766591626396655
1,3034,0.980049351428916
1,3035,0.9877571991215564
1,3036,0.9799625076145384
1,3037,0.9848305869210243
1,3038,0.9938017602423144
1,3039,0.9582750148970308
1,3040,0.973192868937188
1,3041,0.9884983047466882
1,3042,0.9834066622162185
1,3043,0.9945698245388118
1,3044,0.9780140193730056
1,3045,0.9981593010379703
1,3046,0.9880474385693044
1,3047,0.99494112431239
1,3048,0.9971143998885946
1,3049,0.9537411183941564
1,3050,0.9590098098489944
1,3051,0.996205678150614
1,3052,0.9726223419973455
1,3053,0.9896753366759244
1,3054,0.9939628526058963
1,3055,0.9764889429363204
1,3056,0.9856625497392868
1,3057,0.9896246655422061
1,3058,0.9779682755381043
1,3059,0.9729443804245304
1,3060,0.9878800780041123
1,3061,0.9946371393289996
1,3062,0.9911248503608173
1,3063,0.9944024481839756
1,3064,0.9929785666664377
1,3065,0.9810635832133691
1,3066,0.9934883301161223
1,3067,0.9918970256352145
1,3068,0.9914781399764522
1,3069,0.9943945980416545
1,3070,0.9537205641433134
1,3071,0.9870200867499921
1,3072,0.9963745884232782
1,3073,0.9802345244773637
1,3074,0.9934716153031365
1,3075,0.9939276446059286
1,3076,0.9811793849081538
1,3077,0.9918202138095563
1,3078,0.9921991659700166
1,3079,0.996218924001112
1,3080,0.9877129232520659
1,3081,0.9961530686711493
1,3082,0.9430993694290688
1,3083,0.996328576301044
1,3084,0.9896435921911698
1,3085,0.9873555827755759
1,3086,0.9883718156164838
1,3087,0.9940038391378899
1,3088,0.9863388300381012
1,3089,0.9836088997484982
1,3090,0.9811373008800917
1,3091,0.9858500922931182
1,3092,0.9874648417866082
1,3093,0.9939648459754997
1,3094,0.9686582842656714
1,3095,0.9906662461006102
1,3096,0.9672805852586852
1,3097,0.9920245034516431
1,3098,0.9406201873948804
1,3099,0.9978125428381163
1,3100,0.9985972063687897
1,3101,0.9520236471900614
1,3102,0.9631170294582433
1,3103,0.9954914448455175
1,3104,0.9698284718911255
1,3105,0.9924430710155379
1,3106,0.9705199494963593
1,3107,0.989130330113294
1,3108,0.9864039386466131
1,3109,0.9871780009083688
1,3110,0.9730398599263794
1,3111,0.9868046059884195
1,3112,0.9901654210595227
1,3113,0.9882667256471737
1,3114,0.9892556982794448
1,3115,0.9891491150582948
1,3116,0.9917905700694357
1,3117,0.9823265328767203
1,3118,0.9722265288206349
1,3119,0.991665659561836
1,3120,0.9788064228250619
1,3121,0.9870966684665767
1,3122,0.96869452602585
1,3123,0.970912590160758
1,3124,0.9980614879557427
1,3125,0.9872983868392539
1,3126,0.9854892616017439
1,3127,0.9813050896677118
1,3128,0.9869611403071813
1,3129,0.9871521264840042
1,3130,0.9753064168717978
1,3131,0.9299184020885242
1,3132,0.9885342102915523
1,3133,0.9923299399442091
1,3134,0.9839335121296887
1,3135,0.9822148124641608
1,3136,0.9776728399969956
1,3137,0.9813669950197222
1,3138,0.9912945208528072
1,3139,0.985542710906105
1,3140,0.9884235575699107
1,3141,0.9658523051189669
1,3142,0.9942347625970367
1,3143,0.9811390619179162
1,3144,0.9854311739736858
1,3145,0.9943908734456733
1,3146,0.9879076323080224
1,3147,0.9956011117381555
1,3148,0.9886654440222072
1,3149,0.9876433583340566
1,3150,0.9829804899866005
1,3151,0.9887334596761175
1,3152,0.9826507923523434
1,3153,0.9481200331145163
1,3154,0.9732204377955979
1,3155,0.9842429592568791
1,3156,0.9949312667599096
1,3157,0.9770447438755899
1,3158,0.9954539639291524
1,3159,0.9722608535016692
1,3160,0.9722549519431268
1,3161,0.9944420180488897
1,3162,0.9659969125656963
1,3163,0.9840969525349751
1,3164,0.9873217038972741
1,3165,0.9924161064461801
1,3166,0.9687311418866407
1,3167,0.9922174142351223
1,3168,0.9860405235397139
1,3169,0.9860001375171459
1,3170,0.9927744151441162
1,3171,0.9825608937776188
1,3172,0.975604890473698
1,3173,0.9897869997253168
1,3174,0.9635374318331481
1,3175,0.9957142770147196
1,3176,0.9894112587641033
1,3177,0.9828423528529254
1,3178,0.9890850758292968
1,3179,0.9946800332375956
1,3180,0.9744372067140697
1,3181,0.9948762520124013
1,3182,0.9790593178286804
1,3183,0.9921798382237764
1,3184,0.9788902244281349
1,3185,0.9654613789988182
1,3186,0.9905208636320014
1,3187,0.9808489216309512
1,3188,0.9939056240897906
1,3189,0.9867884360848423
1,3190,0.9867254171537015
1,3191,0.9957669704330238
1,3192,0.977152663018917
1,3193,0.9979709634965653
1,3194,0.9625213791001187
1,3195,0.9905733439652356
1,3196,0.993800617298561
1,3197,0.9943379348322209
1,3198,0.9878275068324519
1,3199,0.9734963957821698
1,3200,0.9942530945047652
1,3201,0.9891382387667903
1,3202,0.9884097909715494
1,3203,0.9402436482491571
1,3204,0.9644902607984797
1,3205,0.9896934159634826
1,3206,0.9845454825002333
1,3207,0.9904295829788382
1,3208,0.9868977864444302
1,3209,0.950716900920411
1,3210,0.9931886870063904
1,3211,0.9727675479913412
1,3212,0.9462917637516891
1,3213,0.9638491965568595
1,3214,0.9683836634669394
1,3215,0.987583366073827
1,3216,0.9736545422421348
1,3217,0.9881982751438997
1,3218,0.9771363120982406
1,3219,0.9844444547634559
1,3220,0.9839100919186011
1,3221,0.9804468758903768
1,3222,0.9924897945817488
1,3223,0.9914893475153694
1,3224,0.9784841849195561
1,3225,0.9731082501620889
1,3226,0.9833744459297739
1,3227,0.994694097614527
1,3228,0.9675375545262165
1,3229,0.9841988816127493
1,3230,0.9778064868299444
1,3231,0.9919436904326804
1,3232,0.9803335129010557
1,3233,0.9931657589124246
1,3234,0.9838030473707045
1,3235,0.9722570352232014
1,3236,0.9957303107872119
1,3237,0.9721537405252807
1,3238,0.9855562233271778
1,3239,0.994703871761466
1,3240,0.9895618589657396
1,3241,0.9801150313552802
1,3242,0.9757607877296741
1,3243,0.9883873727228215
1,3244,0.9757578750369363
1,3245,0.9913145059888677
1,3246,0.9855415072863848
1,3247,0.9887388951258256
1,3248,0.949818623626014
1,3249,0.9939003615146071
1,3250,0.9719965565677875
1,3251,0.9848037391640609
1,3252,0.9747525862756344
1,3253,0.9913592843960903
1,3254,0.9737893370082185
1,3255,0.9852134775391023
1,3256,0.9979202590428768
1,3257,0.9813431525414908
1,3258,0.9889614592293251
1,3259,0.9755494589173265
1,3260,0.996996306521749
1,3261,0.99292067069455
1,3262,0.9583004724618098
1,3263,0.9953448465193745
1,3264,0.9717366373886127
1,3265,0.9950492995709158
1,3266,0.9717837661040711
1,3267,0.9878262470051411
1,3268,0.9447776160374736
1,3269,0.9983638881434693
1,3270,0.9987120301010096
1,3271,0.9926414765079118
1,3272,0.9645799138444024
1,3273,0.9524166236552996
1,3274,0.9891332912956633
1,3275,0.9958778246697364
1,3276,0.9940564711560352
1,3277,0.9908870460054854
1,3278,0.990550630100704
1,3279,0.9871686837112807
1,3280,0.9859226137780238
1,3281,0.9941071383739021
1,3282,0.9838846420238734
1,3283,0.9870350491252675
1,3284,0.9869759390221546
1,3285,0.9826913817330992
1,3286,0.993384780120563
1,3287,0.9825750229929628
1,3288,0.9936299137700005
1,3289,0.9630719491247967
1,3290,0.9969060929790142
1,3291,0.9841110567795622
1,3292,0.9896703166657027
1,3293,0.9910323032246817
1,3294,0.9932917431342458
1,3295,0.9837805738491436
1,3296,0.994150916193481
1,3297,0.9736305864199314
1,3298,0.972927710465537
1,3299,0.9744500009393056
1,3300,0.9889258006618467
1,3301,0.9915310051587757
1,3302,0.9252567483861466
1,3303,0.994389890939511
1,3304,0.9920494032227988
1,3305,0.9839426076300118
1,3306,0.9867677456872626
1,3307,0.9853284118321698
1,3308,0.9834791987024126
1,3309,0.9852100711581855
1,3310,0.9965279724577021
1,3311,0.9677288525182871
1,3312,0.9700156235678601
1,3313,0.9946322847081219
1,3314,0.993778125300687
1,3315,0.9790721875133637
1,3316,0.9851889404014738
1,3317,0.9871217974514243
1,3318,0.9900143758131598
1,3319,0.9898918383009374
1,3320,0.9871436847478409
1,3321,0.985310289547329
1,3322,0.9860832462713338
1,3323,0.9902287929945935
1,3324,0.9782047230773437
1,3325,0.9930120240517919
1,3326,0.9626368441973533
1,3327,0.9833239170955981
1,3328,0.9841202627720989
1,3329,0.9869271216118641
1,3330,0.9634615317892997
1,3331,0.9911910817690921
1,3332,0.9794216356449331
1,3333,0.9916007073137355
1,3334,0.9834935066311029
1,3335,0.9846701316502917
1,3336,0.9837321762084626
1,3337,0.9962746836038694
1,3338,0.9860032872382485
1,3339,0.9952130660780151
1,3340,0.9917112509722257
1,3341,0.9930976202039824
1,3342,0.9961871753355799
1,3343,0.9588191809064482
1,3344,0.989640373321237
1,3345,0.9890675448940661
1,3346,0.9746873100955639
1,3347,0.9969297515662515
1,3348,0.9189056279074767
1,3349,0.9926204714348046
1,3350,0.9919537067956048
1,3351,0.9863244453376523
1,3352,0.9739863200875643
1,3353,0.9952407579262296
1,3354,0.9699883843940191
1,3355,0.987983610864862
1,3356,0.987260731910803
1,3357,0.9958087504714238
1,3358,0.9807263202423684
1,3359,0.997023368766219
1,3360,0.9803098590005327
1,3361,0.9927524024188922
1,3362,0.9865870361185901
1,3363,0.993809185776524
1,3364,0.9943016735031442
1,3365,0.9883028191389255
1,3366,0.9913328910508648
1,3367,0.987908091181005
1,3368,0.9942155340106679
1,3369,0.9757629689558862
1,3370,0.9900094910110994
1,3371,0.9740037998417597
1,3372,0.9850617165971279
1,3373,0.9845598093552096
1,3374,0.9804465599996203
1,3375,0.9905195560863718
1,3376,0.9875767928584676
1,3377,0.9846747712324826
1,3378,0.9856330482588529
1,3379,0.9591557782332335
1,3380,0.9849517096577847
1,3381,0.9825910591881423
1,3382,0.9895929962841957
1,3383,0.9871148808692662
1,3384,0.9676106918323963
1,3385,0.978975463288292
1,3386,0.9687292161862252
1,3387,0.9679287043392499
1,3388,0.9668477666833981
1,3389,0.9851221509772725
1,3390,0.9868533740677425
1,3391,0.9886858743523468
1,3392,0.9952028409246441
1,3393,0.9839596877226203
1,3394,0.9867900206418884
1,3395,0.97131072641316
1,3396,0.9962214620074141
1,3397,0.995967187144863
1,3398,0.9712008846141142
1,3399,0.9925411393556148
1,3400,0.9797490600530824
1,3401,0.9836873147006595
1,3402,0.9935181866153775
1,3403,0.964493023622879
1,3404,0.981021237923529
1,3405,0.9897285821081315
1,3406,0.9765155395626843
1,3407,0.9858523791482254
1,3408,0.983482224007954
1,3409,0.9678389094191067
1,3410,0.9867005096040616
1,3411,0.9833699002571226
1,3412,0.9867515503855608
1,3413,0.9795779108212871
1,3414,0.962529272384067
1,3415,0.9850914743479796
1,3416,0.9784542148147856
1,3417,0.9913719275339079
1,3418,0.9789341619700587
1,3419,0.9863103214347212
1,3420,0.9647068305051096
1,3421,0.9881094823656877
1,3422,0.9759656445580607
1,3423,0.9850953438459562
1,3424,0.9834026991126567
1,3425,0.9811227921614386
1,3426,0.9724809779218275
1,3427,0.9779569078862276
1,3428,0.9930378569862355
1,3429,0.9666710535805799
1,3430,0.9808297203961025
1,3431,0.9901382022622076
1,3432,0.9948752147995737
1,3433,0.9662766340014916
1,3434,0.9835931683346584
1,3435,0.9791731774667994
1,3436,0.9834120480314216
1,3437,0.9866629053697124
1,3438,0.9915753646176932
1,3439,0.98368867897466306
1,3440,0.9803319085533698
1,3441,0.9811512265097883
1,3442,0.9890377597266157
1,3443,0.9852283492186213
1,3444,0.9938705755768625
1,3445,0.9877326015820678
1,3446,0.979823265491258
1,3447,0.9968491083954311
1,3448,0.9672329982478736
1,3449,0.9984489193630106
1,3450,0.9851673785662114
1,3451,0.9813680723776417
1,3452,0.9971654438557737
1,3453,0.9526478415422557
1,3454,0.9966643072611301
1,3455,0.9980964649903838
1,3456,0.9935367898469922
1,3457,0.988514258238265
1,3458,0.9923353697504875
1,3459,0.9807043153272196
1,3460,0.9916941016104507
1,3461,0.9832797705174054
1,3462,0.9892757516311521
1,3463,0.9797976461546847
1,3464,0.9873623648179235
1,3465,0.9908070025281119
1,3466,0.9938980463469393
1,3467,0.9813885626920783
1,3468,0.9889754688746137
1,3469,0.973929149177815
1,3470,0.9862830560524217
1,3471,0.9920623242770005
1,3472,0.976563448383175
1,3473,0.9935991170127245
1,3474,0.9701135137747743
1,3475,0.9535340022871218
1,3476,0.994392463689637
1,3477,0.9475670703211293
1,3478,0.9930895532459725
1,3479,0.9830362624437701
1,3480,0.991728487021823
1,3481,0.9880895236924436
1,3482,0.9785251769005439
1,3483,0.948944766852249
1,3484,0.9837105830129494
1,3485,0.9900026863419016
1,3486,0.974067447793139
1,3487,0.9889366376951908
1,3488,0.960158382035314
1,3489,0.9541578394197702
1,3490,0.9915099936771683
1,3491,0.9838925546116969
1,3492,0.9873006148959098
1,3493,0.9880919407205545
1,3494,0.9762206466950853
1,3495,0.9911399674340514
1,3496,0.9958757407717508
1,3497,0.9893425676467488
1,3498,0.9750617483152897
1,3499,0.9806059499353752
1,3500,0.9875493128368366
1,3501,0.9731779923462489
1,3502,0.9888123272647308
1,3503,0.9441927868637509
1,3504,0.9845121225907685
1,3505,0.9889492631092487
1,3506,0.9841448378525282
1,3507,0.9904531240815257
1,3508,0.982928172672652
1,3509,0.9887210109335094
1,3510,0.9753525714160648
1,3511,0.9834165636278737
1,3512,0.9753167139637489
1,3513,0.9896476392954806
1,3514,0.9818633246349875
1,3515,0.9955802676409713
1,3516,0.9430536201462761
1,3517,0.9930748385365904
1,3518,0.9596732782213944
1,3519,0.9917482831927606
1,3520,0.9841722558392276
1,3521,0.9965529295107337
1,3522,0.9804094597392651
1,3523,0.9899291622223924
1,3524,0.9724340655811384
1,3525,0.9770910865117641
1,3526,0.9898731045335704
1,3527,0.9924746233680882
1,3528,0.9658069940873708
1,3529,0.979337444409665
1,3530,0.976612756964321
1,3531,0.9509397584007007
1,3532,0.9928121551425102
1,3533,0.9882002939351545
1,3534,0.9883099970551892
1,3535,0.9935028342715961
1,3536,0.9899720566775678
1,3537,0.9982567632105883
1,3538,0.9898905435733079
1,3539,0.999242663271373
1,3540,0.9388645743629365
1,3541,0.9885939352398206
1,3542,0.9955346821405069
1,3543,0.9899751925004724
1,3544,0.9748904492865214
1,3545,0.9986170916348771
1,3546,0.9979331702204034
1,3547,0.9511018105042711
1,3548,0.9937966070746684
1,3549,0.9782769251704206
1,3550,0.977433989405454
1,3551,0.9913988092337289
1,3552,0.994175211486381
1,3553,0.9764558189622743
1,3554,0.9385837105052567
1,3555,0.9845417995269149
1,3556,0.9679296179269118
1,3557,0.9923886353685764
1,3558,0.9865124846536382
1,3559,0.9754321578594017
1,3560,0.9806414346106165
1,3561,0.9835433893250166
1,3562,0.9692805683499189
1,3563,0.9959287832080322
1,3564,0.9575210189278721
1,3565,0.9659297089176591
1,3566,0.9955545095368638
1,3567,0.9881906282412127
1,3568,0.9882920762842204
1,3569,0.9813105966815443
1,3570,0.9358565028182795
1,3571,0.9890045491037973
1,3572,0.9832195503380765
1,3573,0.9784102465487534
1,3574,0.989481869057243
1,3575,0.9503279554098916
1,3576,0.9891519450409557
1,3577,0.9913650630294082
1,3578,0.9701843875154343
1,3579,0.9682530639621567
1,3580,0.9762549011768696
1,3581,0.9845367635969318
1,3582,0.9816466238838538
1,3583,0.9889706114516801
1,3584,0.9645521563453417
1,3585,0.9971825582514343
1,3586,0.8548689035768788
1,3587,0.9825996318427243
1,3588,0.9910093972111735
1,3589,0.9855736743398775
1,3590,0.9754974947850216
1,3591,0.9866276674997266
1,3592,0.9836323471145848
1,3593,0.9943151349558308
1,3594,0.9922680174618246
1,3595,0.9879916264866013
1,3596,0.9856094498459126
1,3597,0.9640655785864206
1,3598,0.9940241764983792
1,3599,0.9821656244141158
1,3600,0.9920385067283739
1,3601,0.9789658210095126
1,3602,0.9850020407478136
1,3603,0.9750715076394054
1,3604,0.985816237031823
1,3605,0.9670851673090598
1,3606,0.9638742184195876
1,3607,0.9745258077818567
1,3608,0.9897049070405657
1,3609,0.9303442585339285
1,3610,0.9917836017582724
1,3611,0.9823089650442373
1,3612,0.9951836907333942
1,3613,0.9938564903653282
1,3614,0.9785350012965244
1,3615,0.9759171238086719
1,3616,0.9793122034496614
1,3617,0.9925650933990899
1,3618,0.9611170012070139
1,3619,0.9853653786188976
1,3620,0.9833848442035908
1,3621,0.9623352753958103
1,3622,0.9877030480316104
1,3623,0.9709502608906605
1,3624,0.9938776290783787
1,3625,0.9944854378236977
1,3626,0.9845273741655672
1,3627,0.9642386237064201
1,3628,0.9710315589281021
1,3629,0.9653873287709841
1,3630,0.9971869773211274
1,3631,0.9590971611368195
1,3632,0.9979086725302447
1,3633,0.958938937547945
1,3634,0.9781972717448689
1,3635,0.9899454143764953
1,3636,0.9849662670807362
1,3637,0.9954488202963255
1,3638,0.9728250091702594
1,3639,0.9968544525337125
1,3640,0.9734886647678769
1,3641,0.9962522748146314
1,3642,0.9698269699918649
1,3643,0.9665652076572584
1,3644,0.9876860433200615
1,3645,0.9786740979173115
1,3646,0.9843635879849923
1,3647,0.9806502962016025
1,3648,0.9719144508863118
1,3649,0.9946868568134809
1,3650,0.9772043541639334
1,3651,0.9900351462842379
1,3652,0.9847596575678419
1,3653,0.9808925174462165
1,3654,0.9947039586268512
1,3655,0.9888149060746476
1,3656,0.9913832489406456
1,3657,0.9946423426100094
1,3658,0.9539259535079175
1,3659,0.9988529012436915
1,3660,0.8533017751275455
1,3661,0.991850171743668
1,3662,0.9586251426147311
1,3663,0.9868708991813201
1,3664,0.9705085879663339
1,3665,0.9957573812088935
1,3666,0.9802067522960686
1,3667,0.9797183206644955
1,3668,0.9816024520797451
1,3669,0.9485323373752028
1,3670,0.9855048660359979
1,3671,0.9769056186437935
1,3672,0.9957758887039537
1,3673,0.9959663339361818
1,3674,0.9563686424326385
1,3675,0.9876323771047447
1,3676,0.9836386745931961
1,3677,0.9981057732678928
1,3678,0.995298232981942
1,3679,0.9864488737466581
1,3680,0.9936969659582786
1,3681,0.990441859384244
1,3682,0.9878245565087552
1,3683,0.9565211522076813
1,3684,0.9880882787819633
1,3685,0.9572907349922637
1,3686,0.9951123329587228
1,3687,0.9835744058522946
1,3688,0.9763047119895417
1,3689,0.9720892798963726
1,3690,0.9924094125543169
1,3691,0.9725940834861676
1,3692,0.9886526175941931
1,3693,0.9591038354879133
1,3694,0.9907339955670061
1,3695,0.974590949866137
1,3696,0.9939741750253995
1,3697,0.9851115505700248
1,3698,0.9949912877810219
1,3699,0.9728714214154102
1,3700,0.9964854399078295
1,3701,0.9893608436221942
1,3702,0.9888476904984371
1,3703,0.9870420738462906
1,3704,0.9837656571691099
1,3705,0.9675990475428591
1,3706,0.9873738547352942
1,3707,0.9907504447949188
1,3708,0.996897198723883
1,3709,0.9594458345425243
1,3710,0.9930539492897285
1,3711,0.9930429852319109
1,3712,0.9907716338550652
1,3713,0.9918591436584251
1,3714,0.9860860041232605
1,3715,0.9753830317299743
1,3716,0.99372067568662
1,3717,0.9787856752341901
1,3718,0.9565201274474482
1,3719,0.9980893210843964
1,3720,0.9925168880499773
1,3721,0.9765378209175387
1,3722,0.9809246225911912
1,3723,0.9826398905185533
1,3724,0.989545809692843
1,3725,0.9945545157942762
1,3726,0.9931401788188764
1,3727,0.9653457908559538
1,3728,0.9789467449934411
1,3729,0.9676210288545334
1,3730,0.9957838605994771
1,3731,0.9874684464702328
1,3732,0.9946332989794766
1,3733,0.9735577801424168
1,3734,0.9865358780480076
1,3735,0.9862976371882929
1,3736,0.9896110834264581
1,3737,0.9902283042581873
1,3738,0.9907551065611016
1,3739,0.9919763454972461
1,3740,0.9865787834931676
1,3741,0.9901984420944504
1,3742,0.9879111703955744
1,3743,0.9825924483874839
1,3744,0.9819321144570643
1,3745,0.9975505175442814
1,3746,0.9875707972613804
1,3747,0.9768387994990858
1,3748,0.9862956237794973
1,3749,0.9865674569100171
1,3750,0.98661258850837
1,3751,0.9892064621069374
1,3752,0.9867783351508373
1,3753,0.99015490763573
1,3754,0.9798357721045147
1,3755,0.9939025123413326
1,3756,0.9769581148881273
1,3757,0.9907301587805496
1,3758,0.9865710858280812
1,3759,0.9866845011103194
1,3760,0.9939124257105968
1,3761,0.9897764118344866
1,3762,0.9582210475670273
1,3763,0.9882659137649653
1,3764,0.9707032764278476
1,3765,0.9828192284498901
1,3766,0.9970859673513818
1,3767,0.9602849727988617
1,3768,0.9834597806207782
1,3769,0.9915684382450803
1,3770,0.9775048448828656
1,3771,0.9766335344374
1,3772,0.9962198861227157
1,3773,0.9592909930806298
1,3774,0.9766106690034957
1,3775,0.9746012579759352
1,3776,0.9888233779644042
1,3777,0.9849338762607447
1,3778,0.9696978371588862
1,3779,0.9843778325535881
1,3780,0.9891580433213556
1,3781,0.9863289642146759
1,3782,0.9658483481149366
1,3783,0.9892414398583785
1,3784,0.9633011052486782
1,3785,0.9760224412097079
1,3786,0.979946093825906
1,3787,0.9875683508935127
1,3788,0.9675662511842635
1,3789,0.9860807867306008
1,3790,0.9934433835535841
1,3791,0.9929263171476017
1,3792,0.9666382135681411
1,3793,0.9828124268813146
1,3794,0.9907927265618754
1,3795,0.9809620162903526
1,3796,0.9843180599379112
1,3797,0.9972195217847917
1,3798,0.9720625561144104
1,3799,0.9875787789606176
1,3800,0.9834701837952778
1,3801,0.9895481748179346
1,3802,0.9959828312077444
1,3803,0.9877034808257392
1,3804,0.9624000125156521
1,3805,0.982409655298001
1,3806,0.9680548355788202
1,3807,0.9567664731246734
1,3808,0.9937294261339082
1,3809,0.9441134800867121
1,3810,0.9906451043668957
1,3811,0.9846349789797487
1,3812,0.9761742212586522
1,3813,0.9809773803250985
1,3814,0.9932489635301474
1,3815,0.9949899510553113
1,3816,0.9846879353489941
1,3817,0.9736937661183276
1,3818,0.9808485865824328
1,3819,0.9922421018332557
1,3820,0.9957363144102122
1,3821,0.9534080153664903
1,3822,0.9842984116852128
1,3823,0.9852427554096643
1,3824,0.9756817103012505
1,3825,0.9916533847486521
1,3826,0.9688391839940818
1,3827,0.9946081119593335
1,3828,0.9670916975826321
1,3829,0.9902019534767933
1,3830,0.9775121352300434
1,3831,0.9942723720276175
1,3832,0.9703720675217801
1,3833,0.9858236745588919
1,3834,0.9929242600591855
1,3835,0.9966455322943438
1,3836,0.9748653407535786
1,3837,0.9646143352691472
1,3838,0.9983303916091478
1,3839,0.9747080146576761
1,3840,0.9954176862666582
1,3841,0.9911503963206558
1,3842,0.9890923038401815
1,3843,0.9830898204459559
1,3844,0.9769729187881551
1,3845,0.9884618854715402
1,3846,0.9929383732868423
1,3847,0.956595786877897
1,3848,0.9883303115090787
1,3849,0.9760174472372074
1,3850,0.9919238101518238
1,3851,0.9902994854614741
1,3852,0.9770614091706235
1,3853,0.9735419496014256
1,3854,0.9851629919986324
1,3855,0.9929428820292328
1,3856,0.9625447029358252
1,3857,0.9915164490343855
1,3858,0.9928696212518656
1,3859,0.9845491456560418
1,3860,0.9955440513768271
1,3861,0.9825649081678876
1,3862,0.9674589603310635
1,3863,0.9950881823257908
1,3864,0.982586284148384
1,3865,0.9925211360338455
1,3866,0.9839806231109142
1,3867,0.9955561846829261
1,3868,0.9816155472007536
1,3869,0.9697507507880975
1,3870,0.9721540001237671
1,3871,0.947224869616388
1,3872,0.9947757162308013
1,3873,0.9969938743131801
1,3874,0.9925712630294418
1,3875,0.9603190185790814
1,3876,0.9933823942700905
1,3877,0.9859690280469322
1,3878,0.9899038504616765
1,3879,0.9957634967991703
1,3880,0.9902178316990116
1,3881,0.9939759195562152
1,3882,0.988687462775923
1,3883,0.9810040677142914
1,3884,0.9733968441734786
1,3885,0.9576328237095121
1,3886,0.9884478645419111
1,3887,0.9780142258532055
1,3888,0.9944733214376363
1,3889,0.98331587753499206
1,3890,0.9973106973412544
1,3891,0.9889339147235151
1,3892,0.98808891464165
1,3893,0.9925501081093097
1,3894,0.9958904307471024
1,3895,0.9972908590947354
1,3896,0.9786089239212987
1,3897,0.9762227399486143
1,3898,0.986335985827799
1,3899,0.9851267914009407
1,3900,0.9745578011188369
1,3901,0.995714645693432
1,3902,0.9803524440970232
1,3903,0.9840809010200907
1,3904,0.9881732814657213
1,3905,0.9705728499503826
1,3906,0.9813107563218755
1,3907,0.9711810250239648
1,3908,0.9850520632021599
1,3909,0.9910365854263915
1,3910,0.9925015906676372
1,3911,0.9825509223709927
1,3912,0.9774400557447658
1,3913,0.9929965365825776
1,3914,0.9559401854683266
1,3915,0.9515161561126011
1,3916,0.9856066273397522
1,3917,0.9623621315167269
1,3918,0.994299093383093
1,3919,0.9912533595540476
1,3920,0.9879954826138225
1,3921,0.9895678016025419
1,3922,0.9846015663691141
1,3923,0.9837317293830048
1,3924,0.983928885471616
1,3925,0.991112754259068
1,3926,0.9772840608981955
1,3927,0.9926450659412934
1,3928,0.9911994254431924
1,3929,0.9903310194067576
1,3930,0.996690771812886
1,3931,0.973420643776056
1,3932,0.9771903836570803
1,3933,0.9747512357010684
1,3934,0.9768166821363954
1,3935,0.990524298915507
1,3936,0.9857526779726048
1,3937,0.9887474070558221
1,3938,0.9876673749187678
1,3939,0.984760302806858
1,3940,0.9702013297537323
1,3941,0.9902560650660392
1,3942,0.9948364477321708
1,3943,0.9901082475213765
1,3944,0.9878429311109109
1,3945,0.9829868494589138
1,3946,0.9928010887462791
1,3947,0.9856400560711367
1,3948,0.9280520817674616
1,3949,0.9743720615699972
1,3950,0.9908505159001324
1,3951,0.9979070691135803
1,3952,0.984766251784579
1,3953,0.9982341186649083
1,3954,0.7249850560492109
1,3955,0.9978728119367003
1,3956,0.995941296105205
1,3957,0.981458765479424
1,3958,0.9917022286600369
1,3959,0.9832583240898459
1,3960,0.9899803028712298
1,3961,0.9920760341692366
1,3962,0.9809707437971548
1,3963,0.9968894421063492
1,3964,0.9873296461347182
1,3965,0.9572630476791388
1,3966,0.9915886882614791
1,3967,0.9405592638380244
1,3968,0.973884565410476
1,3969,0.9949025222484145
1,3970,0.9800837913359965
1,3971,0.9921643587438389
1,3972,0.9936375597878693
1,3973,0.992882400046068
1,3974,0.9811547770544823
1,3975,0.9825544888531652
1,3976,0.9735774944880096
1,3977,0.9969894824987892
1,3978,0.9955958577781796
1,3979,0.9956845795167958
1,3980,0.9906865126991169
1,3981,0.9940149285875616
1,3982,0.9900639687384216
1,3983,0.9828364716013116
1,3984,0.975562563248671
1,3985,0.991036824533842
1,3986,0.993460357792762
1,3987,0.9856784056041138
1,3988,0.9820784166398128
1,3989,0.9896634043805501
1,3990,0.9831925393780694
1,3991,0.9853035490409694
1,3992,0.978425207165417
1,3993,0.9873686493979847
1,3994,0.9711289712790929
1,3995,0.9875963143332451
1,3996,0.9655301430916262
1,3997,0.9849847059847004
1,3998,0.9930778024025382
1,3999,0.9811831207892113
1,4000,0.9632253299384618
1,4001,0.9758382258145717
1,4002,0.9808696227920216
1,4003,0.9767131946722882
1,4004,0.9707718858119391
1,4005,0.9522796424497791
1,4006,0.9923420360955421
1,4007,0.9442703863974891
1,4008,0.9850218437077918
1,4009,0.9959646725057785
1,4010,0.9821871873046899
1,4011,0.9799309403605085
1,4012,0.9834601349380223
1,4013,0.9925945217043075
1,4014,0.9878482528062299
1,4015,0.9752471113009888
1,4016,0.97754783238578
1,4017,0.9939468089739044
1,4018,0.9485639744576039
1,4019,0.9960247755690024
1,4020,0.9649725357400024
1,4021,0.9414266850661483
1,4022,0.9969653184673333
1,4023,0.9749968226376319
1,4024,0.9863908632844821
1,4025,0.9974723271357381
1,4026,0.9688511442164737
1,4027,0.9935585819413622
1,4028,0.990997331475343
1,4029,0.9896438118501705
1,4030,0.9824119050964031
1,4031,0.9950410400588816
1,4032,0.9790006121527876
1,4033,0.9958477840189024
1,4034,0.9439376321884402
1,4035,0.9949376017710546
1,4036,0.9853324666475429
1,4037,0.99387792897971
1,4038,0.971913743773893
1,4039,0.9935630464723674
1,4040,0.9730882363372277
1,4041,0.9820870618264301
1,4042,0.9730887886158168
1,4043,0.9966596775132366
1,4044,0.9850969852836011
1,4045,0.9985295335032924
1,4046,0.9571572847122938
1,4047,0.9951465076801514
1,4048,0.9236127390579993
1,4049,0.9968625001122262
1,4050,0.9646049638182211
1,4051,0.9693415517281618
1,4052,0.9907746183611362
1,4053,0.986683646531065
1,4054,0.9832914744365719
1,4055,0.9949029379879653
1,4056,0.9785166781684194
1,4057,0.9968808694665858
1,4058,0.9583971767309766
1,4059,0.9939958500949901
1,4060,0.9699225735568234
1,4061,0.9934947906466841
1,4062,0.9878141213282079
1,4063,0.9854966903769288
1,4064,0.9755482220616608
1,4065,0.9908380245950952
1,4066,0.9858658530368284
1,4067,0.9878739120623135
1,4068,0.9935892115139842
1,4069,0.9904731806562624
1,4070,0.9682437144409484
1,4071,0.9950564830954075
1,4072,0.9922093993673088
1,4073,0.9785870422224824
1,4074,0.9867649766285747
1,4075,0.9940936204067088
1,4076,0.9815335281123163
1,4077,0.9828941396848386
1,4078,0.9360079403178255
1,4079,0.987221639412464
1,4080,0.9672560896414268
1,4081,0.9746705550493409
1,4082,0.9606250736804791
1,4083,0.9953368405041372
1,4084,0.9880540811146301
1,4085,0.9602845135943687
1,4086,0.9936545395977056
1,4087,0.9723442794449757
1,4088,0.9922204353453697
1,4089,0.9688604903900774
1,4090,0.9798316838890029
1,4091,0.9910562592455199
1,4092,0.9783608777854464
1,4093,0.9891784785203868
1,4094,0.9671039752430302
1,4095,0.9955646426646149
1,4096,0.9877357006596429
1,4097,0.99198329830105
1,4098,0.9739846156933906
1,4099,0.9695815869840388
1,4100,0.9519397668111105
1,4101,0.9882468937488689
1,4102,0.9821606858981636
1,4103,0.9854657006060038
1,4104,0.9832466344633333
1,4105,0.9941884581431764
1,4106,0.9851372726275163
1,4107,0.9894104944362203
1,4108,0.9855836978225563
1,4109,0.9926518515185432
1,4110,0.9483342840544813
1,4111,0.9949386403011727
1,4112,0.9578193440771319
1,4113,0.9887709070433542
1,4114,0.9936819492485937
1,4115,0.9836437677526422
1,4116,0.9881114423313192
1,4117,0.9871430514960123
1,4118,0.967170170698429
1,4119,0.9947477038716799
1,4120,0.9262133272327417
1,4121,0.9866850259453747
1,4122,0.9907082419213832
1,4123,0.9716898461803772
1,4124,0.9933789899440693
1,4125,0.9915665314398437
1,4126,0.9770614877185247
1,4127,0.9824218637682477
1,4128,0.9716825790952326
1,4129,0.9730999302469564
1,4130,0.9870535589628786
1,4131,0.9440637510566201
1,4132,0.9814192361240675
1,4133,0.9823836142672069
1,4134,0.9845061068311841
1,4135,0.9681305842471721
1,4136,0.995739313981747
1,4137,0.9660302364953088
1,4138,0.9802718433713209
1,4139,0.9876787081199002
1,4140,0.9761673333661917
1,4141,0.956859162424625
1,4142,0.9837380172158743
1,4143,0.9884408332658258
1,4144,0.9850194539965975
1,4145,0.9752030801976665
1,4146,0.9804422834688958
1,4147,0.9979598605275448
1,4148,0.9840817424560382
1,4149,0.9845951083057479
1,4150,0.9959825135656865
1,4151,0.9787759895710855
1,4152,0.974593232110542
1,4153,0.9811613423789928
1,4154,0.9863688486934018
1,4155,0.9916068108013694
1,4156,0.9884895003748636
1,4157,0.9830120850893858
1,4158,0.9859404819352069
1,4159,0.9718365621337539
1,4160,0.991066003906341
1,4161,0.9761644641644837
1,4162,0.988796885005975
1,4163,0.9886827538548643
1,4164,0.9870021635936161
1,4165,0.9802832892687254
1,4166,0.9744240904539704
1,4167,0.9952404175268098
1,4168,0.9707217185116666
1,4169,0.988592692594965
1,4170,0.9872280198474798
1,4171,0.9707991350348919
1,4172,0.9889460879051721
1,4173,0.9822428457804048
1,4174,0.9918000975734909
1,4175,0.9922231899573111
1,4176,0.9839284625820076
1,4177,0.9921464520763557
1,4178,0.9952182430262345
1,4179,0.9894180181589982
1,4180,0.9929125662049861
1,4181,0.9869260729119258
1,4182,0.982739178204625
1,4183,0.9889160105277705
1,4184,0.9904781655306982
1,4185,0.9887497309112264
1,4186,0.9876524537531897
1,4187,0.9815542757573547
1,4188,0.9779160093415662
1,4189,0.9764119313658673
1,4190,0.9920612875930785
1,4191,0.9785765783922227
1,4192,0.9806494142235337
1,4193,0.9884991085486075
1,4194,0.9874219287579082
1,4195,0.9790565060712979
1,4196,0.9814372574583614
1,4197,0.9884852237388259
1,4198,0.9648694811264991
1,4199,0.9667820365685205
1,4200,0.9891912907747328
1,4201,0.993456128006527
1,4202,0.9951790916346869
1,4203,0.9964250642249491
1,4204,0.9728140112956224
1,4205,0.978791796016313
1,4206,0.9932262064879487
1,4207,0.9983072049527053
1,4208,0.959669111664245
1,4209,0.9987927346735836
1,4210,0.9718074610481542
1,4211,0.9910884286879917
1,4212,0.9756569829947186
1,4213,0.9859820520189926
1,4214,0.9880477876743334
1,4215,0.9857649992491783
1,4216,0.990015538864172
1,4217,0.9749661801816626
1,4218,0.9939545552304796
1,4219,0.9446326497067987
1,4220,0.9650668719998707
1,4221,0.9940490593386467
1,4222,0.9765165058351878
1,4223,0.9971527935259425
1,4224,0.9947812750505348
1,4225,0.9798022283198787
1,4226,0.9708919717636484
1,4227,0.989457119185353
1,4228,0.9742621564141268
1,4229,0.992160839573115
1,4230,0.9814740245944928
1,4231,0.9844762575433769
1,4232,0.9673342894195779
1,4233,0.9549864675324039
1,4234,0.9882819157822416
1,4235,0.9843511192694155
1,4236,0.992567407859839
1,4237,0.9686229098741554
1,4238,0.9680132724095739
1,4239,0.9714026215131737
1,4240,0.9798009322871902
1,4241,0.9780299744273061
1,4242,0.9853791587444465
1,4243,0.9707173322371333
1,4244,0.9953827504869168
1,4245,0.9874448814806469
1,4246,0.9310976287884377
1,4247,0.9903816627141802
1,4248,0.9912464120023956
1,4249,0.9769241529563846
1,4250,0.9806709784159064
1,4251,0.9833387436104422
1,4252,0.9669699086127787
1,4253,0.9923628605991622
1,4254,0.9522885277843589
1,4255,0.9833697958362106
1,4256,0.9727943229409807
1,4257,0.971799369316787
1,4258,0.9905674529833248
1,4259,0.9728047019108906
1,4260,0.9906556089532639
1,4261,0.9681276830422727
1,4262,0.9930341951421858
1,4263,0.9956408332722414
1,4264,0.9892616965463353
1,4265,0.9532312499881318
1,4266,0.9969763243263563
1,4267,0.9699827979985257
1,4268,0.9808213618429064
1,4269,0.9840229996598968
1,4270,0.9900322352507592
1,4271,0.9816667875044655
1,4272,0.9861525742987743
1,4273,0.9815243647184192
1,4274,0.9821980010454026
1,4275,0.9921817619895087
1,4276,0.9823059078874211
1,4277,0.9786407322260665
1,4278,0.9913810282138656
1,4279,0.9812165839906989
1,4280,0.993884014859337
1,4281,0.9968674234383013
1,4282,0.9789007664796153
1,4283,0.9899932098514235
1,4284,0.9846521086802391
1,4285,0.9877160747654872
1,4286,0.9725199679522336
1,4287,0.9756824497685481
1,4288,0.9859381925633512
1,4289,0.9437535642238911
1,4290,0.891474526644059
1,4291,0.9884132739076893
1,4292,0.9789829888304808
1,4293,0.9913705556783678
1,4294,0.9719218683591423
1,4295,0.9791774757185101
1,4296,0.9896417702761254
1,4297,0.9894030738643146
1,4298,0.9451713137448895
1,4299,0.9737718422224526
1,4300,0.976168281790537
1,4301,0.9984297342090683
1,4302,0.9298817010727953
1,4303,0.9428621229657035
1,4304,0.9921822854058742
1,4305,0.9897129901550553
1,4306,0.9751320251231387
1,4307,0.9913504095201496
1,4308,0.9889914315016473
1,4309,0.9859395744826718
1,4310,0.9898267711285188
1,4311,0.9657929659324483
1,4312,0.9809680760649512
1,4313,0.9851245370513124
1,4314,0.9534462719432178
1,4315,0.9687386148018664
1,4316,0.9855127287122772
1,4317,0.9925412493398771
1,4318,0.9745485732245135
1,4319,0.9879125196358597
1,4320,0.992181677995956
1,4321,0.9671050500691108
1,4322,0.9840076592753657
1,4323,0.983280070202769
1,4324,0.991021459622707
1,4325,0.975751360236522
1,4326,0.9899109892164276
1,4327,0.9798010264839971
1,4328,0.9967116261196167
1,4329,0.983889113456451
1,4330,0.9929474696440582
1,4331,0.9704294209227556
1,4332,0.9692439736575875
1,4333,0.996116495463098
1,4334,0.990888884382731
1,4335,0.9875559509232474
1,4336,0.979867400662127
1,4337,0.9952506673043187
1,4338,0.9823948177177375
1,4339,0.9874155692930342
1,4340,0.9880519281187333
1,4341,0.9612396153418254
1,4342,0.9612658456484697
1,4343,0.9967749571585003
1,4344,0.9905307023965502
1,4345,0.9692768515427888
1,4346,0.9990400457148783
1,4347,0.996744285539152
1,4348,0.9981800439151188
1,4349,0.9853553632055343
1,4350,0.966448267293798
1,4351,0.9940956196431389
1,4352,0.9966944605722572
1,4353,0.9824334384613232
1,4354,0.9884442449658869
1,4355,0.9766673237976466
1,4356,0.9872220215850152
1,4357,0.9796387201224317
1,4358,0.9963820529209105
1,4359,0.9863594196100398
1,4360,0.9942649076529727
1,4361,0.9509676618617684
1,4362,0.9777374118785023
1,4363,0.9975939991030118
1,4364,0.9959779061070059
1,4365,0.9872755180781947
1,4366,0.9921357033166842
1,4367,0.9836542998613536
1,4368,0.9868139788712748
1,4369,0.9758286884900016
1,4370,0.9821635801783186
1,4371,0.9840170432124046
1,4372,0.9954090467251375
1,4373,0.9904321392948218
1,4374,0.9858716811627906
1,4375,0.9757067430717333
1,4376,0.9867141869588204
1,4377,0.9953698855108963
1,4378,0.9677905911276132
1,4379,0.9963705056782024
1,4380,0.9486392251545437
1,4381,0.9807936496920923
1,4382,0.9890792535615642
1,4383,0.9875557457897266
1,4384,0.9913553110860697
1,4385,0.9942409351448493
1,4386,0.9967145548470824
1,4387,0.9116832056974132
1,4388,0.9736631229981313
1,4389,0.9692716791709609
1,4390,0.9934412389463911
1,4391,0.977596945633469
1,4392,0.9945715191581421
1,4393,0.9734575200223521
1,4394,0.9607078173125414
1,4395,0.9765501739260131
1,4396,0.9839494361130412
1,4397,0.9850143251277014
1,4398,0.9766173956247208
1,4399,0.9951322094052842
1,4400,0.9162460668786089
1,4401,0.9969949999628958
1,4402,0.9838956850414408
1,4403,0.9678840877273275
1,4404,0.9734791345747476
1,4405,0.9714453619945128
1,4406,0.996896835964172
1,4407,0.9962839294643974
1,4408,0.9707710345789347
1,4409,0.9827862059387082
1,4410,0.9731112576417689
1,4411,0.9887452696907041
1,4412,0.9788587601644925
1,4413,0.9764415591501503
1,4414,0.9691214799696014
1,4415,0.9841637584890135
1,4416,0.9810450141715645
1,4417,0.9980632357967697
1,4418,0.985907522908777
1,4419,0.9932357263950568
1,4420,0.9620002285537288
1,4421,0.9959415300476128
1,4422,0.9262960229326919
1,4423,0.9894163451429238
1,4424,0.985667536005203
1,4425,0.9931743656088409
1,4426,0.9799788094279337
1,4427,0.9840785058330469
1,4428,0.9944936410641283
1,4429,0.9776229248159884
1,4430,0.9893925943294158
1,4431,0.9699358459581615
1,4432,0.9822962475276344
1,4433,0.9767993677400207
1,4434,0.9852662533952196
1,4435,0.9947000097867621
1,4436,0.9836328448172602
1,4437,0.983185581197872
1,4438,0.9883114009988423
1,4439,0.9840773269956102
1,4440,0.9630975004014374
1,4441,0.987115669059181
1,4442,0.9831326844492724
1,4443,0.9697667883686019
1,4444,0.9940061379015491
1,4445,0.9931654385939608
1,4446,0.9763560861870851
1,4447,0.9879566830786894
1,4448,0.9919867531181122
1,4449,0.9900711315935848
1,4450,0.9611865153427764
1,4451,0.9597868052270628
1,4452,0.9946185282129943
1,4453,0.9790809760627066
1,4454,0.9684036656554145
1,4455,0.9803334701356494
1,4456,0.9909784086483974
1,4457,0.9748535624549445
1,4458,0.9822514855118687
1,4459,0.9687511510664574
1,4460,0.9883905894352041
1,4461,0.9864694106054418
1,4462,0.9718406786531091
1,4463,0.9914101298066254
1,4464,0.9444450371350623
1,4465,0.9905376066192426
1,4466,0.9816876278280873
1,4467,0.9843412909773085
1,4468,0.980881785859928
1,4469,0.9826895828418049
1,4470,0.9814034345222147
1,4471,0.984036903353058
1,4472,0.9868354206317133
1,4473,0.9907058816138801
1,4474,0.9828760566096192
1,4475,0.9783973035543492
1,4476,0.9816982629632331
1,4477,0.982926315068125
1,4478,0.9384708014185734
1,4479,0.9580731963414165
1,4480,0.9907897504799894
1,4481,0.9505365181070644
1,4482,0.9703260901300522
1,4483,0.9931666600715706
1,4484,0.9938315728157257
1,4485,0.9553427041688487
1,4486,0.9894715719583175
1,4487,0.9662213864182502
1,4488,0.9821344414849792
1,4489,0.9811636312594016
1,4490,0.9949887780082638
1,4491,0.9543856092131051
1,4492,0.985341738497132
1,4493,0.9915846638112343
1,4494,0.9490470584792807
1,4495,0.9969234772170833
1,4496,0.9222082569733684
1,4497,0.9962245791796247
1,4498,0.9577803508663607
1,4499,0.9792425732472757
1,4500,0.9764500265367035
1,4501,0.9775379903432763
1,4502,0.9248240426903171
1,4503,0.9521037327554215
1,4504,0.9936057353619948
1,4505,0.9670360892985904
1,4506,0.9757695654464286
1,4507,0.9854012275465697
1,4508,0.9840458736131729
1,4509,0.9552242103547983
1,4510,0.9945540373616237
1,4511,0.9604725337274937
1,4512,0.9652159565819737
1,4513,0.9859191327140331
1,4514,0.9870888530833203
1,4515,0.9784647046102039
1,4516,0.9970478271712772
1,4517,0.9802536268320189
1,4518,0.9824719403300822
1,4519,0.9735918957010149
1,4520,0.9948830757303825
1,4521,0.9425025002452131
1,4522,0.9782312041326793
1,4523,0.9776930510978371
1,4524,0.9934136672711671
1,4525,0.9633367229634175
1,4526,0.9780741105273739
1,4527,0.9840985896620251
1,4528,0.9882757262597386
1,4529,0.9913687670713377
1,4530,0.990762090867517
1,4531,0.9864148492969272
1,4532,0.9900265662166641
1,4533,0.929488954160748
1,4534,0.992510571526781
1,4535,0.9687819143123146
1,4536,0.9866642472698147
1,4537,0.9842009842136918
1,4538,0.9802499736373443
1,4539,0.9826573896221038
1,4540,0.9845252472258008
1,4541,0.9733960552610472
1,4542,0.9656723463191809
1,4543,0.9625490306675681
1,4544,0.9874414619317734
1,4545,0.9792792006913243
1,4546,0.988637925825119
1,4547,0.9798342413089662
1,4548,0.9984215000521245
1,4549,0.9670508094584572
1,4550,0.9919458397307004
1,4551,0.981912936237601
1,4552,0.9949819054912974
1,4553,0.9949162795447979
1,4554,0.9965027667182144
1,4555,0.9938398791227876
1,4556,0.9846255968106722
1,4557,0.9758750338700697
1,4558,0.9821330631395129
1,4559,0.9816698521914508
1,4560,0.9504835286843312
1,4561,0.9946267820542629
1,4562,0.9702502552323535
1,4563,0.9697418381008487
1,4564,0.9952276598419874
1,4565,0.9882442549432158
1,4566,0.9911475857276876
1,4567,0.9928586651575552
1,4568,0.9606519090508823
1,4569,0.9872595134293878
1,4570,0.9802093719696343
1,4571,0.9949507888922173
1,4572,0.9703615566390678
1,4573,0.986171221140379
1,4574,0.9603224170079494
1,4575,0.9797911368600465
1,4576,0.9820791356242553
1,4577,0.9916777467648442
1,4578,0.9699410234136494
1,4579,0.9930203383248902
1,4580,0.9630138920066074
1,4581,0.9827622768181995
1,4582,0.9866711031288669
1,4583,0.9833314690255355
1,4584,0.9889133262583548
1,4585,0.9725030891069792
1,4586,0.9826297165074785
1,4587,0.9917232541756035
1,4588,0.981166034002041
1,4589,0.9812508319438351
1,4590,0.9889770179475248
1,4591,0.9858839165778657
1,4592,0.98340091822794
1,4593,0.9956595765585965
1,4594,0.963710439055857
1,4595,0.9749904778797176
1,4596,0.9865086905545035
1,4597,0.9923855746281618
1,4598,0.9842528146491109
1,4599,0.9963814954731514
1,4600,0.9463411545147685
1,4601,0.9702179026631986
1,4602,0.9888802404075501
1,4603,0.965935155704694
1,4604,0.9882389600633414
1,4605,0.9948111613793089
1,4606,0.9845679103487442
1,4607,0.9533408708012497
1,4608,0.9935845407924933
1,4609,0.9780382578013649
1,4610,0.9812022109453337
1,4611,0.9888423196387423
1,4612,0.9518472454489245
1,4613,0.9915472926493705
1,4614,0.9731115994692788
1,4615,0.9888892772560475
1,4616,0.9607737467595653
1,4617,0.9869177136353864
1,4618,0.9880854933709481
1,4619,0.9845853798641978
1,4620,0.9867844785423237
1,4621,0.9706264630917786
1,4622,0.9978253676711588
1,4623,0.9598234132561698
1,4624,0.9801528540496401
1,4625,0.9942069174457588
1,4626,0.9429108996423802
1,4627,0.9880904597427361
1,4628,0.9777279544409413
1,4629,0.9616120731845251
1,4630,0.9964712553363051
1,4631,0.9645131392451631
1,4632,0.9695173736960655
1,4633,0.949837266393422
1,4634,0.9987523317644497
1,4635,0.9784652590618421
1,4636,0.9798712208751269
1,4637,0.987442612006543
1,4638,0.9907099821108857
1,4639,0.9970925971822308
1,4640,0.9760704240670802
1,4641,0.991264892737811
1,4642,0.9966317723173664
1,4643,0.9832787248173936
1,4644,0.9801773026675475
1,4645,0.9858109587435983
1,4646,0.9824810589080956
1,4647,0.994458283653117
1,4648,0.9906037226333541
1,4649,0.9915113619839159
1,4650,0.986668109549857
1,4651,0.9754360164398681
1,4652,0.9899369825513139
1,4653,0.9889736740111427
1,4654,0.9864859538633057
1,4655,0.9939125852755433
1,4656,0.98503709674425
1,4657,0.9816108649020167
1,4658,0.9832507898458192
1,4659,0.9850697791565248
1,4660,0.9878117685147484
1,4661,0.9839172774473419
1,4662,0.974921216972295
1,4663,0.9759202165750439
1,4664,0.9819867765667546
1,4665,0.9911713947383453
1,4666,0.9921846456689638
1,4667,0.9908513534626552
1,4668,0.9884639384412408
1,4669,0.985633604687149
1,4670,0.986026756342791
1,4671,0.9956303149257394
1,4672,0.9206331612084243
1,4673,0.9081287706404857
1,4674,0.9930185425828791
1,4675,0.9575760312207272
1,4676,0.9887948231815303
1,4677,0.9832315070823182
1,4678,0.9941947542202269
1,4679,0.9768833492555765
1,4680,0.994780674209491
1,4681,0.9848003005089593
1,4682,0.9955753902164713
1,4683,0.9855001565976605
1,4684,0.9959463319634161
1,4685,0.9292920652027582
1,4686,0.9981264497098454
1,4687,0.9961899367697892
1,4688,0.9807740295032866
1,4689,0.9704066839319205
1,4690,0.9967439412617651
1,4691,0.9929165854543232
1,4692,0.9713711520249441
1,4693,0.9956973987570564
1,4694,0.9935781971063317
1,4695,0.976031725432512
1,4696,0.971274190529644
1,4697,0.9900459788009648
1,4698,0.9833377638057185
1,4699,0.9860878883814458
1,4700,0.9760340799428907
1,4701,0.9812446403183371
1,4702,0.9897548572775213
1,4703,0.993650957679718
1,4704,0.9307950573360325
1,4705,0.9926702043376684
1,4706,0.9812017578394179
1,4707,0.9882903763101067
1,4708,0.9937787300376291
1,4709,0.9754152028092412
1,4710,0.9954758278257881
1,4711,0.974467382732509
1,4712,0.9910904791268524
1,4713,0.9916923281386326
1,4714,0.9607267437943077
1,4715,0.9685594778086292
1,4716,0.98923451243742
1,4717,0.9881159629611226
1,4718,0.9738192276543399
1,4719,0.9919631923281647
1,4720,0.9619468276652169
1,4721,0.9476082730152374
1,4722,0.9963110744278125
1,4723,0.9913585105280149
1,4724,0.9816979488749321
1,4725,0.9336638834533346
1,4726,0.9910153517963219
1,4727,0.9846042230554876
1,4728,0.9889174797635814
1,4729,0.9859976812177335
1,4730,0.995666609713295
1,4731,0.9755869273375368
1,4732,0.9715408279232176
1,4733,0.9881947577294122
1,4734,0.9899202494141525
1,4735,0.9769068094054435
1,4736,0.9958941223125274
1,4737,0.9946143642299617
1,4738,0.9642875283526479
1,4739,0.9802682453609901
1,4740,0.9548182803715909
1,4741,0.9656443322696526
1,4742,0.9761693274738023
1,4743,0.9897844606530363
1,4744,0.9881663708729069
1,4745,0.9820322735888528
1,4746,0.9755115760782103
1,4747,0.983236266776422
1,4748,0.9457341587627269
1,4749,0.9840922563189332
1,4750,0.993192873451104
1,4751,0.9804011761304471
1,4752,0.9838532466664754
1,4753,0.9945092521697192
1,4754,0.9776704885991339
1,4755,0.9639500098469158
1,4756,0.9860333602764068
1,4757,0.9828100934800201
1,4758,0.9824471717394588
1,4759,0.9561410905043524
1,4760,0.9969463480855053
1,4761,0.993159892395305
1,4762,0.991761900634134
1,4763,0.9922962988771052
1,4764,0.9941013557911763
1,4765,0.9837894028892402
1,4766,0.9947852359216307
1,4767,0.9733249325940587
1,4768,0.983350969791135
1,4769,0.9889246468633242
1,4770,0.9959400097022991
1,4771,0.9949096778977653
1,4772,0.985704952759366
1,4773,0.9892260912603045
1,4774,0.9911117885887435
1,4775,0.9785803135561737
1,4776,0.9840142237851833
1,4777,0.9925070298619647
1,4778,0.969789076436055
1,4779,0.9701780549962451
1,4780,0.983539670843419
1,4781,0.9809434193595987
1,4782,0.974133114572377
1,4783,0.9945297829640776
1,4784,0.98434175899443
1,4785,0.9954080192558125
1,4786,0.9465930837344382
1,4787,0.9928463857691927
1,4788,0.9776655225833394
1,4789,0.9765249194923575
1,4790,0.9965287999429665
1,4791,0.9457915554779389
1,4792,0.9973408887770936
1,4793,0.9917633224471532
1,4794,0.9886975684550813
1,4795,0.9730670578851329
1,4796,0.9896029393083143
1,4797,0.9882509494813391
1,4798,0.9751680132469033
1,4799,0.9527464731993536
1,4800,0.9985861247407491
1,4801,0.950221773751986
1,4802,0.9950445638030906
1,4803,0.9624816498027211
1,4804,0.9975260874723375
1,4805,0.9828992394850318
1,4806,0.9764758216844237
1,4807,0.9880129329546077
1,4808,0.9631766926489124
1,4809,0.9784928152178396
1,4810,0.9849201204179576
1,4811,0.9818789025366557
1,4812,0.9923189823385118
1,4813,0.9715155280342108
1,4814,0.9740232256265464
1,4815,0.9677605292807969
1,4816,0.977845525113642
1,4817,0.9892011641871623
1,4818,0.992713285120133
1,4819,0.9839956496035256
1,4820,0.9802284518007077
1,4821,0.9918842674753565
1,4822,0.9387741067366894
1,4823,0.9952791065527732
1,4824,0.9870466900803265
1,4825,0.978920070387659
1,4826,0.9807667407819717
1,4827,0.9894633303967202
1,4828,0.993356151567876
1,4829,0.9530088723308189
1,4830,0.9939501922493075
1,4831,0.9777963101292761
1,4832,0.979256202189514
1,4833,0.9904241651255071
1,4834,0.9919017140014681
1,4835,0.9908108398059077
1,4836,0.9837436341770206
1,4837,0.9878605740470028
1,4838,0.996185184567264
1,4839,0.9624181366363741
1,4840,0.9908625728337551
1,4841,0.9865899355442308
1,4842,0.9760194517537671
1,4843,0.9865392272435827
1,4844,0.9977223837477532
1,4845,0.9969020063687721
1,4846,0.9937185888438247
1,4847,0.9336862865507382
1,4848,0.984690672495076
1,4849,0.98435635476331
1,4850,0.9418907522998896
1,4851,0.983241561999112
1,4852,0.9879552827250123
1,4853,0.9715734119677221
1,4854,0.9928148023088333
1,4855,0.9865348217521409
1,4856,0.9935834726440966
1,4857,0.9969662871512518
1,4858,0.9729704094701026
1,4859,0.9961461710272845
1,4860,0.9949332347273362
1,4861,0.9940241714288649
1,4862,0.9795746920507507
1,4863,0.9867378935665718
1,4864,0.9838523023586726
1,4865,0.9845800207608435
1,4866,0.9799364391126586
1,4867,0.9889279025711945
1,4868,0.9847313017422573
1,4869,0.9791975017472158
1,4870,0.9769213175050186
1,4871,0.9878606191924678
1,4872,0.9949152423592965
1,4873,0.9846876855544591
1,4874,0.9893969836683546
1,4875,0.9893710690427203
1,4876,0.9860753060818324
1,4877,0.9950978679011571
1,4878,0.9802683268205877
1,4879,0.9817603956082835
1,4880,0.9848147361225246
1,4881,0.9791358833333538
1,4882,0.9748481790708773
1,4883,0.9934684726567923
1,4884,0.9895888638123541
1,4885,0.9926828487479031
1,4886,0.982722032371433
1,4887,0.9915484809202089
1,4888,0.9854491956563299
1,4889,0.9713667413233379
1,4890,0.9956632455805791
1,4891,0.9740899967552624
1,4892,0.9740507790820091
1,4893,0.9980111189538617
1,4894,0.9873545676298655
1,4895,0.9770960896424946
1,4896,0.9898214446752391
1,4897,0.994254992741706
1,4898,0.9968632174311011
1,4899,0.9746865746085907
1,4900,0.9841347281139066
1,4901,0.9886223877588148
1,4902,0.9803103945584671
1,4903,0.9774986528519491
1,4904,0.9830674263030615
1,4905,0.991411074073683
1,4906,0.9872307901531623
1,4907,0.9858943937731439
1,4908,0.9920043807424814
1,4909,0.9881877744896569
1,4910,0.9791597729398209
1,4911,0.9545393552789309
1,4912,0.990689619769097
1,4913,0.9862681880432963
1,4914,0.988478417185053
1,4915,0.9730626588534543
1,4916,0.9916365242189344
1,4917,0.9690377656805395
1,4918,0.983261975806688
1,4919,0.9965412287708527
1,4920,0.9905374943447959
1,4921,0.9925704290651186
1,4922,0.996950912474616
1,4923,0.9738661863402113
1,4924,0.9949785694050465
1,4925,0.9884718785878237
1,4926,0.9783146596315624
1,4927,0.9904717285354732
1,4928,0.9348754291300071
1,4929,0.974089099644701
1,4930,0.9740612491130072
1,4931,0.9770934982597529
1,4932,0.9862565855587048
1,4933,0.9811902198393906
1,4934,0.9459885726853022
1,4935,0.9903154214078349
1,4936,0.9798056314199856
1,4937,0.9893691674395518
1,4938,0.9888757564642405
1,4939,0.9905086394302802
1,4940,0.982524833455998
1,4941,0.9673076184406288
1,4942,0.9809786633485678
1,4943,0.9884925448552395
1,4944,0.9766065928592826
1,4945,0.9852648965587699
1,4946,0.9895937724803643
1,4947,0.9898740682671094
1,4948,0.9888987898241595
1,4949,0.9814652103316361
1,4950,0.9926004408424859
1,4951,0.9844790149119772
1,4952,0.9895756457064939
1,4953,0.9721668377628527
1,4954,0.9899148038133065
1,4955,0.9701521595402771
1,4956,0.9861527577914222
1,4957,0.9739633601691203
1,4958,0.9769370892391115
1,4959,0.9890094711038167
1,4960,0.9842560346413765
1,4961,0.9926502253182505
1,4962,0.9773712288426469
1,4963,0.9763736052139951
1,4964,0.992414372531674
1,4965,0.9727346194463162
1,4966,0.9858407206477415
1,4967,0.977531813912468
1,4968,0.976769363469064
1,4969,0.99683844098432
1,4970,0.990391533348288
1,4971,0.9959898282364168
1,4972,0.9677781626164865
1,4973,0.958227192176927
1,4974,0.977892285567614
1,4975,0.9967953690915852
1,4976,0.9792369806968848
1,4977,0.9976490860684544
1,4978,0.9796784194237675
1,4979,0.9862776042383257
1,4980,0.9645819085239702
1,4981,0.9730696624540869
1,4982,0.978184490529771
1,4983,0.9731339152747668
1,4984,0.985231779416966
1,4985,0.9871122268081027
1,4986,0.9947541349805417
1,4987,0.9935563631192008
1,4988,0.9932343503928088
1,4989,0.9945094379662685
1,4990,0.985375215223155
1,4991,0.9771035852002257
1,4992,0.988888238661872
1,4993,0.9892504621621865
1,4994,0.9892025046526777
1,4995,0.986058659265739
1,4996,0.9850287188734957
1,4997,0.9959656994683872
1,4998,0.9817008504469337
1,4999,0.9908255640237703
1,5000,0.9797417084970795
1,5001,0.9954734102126132
1,5002,0.9728889119882572
1,5003,0.984463907364376
1,5004,0.9873481760467471
1,5005,0.9686174323055213
1,5006,0.9935287394303276
1,5007,0.9391554797600373
1,5008,0.9820652898405058
1,5009,0.97932959963953
1,5010,0.9966357114211046
1,5011,0.9023975744278383
1,5012,0.9968552349315194
1,5013,0.998842006491901
1,5014,0.998911244729553
1,5015,0.9282201788276865
1,5016,0.9844061287767243
1,5017,0.9947991285066928
1,5018,0.987542617149736
1,5019,0.9937533650079585
1,5020,0.9748229617060742
1,5021,0.9959422959563579
1,5022,0.9821383806882565
1,5023,0.9803986972699894
1,5024,0.9929100023983299
1,5025,0.9718848246143132
1,5026,0.9698291855524628
1,5027,0.9856092163947868
1,5028,0.9878892233099044
1,5029,0.9785056737003655
1,5030,0.9833901232638319
1,5031,0.982445718287325
1,5032,0.9937344148879633
1,5033,0.9813543641369001
1,5034,0.9722855716146188
1,5035,0.9746521320506131
1,5036,0.9244906252398762
1,5037,0.9882465986129052
1,5038,0.983594018982876
1,5039,0.9901197314325283
1,5040,0.9819062357546365
1,5041,0.9935030433025496
1,5042,0.9780484348611487
1,5043,0.9902918672400067
1,5044,0.9852695316437766
1,5045,0.9878453044639068
1,5046,0.9819915529969316
1,5047,0.9853576079586113
1,5048,0.9717559696062017
1,5049,0.9867489801075631
1,5050,0.9850300278076339
1,5051,0.9909883776159547
1,5052,0.9867870238232033
1,5053,0.9877830913446352
1,5054,0.9778629583959618
1,5055,0.9745305485848869
1,5056,0.9298687109772994
1,5057,0.9958785766232199
1,5058,0.9941544539034105
1,5059,0.9800088359369165
1,5060,0.9752732343610835
1,5061,0.9544705713867773
1,5062,0.9981656189125109
1,5063,0.976699311210332
1,5064,0.9793034024973043
1,5065,0.986711409642871
1,5066,0.988746769389706
1,5067,0.9988034407970483
1,5068,0.9413253378751897
1,5069,0.9905770339307969
1,5070,0.9732993037135593
1,5071,0.9957841699738412
1,5072,0.9839011696096034
1,5073,0.9877311128317927
1,5074,0.9724713628643651
1,5075,0.9679337464634427
1,5076,0.9856708920064103
1,5077,0.9951206525964059
1,5078,0.9888365202219683
1,5079,0.9779857274063818
1,5080,0.9689054429180135
1,5081,0.9815400103579219
1,5082,0.9523558653308486
1,5083,0.9876455644474093
1,5084,0.9877792319320485
1,5085,0.9783718170816156
1,5086,0.9807989821599106
1,5087,0.9818173390138414
1,5088,0.9963209185706813
1,5089,0.9886410523613853
1,5090,0.9940316040405472
1,5091,0.9864763685937943
1,5092,0.9947905706671157
1,5093,0.9916913725051442
1,5094,0.985296905151056
1,5095,0.9814379246697119
1,5096,0.9968671192044243
1,5097,0.9799599959298836
1,5098,0.9870765298440605
1,5099,0.9827489848802011
1,5100,0.9963364027074534
1,5101,0.9935405988772388
1,5102,0.9768510673639971
1,5103,0.9803335819628008
1,5104,0.9953632470181687
1,5105,0.962834859820941
1,5106,0.9868241221799848
1,5107,0.9931807990198316
1,5108,0.9781934213631223
1,5109,0.9942727609310854
1,5110,0.9966716740031445
1,5111,0.997594378626034
1,5112,0.9990108557799287
1,5113,0.9931379206051568
1,5114,0.971597731234612
1,5115,0.9736375462462412
1,5116,0.992601798352719
1,5117,0.9814712379198012
1,5118,0.9776513146197079
1,5119,0.9756598418254867
1,5120,0.9941965651926786
1,5121,0.9747432236828082
1,5122,0.9929829636478333
1,5123,0.992014555873738
1,5124,0.991771816493545
1,5125,0.991741396729533
1,5126,0.9827621872175988
1,5127,0.9812614711394771
1,5128,0.982229542330245
1,5129,0.9634724777199223
1,5130,0.9521316244668261
1,5131,0.9698373539727977
1,5132,0.9955814083147093
1,5133,0.9746561045579565
1,5134,0.9883994063104237
1,5135,0.9838603568436051
1,5136,0.9693118769210031
1,5137,0.9948427650795206
1,5138,0.9912285076145675
1,5139,0.9895178965992101
1,5140,0.9893769664946794
1,5141,0.9969234711752101
1,5142,0.9877593164258978
1,5143,0.9853285979568623
1,5144,0.9876798352687258
1,5145,0.986511265317594
1,5146,0.9830001664313124
1,5147,0.994574306567739
1,5148,0.9733065910864072
1,5149,0.972070786000505
1,5150,0.9953689589273693
1,5151,0.9947835268622379
1,5152,0.9919894493011524
1,5153,0.9840649274305087
1,5154,0.9879259527616729
1,5155,0.9628795855100222
1,5156,0.9823419115802887
1,5157,0.9781691994509173
1,5158,0.994838265047542
1,5159,0.93742211062026215
1,5160,0.9965381632737663
1,5161,0.9682353321333967
1,5162,0.9799250822884865
1,5163,0.9657763141346353
1,5164,0.9899273450001285
1,5165,0.9898697795997888
1,5166,0.9958683050459161
1,5167,0.9811819242881121
1,5168,0.9863426132880888
1,5169,0.9797618787736413
1,5170,0.973397695129307
1,5171,0.9806081609926423
1,5172,0.9865250023525337
1,5173,0.9812629139241635
1,5174,0.9771187727652398
1,5175,0.9882927694448215
1,5176,0.9976925140858968
1,5177,0.9979217748842985
1,5178,0.9915356514059758
1,5179,0.9899767229928738
1,5180,0.9894863551183869
1,5181,0.9973008486771957
1,5182,0.9627760409759021
1,5183,0.966683781133037
1,5184,0.9719261643689577
1,5185,0.9945856771722654
1,5186,0.9699976003396117
1,5187,0.9856601913802391
1,5188,0.945074782455173
1,5189,0.9561349456001962
1,5190,0.966017568367017
1,5191,0.9495917875932275
1,5192,0.9696457610386473
1,5193,0.987968984168154
1,5194,0.9849329158586392
1,5195,0.9923782545611528
1,5196,0.9962963628779143
1,5197,0.9940272907515711
1,5198,0.9965648311502395
1,5199,0.9629585763112486
1,5200,0.9854949187102235
1,5201,0.9767909622578892
1,5202,0.9941190619325914
1,5203,0.9526603524840591
1,5204,0.983890761293511
1,5205,0.9895766589649014
1,5206,0.9961067065101373
1,5207,0.9962101458745499
1,5208,0.9810502442250941
1,5209,0.9889928896927809
1,5210,0.9857733288489521
1,5211,0.9898127885848466
1,5212,0.9847739131703428
1,5213,0.9915034206549161
1,5214,0.9641163118679185
1,5215,0.9825142664364892
1,5216,0.9929516621791831
1,5217,0.9806693666889509
1,5218,0.9885411934643553
1,5219,0.9793171280643642
1,5220,0.9541992506739743
1,5221,0.9929589522868515
1,5222,0.9753832602229718
1,5223,0.9846319371339946
1,5224,0.9886724379759838
1,5225,0.9703128171097379
1,5226,0.9809020111328052
1,5227,0.9859006649555632
1,5228,0.9938993410359661
1,5229,0.992637208959546
1,5230,0.9430234745247932
1,5231,0.9840965376906515
1,5232,0.9968498713566387
1,5233,0.9543713392099914
1,5234,0.9973934622106376
1,5235,0.9951309261313279
1,5236,0.9913029430999827
1,5237,0.9645590370793325
1,5238,0.9860334010169589
1,5239,0.9848488269209408
1,5240,0.9926179812125122
1,5241,0.9871764512486928
1,5242,0.9793053773909398
1,5243,0.9881853691732676
1,5244,0.9860517507144506
1,5245,0.9808429293517285
1,5246,0.9908796053317304
1,5247,0.9764592895467996
1,5248,0.9945555062152932
1,5249,0.9876988949128251
1,5250,0.9794874355885095
1,5251,0.9872635912739864
1,5252,0.9926107103133264
1,5253,0.9817345919595853
1,5254,0.9773119448945053
1,5255,0.9809424514158233
1,5256,0.9778431819428637
1,5257,0.9868447070006023
1,5258,0.9927398799290212
1,5259,0.997736315587764
1,5260,0.9875437690065738
1,5261,0.9932746812431701
1,5262,0.9816600924858316
1,5263,0.9723815608990892
1,5264,0.9761519857990401
1,5265,0.9734525422224654
1,5266,0.9938672761310271
1,5267,0.979516194947895
1,5268,0.9954649837302914
1,5269,0.9720436867480082
1,5270,0.9867474112237218
1,5271,0.9837462784837882
1,5272,0.9924124622092794
1,5273,0.9909120874686459
1,5274,0.9907589567244778
1,5275,0.9769368331192123
1,5276,0.9759577301808429
1,5277,0.9916194492003577
1,5278,0.9368422458048491
1,5279,0.9829864598205017
1,5280,0.9726726408830516
1,5281,0.9827096797873732
1,5282,0.9900077986750175
1,5283,0.9922145529695712
1,5284,0.9903010022868866
1,5285,0.9687020355662693
1,5286,0.9785697333358601
1,5287,0.9964323609699368
1,5288,0.9684093683071596
1,5289,0.9944629367770387
1,5290,0.9535211915561367
1,5291,0.9891933452021165
1,5292,0.9801144126481011
1,5293,0.9883591544223824
1,5294,0.9601053828317117
1,5295,0.9950108744860424
1,5296,0.9952362552206222
1,5297,0.9803780311463952
1,5298,0.9849131664899918
1,5299,0.9931973113169184
1,5300,0.9588801217795091
1,5301,0.9958525020426374
1,5302,0.9806592799817747
1,5303,0.9941724999145701
1,5304,0.9865907392563238
1,5305,0.9831759543622929
1,5306,0.9756037087270664
1,5307,0.9927428566503324
1,5308,0.9903920487949136
1,5309,0.981267086239068
1,5310,0.9903368923322927
1,5311,0.9842930529856908
1,5312,0.9834115739712358
1,5313,0.9918478524543863
1,5314,0.9863476654192929
1,5315,0.9985082209634025
1,5316,0.9499614206579583
1,5317,0.9437527413724833
1,5318,0.9989183184948903
1,5319,0.9695490942365322
1,5320,0.9729636041012926
1,5321,0.9813312872743253
1,5322,0.9884185385366328
1,5323,0.9757634869308867
1,5324,0.9832663000423781
1,5325,0.9800655406693642
1,5326,0.9843804842680346
1,5327,0.9938815533878057
1,5328,0.9508753239307653
1,5329,0.9941321716504602
1,5330,0.953733767178988
1,5331,0.9841131449921322
1,5332,0.9961105246437323
1,5333,0.974195020961175
1,5334,0.9857697970153838
1,5335,0.9918224304947353
1,5336,0.9808926358708839
1,5337,0.9704701188701088
1,5338,0.9965144487126051
1,5339,0.9814848734653895
1,5340,0.9871785447459088
1,5341,0.9557326459287846
1,5342,0.9476503878428534
1,5343,0.9927297271281552
1,5344,0.9907278187896477
1,5345,0.9924914039518903
1,5346,0.9929187656212962
1,5347,0.987122901002708
1,5348,0.99335244110333
1,5349,0.9927903288674134
1,5350,0.9929611592321472
1,5351,0.9919031580404932
1,5352,0.9869231477695655
1,5353,0.9898796531431431
1,5354,0.983711764664047
1,5355,0.9955135403593609
1,5356,0.9652805171402317
1,5357,0.9963352201152866
1,5358,0.9923486144709569
1,5359,0.9871267366720627
1,5360,0.9974153143575327
1,5361,0.9920774919259215
1,5362,0.9881025508533255
1,5363,0.9950411497433198
1,5364,0.9811984820916897
1,5365,0.9937640550467586
1,5366,0.9907943370879544
1,5367,0.981373720548
1,5368,0.9947151035591273
1,5369,0.9760409572931701
1,5370,0.9893687907031943
1,5371,0.9726586363428843
1,5372,0.9883927259449383
1,5373,0.9651076839220036
1,5374,0.9935137825245328
1,5375,0.9903141645808418
1,5376,0.995601807647933
1,5377,0.9603660824460374
1,5378,0.9896484268236464
1,5379,0.9636245979854268
1,5380,0.9607488218555145
1,5381,0.9850623395833186
1,5382,0.9807028365373394
1,5383,0.9922879074991426
1,5384,0.9615537331052078
1,5385,0.9718243012312463
1,5386,0.9539836326233901
1,5387,0.9944322928376969
1,5388,0.9949757877406621
1,5389,0.9931465757903408
1,5390,0.942324386872079
1,5391,0.9962143548111991
1,5392,0.9804586870911374
1,5393,0.978968909386903
1,5394,0.9777704507318592
1,5395,0.9830619558396599
1,5396,0.9624525185417934
1,5397,0.9808669409526345
1,5398,0.9866868340340186
1,5399,0.9906498305534006
1,5400,0.9612970095736867
1,5401,0.989624105664195
1,5402,0.9777974011964641
1,5403,0.9933603617095618
1,5404,0.9934522844250434
1,5405,0.9461459919810705
1,5406,0.9979212222324816
1,5407,0.9972142512290703
1,5408,0.9262336401774205
1,5409,0.9754776745311421
1,5410,0.9688380936752063
1,5411,0.9814201972136712
1,5412,0.9868597710497538
1,5413,0.9667864566808017
1,5414,0.9829852330417439
1,5415,0.9882158696882302
1,5416,0.9736212557309666
1,5417,0.97456474780087
1,5418,0.9892567570618831
1,5419,0.9934535975385116
1,5420,0.994518778949808
1,5421,0.9685990951226878
1,5422,0.9949721693286926
1,5423,0.9790759380641176
1,5424,0.9890670274180918
1,5425,0.9944152717992023
1,5426,0.9759158837435836
1,5427,0.9807781698819179
1,5428,0.9856668192249851
1,5429,0.9394242433867263
1,5430,0.988240274647638
1,5431,0.9827648715507488
1,5432,0.9705063541970725
1,5433,0.9862602065729882
1,5434,0.9886604447662439
1,5435,0.9804722916970955
1,5436,0.98764081883446
1,5437,0.9688998814186276
1,5438,0.9873049893417208
1,5439,0.9852119174159956
1,5440,0.9861250784085702
1,5441,0.9909029083874554
1,5442,0.9762201876784906
1,5443,0.9805067799998277
1,5444,0.9684957341826229
1,5445,0.9914728659297696
1,5446,0.9949024924894414
1,5447,0.9872449364634491
1,5448,0.9859746585832124
1,5449,0.9881787206757615
1,5450,0.9644137584258612
1,5451,0.9935223926987596
1,5452,0.9965020918753246
1,5453,0.9722815883391459
1,5454,0.9837933155553713
1,5455,0.9719935835243746
1,5456,0.9918638285460184
1,5457,0.9972206094644428
1,5458,0.9377690993364867
1,5459,0.984394622439298
1,5460,0.9772500704159395
1,5461,0.9744927028925174
1,5462,0.994488663018006
1,5463,0.97822675705987
1,5464,0.9763032862723797
1,5465,0.9823246180605939
1,5466,0.9693751076316256
1,5467,0.981881030027766
1,5468,0.973166233035824
1,5469,0.9863351024899327
1,5470,0.9790562082752872
1,5471,0.9924913594118341
1,5472,0.92209848685718665
1,5473,0.9930017456719896
1,5474,0.997306635555424
1,5475,0.9872255142097802
1,5476,0.9984231491417854
1,5477,0.9973356890504642
1,5478,0.9903732448680774
1,5479,0.9803773293867314
1,5480,0.9736670339272802
1,5481,0.9945586696852723
1,5482,0.980111310431945
1,5483,0.9917639225980364
1,5484,0.9838743172461466
1,5485,0.9683986454968487
1,5486,0.9444097433768391
1,5487,0.9904755336128562
1,5488,0.9853701258421714
1,5489,0.9746966198159619
1,5490,0.9840921925445988
1,5491,0.9712092337644179
1,5492,0.9924082561735733
1,5493,0.970371149744045
1,5494,0.9948389772509582
1,5495,0.9919984632538744
1,5496,0.9730252543013066
1,5497,0.973340076911286
1,5498,0.9914001576844034
1,5499,0.9890974060891929
1,5500,0.9818260710290042
1,5501,0.9874174835900644
1,5502,0.9952447491889357
1,5503,0.964448607711688
1,5504,0.9874064509810978
1,5505,0.9827343529814535
1,5506,0.9829205682020125
1,5507,0.9805126114582909
1,5508,0.9960566078261242
1,5509,0.9900565306903266
1,5510,0.9729206406172387
1,5511,0.9900794226421987
1,5512,0.9982696341848217
1,5513,0.9730006657031216
1,5514,0.9920008121269841
1,5515,0.9830358625543912
1,5516,0.9926522791651478
1,5517,0.9824878358515395
1,5518,0.9940735494148418
1,5519,0.9970649675203138
1,5520,0.9759028104510927
1,5521,0.9908765025745754
1,5522,0.9967457702622893
1,5523,0.9969616885180564
1,5524,0.9834392545604407
1,5525,0.9870778963107092
1,5526,0.9727235497744665
1,5527,0.9759337740766584
1,5528,0.9783499427849818
1,5529,0.9899223637946554
1,5530,0.9643203694338907
1,5531,0.9847246545124608
1,5532,0.9830213998694634
1,5533,0.9820640354068743
1,5534,0.9871626495969879
1,5535,0.9636749709631277
1,5536,0.9913985153869606
1,5537,0.9839879398913108
1,5538,0.9527327149933587
1,5539,0.9935780187033254
1,5540,0.9764127487307781
1,5541,0.9977996346889442
1,5542,0.9905262726269464
1,5543,0.9903508503980032
1,5544,0.970196693866249
1,5545,0.989135442226305
1,5546,0.9865975584018833
1,5547,0.9860531955217597
1,5548,0.9861792015389946
1,5549,0.9771442371898829
1,5550,0.9874097863201476
1,5551,0.9895863827744588
1,5552,0.9901866312029723
1,5553,0.9702553206464644
1,5554,0.9869162119706333
1,5555,0.9495170791089882
1,5556,0.9850162206299978
1,5557,0.9556525326669107
1,5558,0.9843598197793076
1,5559,0.9900711149150583
1,5560,0.9864377789104537
1,5561,0.9973205580488892
1,5562,0.9985901465949997
1,5563,0.9308960693913475
1,5564,0.9955904961575963
1,5565,0.9858335044306169
1,5566,0.9856385280863804
1,5567,0.9955929857342725
1,5568,0.9897415951957039
1,5569,0.9859802622706434
1,5570,0.9911228458984
1,5571,0.9506567700256536
1,5572,0.9878548312671598
1,5573,0.9869729773514312
1,5574,0.9841514821637538
1,5575,0.9799323944068488
1,5576,0.9786856560249988
1,5577,0.9624481194110787
1,5578,0.9821160525540047
1,5579,0.9880554983381449
1,5580,0.9813169150447405
1,5581,0.994669682244711
1,5582,0.9574658650279328
1,5583,0.987283904237404
1,5584,0.9691903745608142
1,5585,0.9333177949789792
1,5586,0.9880888495663454
1,5587,0.9921121758961624
1,5588,0.996699418393671
1,5589,0.9963637356056316
1,5590,0.9750520236953318
1,5591,0.9717660108852965
1,5592,0.9925231397270315
1,5593,0.967773065017851
1,5594,0.9883930550593265
1,5595,0.9927662312705567
1,5596,0.9723172495245974
1,5597,0.9807753961625751
1,5598,0.9484381125107245
1,5599,0.9817432492392306
1,5600,0.9737314740952301
1,5601,0.9908421027678115
1,5602,0.9646241691108629
1,5603,0.9769679123712127
1,5604,0.9976322885426373
1,5605,0.9811001789733107
1,5606,0.9582986434299267
1,5607,0.9587785202892861
1,5608,0.9964971361659151
1,5609,0.9973507443991846
1,5610,0.9711300567692551
1,5611,0.9922793240603729
1,5612,0.9584513596276294
1,5613,0.9956704863166626
1,5614,0.9956642170415526
1,5615,0.951400127483863
1,5616,0.9799521613632136
1,5617,0.9959009206278675
1,5618,0.9892538359550284
1,5619,0.9971288149875329
1,5620,0.9852403115367373
1,5621,0.9894726977335739
1,5622,0.9656833149675843
1,5623,0.9850691970365199
1,5624,0.9643919926931936
1,5625,0.9731071671851272
1,5626,0.9911662419558775
1,5627,0.9915493699477819
1,5628,0.992894502812572
1,5629,0.9915957684927477
1,5630,0.9821030716796568
1,5631,0.9863308043335777
1,5632,0.9938240116667552
1,5633,0.9951843820752806
1,5634,0.9976331337985862
1,5635,0.9931099639765956
1,5636,0.9561399672392205
1,5637,0.9808529456536227
1,5638,0.9922072094718308
1,5639,0.9865123081243771
1,5640,0.9861429321037477
1,5641,0.9923011801206614
1,5642,0.9744454625966075
1,5643,0.9879884156924206
1,5644,0.9861730901570135
1,5645,0.9915922680489943
1,5646,0.9768736549208074
1,5647,0.9859719543156895
1,5648,0.9491518413520441
1,5649,0.9953350771712666
1,5650,0.9696506586738088
1,5651,0.956291431191968
1,5652,0.93874199640796685
1,5653,0.9923381306410842
1,5654,0.9872856438414925
1,5655,0.9689174267148838
1,5656,0.9870274607139801
1,5657,0.9621871789093674
1,5658,0.9720534652895444
1,5659,0.9965555087284732
1,5660,0.9978960008019335
1,5661,0.9951141335949074
1,5662,0.9948612581633044
1,5663,0.9808342568092097
1,5664,0.9896948479031628
1,5665,0.9807760920800556
1,5666,0.9865355564512837
1,5667,0.9674753961168582
1,5668,0.9517112399238766
1,5669,0.9889237494638793
1,5670,0.9925197401504441
1,5671,0.9596974884434485
1,5672,0.9862832862565053
1,5673,0.9682857209341316
1,5674,0.9909111614771117
1,5675,0.9971411257040211
1,5676,0.9934301621160154
1,5677,0.9577183443602835
1,5678,0.9876808176883922
1,5679,0.967631355677198
1,5680,0.9911567011568374
1,5681,0.9666676535405615
1,5682,0.9845777791048358
1,5683,0.9664529995851989
1,5684,0.9848404743623206
1,5685,0.9943378881731265
1,5686,0.987695170607097
1,5687,0.9742625552792372
1,5688,0.9621603207423609
1,5689,0.9959553181887862
1,5690,0.969635287993286
1,5691,0.9898927856271943
1,5692,0.9764700734876071
1,5693,0.9833715629466683
1,5694,0.9815181644721349
1,5695,0.9856901106571053
1,5696,0.9928176790963181
1,5697,0.9974912454380529
1,5698,0.9764721274971861
1,5699,0.9846127108515483
1,5700,0.978144833515788
1,5701,0.9935007530999433
1,5702,0.9936656338812375
1,5703,0.9478053236534091
1,5704,0.992421383219138
1,5705,0.9655053057672425
1,5706,0.9951507393181701
1,5707,0.9849381421067013
1,5708,0.994035228099768
1,5709,0.9634844049587497
1,5710,0.9898918001009357
1,5711,0.9850269366633889
1,5712,0.9847358801343241
1,5713,0.9752962090153555
1,5714,0.9976867118122513
1,5715,0.981743556351584
1,5716,0.9829436970934852
1,5717,0.9783113344861958
1,5718,0.9892226182918117
1,5719,0.9900263562624803
1,5720,0.9541001653455383
1,5721,0.997492757346662
1,5722,0.9932801800687798
1,5723,0.9873666521857414
1,5724,0.9943399743085495
1,5725,0.9949432427833402
1,5726,0.9928641809320611
1,5727,0.9422230385775788
1,5728,0.9878614653599971
1,5729,0.9911912670066046
1,5730,0.9793200176214977
1,5731,0.9815798949584124
1,5732,0.9821073579296308
1,5733,0.9965500426803481
1,5734,0.9387317018932192
1,5735,0.990692690253133
1,5736,0.9882067065231727
1,5737,0.9835113393938645
1,5738,0.970742686138857
1,5739,0.9945293030185567
1,5740,0.9849836698205685
1,5741,0.9770925955722798
1,5742,0.9672311543540774
1,5743,0.9937023401396885
1,5744,0.9711323515494777
1,5745,0.9922809721163193
1,5746,0.9937851952487573
1,5747,0.9909187706585768
1,5748,0.9821782380558344
1,5749,0.9712655471080865
1,5750,0.9963471853072668
1,5751,0.9824491110461161
1,5752,0.9896929006074984
1,5753,0.987845300652536
1,5754,0.9861527783052744
1,5755,0.9759831795974866
1,5756,0.98172846276164
1,5757,0.9721592210933829
1,5758,0.980922261904174
1,5759,0.953285813261274
1,5760,0.9972445986959144
1,5761,0.9872963519916608
1,5762,0.9789495803039469
1,5763,0.9897724810716042
1,5764,0.9973167281801726
1,5765,0.9802084828357488
1,5766,0.9921865339995728
1,5767,0.9886991468758496
1,5768,0.9747454224472886
1,5769,0.9882294903581732
1,5770,0.9789245527131099
1,5771,0.9910761827429257
1,5772,0.9625541814748332
1,5773,0.9941509043520497
1,5774,0.972552768558998
1,5775,0.9922477102568684
1,5776,0.988265871906173
1,5777,0.9936154154915896
1,5778,0.9858043822946209
1,5779,0.9878254263503488
1,5780,0.9923693113444579
1,5781,0.9866799763674104
1,5782,0.9819235309585762
1,5783,0.9770984294278222
1,5784,0.9732473272995822
1,5785,0.9933351241601206
1,5786,0.9886721894102886
1,5787,0.985444971246638
1,5788,0.9948473622971487
1,5789,0.9843736000402404
1,5790,0.9950540232692512
1,5791,0.98339370916388
1,5792,0.9832400887670834
1,5793,0.9824095771659657
1,5794,0.9877550730870093
1,5795,0.9752911517432853
1,5796,0.98484475175736
1,5797,0.9844865406181545
1,5798,0.9730630308451066
1,5799,0.9923588301078082
1,5800,0.993062447546092
1,5801,0.993764138301277
1,5802,0.9954821801197637
1,5803,0.9392300491846014
1,5804,0.9961638929096865
1,5805,0.9610125298513221
1,5806,0.9718726057556137
1,5807,0.9969988616687729
1,5808,0.9929062601094866
1,5809,0.9343859070029313
1,5810,0.9568193003574378
1,5811,0.9724541083056255
1,5812,0.97169562019409
1,5813,0.9980091633876472
1,5814,0.9755022099085148
1,5815,0.9930943585963699
1,5816,0.9806084143731778
1,5817,0.9896619218493143
1,5818,0.9933561880700172
1,5819,0.9776887015280343
1,5820,0.9889505068010596
1,5821,0.9685199671994678
1,5822,0.9974866998241849
1,5823,0.9326389633732958
1,5824,0.9857207781895874
1,5825,0.9839465154576312
1,5826,0.9803221364523242
1,5827,0.9896500839641755
1,5828,0.9556285427256498
1,5829,0.9921168643356866
1,5830,0.9956928182381996
1,5831,0.9946688614326074
1,5832,0.9726033629150637
1,5833,0.9920834021248597
1,5834,0.989717288028411
1,5835,0.9879955640668951
1,5836,0.9676975412618909
1,5837,0.9915926200108279
1,5838,0.9922250664331689
1,5839,0.9890301204850593
1,5840,0.9880753557965326
1,5841,0.9858971316293238
1,5842,0.974771335793236
1,5843,0.9800525355253669
1,5844,0.993900451288424
1,5845,0.9819521404437532
1,5846,0.9821556238811879
1,5847,0.9945449358517526
1,5848,0.9776231571922946
1,5849,0.9975474413089831
1,5850,0.9863270355156153
1,5851,0.9903883789165407
1,5852,0.9497663102376867
1,5853,0.9928757858546582
1,5854,0.9859664614592312
1,5855,0.9868855501946276
1,5856,0.9951744777060741
1,5857,0.9799634448953143
1,5858,0.9801014480112936
1,5859,0.9904950599242381
1,5860,0.9929937292470552
1,5861,0.9782956715462698
1,5862,0.9936756972451152
1,5863,0.9661197769059916
1,5864,0.9957742501157392
1,5865,0.9913553734615466
1,5866,0.9674936256242928
1,5867,0.9789167013605193
1,5868,0.9808166003502996
1,5869,0.9869271508882544
1,5870,0.9961961548166209
1,5871,0.9862322067466651
1,5872,0.9883571479675352
1,5873,0.9671256111456327
1,5874,0.9385686456807619
1,5875,0.9332063141624937
1,5876,0.9953024878910925
1,5877,0.9955481421070147
1,5878,0.9835424151955593
1,5879,0.9911942590067073
1,5880,0.975765800613245
1,5881,0.9739700893335188
1,5882,0.9869063762139574
1,5883,0.9838424418077102
1,5884,0.9748699390104106
1,5885,0.9932260693697156
1,5886,0.993376311368949
1,5887,0.9509007357678108
1,5888,0.9340521684781091
1,5889,0.9888480064750453
1,5890,0.9810204150464008
1,5891,0.9661353283546654
1,5892,0.9897564550994162
1,5893,0.9887437603368887
1,5894,0.9863051920686113
1,5895,0.9764308515877772
1,5896,0.9822472865498953
1,5897,0.9922370446318763
1,5898,0.9951616781110859
1,5899,0.978648914358198
1,5900,0.9936776154063806
1,5901,0.9734631358449288
1,5902,0.9918431192188704
1,5903,0.9784712572399206
1,5904,0.9892778543681896
1,5905,0.9872766768267692
1,5906,0.9854228564865678
1,5907,0.9898196570131957
1,5908,0.9891286189232191
1,5909,0.9672386435561017
1,5910,0.9883890585648432
1,5911,0.9875106120034194
1,5912,0.9857695020966588
1,5913,0.9936877547410676
1,5914,0.9870370534463931
1,5915,0.991677488425053
1,5916,0.9927667351605295
1,5917,0.9826633593569898
1,5918,0.9385598493828391
1,5919,0.9977859657331345
1,5920,0.9627450112448745
1,5921,0.9913201193273434
1,5922,0.9963638684236428
1,5923,0.9921180456921566
1,5924,0.9920345682221651
1,5925,0.9896102111913428
1,5926,0.9882860709781587
1,5927,0.9846642512263174
1,5928,0.9829078933160138
1,5929,0.9960360927506188
1,5930,0.9808679956412273
1,5931,0.9613432265826266
1,5932,0.9920773230614213
1,5933,0.9484456505640334
1,5934,0.9875856270297538
1,5935,0.9909487711576894
1,5936,0.9675449949033861
1,5937,0.9725235171401502
1,5938,0.9779940673884462
1,5939,0.9589683728684271
1,5940,0.9916396146392987
1,5941,0.969095494543265
1,5942,0.9894696546094738
1,5943,0.9748866875059292
1,5944,0.9892614686494169
1,5945,0.9806665688614525
1,5946,0.9628760637902433
1,5947,0.9874849440630419
1,5948,0.9505622055604639
1,5949,0.9792755297982537
1,5950,0.9805885477030892
1,5951,0.9919584816269731
1,5952,0.9835040560835165
1,5953,0.9926298319849733
1,5954,0.9167813731768111
1,5955,0.9696060311713839
1,5956,0.9957231915203301
1,5957,0.989648491607983
1,5958,0.9958590814200428
1,5959,0.9748174121237746
1,5960,0.9763405109402202
1,5961,0.9832170549256025
1,5962,0.9801615389347892
1,5963,0.9819729098843984
1,5964,0.9865886640227082
1,5965,0.9713475589481583
1,5966,0.9845785940339405
1,5967,0.992669947425772
1,5968,0.9745509487133583
1,5969,0.9948098610127902
1,5970,0.9856301747427106
1,5971,0.9847487860660692
1,5972,0.9818632258619063
1,5973,0.9746690179490604
1,5974,0.9932400110169888
1,5975,0.9713421439400375
1,5976,0.9892882251014303
1,5977,0.9815103773403104
1,5978,0.9620658938420026
1,5979,0.9936306750292014
1,5980,0.9928049963048808
1,5981,0.9778576565628794
1,5982,0.9883352196757431
1,5983,0.9939156395738263
1,5984,0.9938855426234288
1,5985,0.9926362843544334
1,5986,0.9743194056551476
1,5987,0.996259885385712
1,5988,0.9952829511265301
1,5989,0.9739378378138251
1,5990,0.9926068118509161
1,5991,0.9678677809225119
1,5992,0.9780264962549859
1,5993,0.9884803330699975
1,5994,0.9919119145114751
1,5995,0.9915514647341467
1,5996,0.9915680437089592
1,5997,0.9910785536206254
1,5998,0.9863170079181023
1,5999,0.9584786369938105
1,6000,0.9914155703459193
1,6001,0.9419397202962424
1,6002,0.9792294500746904
1,6003,0.9516713022736798
1,6004,0.9870456174749124
1,6005,0.9945611045388102
1,6006,0.9823694409435342
1,6007,0.9777630349810174
1,6008,0.9720223366129389
1,6009,0.9933931444216754
1,6010,0.9898935443125149
1,6011,0.9930467954835015
1,6012,0.995249318792806
1,6013,0.9817435387760838
1,6014,0.9649365503322609
1,6015,0.9951394315953831
1,6016,0.9959275840254713
1,6017,0.8989226898374829
1,6018,0.9472602482052871
1,6019,0.9908910256599451
1,6020,0.9855991095440992
1,6021,0.979859235355762
1,6022,0.971331405692305
1,6023,0.9716597537001765
1,6024,0.9846215585801918
1,6025,0.9255166857380489
1,6026,0.9937118312993476
1,6027,0.9941088397412715
1,6028,0.9911246075519584
1,6029,0.9463242573590301
1,6030,0.977704937276754
1,6031,0.9828547450598121
1,6032,0.9949623265494842
1,6033,0.9752202419634751
1,6034,0.9876193197026976
1,6035,0.9867956630903025
1,6036,0.9828918463648116
1,6037,0.997957655189246
1,6038,0.9569678949958836
1,6039,0.9907993107517319
1,6040,0.9956252022655968
1,6041,0.9820914258139926
1,6042,0.9954560763713448
1,6043,0.9774435232974569
1,6044,0.9742790606634495
1,6045,0.9920357578019591
1,6046,0.9827867518375948
1,6047,0.993067620760207
1,6048,0.9653120233802961
1,6049,0.9865296335778159
1,6050,0.9778103031442715
1,6051,0.989990905480807
1,6052,0.9912349992616064
1,6053,0.9847378181928043
1,6054,0.9469645088105304
1,6055,0.9831047341868309
1,6056,0.9825807887557074
1,6057,0.9760807413555034
1,6058,0.9855238916547949
1,6059,0.9825948015689325
1,6060,0.9840043112733426
1,6061,0.9820422006396408
1,6062,0.9971910139718689
1,6063,0.9972423161647984
1,6064,0.9951294104310289
1,6065,0.9697286873821076
1,6066,0.9658559567090702
1,6067,0.9846547078038757
1,6068,0.9293205729287906
1,6069,0.9945562410261962
1,6070,0.9763938370687396
1,6071,0.9915272634697635
1,6072,0.9931786033242114
1,6073,0.9728413569212472
1,6074,0.9699435699124258
1,6075,0.9921958810818302
1,6076,0.9943358067543526
1,6077,0.9503807257873229
1,6078,0.9972708041735747
1,6079,0.929518629732063
1,6080,0.9879737367657717
1,6081,0.9826586495462483
1,6082,0.9727695500239383
1,6083,0.9845749236518285
1,6084,0.987989935539237
1,6085,0.9904192801318961
1,6086,0.9859904245170492
1,6087,0.981814800642958
1,6088,0.9893361176169
1,6089,0.985160691176661
1,6090,0.988546320925884
1,6091,0.9844194839209177
1,6092,0.9798227471778514
1,6093,0.9929016463055551
1,6094,0.9853428420671562
1,6095,0.9375833382387957
1,6096,0.9776329967797859
1,6097,0.9834625571199525
1,6098,0.9663407616424686
1,6099,0.9505801659879054
1,6100,0.9869645088715222
1,6101,0.9844892790097456
1,6102,0.9860714760758389
1,6103,0.9951769804772845
1,6104,0.9865403325381489
1,6105,0.9749085794548997
1,6106,0.9941390876024621
1,6107,0.9705588918798642
1,6108,0.9911853287455463
1,6109,0.975542125003309
1,6110,0.9908965839363539
1,6111,0.9326246050521391
1,6112,0.9448510943172884
1,6113,0.96396605120505785
1,6114,0.9693807629426118
1,6115,0.9882120100290781
1,6116,0.966565596513254
1,6117,0.9893829014202274
1,6118,0.9937731611783661
1,6119,0.9919447635683407
1,6120,0.9876156734664531
1,6121,0.9816485124744984
1,6122,0.9922870476636628
1,6123,0.9595456997090877
1,6124,0.9842596765602766
1,6125,0.9887938910267993
1,6126,0.9783418870986899
1,6127,0.9894947991803833
1,6128,0.9856272482275384
1,6129,0.9791372449963668
1,6130,0.9846734176336918
1,6131,0.9837176494207791
1,6132,0.9830813953254287
1,6133,0.9810682159260897
1,6134,0.9902698593765801
1,6135,0.9842305296010198
1,6136,0.9722864455968044
1,6137,0.9913560888009618
1,6138,0.9305367108349379
1,6139,0.9918440515358762
1,6140,0.9711520322024955
1,6141,0.9812955322525493
1,6142,0.9782203933636692
1,6143,0.9890919057912603
1,6144,0.9850667570282873
1,6145,0.9854603241695844
1,6146,0.991271398926572
1,6147,0.9694774426241023
1,6148,0.985992128028869
1,6149,0.9828681335762595
1,6150,0.9789313714366102
1,6151,0.9913779638430683
1,6152,0.9829398822669005
1,6153,0.9950899905036159
1,6154,0.9732644140129282
1,6155,0.9949742169127604
1,6156,0.9962581808117784
1,6157,0.9358334065343294
1,6158,0.9950745056857034
1,6159,0.9735643798284488
1,6160,0.9944241409608963
1,6161,0.9641782695151104
1,6162,0.9881166028190108
1,6163,0.9912673903777821
1,6164,0.9920963214819427
1,6165,0.9841333255954137
1,6166,0.9873608820579111
1,6167,0.9954161703473008
1,6168,0.9945433358944296
1,6169,0.9965164828865609
1,6170,0.9955633064982587
1,6171,0.9947164169612914
1,6172,0.9938020219903898
1,6173,0.9727139596264822
1,6174,0.9921047774359946
1,6175,0.965860451562446
1,6176,0.946393550385052
1,6177,0.9923680530761059
1,6178,0.9921127133257243
1,6179,0.9926071981927783
1,6180,0.980068150358874
1,6181,0.9875045798970158
1,6182,0.9652856136237603
1,6183,0.9755421677286338
1,6184,0.9744864450618442
1,6185,0.995846256748586
1,6186,0.9673983339250368
1,6187,0.9937483744489175
1,6188,0.9913028665514474
1,6189,0.9867303529730735
1,6190,0.9877265014857394
1,6191,0.9807553032814681
1,6192,0.9632664375718613
1,6193,0.9554842351023928
1,6194,0.9877016388198606
1,6195,0.9908739603211799
1,6196,0.9567995431184844
1,6197,0.9866050356863357
1,6198,0.9910668821089247
1,6199,0.9860276368143368
1,6200,0.9838311224325182
1,6201,0.9850632385116447
1,6202,0.9854104815127737
1,6203,0.9916494007052337
1,6204,0.9912646092806952
1,6205,0.9819455265710172
1,6206,0.9860290138024411
1,6207,0.9884818491612251
1,6208,0.9708589174712143
1,6209,0.9866904425930416
1,6210,0.9936039173165208
1,6211,0.9900038785450175
1,6212,0.989217292036208
1,6213,0.981028072278804
1,6214,0.9951591432770966
1,6215,0.9142805435792132
1,6216,0.9711102387168853
1,6217,0.98926375119397425
1,6218,0.9849745083087377
1,6219,0.9793989325326792
1,6220,0.9920811395228879
1,6221,0.9976346907176
1,6222,0.9939398763712914
1,6223,0.9948222810530998
1,6224,0.9629497610503184
1,6225,0.9933443219226654
1,6226,0.9848370748378942
1,6227,0.9986968387961008
1,6228,0.9393520137337038
1,6229,0.991928779101971
1,6230,0.9785013311541543
1,6231,0.9953288023378692
1,6232,0.9045723561856313
1,6233,0.9573105332963374
1,6234,0.9932263986317202
1,6235,0.9613112796148606
1,6236,0.990438884352919
1,6237,0.9791838659616475
1,6238,0.9882232852699445
1,6239,0.9545582517583403
1,6240,0.9925500265766826
1,6241,0.9879902762073051
1,6242,0.9675552420050659
1,6243,0.9752286516311119
1,6244,0.9874923280321051
1,6245,0.9575816552279358
1,6246,0.9897200928667091
1,6247,0.9960875751120389
1,6248,0.98036960513697
1,6249,0.9896755155636432
1,6250,0.9886175467264957
1,6251,0.9922812144421073
1,6252,0.9717142731353529
1,6253,0.988091974505339
1,6254,0.993413550949192
1,6255,0.9567614425514838
1,6256,0.9891946237035452
1,6257,0.9968549291087537
1,6258,0.9137865429110813
1,6259,0.9801535441834688
1,6260,0.9875871677560542
1,6261,0.9928705168411751
1,6262,0.9874314600054832
1,6263,0.9703951096370173
1,6264,0.9882677447957022
1,6265,0.9959637170746125
1,6266,0.9914498599787966
1,6267,0.9857606969644426
1,6268,0.9738958222093783
1,6269,0.9836593938312772
1,6270,0.9821371780393892
1,6271,0.9856500369004002
1,6272,0.9876700541038005
1,6273,0.9937694298510105
1,6274,0.9945641749642944
1,6275,0.9785077496346377
1,6276,0.9887717072586899
1,6277,0.9830394742946887
1,6278,0.9528419498832047
1,6279,0.9799677160270647
1,6280,0.9865053565866813
1,6281,0.9853964946919098
1,6282,0.9801380464239184
1,6283,0.9937428279693483
1,6284,0.997265602812819
1,6285,0.9880044737807355
1,6286,0.9829734887032414
1,6287,0.9919408259547746
1,6288,0.9883965538491069
1,6289,0.9910524874949033
1,6290,0.9878240630388717
1,6291,0.9834502052282558
1,6292,0.986102755993608
1,6293,0.9968763158263761
1,6294,0.94286242998682
1,6295,0.9364483185496651
1,6296,0.9213436659230614
1,6297,0.9896831976161697
1,6298,0.9815095018369262
1,6299,0.9965084432013565
1,6300,0.9917222483844533
1,6301,0.9823562672918122
1,6302,0.993679605133972
1,6303,0.961788304326919
1,6304,0.9914421981312528
1,6305,0.9836703938092072
1,6306,0.9875006198758002
1,6307,0.9672780190249757
1,6308,0.9922757388147736
1,6309,0.9404380304201962
1,6310,0.9900827959755844
1,6311,0.9906884460565725
1,6312,0.9884689787677604
1,6313,0.989795892502055
1,6314,0.9908951411796444
1,6315,0.9917784099857792
1,6316,0.9805309203655337
1,6317,0.9903209348756451
1,6318,0.952349011025384
1,6319,0.9939862389324946
1,6320,0.9810968833560784
1,6321,0.9882551529142976
1,6322,0.9879503789571663
1,6323,0.9710105105735115
1,6324,0.9821662055855337
1,6325,0.9732429211318251
1,6326,0.990196513527677
1,6327,0.9934766402877346
1,6328,0.9882231718495581
1,6329,0.9714977377456592
1,6330,0.9901651481812099
1,6331,0.9464306357641334
1,6332,0.9922689207318789
1,6333,0.9918743390133058
1,6334,0.9878425584792637
1,6335,0.9905681580740969
1,6336,0.9844430190660766
1,6337,0.9918178591821721
1,6338,0.9963877664833536
1,6339,0.9892796495332963
1,6340,0.9928550343308047
1,6341,0.9841715235805997
1,6342,0.9780747411671842
1,6343,0.9843668796708455
1,6344,0.9788560533267945
1,6345,0.9283815304557073
1,6346,0.9809595999471508
1,6347,0.9663796181718052
1,6348,0.986223171892993
1,6349,0.9963559132297508
1,6350,0.9795406025675188
1,6351,0.991577919524904
1,6352,0.99069306469126
1,6353,0.981424011169636
1,6354,0.99025808623215
1,6355,0.9970448844105998
1,6356,0.9841591234638497
1,6357,0.994039555322245
1,6358,0.9792060286416855
1,6359,0.9868611161122945
1,6360,0.9876811752656285
1,6361,0.978091242903475
1,6362,0.9968982401937737
1,6363,0.995062977294454
1,6364,0.9839513540369805
1,6365,0.9853658599072104
1,6366,0.9773299974601802
1,6367,0.9805913705826668
1,6368,0.9751106718898561
1,6369,0.9817023350617311
1,6370,0.9868295414369865
1,6371,0.9865967095428881
1,6372,0.9953327790763506
1,6373,0.9943703101463998
1,6374,0.9963833929447469
1,6375,0.9523490607420009
1,6376,0.9727932705900567
1,6377,0.990934239428238
1,6378,0.9799762613838483
1,6379,0.9937225070663976
1,6380,0.9923912379031484
1,6381,0.9710814589356772
1,6382,0.9952217348385056
1,6383,0.9243185427905958
1,6384,0.9880565723619577
1,6385,0.9778234952507938
1,6386,0.987496473837146
1,6387,0.9791030078788664
1,6388,0.9697478056439862
1,6389,0.9802557574067429
1,6390,0.9828819672792479
1,6391,0.9758107395335445
1,6392,0.9828749668938097
1,6393,0.9798601105842484
1,6394,0.9851493449676725
1,6395,0.9980608716356201
1,6396,0.9519069992195185
1,6397,0.9646057024798245
1,6398,0.9772067950217768
1,6399,0.9849609212392048
1,6400,0.9806297785192843
1,6401,0.9950218707655603
1,6402,0.9685325407696194
1,6403,0.9664523054366354
1,6404,0.9878117695331848
1,6405,0.9681928759420316
1,6406,0.9836733762179951
1,6407,0.9498514137430956
1,6408,0.9875634059544144
1,6409,0.9693478787803088
1,6410,0.992290535016015
1,6411,0.9890580913286877
1,6412,0.9628075419146416
1,6413,0.9895097399048618
1,6414,0.9889629713846143
1,6415,0.9828637155208448
1,6416,0.9979530392721121
1,6417,0.857869187892968
1,6418,0.9971179635599982
1,6419,0.9514925182943922
1,6420,0.9871456791116516
1,6421,0.9248841592488141
1,6422,0.9952829695173397
1,6423,0.9950437293309314
1,6424,0.9634572820404865
1,6425,0.9938173048448473
1,6426,0.9596226513817808
1,6427,0.9804971626942304
1,6428,0.9963533278342538
1,6429,0.9719432017553273
1,6430,0.9594379945691469
1,6431,0.9892205994115699
1,6432,0.9825621532705693
1,6433,0.9831309575143207
1,6434,0.9704600250714919
1,6435,0.9879457921252895
1,6436,0.9893904223499598
1,6437,0.9871249767116229
1,6438,0.9476237049506876
1,6439,0.9902354069458477
1,6440,0.9761349612751521
1,6441,0.9977942502093992
1,6442,0.9728659724773745
1,6443,0.9928718742621284
1,6444,0.9935527750696685
1,6445,0.9529187511871189
1,6446,0.9685763666337519
1,6447,0.9809653000191814
1,6448,0.9743756412689123
1,6449,0.9709124163067857
1,6450,0.9943177902037228
1,6451,0.9958595584645642
1,6452,0.9921934357052016
1,6453,0.9924029265769744
1,6454,0.9814924024788808
1,6455,0.9759304828706038
1,6456,0.9810729259871926
1,6457,0.9877745827888064
1,6458,0.9520001370401917
1,6459,0.9668857070336998
1,6460,0.9819445722006147
1,6461,0.9714412555417591
1,6462,0.9628594560218793
1,6463,0.9941393403507366
1,6464,0.9711454900562315
1,6465,0.9952529188491175
1,6466,0.9980061631539942
1,6467,0.9494232187820575
1,6468,0.9795612084995273
1,6469,0.9955920389551004
1,6470,0.9948434741961585
1,6471,0.9742215784690241
1,6472,0.9924517882650289
1,6473,0.9887446494420528
1,6474,0.9857745621152618
1,6475,0.9539131372741924
1,6476,0.9813952582304786
1,6477,0.9962345730439458
1,6478,0.9141909075085791
1,6479,0.9874082503955689
1,6480,0.9880020251804951
1,6481,0.9736309790315907
1,6482,0.9767242882761878
1,6483,0.9854186363917296
1,6484,0.9930215474026933
1,6485,0.9790840400941153
1,6486,0.9711584503816724
1,6487,0.9915998933519338
1,6488,0.9687732651546676
1,6489,0.9901334746598712
1,6490,0.9876897424336449
1,6491,0.9749865926296152
1,6492,0.9784936720699049
1,6493,0.9934973038857663
1,6494,0.9913834316395557
1,6495,0.997539594887794
1,6496,0.9924420974478954
1,6497,0.9920602442086772
1,6498,0.9819354970540669
1,6499,0.9853119454753032
1,6500,0.981212985876677
1,6501,0.9926672334568911
1,6502,0.9908012896351616
1,6503,0.9413742721407237
1,6504,0.9969080681857588
1,6505,0.9974102931821707
1,6506,0.9751897824036789
1,6507,0.9946809304931346
1,6508,0.9739130612675041
1,6509,0.9910024657982567
1,6510,0.9977372206038871
1,6511,0.9984584584253338
1,6512,0.9906895341271014
1,6513,0.9900981005568235
1,6514,0.9663152446310677
1,6515,0.9828724449230823
1,6516,0.9782251795764016
1,6517,0.960309356074829
1,6518,0.9915474769113164
1,6519,0.9819906108171318
1,6520,0.9818853630366137
1,6521,0.9788923104599626
1,6522,0.9925093529945488
1,6523,0.9980968469422171
1,6524,0.9804026214073265
1,6525,0.9900388089223123
1,6526,0.9842747157089777
1,6527,0.9890547336211698
1,6528,0.9916500987674393
1,6529,0.957979797973347
1,6530,0.9883233427620761
1,6531,0.9951760049894899
1,6532,0.9742144467052198
1,6533,0.979240776267172
1,6534,0.9902363845445191
1,6535,0.988031202859134
1,6536,0.9943742252133606
1,6537,0.9668354304679443
1,6538,0.9840413278937539
1,6539,0.9498389516873827
1,6540,0.9829425303357795
1,6541,0.9971525530458705
1,6542,0.9904645580781769
1,6543,0.9824916587566163
1,6544,0.9938664945934956
1,6545,0.9832928022758936
1,6546,0.9916108552187689
1,6547,0.9802673746525414
1,6548,0.9892664382145927
1,6549,0.9902561850022348
1,6550,0.9596940943473716
1,6551,0.9740739951226449
1,6552,0.9952432940090021
1,6553,0.9981370781805478
1,6554,0.9946443263324147
1,6555,0.9879574571245243
1,6556,0.9683844161060815
1,6557,0.9619003772009678
1,6558,0.9663627328797981
1,6559,0.9852817493527943
1,6560,0.9719462235267291
1,6561,0.9954117242404492
1,6562,0.9583613456279297
1,6563,0.9879420716276976
1,6564,0.9648470620860641
1,6565,0.9777541290691403
1,6566,0.98046973282058
1,6567,0.9394392161742653
1,6568,0.9830954333042002
1,6569,0.9880347702096497
1,6570,0.9731208049715777
1,6571,0.9950155396192926
1,6572,0.9850461020977302
1,6573,0.9847226896306539
1,6574,0.9970122547312459
1,6575,0.9904012815858607
1,6576,0.9983737459767773
1,6577,0.9776290612843578
1,6578,0.9955945661534586
1,6579,0.950998081968403
1,6580,0.9975644163174392
1,6581,0.9970320482137162
1,6582,0.98617690159056
1,6583,0.9944065397103675
1,6584,0.9875162812638497
1,6585,0.9974018167609885
1,6586,0.9867342688488663
1,6587,0.9821107455271902
1,6588,0.9765403826539902
1,6589,0.9740125269308113
1,6590,0.9811710737525711
1,6591,0.996125241723575
1,6592,0.9737929625123668
1,6593,0.9826542712600114
1,6594,0.9885119685369858
1,6595,0.9951358592319373
1,6596,0.9917219737313024
1,6597,0.9953118162053035
1,6598,0.988491793779513
1,6599,0.9693075476718956
1,6600,0.9858666360127839
1,6601,0.9847403638924591
1,6602,0.9935203357305051
1,6603,0.9545021509389354
1,6604,0.9763170590961194
1,6605,0.9783592608978786
1,6606,0.9903914382738762
1,6607,0.9713651436096515
1,6608,0.9768644317971602
1,6609,0.9972628265175038
1,6610,0.9952798565123471
1,6611,0.9540742094585605
1,6612,0.994391777896852
1,6613,0.987156965831576
1,6614,0.9884269739847035
1,6615,0.9856874370856549
1,6616,0.9681462146059512
1,6617,0.9865569438022939
1,6618,0.9972629136682516
1,6619,0.9941598774883097
1,6620,0.9919662500579598
1,6621,0.9484361809578592
1,6622,0.9956832466798258
1,6623,0.9808092890768441
1,6624,0.9757768313018701
1,6625,0.9925982869908425
1,6626,0.9931240598893641
1,6627,0.983395549883438
1,6628,0.9979140726108257
1,6629,0.9607517841278965
1,6630,0.9949258163953005
1,6631,0.9940929885044878
1,6632,0.937582903471404
1,6633,0.9895034863385463
1,6634,0.9609154698496138
1,6635,0.9669737081307606
1,6636,0.970010654197657
1,6637,0.990523818708975
1,6638,0.9806889768483201
1,6639,0.9864924879997012
1,6640,0.9943909412660121
1,6641,0.9825422157694182
1,6642,0.9961834599000492
1,6643,0.9326656319213483
1,6644,0.9727458661245915
1,6645,0.9818627071476075
1,6646,0.9783528383166803
1,6647,0.9927186398979592
1,6648,0.9683694874930273
1,6649,0.9849452777198184
1,6650,0.9855510378860606
1,6651,0.9806188972184257
1,6652,0.9826358312003154
1,6653,0.9866177935692209
1,6654,0.9684389657523157
1,6655,0.9926691664281834
1,6656,0.9931049273294096
1,6657,0.9895635326852716
1,6658,0.9721945582407271
1,6659,0.9880823526621145
1,6660,0.9790195624457355
1,6661,0.9921207127905943
1,6662,0.9940487461363099
1,6663,0.9889153919363878
1,6664,0.9941485649316887
1,6665,0.9932910079389674
1,6666,0.9889132742809027
1,6667,0.9619699929508945
1,6668,0.9790316384873311
1,6669,0.9910617907162289
1,6670,0.9460869273817161
1,6671,0.98870633810094255
1,6672,0.9960131118108139
1,6673,0.9750986559232444
1,6674,0.9702290306639171
1,6675,0.9870200432881994
1,6676,0.9649111459412705
1,6677,0.9868115198258413
1,6678,0.9933504136732514
1,6679,0.9751132260812448
1,6680,0.9927112448117076
1,6681,0.9774295456023094
1,6682,0.9543446715793619
1,6683,0.9536441876813898
1,6684,0.9819534167551532
1,6685,0.9758795654407003
1,6686,0.9922313046150476
1,6687,0.9837598067114773
1,6688,0.957825977741042
1,6689,0.9907335161747761
1,6690,0.9899270319755694
1,6691,0.9775855443164
1,6692,0.9977093392095944
1,6693,0.9969034438616259
1,6694,0.9421938049470504
1,6695,0.9984886676148382
1,6696,0.9984270812823478
1,6697,0.9459360860565035
1,6698,0.9958898363439389
1,6699,0.9889784241605022
1,6700,0.9658031565254933
1,6701,0.9788304333976305
1,6702,0.9911164418678209
1,6703,0.9885492247443733
1,6704,0.9899548168291407
1,6705,0.9986906189439162
1,6706,0.9498770810809347
1,6707,0.9932658262356002
1,6708,0.9944480972673357
1,6709,0.9945753968601124
1,6710,0.9656126885693922
1,6711,0.996913253480304
1,6712,0.991033879795831
1,6713,0.9864809326684684
1,6714,0.9700720356517352
1,6715,0.9751891109307061
1,6716,0.952789604838706
1,6717,0.991775891625991
1,6718,0.9922352516392979
1,6719,0.960571660339427
1,6720,0.9608136198975104
1,6721,0.9666356867108119
1,6722,0.9842672479953165
1,6723,0.9928955156760971
1,6724,0.9878957750383663
1,6725,0.9733766180215319
1,6726,0.9473513762546198
1,6727,0.9919073613179706
1,6728,0.9430015196284147
1,6729,0.9979185123368741
1,6730,0.9961793460183221
1,6731,0.9500947886522475
1,6732,0.9790277111520116
1,6733,0.9876544839559744
1,6734,0.9962153863021781
1,6735,0.9981414370133957
1,6736,0.9698953364925901
1,6737,0.9859684034201988
1,6738,0.993754355756815
1,6739,0.9813453231301698
1,6740,0.9954797213068308
1,6741,0.9744907616216735
1,6742,0.9746022677297685
1,6743,0.9743683387880201
1,6744,0.9486617567106229
1,6745,0.9471865396681969
1,6746,0.9892535333174759
1,6747,0.9632349062945287
1,6748,0.9951303189062967
1,6749,0.9813161285997304
1,6750,0.9830997122416866
1,6751,0.9872684403705001
1,6752,0.9720633827673735
1,6753,0.9938223822352246
1,6754,0.9791321434715549
1,6755,0.9970034789491109
1,6756,0.9703199724535437
1,6757,0.9839840789446861
1,6758,0.9907099019777995
1,6759,0.986819013200535
1,6760,0.9765980625542411
1,6761,0.9848469034311382
1,6762,0.9867889863452652
1,6763,0.9837508964646229
1,6764,0.9777076669397838
1,6765,0.9834368053684927
1,6766,0.98594995300672
1,6767,0.9907326304979208
1,6768,0.9770402538983072
1,6769,0.9954703014528401
1,6770,0.9930306315439118
1,6771,0.9924558870676268
1,6772,0.9816965141059727
1,6773,0.9821090084780014
1,6774,0.9828270319943467
1,6775,0.9896437001140937
1,6776,0.9889312089359024
1,6777,0.9923103186928962
1,6778,0.978379996930904
1,6779,0.989398660644871
1,6780,0.992386322854901
1,6781,0.9829085577267159
1,6782,0.99490949599792
1,6783,0.990847038567005
1,6784,0.9832763844690472
1,6785,0.987931999438165
1,6786,0.9797857954216801
1,6787,0.9804484123438871
1,6788,0.9783366019606752
1,6789,0.9670031873927661
1,6790,0.997875863580624
1,6791,0.9815290347783041
1,6792,0.9760657699793378
1,6793,0.9831795620251295
1,6794,0.9859877678993344
1,6795,0.9901180200763234
1,6796,0.9900205991649164
1,6797,0.9909671686639084
1,6798,0.9922020083113181
1,6799,0.9711475157262401
1,6800,0.98629424219162
1,6801,0.9898793295428508
1,6802,0.9903343587414557
1,6803,0.9860577595414355
1,6804,0.9777958562029679
1,6805,0.9875211976856645
1,6806,0.9823464543664797
1,6807,0.9885068206767816
1,6808,0.9808159163524173
1,6809,0.9644796574633028
1,6810,0.9565040763809329
1,6811,0.9901030401565887
1,6812,0.977238279645239
1,6813,0.9845867029493389
1,6814,0.9880623548575992
1,6815,0.9874644968339575
1,6816,0.9757168708486426
1,6817,0.9948916648340317
1,6818,0.9823670438947445
1,6819,0.9969711247444794
1,6820,0.992287263383984
1,6821,0.9803709700184445
1,6822,0.9656483386747998
1,6823,0.994796916986875
1,6824,0.9908026268578508
1,6825,0.9933486212800119
1,6826,0.9515562211105201
1,6827,0.9853483332523874
1,6828,0.9865274336365397
1,6829,0.9699026092937582
1,6830,0.9898825503989511
1,6831,0.9814656515840698
1,6832,0.990692472347421
1,6833,0.9918493550878408
1,6834,0.9880565943466119
1,6835,0.9814363105119687
1,6836,0.9763466847595895
1,6837,0.9785355162454223
1,6838,0.9908810738835875
1,6839,0.9870697844277654
1,6840,0.9836953428429115
1,6841,0.974131747407935
1,6842,0.9833995252571059
1,6843,0.9922604601251117
1,6844,0.9918177092225676
1,6845,0.9965728165634983
1,6846,0.9582379957694201
1,6847,0.9916788647398959
1,6848,0.968510864515406
1,6849,0.995336227454212
1,6850,0.9845563549162489
1,6851,0.9888690895646657
1,6852,0.9893993117453761
1,6853,0.968047040872084
1,6854,0.993565418247533
1,6855,0.9552751678447848
1,6856,0.994689197272267
1,6857,0.9825751683386861
1,6858,0.9933147532988652
1,6859,0.9807860189837414
1,6860,0.989104297391618
1,6861,0.9921782763756412
1,6862,0.9738095558579902
1,6863,0.9741624694795398
1,6864,0.9782744010780684
1,6865,0.9935949920178392
1,6866,0.9891573346052946
1,6867,0.9690889788169885
1,6868,0.998600257917361
1,6869,0.9568584832280245
1,6870,0.9913246329080796
1,6871,0.9905243742241053
1,6872,0.9132415123618738
1,6873,0.9899319384934244
1,6874,0.9943413984144215
1,6875,0.9799288420871597
1,6876,0.9802473034368756
1,6877,0.9666322561487051
1,6878,0.9686897089557441
1,6879,0.988469912643248
1,6880,0.9576511819700347
1,6881,0.9797053637077826
1,6882,0.9642193444464839
1,6883,0.9458908597220572
1,6884,0.9857725036080468
1,6885,0.9850218205902119
1,6886,0.9867563687574796
1,6887,0.985939083749705
1,6888,0.9814204001550234
1,6889,0.9580156106194718
1,6890,0.9918124765692775
1,6891,0.9697164724651006
1,6892,0.9921082412146638
1,6893,0.9789671862044226
1,6894,0.9941979245825284
1,6895,0.9856156178363347
1,6896,0.9741431043511719
1,6897,0.978720524002283
1,6898,0.991275088434287
1,6899,0.9795681891414824
1,6900,0.9878134185477123
1,6901,0.985564143188409
1,6902,0.9875218723703786
1,6903,0.9665199374465037
1,6904,0.9791145379726492
1,6905,0.9815479504105107
1,6906,0.9948300479349699
1,6907,0.9975489984088299
1,6908,0.99757762923603
1,6909,0.9716596602425456
1,6910,0.9935584373252053
1,6911,0.9954842344036163
1,6912,0.9755550554020133
1,6913,0.9912899320978834
1,6914,0.9916259705946974
1,6915,0.9920934052861221
1,6916,0.9885082365210006
1,6917,0.9735073015062655
1,6918,0.9841647748540545
1,6919,0.954027006800238
1,6920,0.9925865284893632
1,6921,0.9974733513266972
1,6922,0.9802497940642638
1,6923,0.9729121032071367
1,6924,0.993824388914598
1,6925,0.9696907923278921
1,6926,0.9913265680821188
1,6927,0.982526780349349
1,6928,0.9790202121788805
1,6929,0.9656073460244478
1,6930,0.9653580585826257
1,6931,0.9924682174437004
1,6932,0.9754558869263497
1,6933,0.9901061830630845
1,6934,0.9883114709182085
1,6935,0.9731893955281773
1,6936,0.9971866781890903
1,6937,0.9533830818847996
1,6938,0.9879830871373653
1,6939,0.9797701002519107
1,6940,0.9822074304704279
1,6941,0.9860022675825009
1,6942,0.9954990350427628
1,6943,0.9878433690424666
1,6944,0.9691328042955317
1,6945,0.9864570370542298
1,6946,0.9891118138241276
1,6947,0.9880284378491879
1,6948,0.9702730088763157
1,6949,0.9874872031237334
1,6950,0.9918045732398464
1,6951,0.9899723369806397
1,6952,0.9872456645436798
1,6953,0.9895523823497
1,6954,0.9930142306320484
1,6955,0.974189201801201
1,6956,0.9839169853853481
1,6957,0.9806733117925589
1,6958,0.9762855071890989
1,6959,0.986789776309256
1,6960,0.9908975354339427
1,6961,0.9914625889763712
1,6962,0.9864314852709773
1,6963,0.9649109346780373
1,6964,0.9820215848339571
1,6965,0.9434076982759264
1,6966,0.9843373682425295
1,6967,0.928677907568084
1,6968,0.9721564486854096
1,6969,0.9942951757155735
1,6970,0.9938188693458437
1,6971,0.9804659952827168
1,6972,0.9922689276842237
1,6973,0.967207824356175
1,6974,0.9757750477759288
1,6975,0.993083272597014
1,6976,0.8835486459772175
1,6977,0.9981991210674377
1,6978,0.9938775729262163
1,6979,0.9484561037915633
1,6980,0.9930854523895615
1,6981,0.9890996474465831
1,6982,0.9772984360637414
1,6983,0.992894520290623
1,6984,0.9927217856828223
1,6985,0.9924917594890916
1,6986,0.9835102037690281
1,6987,0.9854154277251902
1,6988,0.986604729438325
1,6989,0.9782204032301968
1,6990,0.9942374942374227
1,6991,0.9953712142601467
1,6992,0.9935825128255655
1,6993,0.997132543041678
1,6994,0.976612490138734
1,6995,0.9823816991280532
1,6996,0.9819951869375173
1,6997,0.9760149174226761
1,6998,0.9915862956169622
1,6999,0.9939527343382812
1,7000,0.9877993299440658
1,7001,0.9877648085177768
1,7002,0.9846961461365391
1,7003,0.9912871824449028
1,7004,0.998672258787987
1,7005,0.9814534305388036
1,7006,0.9813134601307394
1,7007,0.9919858435405217
1,7008,0.9907138541740836
1,7009,0.992786681337018
1,7010,0.9888218376013435
1,7011,0.9895638629290451
1,7012,0.9730781574594706
1,7013,0.9780914722314757
1,7014,0.9668139363014071
1,7015,0.9813598481819045
1,7016,0.988995078473617
1,7017,0.9707593900934365
1,7018,0.9710497886226117
1,7019,0.9979280389872257
1,7020,0.9971940288347075
1,7021,0.9594879871179741
1,7022,0.99154749993551194
1,7023,0.9552382163262558
1,7024,0.9661248684109381
1,7025,0.9889927965697056
1,7026,0.9713658127109659
1,7027,0.9894403755049874
1,7028,0.984937195288694
1,7029,0.9646057376246985
1,7030,0.9887305436408046
1,7031,0.9126181857771071
1,7032,0.9987799537887465
1,7033,0.9961548777960708
1,7034,0.9846525375578727
1,7035,0.9218168414300753
1,7036,0.9829496506353057
1,7037,0.9856765097787279
1,7038,0.9951895536099391
1,7039,0.9904092026829325
1,7040,0.9817055292805019
1,7041,0.9909834446691704
1,7042,0.9834210361092418
1,7043,0.9758239851542776
1,7044,0.9857581389951144
1,7045,0.9969275828781724
1,7046,0.9927180797818357
1,7047,0.9868873867371641
1,7048,0.9951245100683181
1,7049,0.9839560161607321
1,7050,0.9854318724936107
1,7051,0.974492519103561
1,7052,0.9744962999321406
1,7053,0.9718619976162302
1,7054,0.9765278970516965
1,7055,0.9946406771972902
1,7056,0.9979864060822876
1,7057,0.9794923926707109
1,7058,0.9943391242953894
1,7059,0.9869466780233206
1,7060,0.9903456156480944
1,7061,0.9927573320608856
1,7062,0.971260738227533
1,7063,0.9830324225334127
1,7064,0.9657747053393415
1,7065,0.9885855492397341
1,7066,0.9572658639788209
1,7067,0.9893896545446298
1,7068,0.9567050771781646
1,7069,0.9766730499121388
1,7070,0.9810119204747598
1,7071,0.9785963533405421
1,7072,0.9963186361785755
1,7073,0.9747185924132963
1,7074,0.9718452292311784
1,7075,0.9586681027020258
1,7076,0.9764016380323988
1,7077,0.9785885922682219
1,7078,0.9875332990716126
1,7079,0.9892246666363341
1,7080,0.9939139579535814
1,7081,0.9818889767335461
1,7082,0.9635220336845087
1,7083,0.9827691497815068
1,7084,0.9908820273555629
1,7085,0.9934011992841445
1,7086,0.9703098362073275
1,7087,0.9931914143000219
1,7088,0.9826989096886207
1,7089,0.982944108902347
1,7090,0.9954039600579686
1,7091,0.9941593000651174
1,7092,0.9835567862505983
1,7093,0.9890681862282761
1,7094,0.9628044260712437
1,7095,0.9982761228900153
1,7096,0.9898438210736953
1,7097,0.9750632452712347
1,7098,0.990193532333454
1,7099,0.9483969172492004
1,7100,0.965905163457252
1,7101,0.984460013479888
1,7102,0.9898627028386041
1,7103,0.9868607282016136
1,7104,0.9873778114534772
1,7105,0.9898402033933391
1,7106,0.9889528639887445
1,7107,0.9969373322731256
1,7108,0.941788288746616
1,7109,0.9486986747484373
1,7110,0.9822005182305081
1,7111,0.9877189992403145
1,7112,0.9491012660855177
1,7113,0.9624256664007923
1,7114,0.9874429634218248
1,7115,0.9961723394770357
1,7116,0.9858619166511471
1,7117,0.988266968096241
1,7118,0.9922474848862113
1,7119,0.9718694724818541
1,7120,0.9882187273663012
1,7121,0.9754756238890947
1,7122,0.9902919155942869
1,7123,0.96300383152721
1,7124,0.9915810326248315
1,7125,0.9889481088155805
1,7126,0.9836100036388683
1,7127,0.9756528637718014
1,7128,0.9853481467964779
1,7129,0.9908269367487891
1,7130,0.9947018114948039
1,7131,0.9803922139644616
1,7132,0.9805064619593029
1,7133,0.9710547447609871
1,7134,0.9892021896840314
1,7135,0.9729672966795209
1,7136,0.9947711199779142
1,7137,0.9750060049617635
1,7138,0.9855642483094559
1,7139,0.9782043285602812
1,7140,0.9765474315400204
1,7141,0.9814147444773756
1,7142,0.9839646962684232
1,7143,0.9906255039132537
1,7144,0.9840121589631557
1,7145,0.9912277305452384
1,7146,0.9936432915392267
1,7147,0.9709120455185415
1,7148,0.9944243414274753
1,7149,0.9791143452811031
1,7150,0.9833468089377462
1,7151,0.9898933374716233
1,7152,0.973677290084064
1,7153,0.9756883642376198
1,7154,0.9850727122269004
1,7155,0.9748668997013317
1,7156,0.9701132589315802
1,7157,0.9928727197829612
1,7158,0.9891694608048114
1,7159,0.9917996494299517
1,7160,0.9872106533292353
1,7161,0.9813509782266762
1,7162,0.996423880683113
1,7163,0.9946190551051853
1,7164,0.9891073050760477
1,7165,0.9932194153027928
1,7166,0.9824572397837362
1,7167,0.9581492445771176
1,7168,0.9790784036783232
1,7169,0.9932144178824058
1,7170,0.970656380687658
1,7171,0.9873662621079718
1,7172,0.9743774402691082
1,7173,0.9948136968843801
1,7174,0.9546744586292957
1,7175,0.9929420496717212
1,7176,0.9796074392254528
1,7177,0.9957719143635883
1,7178,0.977839406198065
1,7179,0.9948074844777486
1,7180,0.9931754805775111
1,7181,0.9827491799652974
1,7182,0.9925451182384641
1,7183,0.9870962103110874
1,7184,0.990450606436813
1,7185,0.9872230432771414
1,7186,0.9847759177539901
1,7187,0.9948207001338399
1,7188,0.982670960031549
1,7189,0.9938859599693802
1,7190,0.9839979726508435
1,7191,0.9926327582994976
1,7192,0.9308120877269402
1,7193,0.9973064272063109
1,7194,0.9947351240273129
1,7195,0.9931315246027332
1,7196,0.961118856911896
1,7197,0.9751622688952845
1,7198,0.9785974930334149
1,7199,0.977557820971759
1,7200,0.9626465462109111
1,7201,0.9724074270884949
1,7202,0.9896720166494172
1,7203,0.968911850441734
1,7204,0.9669736569051594
1,7205,0.9757740442334157
1,7206,0.9923451849734042
1,7207,0.9976048700512573
1,7208,0.955367020181606
1,7209,0.9846895968303325
1,7210,0.9835794613127727
1,7211,0.9881503660430982
1,7212,0.9762406059268481
1,7213,0.9934864008469728
1,7214,0.9959044010967973
1,7215,0.9844076054440924
1,7216,0.9734373755846051
1,7217,0.9803546256206969
1,7218,0.9889609136173937
1,7219,0.9867558550200848
1,7220,0.986966644391813
1,7221,0.9754424486670207
1,7222,0.9901827013545136
1,7223,0.9528063275431317
1,7224,0.9800951064887179
1,7225,0.9952828520391466
1,7226,0.9887480959744583
1,7227,0.9901540084737976
1,7228,0.9870519431829262
1,7229,0.9931459299751988
1,7230,0.9756841687492535
1,7231,0.9765509654420516
1,7232,0.9492851358564485
1,7233,0.987805458549153
1,7234,0.9698142246153765
1,7235,0.9598550486158804
1,7236,0.9608029721491637
1,7237,0.9897838528797812
1,7238,0.9903918500470672
1,7239,0.9715958014323494
1,7240,0.9922502312713608
1,7241,0.9893960425151117
1,7242,0.9430076024828613
1,7243,0.996907894515042
1,7244,0.9887732189664615
1,7245,0.980399656609825
1,7246,0.968399532443482
1,7247,0.9923461347381228
1,7248,0.9779537635330774
1,7249,0.9942184864914578
1,7250,0.9504753528804842
1,7251,0.9911080509049403
1,7252,0.9688877543838382
1,7253,0.9932112279973899
1,7254,0.9612775352459214
1,7255,0.9902236608649168
1,7256,0.99601454207361
1,7257,0.997290170739458
1,7258,0.9738493508701771
1,7259,0.9895145169284747
1,7260,0.9680453542571357
1,7261,0.9889551676125073
1,7262,0.9899343149368152
1,7263,0.9722956975239
1,7264,0.9926705007764041
1,7265,0.9573731410382545
1,7266,0.9664810286816442
1,7267,0.980074426421919
1,7268,0.9787386387974948
1,7269,0.9800643111020452
1,7270,0.9920988232722969
1,7271,0.9956396432744749
1,7272,0.9971156978626571
1,7273,0.9886396073194269
1,7274,0.9845255488713787
1,7275,0.9756849107049667
1,7276,0.9678512915632804
1,7277,0.9481217330927805
1,7278,0.9930888240559905
1,7279,0.9921863781311606
1,7280,0.9759278096000029
1,7281,0.9849632279292998
1,7282,0.985105902624445
1,7283,0.9514601033851441
1,7284,0.8337352545736056
1,7285,0.9435188925203302
1,7286,0.9977065572998489
1,7287,0.9403620921374825
1,7288,0.9666653444120413
1,7289,0.9820358404816076
1,7290,0.9806975547194257
1,7291,0.9851281741661791
1,7292,0.9816063352021412
1,7293,0.9886922180003964
1,7294,0.9727044885189371
1,7295,0.9832095892618891
1,7296,0.9796508772388843
1,7297,0.9956060340091588
1,7298,0.9840089894654314
1,7299,0.9647014280748736
1,7300,0.9673217996627989
1,7301,0.9888882433287872
1,7302,0.9881922920490934
1,7303,0.9737874649405784
1,7304,0.9774455095871568
1,7305,0.967929935471511
1,7306,0.9885865753243112
1,7307,0.9903673093917459
1,7308,0.9572814075396904
1,7309,0.9870654025857444
1,7310,0.9717458073129176
1,7311,0.9792753382746572
1,7312,0.9812382560745622
1,7313,0.9773293791449827
1,7314,0.9757531566244074
1,7315,0.990313566858974
1,7316,0.9914338886854811
1,7317,0.9944995455048521
1,7318,0.9390937234588073
1,7319,0.9811055553996065
1,7320,0.987134771328387
1,7321,0.9703412094609707
1,7322,0.9738125289720876
1,7323,0.9837813408791882
1,7324,0.9806191001895712
1,7325,0.9514238975148546
1,7326,0.9766330584620924
1,7327,0.9856262694448967
1,7328,0.9781491267575477
1,7329,0.9836457601137313
1,7330,0.9672743187772261
1,7331,0.9889793932456641
1,7332,0.9860722360139282
1,7333,0.9873425326043258
1,7334,0.9494384560475855
1,7335,0.996076548838645
1,7336,0.9906932907144201
1,7337,0.986121953259929
1,7338,0.9811138417933832
1,7339,0.9877953590680849
1,7340,0.981354405345876
1,7341,0.9904855707371016
1,7342,0.9922720950555575
1,7343,0.9764532831444487
1,7344,0.9714716474893021
1,7345,0.9690004070716889
1,7346,0.9941058319535281
1,7347,0.9760286844480043
1,7348,0.9926580528365613
1,7349,0.9723691729564864
1,7350,0.9899794116723449
1,7351,0.9894957800556444
1,7352,0.9913417633193903
1,7353,0.9566173286663038
1,7354,0.9868836872428594
1,7355,0.9967156803493776
1,7356,0.9880900273532364
1,7357,0.9946399333119471
1,7358,0.996802981059349
1,7359,0.976803366811
1,7360,0.9952014085970393
1,7361,0.9757862013737555
1,7362,0.9899437931057531
1,7363,0.9752751446346043
1,7364,0.9707433007707793
1,7365,0.9838458635427388
1,7366,0.9889162311228233
1,7367,0.9804247378180261
1,7368,0.9843669716793507
1,7369,0.9846750383669227
1,7370,0.9908800803325363
1,7371,0.9873503365091192
1,7372,0.9817731293219988
1,7373,0.9837047560083929
1,7374,0.9877963275079219
1,7375,0.9856472802199736
1,7376,0.9806146277661935
1,7377,0.9866754075753145
1,7378,0.9841700253946866
1,7379,0.983808213910843
1,7380,0.9924187681509219
1,7381,0.9883181786256166
1,7382,0.983523675090036
1,7383,0.9604520345014504
1,7384,0.9914716918601476
1,7385,0.9936263222974984
1,7386,0.9838001554455741
1,7387,0.9960436047641263
1,7388,0.9932467262757775
1,7389,0.9895753132746159
1,7390,0.9728812055608489
1,7391,0.9852201103043997
1,7392,0.996793450531084
1,7393,0.9975268345750754
1,7394,0.9615449073726893
1,7395,0.9956381784732955
1,7396,0.9962148197970835
1,7397,0.9821849919774321
1,7398,0.9828703555063752
1,7399,0.9876377364345228
1,7400,0.9707061480847016
1,7401,0.9872517106817716
1,7402,0.9727131102653452
1,7403,0.9791109823728954
1,7404,0.9892987621849494
1,7405,0.9857518061215647
1,7406,0.9891104251888293
1,7407,0.9835200664985302
1,7408,0.9812344528126596
1,7409,0.9976547204629835
1,7410,0.9952417134844769
1,7411,0.9941582941675545
1,7412,0.9701246672539368
1,7413,0.9827323743202934
1,7414,0.9788769232946092
1,7415,0.989509785204711
1,7416,0.9829245709081986
1,7417,0.9978231313978363
1,7418,0.9891889846140018
1,7419,0.9969068941964327
1,7420,0.9808240645572194
1,7421,0.989779102662168
1,7422,0.9924020640078163
1,7423,0.9931152154920017
1,7424,0.9897855651544867
1,7425,0.9884583762156108
1,7426,0.9890223263911031
1,7427,0.9774007014869993
1,7428,0.9903896350371889
1,7429,0.9938462736549526
1,7430,0.9966779108205456
1,7431,0.9970923353893786
1,7432,0.9749156736725094
1,7433,0.9835897506447427
1,7434,0.9910591420006856
1,7435,0.9811079658358718
1,7436,0.9893256508478714
1,7437,0.9602894177736949
1,7438,0.9851081786602145
1,7439,0.9492771482732988
1,7440,0.9939564380688275
1,7441,0.9884385924005141
1,7442,0.9798094022766695
1,7443,0.9935233991397137
1,7444,0.9814278079701997
1,7445,0.9851055837967411
1,7446,0.9764918149904541
1,7447,0.9963949679668795
1,7448,0.9830416965170261
1,7449,0.9876095377476459
1,7450,0.9661751370676989
1,7451,0.9928227091395208
1,7452,0.9753085422043214
1,7453,0.9919078336692015
1,7454,0.9780630349595374
1,7455,0.9965063425603841
1,7456,0.9510795222611147
1,7457,0.9790610218848881
1,7458,0.9868646937173716
1,7459,0.9706216130474348
1,7460,0.9678567525131215
1,7461,0.964419309395203
1,7462,0.9702363927870862
1,7463,0.9676492726642558
1,7464,0.9950305112360639
1,7465,0.9809170440117319
1,7466,0.9777525554819908
1,7467,0.9739127140673529
1,7468,0.9952694783970081
1,7469,0.9855622713664492
1,7470,0.9796448378869533
1,7471,0.9908597591114917
1,7472,0.9909918839736694
1,7473,0.977492357149663
1,7474,0.9817442058201081
1,7475,0.9901081406491803
1,7476,0.9706579207389173
1,7477,0.987715133887897
1,7478,0.9705089185034759
1,7479,0.9977685351446909
1,7480,0.9896305521092407
1,7481,0.9951626598727037
1,7482,0.9803747359912157
1,7483,0.9839074283676665
1,7484,0.9964002753869161
1,7485,0.971438502071557
1,7486,0.9707110836465789
1,7487,0.9728136126904224
1,7488,0.9852543745288741
1,7489,0.9922596226176988
1,7490,0.9761820189725373
1,7491,0.9929122200725099
1,7492,0.9961589610579834
1,7493,0.9769794348722186
1,7494,0.954093874325122
1,7495,0.9825040036774071
1,7496,0.9763986910052251
1,7497,0.9836695725247149
1,7498,0.9681968474038064
1,7499,0.9655727248624268
1,7500,0.9481554054007584
1,7501,0.972801434772972
1,7502,0.9903857498323241
1,7503,0.9981602399373021
1,7504,0.9910093883255859
1,7505,0.9890489803754846
1,7506,0.9913699828372183
1,7507,0.9886009000894582
1,7508,0.9819784021775446
1,7509,0.9939435101391177
1,7510,0.9780891302004917
1,7511,0.9743585972998915
1,7512,0.9892511111285422
1,7513,0.9963306944162873
1,7514,0.9752321626365984
1,7515,0.980066338240193
1,7516,0.9677296151377974
1,7517,0.965548799771978
1,7518,0.9793149681195823
1,7519,0.9795663974291234
1,7520,0.994159235590506
1,7521,0.9901009141812364
1,7522,0.9890435863097943
1,7523,0.9929256734939319
1,7524,0.9901961069844183
1,7525,0.9853098883131961
1,7526,0.9897686768427828
1,7527,0.9803459936145702
1,7528,0.996126662957671
1,7529,0.9954179498753214
1,7530,0.9796394616995915
1,7531,0.9562606123681785
1,7532,0.9639710991864895
1,7533,0.9299600712198126
1,7534,0.9888838552577476
1,7535,0.9942044115971393
1,7536,0.9816029933153169
1,7537,0.9764907499715472
1,7538,0.9783580188702333
1,7539,0.9945032003846482
1,7540,0.9984918100675363
1,7541,0.9351020760036274
1,7542,0.992929105830953
1,7543,0.9417739457309808
1,7544,0.9927824892499859
1,7545,0.9899136539613007
1,7546,0.9792288012726595
1,7547,0.9922363559912865
1,7548,0.9847269735484764
1,7549,0.9972890274447004
1,7550,0.9990645394890112
1,7551,0.9678830444601698
1,7552,0.9844882834603154
1,7553,0.9867181708268392
1,7554,0.9964104844656408
1,7555,0.9918864743374903
1,7556,0.9814378618254074
1,7557,0.9752857627637084
1,7558,0.9631334082285575
1,7559,0.9922889810623478
1,7560,0.9874294963677754
1,7561,0.9944870129269674
1,7562,0.9959590142949117
1,7563,0.978831810965396
1,7564,0.9936569597194871
1,7565,0.9827689899807351
1,7566,0.9911884736581432
1,7567,0.9843174752082845
1,7568,0.9686632886184176
1,7569,0.9828375452525219
1,7570,0.9859784555881211
1,7571,0.9745334399722826
1,7572,0.9874801851530821
1,7573,0.9877853960442486
1,7574,0.9838289033610966
1,7575,0.9758470119432897
1,7576,0.9869637312224903
1,7577,0.9855319992857694
1,7578,0.9927284351366795
1,7579,0.9892442131282312
1,7580,0.9929589028670721
1,7581,0.9931701234473371
1,7582,0.9950847030009027
1,7583,0.9678255721682205
1,7584,0.9959182836002718
1,7585,0.9711777458775829
1,7586,0.9833025513555254
1,7587,0.9899460318131115
1,7588,0.9797830450751792
1,7589,0.9740940077821207
1,7590,0.9893330622484497
1,7591,0.9884990814607482
1,7592,0.9922100105596546
1,7593,0.988134801387762
1,7594,0.977364642045814
1,7595,0.9776189560218117
1,7596,0.9749557602118124
1,7597,0.9822790778012533
1,7598,0.9884203552709773
1,7599,0.9850228750374037
1,7600,0.9816010271639214
1,7601,0.9452166789443852
1,7602,0.9977858303135844
1,7603,0.9977515881089499
1,7604,0.9413296509841744
1,7605,0.9820343555726418
1,7606,0.991802370377262
1,7607,0.9686405015236773
1,7608,0.9965525613860328
1,7609,0.9002435631407872
1,7610,0.9979939856769302
1,7611,0.9964720027286234
1,7612,0.992418002069981
1,7613,0.9987955343437469
1,7614,0.9904501961297822
1,7615,0.9969159511432576
1,7616,0.9751491925717929
1,7617,0.9812168967079956
1,7618,0.9901556517519959
1,7619,0.9721976215662754
1,7620,0.9834574587320946
1,7621,0.9863655089731759
1,7622,0.9791047257475325
1,7623,0.980718698338016
1,7624,0.993295197658632
1,7625,0.9884756696637199
1,7626,0.9461969538931153
1,7627,0.9944090849763411
1,7628,0.9869409351585833
1,7629,0.9915835557652807
1,7630,0.9978806127174672
1,7631,0.989620261792396
1,7632,0.9440147707232585
1,7633,0.9882329037504112
1,7634,0.9880729287412011
1,7635,0.992007452447334
1,7636,0.9956452449687994
1,7637,0.9824041896051579
1,7638,0.9761101687721662
1,7639,0.9939851575753198
1,7640,0.9951854502594931
1,7641,0.9727837817835283
1,7642,0.9940011632869561
1,7643,0.93004227843862175
1,7644,0.9741938524640653
1,7645,0.9695947759563295
1,7646,0.9890510422852018
1,7647,0.9864000058674196
1,7648,0.9953431472538435
1,7649,0.9675382889724831
1,7650,0.9416678340093444
1,7651,0.9968947178157188
1,7652,0.9934204076371742
1,7653,0.9610026053215903
1,7654,0.9950052673062936
1,7655,0.9793020742819653
1,7656,0.9954353036460846
1,7657,0.9777232442179419
1,7658,0.9902454175934055
1,7659,0.9824031857608873
1,7660,0.982909074429942
1,7661,0.9752932598979691
1,7662,0.9867742514480942
1,7663,0.979956447617101
1,7664,0.9691048289822116
1,7665,0.9985338985770573
1,7666,0.9431152309894477
1,7667,0.9949261378020061
1,7668,0.9786887311550712
1,7669,0.9761064821958411
1,7670,0.9888737120394746
1,7671,0.9550156058377657
1,7672,0.9952417465208132
1,7673,0.9914685695200489
1,7674,0.990065770940032
1,7675,0.9882239654191991
1,7676,0.9865171774844291
1,7677,0.9463371495895443
1,7678,0.9721428562449151
1,7679,0.9929705785460275
1,7680,0.9911712629721938
1,7681,0.9785327510713585
1,7682,0.9711529275193566
1,7683,0.9860173767857809
1,7684,0.9658152093506893
1,7685,0.9839964517715366
1,7686,0.9896414277294373
1,7687,0.9915215975791614
1,7688,0.9167391483452912
1,7689,0.9647826769465732
1,7690,0.9926245827962902
1,7691,0.9782033213501129
1,7692,0.9801577012669402
1,7693,0.9873541018043656
1,7694,0.9684088614954043
1,7695,0.9805259009433093
1,7696,0.9919379994116021
1,7697,0.9453569054209124
1,7698,0.9898123870515133
1,7699,0.9820186889338316
1,7700,0.9602180870536479
1,7701,0.9786335126893041
1,7702,0.985582149769471
1,7703,0.9742112361026267
1,7704,0.9896654060018178
1,7705,0.9876356159882907
1,7706,0.9835894476835769
1,7707,0.9791698903961541
1,7708,0.9884426032187799
1,7709,0.9635793123444698
1,7710,0.9850193601609257
1,7711,0.9837700660236419
1,7712,0.9921824844088915
1,7713,0.9765224195754382
1,7714,0.9820716706073497
1,7715,0.9559637157603016
1,7716,0.9958892996927974
1,7717,0.9947710606319226
1,7718,0.9909714265734181
1,7719,0.9856154945194575
1,7720,0.9767902175624337
1,7721,0.9936707266544894
1,7722,0.9920342522810764
1,7723,0.9969061653598865
1,7724,0.8769817022678339
1,7725,0.9872626615406778
1,7726,0.9940812578273968
1,7727,0.9287336752199684
1,7728,0.9911247426750004
1,7729,0.9295819623204337
1,7730,0.9792760890852182
1,7731,0.9671011424489654
1,7732,0.9980455267875179
1,7733,0.9692631237777954
1,7734,0.9711172740798211
1,7735,0.9860169843185043
1,7736,0.9705218593243684
1,7737,0.9722063918433503
1,7738,0.9855855706478265
1,7739,0.9877185167708894
1,7740,0.9620783152958066
1,7741,0.9740094178224131
1,7742,0.9882866411895763
1,7743,0.9868281005878268
1,7744,0.9857681442511658
1,7745,0.9911994371651369
1,7746,0.9964792494169717
1,7747,0.9813493943798407
1,7748,0.9870741145889219
1,7749,0.9900457706656427
1,7750,0.9918408524603542
1,7751,0.9941107133127913
1,7752,0.9911388424610154
1,7753,0.9880608089847428
1,7754,0.9855442649820743
1,7755,0.9891323482621075
1,7756,0.9897562427874049
1,7757,0.9939055142420948
1,7758,0.992906123450676
1,7759,0.9863338080140063
1,7760,0.9866795273517491
1,7761,0.983483349056164
1,7762,0.9782684453408581
1,7763,0.9932187918914339
1,7764,0.9782187670283318
1,7765,0.9941600461633979
1,7766,0.9884923433100591
1,7767,0.9912278466482756
1,7768,0.9720486617699469
1,7769,0.9825167289187579
1,7770,0.9922435642867132
1,7771,0.9667298967884665
1,7772,0.9607910231068374
1,7773,0.9929764392515713
1,7774,0.9896806730169129
1,7775,0.9844513010058425
1,7776,0.9847153485966967
1,7777,0.9537731010732539
1,7778,0.9860859460267072
1,7779,0.9764965411127895
1,7780,0.9925752936553331
1,7781,0.9646164227871719
1,7782,0.9975941983125762
1,7783,0.9986546941462735
1,7784,0.9684307252001609
1,7785,0.9880051167358767
1,7786,0.9769330568901743
1,7787,0.9638079963291151
1,7788,0.9951638593207496
1,7789,0.9959500906811788
1,7790,0.9881716209176516
1,7791,0.9870536591303531
1,7792,0.9645118675098215
1,7793,0.9822034536192755
1,7794,0.9949785537552649
1,7795,0.9933158875628819
1,7796,0.9842923944300563
1,7797,0.9756504807360528
1,7798,0.9653638565441689
1,7799,0.9841481981477358
1,7800,0.9829002703145264
1,7801,0.9914349223444294
1,7802,0.9683550705230229
1,7803,0.9919477197837828
1,7804,0.978734302591488
1,7805,0.9812942766738021
1,7806,0.9734058997832695
1,7807,0.9817766779327088
1,7808,0.9886124197500046
1,7809,0.9587348244764465
1,7810,0.9855283416755848
1,7811,0.9633895595401324
1,7812,0.9855280320998121
1,7813,0.9894253447129009
1,7814,0.9763387160639806
1,7815,0.9955641443413493
1,7816,0.9784858118855855
1,7817,0.9870492985777103
1,7818,0.9781722453058586
1,7819,0.9810699711922057
1,7820,0.9848599769575738
1,7821,0.9910066413578225
1,7822,0.9945545520377808
1,7823,0.9940660814605264
1,7824,0.9961283025982557
1,7825,0.9976488895622692
1,7826,0.9854976880638743
1,7827,0.9806866350955532
1,7828,0.984954404217812
1,7829,0.9884077310286518
1,7830,0.9605375935525021
1,7831,0.9653908210737674
1,7832,0.949481934736592
1,7833,0.9975226929277466
1,7834,0.9965034063256941
1,7835,0.995465075992398
1,7836,0.9608998611976203
1,7837,0.9957791916316897
1,7838,0.9954346489402395
1,7839,0.9952242184054984
1,7840,0.991442025287084
1,7841,0.9668947490610343
1,7842,0.9877059458511773
1,7843,0.9897290594924273
1,7844,0.9613905789443105
1,7845,0.9889615533057985
1,7846,0.9726122562180207
1,7847,0.9832934188907615
1,7848,0.990686021302967
1,7849,0.9790856343350116
1,7850,0.9954910485078288
1,7851,0.9971645610829943
1,7852,0.9850755657438421
1,7853,0.9715274039629178
1,7854,0.9980903003881745
1,7855,0.9947147970939556
1,7856,0.9127458930561828
1,7857,0.9819917502548706
1,7858,0.9961306384623159
1,7859,0.9904022625949441
1,7860,0.9934898136455952
1,7861,0.9980607746038074
1,7862,0.9995125682326337
1,7863,0.988504369321881
1,7864,0.975833440973962
1,7865,0.9874318957129606
1,7866,0.9929462014141422
1,7867,0.989380016893741
1,7868,0.9835269183060115
1,7869,0.9825756707930036
1,7870,0.9834801315521721
1,7871,0.9861346561732495
1,7872,0.9857177825082779
1,7873,0.9709148319028432
1,7874,0.9821737839746052
1,7875,0.9660207111431078
1,7876,0.9710194086313766
1,7877,0.9861788443682922
1,7878,0.9729500058857113
1,7879,0.9943557579416609
1,7880,0.987461197208278
1,7881,0.9880459750734724
1,7882,0.9948495292364324
1,7883,0.9932651304341044
1,7884,0.9696649070202465
1,7885,0.985933541511267
1,7886,0.966634721545127
1,7887,0.9883109162072878
1,7888,0.9839401047733919
1,7889,0.9733472438322629
1,7890,0.9870507068041342
1,7891,0.9729095877906007
1,7892,0.9927700165017957
1,7893,0.9874511948289707
1,7894,0.9815419344439184
1,7895,0.9841290506797536
1,7896,0.9872491825465235
1,7897,0.9878025350904669
1,7898,0.9904809559865599
1,7899,0.9801337892263071
1,7900,0.9893464872205304
1,7901,0.9925006493812584
1,7902,0.9584823415150878
1,7903,0.9732399799222662
1,7904,0.9829392324038875
1,7905,0.9866612982180962
1,7906,0.9965410857925566
1,7907,0.9735822811092731
1,7908,0.9858119807845551
1,7909,0.9910845986940328
1,7910,0.9464990038213359
1,7911,0.9924451289508824
1,7912,0.9880099476140701
1,7913,0.9764227449728549
1,7914,0.9910160221410678
1,7915,0.9825535787794248
1,7916,0.9889433183346146
1,7917,0.9918815841456979
1,7918,0.985162016297862
1,7919,0.9956324398613638
1,7920,0.9313863551882705
1,7921,0.9917858772475133
1,7922,0.9855617776072547
1,7923,0.9780836233638475
1,7924,0.9791247392807205
1,7925,0.983391021759862
1,7926,0.9863774400729617
1,7927,0.9892662519606271
1,7928,0.9961390597056579
1,7929,0.9892322689082219
1,7930,0.9946669154552787
1,7931,0.9918940334291034
1,7932,0.9771435811456817
1,7933,0.9978222601738913
1,7934,0.9829096757238909
1,7935,0.9966539860685405
1,7936,0.9103225581580273
1,7937,0.9808981173531804
1,7938,0.990480912841466
1,7939,0.9936703339870774
1,7940,0.9751453723344622
1,7941,0.9978827208575302
1,7942,0.88678407437442
1,7943,0.9249333542622625
1,7944,0.9905951876403202
1,7945,0.9694392722359966
1,7946,0.9858417375312395
1,7947,0.9983562131096924
1,7948,0.9823542767623259
1,7949,0.9863740348337375
1,7950,0.9809725523393975
1,7951,0.9951757691513291
1,7952,0.9966788691838981
1,7953,0.9501931110865877
1,7954,0.9799237129264705
1,7955,0.9812155982097778
1,7956,0.9833813660388694
1,7957,0.978963462697514
1,7958,0.9785254502546838
1,7959,0.9863478285535903
1,7960,0.9561079724761723
1,7961,0.994102469350633
1,7962,0.9748097380104014
1,7963,0.9811178061452297
1,7964,0.9858976735736324
1,7965,0.9861426622752139
1,7966,0.9984769310368512
1,7967,0.998632330227069
1,7968,0.9506075247976594
1,7969,0.9821664551295627
1,7970,0.9722281417691354
1,7971,0.9780048449610428
1,7972,0.9810648806568381
1,7973,0.9922444636285904
1,7974,0.9711452242008146
1,7975,0.9323795229743035
1,7976,0.9679793404568581
1,7977,0.9877572859637386
1,7978,0.9802609671769938
1,7979,0.9471173303285365
1,7980,0.9908807311456426
1,7981,0.9942155948849815
1,7982,0.9941660884801211
1,7983,0.9645481603939713
1,7984,0.9865627158079546
1,7985,0.9774361512712446
1,7986,0.9833556057964541
1,7987,0.987152277800954
1,7988,0.992022208285149
1,7989,0.9925819725330367
1,7990,0.9853962827310618
1,7991,0.9743562443451711
1,7992,0.9957620189180659
1,7993,0.9662432920820415
1,7994,0.9954077896966649
1,7995,0.9901146791905246
1,7996,0.9712784965869138
1,7997,0.9815762371063441
1,7998,0.9822849746479605
1,7999,0.9846829311348942
1,8000,0.9880467882771568
1,8001,0.9777358885338526
1,8002,0.9944262588389197
1,8003,0.9794966958708587
1,8004,0.9626585645453903
1,8005,0.9932971960561393
1,8006,0.9819336085208304
1,8007,0.9895889660965984
1,8008,0.9871823553361143
1,8009,0.9863594794597013
1,8010,0.9760751372944411
1,8011,0.9899929998276343
1,8012,0.9952800397025087
1,8013,0.9928185106739299
1,8014,0.9896339630433715
1,8015,0.993680362128535
1,8016,0.9840331017081415
1,8017,0.9827798120504565
1,8018,0.9924584535148937
1,8019,0.9891250741230866
1,8020,0.9856124727086565
1,8021,0.9841166800780294
1,8022,0.984505328478641
1,8023,0.970219942569338
1,8024,0.9870592658536623
1,8025,0.9867028515184687
1,8026,0.9904202277836383
1,8027,0.9898757227723878
1,8028,0.9818629121228352
1,8029,0.9903934191922059
1,8030,0.9858123936296295
1,8031,0.977894055058915
1,8032,0.9901308244192905
1,8033,0.9408030550862669
1,8034,0.9904138307424567
1,8035,0.9922483737550423
1,8036,0.9667388014219584
1,8037,0.9926533646546546
1,8038,0.984758985184008
1,8039,0.9624220224386484
1,8040,0.9893896076070989
1,8041,0.9908341401466334
1,8042,0.9802906850181194
1,8043,0.9948798452607628
1,8044,0.9955292227024515
1,8045,0.9712378652859358
1,8046,0.9937361893236344
1,8047,0.9902162543864174
1,8048,0.9634628439711549
1,8049,0.9795528782405576
1,8050,0.989117474667143
1,8051,0.994192890495248
1,8052,0.9946368678550297
1,8053,0.9651877603791409
1,8054,0.9647692897690143
1,8055,0.9807281886780134
1,8056,0.984609618160965
1,8057,0.9780592055339431
1,8058,0.9784841699299194
1,8059,0.9696099618442344
1,8060,0.9946560889806897
1,8061,0.9433988208000593
1,8062,0.9232238431243471
1,8063,0.9924569964160809
1,8064,0.9713905179387755
1,8065,0.9602196140418642
1,8066,0.9880854139210091
1,8067,0.9701420508762391
1,8068,0.9939068357945307
1,8069,0.9427240337533875
1,8070,0.9441644370409517
1,8071,0.9713072224707564
1,8072,0.9813989846561153
1,8073,0.9772717867033226
1,8074,0.9845408146049504
1,8075,0.9917754934779419
1,8076,0.9952465527988928
1,8077,0.9757236970357145
1,8078,0.9969209314917522
1,8079,0.9690852337956218
1,8080,0.9887787148379757
1,8081,0.9725560033773164
1,8082,0.9856262875493093
1,8083,0.9884554908708189
1,8084,0.9646062984452407
1,8085,0.9968959381572403
1,8086,0.9940914258180908
1,8087,0.9565875504531757
1,8088,0.9904970787572657
1,8089,0.9826966694811259
1,8090,0.9758958334509873
1,8091,0.9669271807927808
1,8092,0.9964516861359103
1,8093,0.9692470481196837
1,8094,0.9774401007095243
1,8095,0.9786329239487794
1,8096,0.9730755843224257
1,8097,0.997344931259329
1,8098,0.957390927248761
1,8099,0.9945940898408351
1,8100,0.9949133970814753
1,8101,0.9272214112621526
1,8102,0.9563849651278111
1,8103,0.9944115504796998
1,8104,0.9665582095461932
1,8105,0.9932236013162787
1,8106,0.9569772650263944
1,8107,0.9929948661437318
1,8108,0.9782854762404232
1,8109,0.9840054818424534
1,8110,0.9801456395383796
1,8111,0.9779081380851993
1,8112,0.9911335525007795
1,8113,0.9856699818577751
1,8114,0.9808652528345205
1,8115,0.9939853635842524
1,8116,0.9828894164927768
1,8117,0.9716951283377021
1,8118,0.974014695934725
1,8119,0.9774520206779642
1,8120,0.9945022260689389
1,8121,0.99604201393141
1,8122,0.9296378140029605
1,8123,0.9485952368638924
1,8124,0.9654362985621607
1,8125,0.9893739496257763
1,8126,0.987515896978107
1,8127,0.96444298513951
1,8128,0.950185394433301
1,8129,0.9960107902813378
1,8130,0.9690461566170303
1,8131,0.9699732081418919
1,8132,0.9814833878462882
1,8133,0.9881089787527777
1,8134,0.9961232263569826
1,8135,0.9491354929968066
1,8136,0.986530520920889
1,8137,0.9800440342165039
1,8138,0.9842376131468004
1,8139,0.9811033923168924
1,8140,0.9917898544189686
1,8141,0.9906649420888092
1,8142,0.9533819670472901
1,8143,0.966321084921838
1,8144,0.9965468874287362
1,8145,0.9878663462575301
1,8146,0.9738358723988815
1,8147,0.9860262818011971
1,8148,0.9785711579308095
1,8149,0.993602171404164
1,8150,0.9929923915453615
1,8151,0.9944740408891893
1,8152,0.9828691872572564
1,8153,0.9930011607309414
1,8154,0.9916753734896427
1,8155,0.979044457095571
1,8156,0.9895988428246774
1,8157,0.9917065853923218
1,8158,0.9904821394179177
1,8159,0.9898908868586024
1,8160,0.9933061665594476
1,8161,0.9833182250775344
1,8162,0.995189765885895
1,8163,0.9960943196043551
1,8164,0.9859147694681338
1,8165,0.9893796168401509
1,8166,0.9875555605083267
1,8167,0.9778257847170203
1,8168,0.9894591681384999
1,8169,0.9902853707030093
1,8170,0.9823968382572874
1,8171,0.9841014380412513
1,8172,0.9839299374807282
1,8173,0.9866823957378521
1,8174,0.9967243277743435
1,8175,0.925665377847246
1,8176,0.9859320059682649
1,8177,0.9914936973534001
1,8178,0.9871913692413636
1,8179,0.9956334768488029
1,8180,0.9791781229539366
1,8181,0.9950336780777043
1,8182,0.982692539750245
1,8183,0.9613466480368942
1,8184,0.9769269112805492
1,8185,0.9847841103849873
1,8186,0.9970937105736648
1,8187,0.9976372497042159
1,8188,0.997347380675357
1,8189,0.9802826967118742
1,8190,0.9878237253277015
1,8191,0.9780236910496126
1,8192,0.984536741577493
1,8193,0.9712306688386934
1,8194,0.9932167251969463
1,8195,0.9960871759888318
1,8196,0.9884610395553699
1,8197,0.9948132336289733
1,8198,0.9811270490627747
1,8199,0.9969563478421603
1,8200,0.9950014182519262
1,8201,0.9895982682326646
1,8202,0.9873930510271278
1,8203,0.9912308584110797
1,8204,0.9889877671165347
1,8205,0.9881029160951103
1,8206,0.9753809985172385
1,8207,0.9898191486482678
1,8208,0.9649798914428919
1,8209,0.9949127375386014
1,8210,0.9527583909994932
1,8211,0.9957669456982673
1,8212,0.9841427474170189
1,8213,0.9910523465696813
1,8214,0.9880429585829886
1,8215,0.9744318173547428
1,8216,0.9970983228839436
1,8217,0.9914999824978691
1,8218,0.9555834353160424
1,8219,0.9821625630799963
1,8220,0.9817589453587038
1,8221,0.992185755612647
1,8222,0.9707242054968835
1,8223,0.9446573975096073
1,8224,0.9744863039920336
1,8225,0.9640660838889766
1,8226,0.9831404906278952
1,8227,0.989795617810769
1,8228,0.9849701487895234
1,8229,0.9902503661903749
1,8230,0.9841663887614367
1,8231,0.9736146746347983
1,8232,0.9821564276401072
1,8233,0.9802096740574088
1,8234,0.9855130617937831
1,8235,0.9853394861929914
1,8236,0.9890487457702195
1,8237,0.9865249397510311
1,8238,0.9838383888971465
1,8239,0.9815873959324884
1,8240,0.979581960698166
1,8241,0.9735566873235694
1,8242,0.9797235512840984
1,8243,0.9776449531834613
1,8244,0.9868803647591692
1,8245,0.9945866969753663
1,8246,0.9875333062661625
1,8247,0.9891280136875892
1,8248,0.9890304865573383
1,8249,0.9929206604278216
1,8250,0.9864642361001368
1,8251,0.9923721082123864
1,8252,0.9862083158521041
1,8253,0.9935410773044764
1,8254,0.9981602186797944
1,8255,0.9979146764247934
1,8256,0.9930362460715991
1,8257,0.9870384126260922
1,8258,0.9712041189976562
1,8259,0.9881316391400673
1,8260,0.9421883165995607
1,8261,0.9946205120404922
1,8262,0.9862988555360356
1,8263,0.9956183285510737
1,8264,0.9819320088153841
1,8265,0.9916752318766923
1,8266,0.9885531005719792
1,8267,0.9628248712469935
1,8268,0.9966706052281098
1,8269,0.9702415589250966
1,8270,0.9864472022586822
1,8271,0.9836108381002842
1,8272,0.9900490377759127
1,8273,0.9772894946852085
1,8274,0.9841494918408304
1,8275,0.9914892087360788
1,8276,0.9965714919300046
1,8277,0.9675323654877885
1,8278,0.8923723095565685
1,8279,0.9825670005461105
1,8280,0.9828614321150096
1,8281,0.9720983032215138
1,8282,0.9916065525742124
1,8283,0.9601335815624914
1,8284,0.9765473825921526
1,8285,0.9925117745130453
1,8286,0.9876097429806208
1,8287,0.9779653401092054
1,8288,0.9972209288625904
1,8289,0.9127690534939155
1,8290,0.9925388078759135
1,8291,0.9769717697548165
1,8292,0.9872177156977895
1,8293,0.9914138485139329
1,8294,0.994125736526602
1,8295,0.9637767741729605
1,8296,0.9812041398578465
1,8297,0.9695659956775552
1,8298,0.9879235491994275
1,8299,0.9817683445003348
1,8300,0.9687974378682785
1,8301,0.9674446496864054
1,8302,0.9938462836897841
1,8303,0.982241132357917
1,8304,0.997904443506724
1,8305,0.9733088148403107
1,8306,0.9618131400463218
1,8307,0.9900085268484958
1,8308,0.9853256122137359
1,8309,0.987355850195032
1,8310,0.9944806953748492
1,8311,0.9894822332798313
1,8312,0.9856866427779298
1,8313,0.9870736305148052
1,8314,0.9863964072303281
1,8315,0.9883399906822401
1,8316,0.985646569981066
1,8317,0.9888504893706064
1,8318,0.9850656520880461
1,8319,0.9816349788135313
1,8320,0.9918471793613977
1,8321,0.9820126121082979
1,8322,0.9308637643334222
1,8323,0.9956870202482577
1,8324,0.990811212158306
1,8325,0.9700883066792334
1,8326,0.9819934488691204
1,8327,0.9838255779964082
1,8328,0.9942003425442688
1,8329,0.994945861302382
1,8330,0.9555566803088003
1,8331,0.9622034633626255
1,8332,0.9943615453856791
1,8333,0.9425121413251377
1,8334,0.9955946958620527
1,8335,0.9863574616446131
1,8336,0.9827014802067533
1,8337,0.9686878768568107
1,8338,0.9823815605761475
1,8339,0.960970852474907
1,8340,0.9938375583678869
1,8341,0.988425120932152
1,8342,0.9863142670385988
1,8343,0.9805476338594069
1,8344,0.992560060359574
1,8345,0.9651510957247224
1,8346,0.9921558894937715
1,8347,0.9896492605348473
1,8348,0.9855959642487632
1,8349,0.9826919391229865
1,8350,0.9746846508511928
1,8351,0.9921922127048797
1,8352,0.9943602264097242
1,8353,0.9573295124183326
1,8354,0.993079458771854
1,8355,0.9927199271697345
1,8356,0.9854282507468025
1,8357,0.9639875462346826
1,8358,0.9886643604249247
1,8359,0.9848029190050632
1,8360,0.99115268334473
1,8361,0.9804656104698061
1,8362,0.9887388614799882
1,8363,0.9859533317425735
1,8364,0.9913082540931998
1,8365,0.9939256695021751
1,8366,0.9426934799202809
1,8367,0.9929524679673015
1,8368,0.9946754502107604
1,8369,0.964878079157494
1,8370,0.9840044178470007
1,8371,0.9762802026414231
1,8372,0.9928648466533692
1,8373,0.9839599517845489
1,8374,0.9902567620619592
1,8375,0.9945614503753631
1,8376,0.989412908730276
1,8377,0.9937228965684893
1,8378,0.9886797698775224
1,8379,0.9772223259396642
1,8380,0.9415102371066509
1,8381,0.9543786700441309
1,8382,0.9726228803911497
1,8383,0.9835128548974176
1,8384,0.989376570769924
1,8385,0.9861622532523199
1,8386,0.9646927738136368
1,8387,0.9887077821421991
1,8388,0.9849539854647098
1,8389,0.9864797962139108
1,8390,0.9754377147539744
1,8391,0.9917249225884566
1,8392,0.9781035053966475
1,8393,0.9857058797001987
1,8394,0.9914121482160374
1,8395,0.9702956917869033
1,8396,0.9754670686001619
1,8397,0.9671931043202566
1,8398,0.9839789042521315
1,8399,0.9826245814306491
1,8400,0.9945540109837024
1,8401,0.9928634633819751
1,8402,0.9928320539487847
1,8403,0.9701313035556836
1,8404,0.9869876668246985
1,8405,0.9901252452728904
1,8406,0.9190565503157986
1,8407,0.8607622025944759
1,8408,0.9870448551484894
1,8409,0.9850278782717263
1,8410,0.963473743285532
1,8411,0.9951686902901528
1,8412,0.9955039802182664
1,8413,0.9901683744998542
1,8414,0.9867997389058214
1,8415,0.9806423988689689
1,8416,0.9940769307540679
1,8417,0.9898543190836842
1,8418,0.9592919017865742
1,8419,0.9987670928804274
1,8420,0.9980294293236127
1,8421,0.9758227989620102
1,8422,0.9973404918576076
1,8423,0.9685353185414097
1,8424,0.9671748382721388
1,8425,0.9734803463550036
1,8426,0.9758778326925857
1,8427,0.9892560087088813
1,8428,0.9691323896844085
1,8429,0.9929236707305074
1,8430,0.9888651229424673
1,8431,0.9811314244871622
1,8432,0.9795865106338251
1,8433,0.9983533300340891
1,8434,0.9308590291677599
1,8435,0.9762530562540245
1,8436,0.9919645045342662
1,8437,0.9539138391149238
1,8438,0.9969641106566861
1,8439,0.9641146897049363
1,8440,0.9949334492915036
1,8441,0.9790000689046058
1,8442,0.9954873622587641
1,8443,0.9853247883086548
1,8444,0.9960997701780329
1,8445,0.9952920631382349
1,8446,0.998909118452183
1,8447,0.9949189725934685
1,8448,0.9962828583158813
1,8449,0.98960950265231
1,8450,0.9883335574025248
1,8451,0.9948457859213575
1,8452,0.9866138772782861
1,8453,0.9930347732522598
1,8454,0.989570621395308
1,8455,0.9576965830661942
1,8456,0.9824328569197944
1,8457,0.9665629550343785
1,8458,0.9833780392173165
1,8459,0.9730058398999365
1,8460,0.9662329947220878
1,8461,0.9814429901269939
1,8462,0.9830107687768058
1,8463,0.9767018391032871
1,8464,0.9687737225407241
1,8465,0.9988693264767052
1,8466,0.9896861450230944
1,8467,0.9872597985475732
1,8468,0.9789779441778501
1,8469,0.9913079294464985
1,8470,0.9906145648456559
1,8471,0.9675156580224321
1,8472,0.9660580626181845
1,8473,0.9873039820585913
1,8474,0.9939596894460392
1,8475,0.99191493703318
1,8476,0.9832391003465917
1,8477,0.9501053006610435
1,8478,0.9889152117495682
1,8479,0.9696789891591999
1,8480,0.9765198734030176
1,8481,0.9577851968395357
1,8482,0.9735551805570248
1,8483,0.9797663364387121
1,8484,0.9864252381842693
1,8485,0.9918589600122681
1,8486,0.9838580208641311
1,8487,0.9838347198338612
1,8488,0.8447506321374886
1,8489,0.9336855428011953
1,8490,0.9913213676423095
1,8491,0.9774721596116414
1,8492,0.9867731798347054
1,8493,0.98003932341891
1,8494,0.9881222204463899
1,8495,0.9793457247031159
1,8496,0.9812012623406016
1,8497,0.9974460363012252
1,8498,0.9973510809143599
1,8499,0.9739978771056294
1,8500,0.9818792308466521
1,8501,0.9893934869267379
1,8502,0.9696514624981575
1,8503,0.9957069199548224
1,8504,0.9527007634651798
1,8505,0.9937341690071331
1,8506,0.9724740321502202
1,8507,0.9945072512671295
1,8508,0.9725588898277535
1,8509,0.9966630408492813
1,8510,0.9919484463128895
1,8511,0.9952559957620737
1,8512,0.9905541401162014
1,8513,0.9895312555012452
1,8514,0.9903087759623422
1,8515,0.9863348022915875
1,8516,0.9869630483429893
1,8517,0.9918366004714245
1,8518,0.9756423266351755
1,8519,0.9838950683288216
1,8520,0.9960290644725737
1,8521,0.9888712343550617
1,8522,0.9581959897951858
1,8523,0.9808016147260858
1,8524,0.9943305073414505
1,8525,0.995584022756912
1,8526,0.9935434532912893
1,8527,0.9904189827629197
1,8528,0.9871175726386235
1,8529,0.9903317814653363
1,8530,0.9832170764408925
1,8531,0.9676497070822124
1,8532,0.9982547871088475
1,8533,0.9417183089582806
1,8534,0.967233990812835
1,8535,0.9961763126241178
1,8536,0.9640409786694689
1,8537,0.9739631996086923
1,8538,0.9924604130129776
1,8539,0.966983689894055
1,8540,0.995498789074237
1,8541,0.9713671115177431
1,8542,0.9752125478495038
1,8543,0.9784428907717653
1,8544,0.9881067699291795
1,8545,0.9383562471993327
1,8546,0.9953842614241292
1,8547,0.99537836324172
1,8548,0.9852528607163661
1,8549,0.9915737622150517
1,8550,0.9809175313120357
1,8551,0.9877813567339835
1,8552,0.9905466410224626
1,8553,0.9877776158837782
1,8554,0.9809608639047659
1,8555,0.9825168709147387
1,8556,0.9872037810230891
1,8557,0.9762747806124522
1,8558,0.9697954869150266
1,8559,0.9892057819836887
1,8560,0.986512406624301
1,8561,0.9786121652466555
1,8562,0.9709898780372138
1,8563,0.9716014864019804
1,8564,0.9942527490970186
1,8565,0.9955658464977452
1,8566,0.9454706082511863
1,8567,0.9968161786272244
1,8568,0.9918629043525808
1,8569,0.9876909777369254
1,8570,0.9907093658944112
1,8571,0.9868713143158514
1,8572,0.9947145199651799
1,8573,0.994902080665687
1,8574,0.9704880748195018
1,8575,0.9875169428539544
1,8576,0.9872255796050889
1,8577,0.9850267619964356
1,8578,0.9983786980638628
1,8579,0.9976948369750872
1,8580,0.9938842482865595
1,8581,0.9906680420378426
1,8582,0.9671213292111245
1,8583,0.9976620461932567
1,8584,0.9818946891654912
1,8585,0.9786302905608792
1,8586,0.989876790094444
1,8587,0.9687970309422558
1,8588,0.9785373839481805
1,8589,0.9755197557694016
1,8590,0.9646660112728696
1,8591,0.9833874954963232
1,8592,0.9730327359900895
1,8593,0.9658205043946565
1,8594,0.9926048047725156
1,8595,0.9954232612252556
1,8596,0.9780949349242178
1,8597,0.9812037976538208
1,8598,0.9904672928278879
1,8599,0.9820720275554127
1,8600,0.9950115748618046
1,8601,0.9939510953386189
1,8602,0.987233791500132
1,8603,0.9936380059538072
1,8604,0.9858058309982947
1,8605,0.9812043473687466
1,8606,0.9962860166371817
1,8607,0.9895949152092779
1,8608,0.982316777947989
1,8609,0.9873133821611743
1,8610,0.8983219606992371
1,8611,0.9526468386360171
1,8612,0.9905902831818213
1,8613,0.9595850223701896
1,8614,0.964805089197409
1,8615,0.9847631424805748
1,8616,0.9781880832439778
1,8617,0.981083256256068
1,8618,0.9817556357064197
1,8619,0.9970137417792297
1,8620,0.9912568485766476
1,8621,0.9946355290194505
1,8622,0.9815152624983062
1,8623,0.9905085017093765
1,8624,0.9941786801188002
1,8625,0.9884559271168677
1,8626,0.9953316034602169
1,8627,0.983556364118081
1,8628,0.9953865407129255
1,8629,0.9952542352864095
1,8630,0.9723811556807495
1,8631,0.9950030260942726
1,8632,0.9895156403997885
1,8633,0.9925394375875394
1,8634,0.9835615448865316
1,8635,0.9971187416952446
1,8636,0.9760969482353172
1,8637,0.9743640416678341
1,8638,0.9873319406127371
1,8639,0.9923000914965331
1,8640,0.9842951462520276
1,8641,0.9393024045016707
1,8642,0.9962913693082845
1,8643,0.967394074406257
1,8644,0.9931438041382147
1,8645,0.994802619776899
1,8646,0.9756093915188048
1,8647,0.9867148310855987
1,8648,0.9743288068558305
1,8649,0.9804318394140438
1,8650,0.9728792696774377
1,8651,0.9804271599033106
1,8652,0.98971991811228
1,8653,0.9921595017987233
1,8654,0.9883767598041421
1,8655,0.9939974561750409
1,8656,0.979665326684886
1,8657,0.9826507799362154
1,8658,0.9851141367095886
1,8659,0.9699751653598833
1,8660,0.9769080210337502
1,8661,0.9914814818448244
1,8662,0.9786744354423061
1,8663,0.9831954585514874
1,8664,0.9900492623623562
1,8665,0.9878074214602005
1,8666,0.9656461548659211
1,8667,0.9830555226598029
1,8668,0.9659149738804335
1,8669,0.9708779008214947
1,8670,0.9631317521609241
1,8671,0.9565032933656806
1,8672,0.9885434557773087
1,8673,0.9881596422023174
1,8674,0.9886069182725719
1,8675,0.9866703703976948
1,8676,0.9847874432317785
1,8677,0.9969886209691508
1,8678,0.9708255322245043
1,8679,0.9941435705663252
1,8680,0.9823262304898095
1,8681,0.9669659174853845
1,8682,0.9634051756154819
1,8683,0.9780546327455801
1,8684,0.986320971899123
1,8685,0.973051964363306
1,8686,0.9949748444317407
1,8687,0.9949620290061552
1,8688,0.9794129711062889
1,8689,0.9750113491468002
1,8690,0.9683380014476803
1,8691,0.9940550474473239
1,8692,0.9974976571885887
1,8693,0.9909972386011044
1,8694,0.9208181292605243
1,8695,0.9818893845348637
1,8696,0.9867978543776809
1,8697,0.9894167359348724
1,8698,0.980369294140138
1,8699,0.9889166923962218
1,8700,0.9908995988351589
1,8701,0.9912277228710759
1,8702,0.9775401333645538
1,8703,0.9921918433719314
1,8704,0.9895096713395677
1,8705,0.9946368442654169
1,8706,0.9889934093899374
1,8707,0.997768125436186
1,8708,0.9823057327392587
1,8709,0.9795771525421012
1,8710,0.9939873628527482
1,8711,0.9740167243063905
1,8712,0.9642353300657706
1,8713,0.9883011568203341
1,8714,0.9875205299914401
1,8715,0.9881738498199382
1,8716,0.9828141109585803
1,8717,0.9762238329918757
1,8718,0.9371912403751727
1,8719,0.9849381665915028
1,8720,0.9917727451889206
1,8721,0.9716804929815049
1,8722,0.9758800242502339
1,8723,0.953286568821962
1,8724,0.9870900666310776
1,8725,0.9460122706784722
1,8726,0.9868425565892027
1,8727,0.9882533564741814
1,8728,0.9668162695725134
1,8729,0.9891090615059853
1,8730,0.9862062312533529
1,8731,0.9903251359969752
1,8732,0.9669317582485186
1,8733,0.9923903458398158
1,8734,0.9578520520472467
1,8735,0.9926249615232966
1,8736,0.9874632432501803
1,8737,0.989238186570052
1,8738,0.9771116577125896
1,8739,0.9809705389338622
1,8740,0.9725328233998399
1,8741,0.9837623252989377
1,8742,0.9809304068265888
1,8743,0.9940967099027865
1,8744,0.9145129282700052
1,8745,0.9956149031160062
1,8746,0.9937400885924449
1,8747,0.9907340468325591
1,8748,0.9668182857008092
1,8749,0.9950886220555867
1,8750,0.9893379355022578
1,8751,0.9208670017602143
1,8752,0.9896230882644772
1,8753,0.9929909440434851
1,8754,0.9409806351061256
1,8755,0.9873762503965227
1,8756,0.9594647238968035
1,8757,0.9801020341348162
1,8758,0.9715476021412752
1,8759,0.9729113765388365
1,8760,0.9576071242625682
1,8761,0.9913719734911609
1,8762,0.9694297568872833
1,8763,0.9860750894619598
1,8764,0.9805490706104664
1,8765,0.9526388838768127
1,8766,0.9898810844707834
1,8767,0.976671428440884
1,8768,0.9878940737207764
1,8769,0.9938803294866425
1,8770,0.9931195637383464
1,8771,0.9789662074187937
1,8772,0.9827616944232829
1,8773,0.9804583552000371
1,8774,0.9575583701894553
1,8775,0.9812544761804861
1,8776,0.9941708247846274
1,8777,0.9749490309474944
1,8778,0.9818574114115535
1,8779,0.9543877103675875
1,8780,0.9683015868206499
1,8781,0.990332237315381
1,8782,0.9885270529732224
1,8783,0.9844642075960444
1,8784,0.9887448618799164
1,8785,0.9903727494441291
1,8786,0.9851468003200057
1,8787,0.9810747994439529
1,8788,0.9612952880081042
1,8789,0.9936151976809388
1,8790,0.9959966382648949
1,8791,0.9785973804344777
1,8792,0.9575241639255826
1,8793,0.9559951148065945
1,8794,0.9965322014006733
1,8795,0.9953909966383725
1,8796,0.992191838698785
1,8797,0.992258060501807
1,8798,0.9930629388442459
1,8799,0.9741744000561156
1,8800,0.975842906969065
1,8801,0.9523186917634933
1,8802,0.9705279339422216
1,8803,0.9894152150046189
1,8804,0.9897355227856086
1,8805,0.9885777802344208
1,8806,0.9844121468278962
1,8807,0.9818633285771834
1,8808,0.9913891666587428
1,8809,0.9481950401179549
1,8810,0.9819310762166336
1,8811,0.9771540896490535
1,8812,0.9898383215284632
1,8813,0.9634271333768307
1,8814,0.9901697896580088
1,8815,0.9894496643156551
1,8816,0.991138530726087
1,8817,0.9823147407084745
1,8818,0.9892788675401082
1,8819,0.9868632558615167
1,8820,0.9909883753333832
1,8821,0.9865308772324209
1,8822,0.9656942959628759
1,8823,0.9899040485152707
1,8824,0.9936223780961747
1,8825,0.996106275293988
1,8826,0.9861240825815168
1,8827,0.9765296219033174
1,8828,0.9786618895363791
1,8829,0.9905096270425447
1,8830,0.9974565599337644
1,8831,0.9888263520596073
1,8832,0.9776419094236017
1,8833,0.991340173569088
1,8834,0.99665215861873
1,8835,0.9744055143839806
1,8836,0.9856504986891786
1,8837,0.9735400929121051
1,8838,0.9867223776724304
1,8839,0.9890616120398763
1,8840,0.9952670215897528
1,8841,0.9765677532852002
1,8842,0.9965926551856955
1,8843,0.9903277097276303
1,8844,0.9910988093191774
1,8845,0.9698261531513038
1,8846,0.9303299208169197
1,8847,0.9766544121729221
1,8848,0.9911892979198317
1,8849,0.9591298282374384
1,8850,0.9943513481938578
1,8851,0.9621590093234433
1,8852,0.9865950196730984
1,8853,0.9944855219163741
1,8854,0.9615733543074618
1,8855,0.9922645218673808
1,8856,0.9896283554301938
1,8857,0.9828034302880538
1,8858,0.9859646531156903
1,8859,0.9841911646082446
1,8860,0.9923434974417134
1,8861,0.994767184898639
1,8862,0.9866945768592761
1,8863,0.9781524565052279
1,8864,0.981002603853524
1,8865,0.9956026035565342
1,8866,0.9752805837542025
1,8867,0.9778082403237
1,8868,0.9702999922553526
1,8869,0.9754056986891558
1,8870,0.9221909759013499
1,8871,0.9914721347332702
1,8872,0.9960243362042457
1,8873,0.997867131104604
1,8874,0.9912732168296892
1,8875,0.9757435859325815
1,8876,0.9941809342542416
1,8877,0.97464323403144415
1,8878,0.994748057233955
1,8879,0.9772001292895621
1,8880,0.9595472597696069
1,8881,0.9760795175996017
1,8882,0.9817288950531707
1,8883,0.9868405232000286
1,8884,0.991796096161189
1,8885,0.9759493288035306
1,8886,0.9939711140365011
1,8887,0.9920128483694485
1,8888,0.9914778628192147
1,8889,0.9713888952386935
1,8890,0.9895444638188393
1,8891,0.9808443297833441
1,8892,0.9789475367912935
1,8893,0.9747254303611305
1,8894,0.9855786056521835
1,8895,0.9911024562378273
1,8896,0.989503878266647
1,8897,0.97893032751379
1,8898,0.9669761469611714
1,8899,0.9977628323664328
1,8900,0.9976992863778602
1,8901,0.9936983878169354
1,8902,0.9870062790402616
1,8903,0.9934715870702233
1,8904,0.9925293095079392
1,8905,0.9913741809480668
1,8906,0.9857295214375338
1,8907,0.9600364944053179
1,8908,0.9716985995003466
1,8909,0.9706738256611787
1,8910,0.9680974014122223
1,8911,0.9679156195146397
1,8912,0.9914051054796711
1,8913,0.9876811473880729
1,8914,0.9847691046499405
1,8915,0.9794299273574242
1,8916,0.9862600061108577
1,8917,0.9598149246404938
1,8918,0.9654299618046377
1,8919,0.9827156986270248
1,8920,0.9913994495854654
1,8921,0.9721018938335382
1,8922,0.9852623599195969
1,8923,0.9620833669812029
1,8924,0.9858741663562135
1,8925,0.9888375766039104
1,8926,0.9945287808259193
1,8927,0.9822327148503582
1,8928,0.9678612422510997
1,8929,0.9959232752647585
1,8930,0.9943668954793119
1,8931,0.9793868989114296
1,8932,0.9553259209322126
1,8933,0.9935708839679034
1,8934,0.9877763009320751
1,8935,0.9930394547474971
1,8936,0.9760126455193439
1,8937,0.9976150538819173
1,8938,0.9694976806872232
1,8939,0.9900165720494406
1,8940,0.9605335436090578
1,8941,0.9958472699827089
1,8942,0.9874501847789074
1,8943,0.9825975556771296
1,8944,0.9739345801579592
1,8945,0.9953721896579376
1,8946,0.9962849592566486
1,8947,0.9934609725454656
1,8948,0.9970724086425934
1,8949,0.9573452845019361
1,8950,0.9925183729803629
1,8951,0.9946860321677178
1,8952,0.9906737383514109
1,8953,0.9951098054158324
1,8954,0.9773301841105044
1,8955,0.959317174915517
1,8956,0.9921482976502191
1,8957,0.9850732417550864
1,8958,0.9773385764934873
1,8959,0.9930848974229608
1,8960,0.944817580280115
1,8961,0.9930619497053625
1,8962,0.9832510823011757
1,8963,0.984028878829912
1,8964,0.9810039959029895
1,8965,0.9925118744451993
1,8966,0.9914465106011241
1,8967,0.979591572271882
1,8968,0.9980282779698958
1,8969,0.9765953050978278
1,8970,0.9796861478547998
1,8971,0.9784477661499575
1,8972,0.9815659891589237
1,8973,0.9875662466228206
1,8974,0.9806753715339859
1,8975,0.9822162843824108
1,8976,0.9698830625658911
1,8977,0.9912825039570426
1,8978,0.959075472273814
1,8979,0.9935271514671512
1,8980,0.988398752226614
1,8981,0.9689471029165051
1,8982,0.9738257062326875
1,8983,0.9963833473931266
1,8984,0.9920140668719898
1,8985,0.9789313234689505
1,8986,0.9759417079425523
1,8987,0.957313485412182
1,8988,0.9963007384343624
1,8989,0.9782158245178193
1,8990,0.9938631739417163
1,8991,0.9863503043981818
1,8992,0.9478132653026738
1,8993,0.9708879975611403
1,8994,0.9892268916563389
1,8995,0.9746514271118112
1,8996,0.9901999425069908
1,8997,0.9870935496752011
1,8998,0.9871229736999871
1,8999,0.9908955817131376
1,9000,0.9843073406022296
1,9001,0.9745754837623035
1,9002,0.9690666828750224
1,9003,0.9914024310415612
1,9004,0.9753809672245812
1,9005,0.9885289517851096
1,9006,0.98286597685024
1,9007,0.9852161667966963
1,9008,0.9864981487442764
1,9009,0.9953100232664038
1,9010,0.9942899110869375
1,9011,0.9772227027230515
1,9012,0.9908372006434818
1,9013,0.9712386008494972
1,9014,0.9910265459383578
1,9015,0.9898928611837119
1,9016,0.9844737555805685
1,9017,0.9860625718657041
1,9018,0.9796242719229113
1,9019,0.9859419127955676
1,9020,0.9803621763930438
1,9021,0.9938070796075535
1,9022,0.9908588536476501
1,9023,0.96349186861915
1,9024,0.9917740318254854
1,9025,0.9830635551237656
1,9026,0.9949017905810322
1,9027,0.9726962821871267
1,9028,0.99444140356741
1,9029,0.9940898353038657
1,9030,0.9928422061530651
1,9031,0.9954193624171082
1,9032,0.9539493209649789
1,9033,0.9925605091249975
1,9034,0.9935577828261596
1,9035,0.9654338888529002
1,9036,0.9911927169455992
1,9037,0.9915089326413744
1,9038,0.9642104463795798
1,9039,0.9981227807183916
1,9040,0.9932599663616328
1,9041,0.9834269173759381
1,9042,0.9888359717423738
1,9043,0.9856749476281467
1,9044,0.9819911609762052
1,9045,0.9832939339519793
1,9046,0.9831489572257669
1,9047,0.9851375076552659
1,9048,0.9965676280327669
1,9049,0.9830536127626119
1,9050,0.9913037235184317
1,9051,0.9928142827404952
1,9052,0.9948950250106733
1,9053,0.9945870075329831
1,9054,0.9928717056915056
1,9055,0.993261049876273
1,9056,0.8568532117516893
1,9057,0.9961876058042713
1,9058,0.8631670813615115
1,9059,0.9947405289979525
1,9060,0.9428557760827335
1,9061,0.9882844821473321
1,9062,0.9306516709634747
1,9063,0.9946143524673807
1,9064,0.9875091688818011
1,9065,0.9788670418502629
1,9066,0.9795177095288183
1,9067,0.9819381212723561
1,9068,0.9658834597271787
1,9069,0.9747221351280116
1,9070,0.9718449894030597
1,9071,0.9857636831660817
1,9072,0.9913744493818102
1,9073,0.9902891391825172
1,9074,0.9825839128575842
1,9075,0.9611222622531552
1,9076,0.9954647031407868
1,9077,0.9948989737894492
1,9078,0.9950193573546792
1,9079,0.9778967130052444
1,9080,0.9788822882250104
1,9081,0.992334942747074
1,9082,0.9884807795239925
1,9083,0.9526663899571389
1,9084,0.9969773538851207
1,9085,0.9584200035247927
1,9086,0.9919436004762219
1,9087,0.9937136791053036
1,9088,0.9606586560066198
1,9089,0.9630509077428195
1,9090,0.9855879928566501
1,9091,0.9850068359501677
1,9092,0.9980453046507072
1,9093,0.9839653085607529
1,9094,0.9854757153035473
1,9095,0.9846950725832861
1,9096,0.9685637437383865
1,9097,0.991462616813201
1,9098,0.9901531333051624
1,9099,0.9787161622731302
1,9100,0.9852032988108906
1,9101,0.9673694809051206
1,9102,0.9843738089889356
1,9103,0.9780551426995607
1,9104,0.9960909831973407
1,9105,0.9879097207152385
1,9106,0.9907271552411867
1,9107,0.9715495985211668
1,9108,0.9964919349100334
1,9109,0.9898831935624048
1,9110,0.9827211279460653
1,9111,0.9793865000879233
1,9112,0.996003624200328
1,9113,0.9825589384393885
1,9114,0.9905905564828588
1,9115,0.9787148056047519
1,9116,0.9818591790530097
1,9117,0.990865972259879
1,9118,0.9695502785462605
1,9119,0.9855913625067744
1,9120,0.984174126809587
1,9121,0.9865405202582057
1,9122,0.9725926938005401
1,9123,0.9928684612309436
1,9124,0.9754696440557475
1,9125,0.9869078838101458
1,9126,0.9740482538873108
1,9127,0.9912616366984509
1,9128,0.9868249186689674
1,9129,0.977533166986755
1,9130,0.9950309518161223
1,9131,0.9551044901648532
1,9132,0.9901314314924763
1,9133,0.9909040411329216
1,9134,0.9488403986504775
1,9135,0.9811740604616558
1,9136,0.9891482369009201
1,9137,0.993889351261806
1,9138,0.9876971583471644
1,9139,0.9864897046859081
1,9140,0.9829456083996452
1,9141,0.9773230465387589
1,9142,0.9813074612331674
1,9143,0.9911277329922135
1,9144,0.9871660481001605
1,9145,0.9859771915040884
1,9146,0.983733523696756
1,9147,0.984780741472836
1,9148,0.9939687929086752
1,9149,0.9945642660812996
1,9150,0.9484204505277996
1,9151,0.9627004473741643
1,9152,0.9968473285317423
1,9153,0.9612165548703303
1,9154,0.9967944055880732
1,9155,0.9920798085968894
1,9156,0.9782010883509091
1,9157,0.99145540596541
1,9158,0.9894847613571722
1,9159,0.956367896620465
1,9160,0.9924229148240853
1,9161,0.9717421731347272
1,9162,0.9912106894737123
1,9163,0.992344525600201
1,9164,0.9788967324482857
1,9165,0.98025511394994
1,9166,0.9797000854571724
1,9167,0.9674159384192811
1,9168,0.9924803173777668
1,9169,0.9925851440358664
1,9170,0.9920531644397291
1,9171,0.9894949066524045
1,9172,0.9819522514051395
1,9173,0.9919345392466137
1,9174,0.9646048086367757
1,9175,0.9955525190375143
1,9176,0.9880541357522343
1,9177,0.9941697641389212
1,9178,0.9781823877275706
1,9179,0.9816059576245008
1,9180,0.972638075029442
1,9181,0.9957606369217286
1,9182,0.9712250545341696
1,9183,0.9871915874397015
1,9184,0.9534795566062496
1,9185,0.9953028498643217
1,9186,0.953423644620923
1,9187,0.9899600625662646
1,9188,0.981478908023552
1,9189,0.9694513868674179
1,9190,0.9844274036615648
1,9191,0.9692523962348154
1,9192,0.9908312625785963
1,9193,0.9768644576960495
1,9194,0.9935567520356231
1,9195,0.9933788384848097
1,9196,0.9658159430406661
1,9197,0.9914415951114555
1,9198,0.9918748466197148
1,9199,0.9943852971221058
1,9200,0.9927503511094866
1,9201,0.9874235893419239
1,9202,0.9770479404129011
1,9203,0.9802687806525554
1,9204,0.9875309406407934
1,9205,0.9801143044394207
1,9206,0.9697443650113273
1,9207,0.9724990586751481
1,9208,0.9895243204306763
1,9209,0.9877754653496834
1,9210,0.9862152167383837
1,9211,0.9983723215631731
1,9212,0.9984328090548807
1,9213,0.9502476909144169
1,9214,0.9922646086682726
1,9215,0.9779986837846604
1,9216,0.9832040657250167
1,9217,0.9910798377842509
1,9218,0.9480823438605518
1,9219,0.9904685744145336
1,9220,0.9920016788673285
1,9221,0.984879034358554
1,9222,0.9806116790632684
1,9223,0.9846691689962679
1,9224,0.9890745780053823
1,9225,0.9822694962533702
1,9226,0.9772028888413835
1,9227,0.9789384861544534
1,9228,0.9957011382558092
1,9229,0.9776963466538303
1,9230,0.9896658546644401
1,9231,0.9711839295094546
1,9232,0.9940683381993651
1,9233,0.972431099145931
1,9234,0.9907259503277925
1,9235,0.9875046731522903
1,9236,0.988223681260756
1,9237,0.9791993691599565
1,9238,0.986327190466653
1,9239,0.9878709142620746
1,9240,0.9875025644982653
1,9241,0.9816623112181225
1,9242,0.9812965772593348
1,9243,0.9895452544924876
1,9244,0.9873313354232129
1,9245,0.9722628371316244
1,9246,0.959252281016758
1,9247,0.9649913296193622
1,9248,0.9843502252956484
1,9249,0.9806370274977567
1,9250,0.9779391982565057
1,9251,0.9879589690118299
1,9252,0.9798602698974678
1,9253,0.9905878256472306
1,9254,0.9888985225648061
1,9255,0.9973315743901678
1,9256,0.9266696884714873
1,9257,0.9984881986387665
1,9258,0.9933839982708629
1,9259,0.9693021055565115
1,9260,0.9576110784148035
1,9261,0.9905501237446737
1,9262,0.9890199250829534
1,9263,0.9696753402756688
1,9264,0.991979766524969
1,9265,0.9815712054035086
1,9266,0.9831945308464279
1,9267,0.9825782234271794
1,9268,0.983689510747582
1,9269,0.9818710386536186
1,9270,0.97506302311964
1,9271,0.9949049605568246
1,9272,0.9911324117518631
1,9273,0.9895912411277463
1,9274,0.951935138545046
1,9275,0.9782441888247654
1,9276,0.9927120955709926
1,9277,0.9284705886733337
1,9278,0.9825951970141972
1,9279,0.9965887424125027
1,9280,0.9970173233992237
1,9281,0.9747198012824824
1,9282,0.9822206646146614
1,9283,0.9969535444152479
1,9284,0.9654545301059274
1,9285,0.9977583567404295
1,9286,0.9838019367029968
1,9287,0.983242199642647
1,9288,0.9738349855032624
1,9289,0.9962665136594273
1,9290,0.9901145839366214
1,9291,0.9731923647814181
1,9292,0.9697668219019348
1,9293,0.9946202268663233
1,9294,0.9418372938403273
1,9295,0.9514595311990358
1,9296,0.9983368751676427
1,9297,0.9939955426279597
1,9298,0.9720880428924268
1,9299,0.9968535026096523
1,9300,0.9517495378722609
1,9301,0.951069020439602
1,9302,0.9421390905714327
1,9303,0.9889730237162575
1,9304,0.9895866979640956
1,9305,0.9876737201344716
1,9306,0.9899960615617308
1,9307,0.9850725890977988
1,9308,0.9933864472186488
1,9309,0.9602909721310223
1,9310,0.9944839173458616
1,9311,0.9814986659605973
1,9312,0.98156064815598
1,9313,0.9827763460658147
1,9314,0.9873560578832189
1,9315,0.9744492088230116
1,9316,0.9835720482549214
1,9317,0.9851061078567315
1,9318,0.9784005933324907
1,9319,0.9750565950047314
1,9320,0.9864459584937696
1,9321,0.9944659008163073
1,9322,0.9936397029253652
1,9323,0.9924396488979601
1,9324,0.9903505589958539
1,9325,0.9867004369676523
1,9326,0.949784496448656
1,9327,0.9964682681898811
1,9328,0.9954964535703504
1,9329,0.9910041386623241
1,9330,0.9956728212057477
1,9331,0.9957900300947665
1,9332,0.9901053519963197
1,9333,0.9929218491678036
1,9334,0.9940983001654666
1,9335,0.971999748245131
1,9336,0.9900290224655282
1,9337,0.9813044360578805
1,9338,0.98337485272401
1,9339,0.9855001427884457
1,9340,0.9842180582110195
1,9341,0.985621586964293
1,9342,0.9809692731439351
1,9343,0.9522482003890681
1,9344,0.930796489809178
1,9345,0.9842782195136955
1,9346,0.9844968707531108
1,9347,0.9878458444424455
1,9348,0.9917667426272609
1,9349,0.9823992812340676
1,9350,0.9862308885010542
1,9351,0.9963796465843742
1,9352,0.9772941611625461
1,9353,0.9775746270683837
1,9354,0.9853856852271339
1,9355,0.9458869920917224
1,9356,0.9969466777234203
1,9357,0.9458301804854993
1,9358,0.9911923197573651
1,9359,0.9924293011347858
1,9360,0.9862970639234327
1,9361,0.9909218554308357
1,9362,0.9795754401087589
1,9363,0.9916272190401167
1,9364,0.984466414841458
1,9365,0.9815106703321075
1,9366,0.9809925807971016
1,9367,0.9725333359522699
1,9368,0.9834899737967985
1,9369,0.9509186900853923
1,9370,0.9899771548534836
1,9371,0.9964675733064444
1,9372,0.950261446870649
1,9373,0.9941207208730344
1,9374,0.967784455670471
1,9375,0.9892091250822622
1,9376,0.9865843431195455
1,9377,0.9869330037355389
1,9378,0.9973617841678477
1,9379,0.9625924407692475
1,9380,0.8726543001617185
1,9381,0.9818881554182615
1,9382,0.995336222204044
1,9383,0.9935129781711592
1,9384,0.98697584555917
1,9385,0.9874824159019495
1,9386,0.9752252622244973
1,9387,0.9825595968903572
1,9388,0.9928488745366152
1,9389,0.9896161777008152
1,9390,0.9843898129396582
1,9391,0.9918186113642252
1,9392,0.9834629503488996
1,9393,0.9911371494073713
1,9394,0.9937000545574629
1,9395,0.9844167522626676
1,9396,0.9704246148965339
1,9397,0.994521291274701
1,9398,0.9895569365332121
1,9399,0.9900561713092779
1,9400,0.9553565529899517
1,9401,0.9932285167524193
1,9402,0.868522600848353
1,9403,0.989201986570627
1,9404,0.9703951079995073
1,9405,0.9857123742839843
1,9406,0.9710786781658365
1,9407,0.9890517249901244
1,9408,0.9477966108574469
1,9409,0.9862742587745024
1,9410,0.9842957084250277
1,9411,0.9773868489829916
1,9412,0.9871122705515626
1,9413,0.9736799117888733
1,9414,0.9589469217427551
1,9415,0.9857828909857441
1,9416,0.9782339614881113
1,9417,0.9974907479405981
1,9418,0.9900701513758312
1,9419,0.9757266008388669
1,9420,0.9921333491468646
1,9421,0.9894722868426352
1,9422,0.9758426107560655
1,9423,0.9756931704307634
1,9424,0.9870600222544338
1,9425,0.9943142320073727
1,9426,0.9957782842529028
1,9427,0.9655467162845721
1,9428,0.9760232179835472
1,9429,0.9701310973393693
1,9430,0.9692517300520469
1,9431,0.9733341225814157
1,9432,0.9864182204833598
1,9433,0.9933723900109368
1,9434,0.9930571249752996
1,9435,0.9874665618950993
1,9436,0.9645922477430686
1,9437,0.9891195733186176
1,9438,0.985731449677214
1,9439,0.9764267190879306
1,9440,0.990897634029112
1,9441,0.9742458846032767
1,9442,0.9705597208173958
1,9443,0.9940443946027939
1,9444,0.9907964443118396
1,9445,0.9644335436644969
1,9446,0.9967382624797507
1,9447,0.963117675901383
1,9448,0.9939761835656585
1,9449,0.9682097831121177
1,9450,0.9918447233994171
1,9451,0.9887430158159556
1,9452,0.980098085250915
1,9453,0.992869535902787
1,9454,0.935228006449048
1,9455,0.9637271222916488
1,9456,0.9816593253805409
1,9457,0.9240740351401023
1,9458,0.9871876853565472
1,9459,0.9873955166506617
1,9460,0.9882640624230115
1,9461,0.9923730614907993
1,9462,0.9893671815429136
1,9463,0.9808777817541998
1,9464,0.9893233749002509
1,9465,0.9775695428548773
1,9466,0.9891290183170248
1,9467,0.9708596536773776
1,9468,0.9880170839386331
1,9469,0.9809238174722663
1,9470,0.9775976160264379
1,9471,0.9796305393392774
1,9472,0.9842988298159112
1,9473,0.9818395067161497
1,9474,0.995959442083859
1,9475,0.9843467892106762
1,9476,0.9897023472919924
1,9477,0.9831609968095109
1,9478,0.991866163717882
1,9479,0.978753640420597
1,9480,0.9910407188801207
1,9481,0.9921259755769324
1,9482,0.967444668639513
1,9483,0.9865509772206229
1,9484,0.9888471454002163
1,9485,0.979560206136409
1,9486,0.9795696691795382
1,9487,0.9863528453575734
1,9488,0.9904396744076475
1,9489,0.9862267044181526
1,9490,0.9855814542391262
1,9491,0.9865711729374707
1,9492,0.9888868910545362
1,9493,0.9717659315101949
1,9494,0.9921154830493932
1,9495,0.9946420038950202
1,9496,0.9951473634086766
1,9497,0.9798700628726232
1,9498,0.982404989322289
1,9499,0.9838966251899136
1,9500,0.9813217124963334
1,9501,0.9908525491669592
1,9502,0.9863398131319461
1,9503,0.9696644850779493
1,9504,0.9974878216803699
1,9505,0.9649193329027568
1,9506,0.9964020609163845
1,9507,0.9696484007561722
1,9508,0.9729741444927216
1,9509,0.9807055646514276
1,9510,0.9833157463632815
1,9511,0.9895487938375218
1,9512,0.9971525922052502
1,9513,0.992722384128126
1,9514,0.9901765491678987
1,9515,0.9576030750905034
1,9516,0.9965855857161937
1,9517,0.9811102343459135
1,9518,0.9734332185628448
1,9519,0.9738352601884659
1,9520,0.9904365387078837
1,9521,0.9902411131958789
1,9522,0.9862621676983588
1,9523,0.9574985511180859
1,9524,0.9699925491410524
1,9525,0.93953430742258
1,9526,0.9323155950552373
1,9527,0.9934212223172797
1,9528,0.9596250048213597
1,9529,0.9843444879240962
1,9530,0.9929578931273448
1,9531,0.9830536893235906
1,9532,0.9544570594862037
1,9533,0.983254206674062
1,9534,0.9954401148003458
1,9535,0.9854651387545215
1,9536,0.9622373039691219
1,9537,0.9929555054665358
1,9538,0.9845898915940122
1,9539,0.9966946315422645
1,9540,0.9892254169304026
1,9541,0.9954929625553033
1,9542,0.9883245211773476
1,9543,0.9764741741667342
1,9544,0.9908546634794819
1,9545,0.9643377003305726
1,9546,0.9631958851191393
1,9547,0.971047005974913
1,9548,0.982590176312528
1,9549,0.9863248054019736
1,9550,0.9860490560836265
1,9551,0.9939859970753403
1,9552,0.9544042587351221
1,9553,0.9737097687190528
1,9554,0.9941793099584357
1,9555,0.98914468485918
1,9556,0.9614270182861488
1,9557,0.985629909262683
1,9558,0.9940837434772775
1,9559,0.9856489234348016
1,9560,0.9850590981530026
1,9561,0.9825499585236649
1,9562,0.9684953726881524
1,9563,0.978472478416857
1,9564,0.9949867706625117
1,9565,0.9631537636526591
1,9566,0.9942503722193685
1,9567,0.99553190357059
1,9568,0.9845408308413661
1,9569,0.9815550239806307
1,9570,0.9658884121747925
1,9571,0.995869284390233
1,9572,0.9454075920524744
1,9573,0.9873736326585929
1,9574,0.9859448536290426
1,9575,0.9923753974978503
1,9576,0.9509198796728081
1,9577,0.9930531844110507
1,9578,0.9894053123882905
1,9579,0.9767685965011134
1,9580,0.9853104690733562
1,9581,0.9933912400025534
1,9582,0.9843166817589712
1,9583,0.9839518049959006
1,9584,0.9847060567955139
1,9585,0.9796813468296889
1,9586,0.9962206517175283
1,9587,0.9585318628192555
1,9588,0.9950835878071924
1,9589,0.9622695729330148
1,9590,0.9617609163162277
1,9591,0.9911044041729441
1,9592,0.9937741293886597
1,9593,0.9917791415817737
1,9594,0.991379413423382
1,9595,0.9749633033738312
1,9596,0.9832785471938817
1,9597,0.9869465212670517
1,9598,0.974121242121119
1,9599,0.9864145384230675
1,9600,0.9974880469306738
1,9601,0.997083362241251
1,9602,0.9824543057577412
1,9603,0.9907458641515138
1,9604,0.9814678227281672
1,9605,0.9851510897129561
1,9606,0.9748064894452743
1,9607,0.9893511217600205
1,9608,0.944466076600513
1,9609,0.9945266192050991
1,9610,0.9579690528238574
1,9611,0.9810917714358671
1,9612,0.9891318331822928
1,9613,0.9847018818484675
1,9614,0.9848164002226472
1,9615,0.9418634539723287
1,9616,0.9954090757560009
1,9617,0.9793568399190674
1,9618,0.9931136629090936
1,9619,0.9777944828617017
1,9620,0.9859427648473883
1,9621,0.9616211915644011
1,9622,0.9898259975111333
1,9623,0.9571975536946103
1,9624,0.9913150230265673
1,9625,0.9892325023256786
1,9626,0.9830760407232327
1,9627,0.979201543334991
1,9628,0.9788556325278387
1,9629,0.9693133521767444
1,9630,0.9917028630393497
1,9631,0.9901126585704946
1,9632,0.969680374667526
1,9633,0.9926560315101872
1,9634,0.9824131547182875
1,9635,0.9929218265752633
1,9636,0.9851657040996701
1,9637,0.9724493472987525
1,9638,0.9767187542926568
1,9639,0.9825532211632733
1,9640,0.9704377114169767
1,9641,0.9758206389692076
1,9642,0.9882793247437407
1,9643,0.9778935330409837
1,9644,0.9777582116408898
1,9645,0.9970809724748771
1,9646,0.9066582512907195
1,9647,0.9718021399356634
1,9648,0.9915951470140931
1,9649,0.9671842459758708
1,9650,0.9699959235369242
1,9651,0.9862859221446956
1,9652,0.9770452139209995
1,9653,0.9820346582787147
1,9654,0.9896814822589932
1,9655,0.9800494656129856
1,9656,0.9688944561731552
1,9657,0.9907409219027606
1,9658,0.9910540289452403
1,9659,0.9804841370269778
1,9660,0.9876280234635558
1,9661,0.9907230145557502
1,9662,0.9908332460862417
1,9663,0.9875034416979419
1,9664,0.9842196153474659
1,9665,0.9903743900375267
1,9666,0.9711112205534024
1,9667,0.9709863564116374
1,9668,0.9704195214630891
1,9669,0.966037501233924
1,9670,0.9810127494234263
1,9671,0.9752111608306464
1,9672,0.9866305737121248
1,9673,0.9841101278554961
1,9674,0.9938398062492269
1,9675,0.9420872570267227
1,9676,0.9981376336991854
1,9677,0.9923442170802064
1,9678,0.9415172913364548
1,9679,0.9283899097270496
1,9680,0.9964169867285562
1,9681,0.984054553814535
1,9682,0.9925054232465254
1,9683,0.9729276512145834
1,9684,0.9855048456928203
1,9685,0.9743210454449883
1,9686,0.9849077351399848
1,9687,0.996197467839892
1,9688,0.9655054017876425
1,9689,0.9671683076739326
1,9690,0.9843594793195611
1,9691,0.9839607907325193
1,9692,0.9838753783458962
1,9693,0.9932574064173751
1,9694,0.9833794894241061
1,9695,0.9843578720146845
1,9696,0.9956126385906658
1,9697,0.9925208032211572
1,9698,0.9615105249645369
1,9699,0.971289548640474
1,9700,0.9700436864657398
1,9701,0.9977186816704299
1,9702,0.997657581079988
1,9703,0.9943321468302238
1,9704,0.995935857217509
1,9705,0.9921632371118518
1,9706,0.9826403109955467
1,9707,0.9729657497583359
1,9708,0.9787965251519465
1,9709,0.9778002435827551
1,9710,0.9851311424714381
1,9711,0.9611758135942553
1,9712,0.9753618880206645
1,9713,0.9711574650952352
1,9714,0.9906085076937932
1,9715,0.9557769509162959
1,9716,0.9758620693834031
1,9717,0.9986358002952992
1,9718,0.9840768575451282
1,9719,0.9583501253242271
1,9720,0.9408303061085195
1,9721,0.9500380900484383
1,9722,0.9931461497244418
1,9723,0.9603625182290062
1,9724,0.9772963062356332
1,9725,0.9846540436958797
1,9726,0.9801156751604381
1,9727,0.9913654554574564
1,9728,0.9684725257362939
1,9729,0.9562625328431155
1,9730,0.9891854494305203
1,9731,0.9646160183380068
1,9732,0.9757610545068756
1,9733,0.9928729393939721
1,9734,0.9957593428907813
1,9735,0.9501599874362354
1,9736,0.9685964490175664
1,9737,0.9558219098440485
1,9738,0.9797315347945901
1,9739,0.9765131474133321
1,9740,0.9868540219694264
1,9741,0.9951048145023164
1,9742,0.9794451941914524
1,9743,0.9845125945840599
1,9744,0.9811052441881336
1,9745,0.9807739904045947
1,9746,0.9842670082019053
1,9747,0.9733138213654159
1,9748,0.9821566640492106
1,9749,0.9814041769079839
1,9750,0.996812584909214
1,9751,0.9836046495893063
1,9752,0.9825844475886405
1,9753,0.9807116605272705
1,9754,0.9874808627363192
1,9755,0.9872706679020206
1,9756,0.9832654227489371
1,9757,0.9863580657954429
1,9758,0.9866296248071449
1,9759,0.9915331860325637
1,9760,0.9965419365762206
1,9761,0.996871447206019
1,9762,0.9929604395125189
1,9763,0.9924623677443662
1,9764,0.9748164553045925
1,9765,0.9808469583171376
1,9766,0.9655818786314723
1,9767,0.9959534190815414
1,9768,0.9612947157713498
1,9769,0.9911492958976746
1,9770,0.9756161329172435
1,9771,0.9763377342777472
1,9772,0.9895570009027721
1,9773,0.9949750672926676
1,9774,0.9985694991991346
1,9775,0.9794961475474477
1,9776,0.9805020375701368
1,9777,0.9716512778669528
1,9778,0.9910967633482273
1,9779,0.9939033716277921
1,9780,0.9866045233723152
1,9781,0.9916667545506598
1,9782,0.986502352350947
1,9783,0.9795295660399985
1,9784,0.9779722713430854
1,9785,0.9957517920046846
1,9786,0.9867676415109905
1,9787,0.9906419956552287
1,9788,0.9874155761265097
1,9789,0.9891111500190499
1,9790,0.9820900755513402
1,9791,0.9849110142863882
1,9792,0.9769047777099612
1,9793,0.9891113097645808
1,9794,0.9968362382949484
1,9795,0.970928235306779
1,9796,0.9924356856215163
1,9797,0.9878834799615138
1,9798,0.9918787468458651
1,9799,0.9933454196007592
1,9800,0.9822170964107707
1,9801,0.9779609272633454
1,9802,0.9906253102840641
1,9803,0.9917981855576062
1,9804,0.9900915525660579
1,9805,0.9849875066797474
1,9806,0.9819104598002372
1,9807,0.9800159996953678
1,9808,0.9916612283809344
1,9809,0.9757401893127178
1,9810,0.9905372961844219
1,9811,0.9933169938878825
1,9812,0.9705647723254909
1,9813,0.9930767608298102
1,9814,0.9759248586933794
1,9815,0.980922555953803
1,9816,0.9719346399131679
1,9817,0.9738879612376946
1,9818,0.9891044079361911
1,9819,0.9686071493930173
1,9820,0.991287666803925
1,9821,0.9789844500889382
1,9822,0.9842982976097343
1,9823,0.974806249610935
1,9824,0.9864733217504758
1,9825,0.9659679876269035
1,9826,0.9792948335863693
1,9827,0.985771778692208
1,9828,0.9342012912588871
1,9829,0.9938986622024135
1,9830,0.9931106026140678
1,9831,0.9898232681974836
1,9832,0.987899676155525
1,9833,0.9734267278278662
1,9834,0.9848386533723834
1,9835,0.9793766078483502
1,9836,0.9854269555228374
1,9837,0.9826485635214051
1,9838,0.962904290526507
1,9839,0.9698902892571918
1,9840,0.9979494503463621
1,9841,0.9497194615990904
1,9842,0.9977494023617192
1,9843,0.9909368689803302
1,9844,0.995059208523849
1,9845,0.9894072766401476
1,9846,0.9899876858942406
1,9847,0.9530915671195324
1,9848,0.9907411892583005
1,9849,0.993271859555631
1,9850,0.9915635806809259
1,9851,0.9646893876987553
1,9852,0.995047791116059
1,9853,0.976249542795388
1,9854,0.956770696816527
1,9855,0.9447391856458541
1,9856,0.9846024883985015
1,9857,0.982206170367486
1,9858,0.9681671206836747
1,9859,0.9883689928961852
1,9860,0.9745776320722278
1,9861,0.9876219130967426
1,9862,0.9845088597667362
1,9863,0.9818897985001694
1,9864,0.97437908891479
1,9865,0.9954555216393819
1,9866,0.9243349798438698
1,9867,0.83962210061176
1,9868,0.9061410960741416
1,9869,0.9680097842328866
1,9870,0.9868707043622926
1,9871,0.997865656592263
1,9872,0.9366524399153159
1,9873,0.9646619879396192
1,9874,0.9871127629565702
1,9875,0.9823516643683917
1,9876,0.9818803865174994
1,9877,0.979254453639996
1,9878,0.9876594787989165
1,9879,0.9859013679853514
1,9880,0.9848838208422749
1,9881,0.9799331060535602
1,9882,0.9865259831003237
1,9883,0.9664823585621479
1,9884,0.9936610682835262
1,9885,0.9900903064940058
1,9886,0.9826152732213276
1,9887,0.9833397416336787
1,9888,0.9551842355653933
1,9889,0.9738041348515203
1,9890,0.9962563704315051
1,9891,0.9940660712306923
1,9892,0.9587435795545557
1,9893,0.9565197818635042
1,9894,0.9872126801119906
1,9895,0.9818581019352076
1,9896,0.9922701077939433
1,9897,0.9966018370776889
1,9898,0.9969731861826081
1,9899,0.9832679806313751
1,9900,0.9853929436212496
1,9901,0.9822234156664942
1,9902,0.9805895184465412
1,9903,0.9971724833185008
1,9904,0.9748265038166875
1,9905,0.9860095206510714
1,9906,0.9481767725581367
1,9907,0.9836779288579484
1,9908,0.9825516200004608
1,9909,0.9922025922364178
1,9910,0.9693361745888136
1,9911,0.9865461632897351
1,9912,0.9782305458497783
1,9913,0.9814226923452944
1,9914,0.9797017720543519
1,9915,0.9957003515013035
1,9916,0.9926850729399375
1,9917,0.982374671230775
1,9918,0.9807069397574117
1,9919,0.9900856566511188
1,9920,0.9881218547697272
1,9921,0.9813053429719003
1,9922,0.976019108739334
1,9923,0.9888371369384986
1,9924,0.9832336418638385
1,9925,0.9876314303399963
1,9926,0.9893206841951355
1,9927,0.9824154093784256
1,9928,0.9941607234072517
1,9929,0.9850877272846909
1,9930,0.9829188101538809
1,9931,0.9944459338575767
1,9932,0.9509902203321363
1,9933,0.9825071548201922
1,9934,0.9960398745911252
1,9935,0.9920459483213944
1,9936,0.9900002679957619
1,9937,0.9825032041705559
1,9938,0.9847897124896905
1,9939,0.9943679021727075
1,9940,0.97485711609901
1,9941,0.9742230245679983
1,9942,0.9888363618557361
1,9943,0.9837802204164777
1,9944,0.9865362683844762
1,9945,0.9523918854902864
1,9946,0.9849660949190924
1,9947,0.9510046843480223
1,9948,0.9905355362538211
1,9949,0.9742693898304646
1,9950,0.9822087790090257
1,9951,0.9603613163215811
1,9952,0.996361365553202
1,9953,0.997590715118951
1,9954,0.9975863181134867
1,9955,0.9934289177287454
1,9956,0.991984945633693
1,9957,0.9836672857632403
1,9958,0.9736723626020252
1,9959,0.9894352012051467
1,9960,0.966403012443636
1,9961,0.9844741808564291
1,9962,0.9465206979990495
1,9963,0.9971013643801929
1,9964,0.9918244499712
1,9965,0.9482635231316949
1,9966,0.9863015059188481
1,9967,0.9812331949751315
1,9968,0.9736689547206262
1,9969,0.9721990204170406
1,9970,0.9918025398095951
1,9971,0.9798037717604794
1,9972,0.9891806947315246
1,9973,0.986771964749722
1,9974,0.9746307812865294
1,9975,0.9748312604780465
1,9976,0.9947459077281539
1,9977,0.9828050963728424
1,9978,0.9710676325073108
1,9979,0.994653432400453
1,9980,0.97899507348492
1,9981,0.9586612767234644
1,9982,0.9861809660706944
1,9983,0.9924376185543546
1,9984,0.9755161827198515
1,9985,0.9940657234845491
1,9986,0.9954338217623857
1,9987,0.9905972633160997
1,9988,0.9712721778548583
1,9989,0.9936682015346936
1,9990,0.9976343048457079
1,9991,0.9059575503985082
1,9992,0.9959530784328557
1,9993,0.994401270098628
1,9994,0.992023824420384
1,9995,0.9674725071607765
1,9996,0.988802768987962
1,9997,0.9785037399696589
1,9998,0.9910592618892671
1,9999,0.9742465353116606
1,10000,0.9935348420883011
1,10001,0.9845244446220246
1,10002,0.969008280577898
1,10003,0.9929067598093734
1,10004,0.9941264691552983
1,10005,0.9324489325893447
1,10006,0.977560006049282
1,10007,0.9894546929393276
1,10008,0.9890875027856806
1,10009,0.9912348575944763
1,10010,0.975857471720428
1,10011,0.998786775126504
1,10012,0.9855095456148741
1,10013,0.9978204070363481
1,10014,0.9860379023868451
1,10015,0.9898629609746854
1,10016,0.985592617680594
1,10017,0.9898946338972358
1,10018,0.9554717367471754
1,10019,0.979449248536838
1,10020,0.993343092430927
1,10021,0.9428642430986348
1,10022,0.9982696568032989
1,10023,0.997648530729216
1,10024,0.9756059145203234
1,10025,0.995954532711957
1,10026,0.9974319205008203
1,10027,0.9806345030754928
1,10028,0.9494113842729097
1,10029,0.9764989711759127
1,10030,0.9144561404402426
1,10031,0.9950043413018237
1,10032,0.9921962042787852
1,10033,0.9887610046018916
1,10034,0.9884252711137906
1,10035,0.9958047557428058
1,10036,0.9667138243360168
1,10037,0.9887614554607651
1,10038,0.9840809533407815
1,10039,0.9891752861245543
1,10040,0.9212418274115822
1,10041,0.9976093739277699
1,10042,0.9977252770290285
1,10043,0.998126981722361
1,10044,0.9569726744914807
1,10045,0.9936277908414345
1,10046,0.9853761902309665
1,10047,0.9870408131018152
1,10048,0.9723091604470052
1,10049,0.9894007730739598
1,10050,0.9907183660814287
1,10051,0.9747717331046825
1,10052,0.9842509255575866
1,10053,0.9726487653480977
1,10054,0.9778931432706139
1,10055,0.971975757682955
1,10056,0.9844570553323481
1,10057,0.9756160658442666
1,10058,0.9973037714263676
1,10059,0.9921088127658668
1,10060,0.9734943555505459
1,10061,0.9705758023572799
1,10062,0.9963118944174718
1,10063,0.9821337549074067
1,10064,0.9923285258833406
1,10065,0.9773315375033529
1,10066,0.9955709972210663
1,10067,0.9869021500481953
1,10068,0.9800716982197907
1,10069,0.9554599050764021
1,10070,0.9814454149428287
1,10071,0.9866885065787188
1,10072,0.9790938173513067
1,10073,0.9746288362197132
1,10074,0.982288494759273
1,10075,0.9972153419100547
1,10076,0.9553776825088942
1,10077,0.9908226482382382
1,10078,0.9886118297876257
1,10079,0.9883756596418753
1,10080,0.9817593989769362
1,10081,0.969312048811242
1,10082,0.9935162823866215
1,10083,0.9922879529287969
1,10084,0.98473932545521
1,10085,0.9892311401622234
1,10086,0.9763605170116046
1,10087,0.9839770448792032
1,10088,0.9845943352072205
1,10089,0.9783132625505857
1,10090,0.9050101845983735
1,10091,0.9987622811101883
1,10092,0.998724668608357
1,10093,0.9668898286591746
1,10094,0.9954460443882245
1,10095,0.9916691776957202
1,10096,0.9877425433717069
1,10097,0.9871529582705318
1,10098,0.9620794348384409
1,10099,0.9854029540176734
1,10100,0.9935675848259089
1,10101,0.9841044582149232
1,10102,0.9674849180438818
1,10103,0.9900286543811031
1,10104,0.9791374378258846
1,10105,0.9935604216481608
1,10106,0.9818577552654941
1,10107,0.9773761379402903
1,10108,0.9922753603160904
1,10109,0.9892115710545619
1,10110,0.9773881799279095
1,10111,0.9781993887034011
1,10112,0.9916296250248702
1,10113,0.9943448394930198
1,10114,0.9743528504980055
1,10115,0.9843581685474269
1,10116,0.9751282010525316
1,10117,0.9876297566081296
1,10118,0.9818824640423188
1,10119,0.9515157271424026
1,10120,0.9980022649692325
1,10121,0.9621114796600491
1,10122,0.9908659279238755
1,10123,0.9711453039342323
1,10124,0.9926153453953447
1,10125,0.9837888005728471
1,10126,0.981471038486935
1,10127,0.9779201833395325
1,10128,0.9947599437835697
1,10129,0.9160190768251899
1,10130,0.9964477448450885
1,10131,0.9822097709056375
1,10132,0.9828711804097329
1,10133,0.9799851031461346
1,10134,0.9801072039087347
1,10135,0.97890942707035
1,10136,0.9891261989543435
1,10137,0.9868827171075927
1,10138,0.9958612170001686
1,10139,0.9762422176080332
1,10140,0.9931049496352822
1,10141,0.9946110828894892
1,10142,0.9786621420276386
1,10143,0.9828504610796344
1,10144,0.9605681526714792
1,10145,0.9905457524438379
1,10146,0.9817419738348899
1,10147,0.9974548204882756
1,10148,0.9971957739723001
1,10149,0.989975874789893
1,10150,0.9967381765399129
1,10151,0.9960543711761316
1,10152,0.9966626609962649
1,10153,0.9858519375809086
1,10154,0.9883366797125066
1,10155,0.9980415447192463
1,10156,0.9926751498908281
1,10157,0.9913916788707093
1,10158,0.9538903039762574
1,10159,0.9946012861047125
1,10160,0.991227001601827
1,10161,0.9811215828783401
1,10162,0.9906407318273979
1,10163,0.9862177593738025
1,10164,0.9767685152105193
1,10165,0.9914892871002894
1,10166,0.9776262344818935
1,10167,0.9870138611639054
1,10168,0.9945261234285647
1,10169,0.9880106585878853
1,10170,0.9950373532390475
1,10171,0.9933498121276791
1,10172,0.9960214100324932
1,10173,0.9563246614688841
1,10174,0.9931464995152006
1,10175,0.9622643881790639
1,10176,0.996896870962848
1,10177,0.9612410363433336
1,10178,0.9832009542198138
1,10179,0.9924475795620761
1,10180,0.9942585967918243
1,10181,0.9612654532271063
1,10182,0.9917903369494881
1,10183,0.9922227521885482
1,10184,0.9661353514567097
1,10185,0.989185994690549
1,10186,0.9747051663554802
1,10187,0.9861114580838544
1,10188,0.9698054045000203
1,10189,0.9801474843984694
1,10190,0.9837343358712062
1,10191,0.9908921184465723
1,10192,0.9715151666278922
1,10193,0.9817038289491977
1,10194,0.9859276766941344
1,10195,0.9952691031683193
1,10196,0.9672425295041617
1,10197,0.978313889325536
1,10198,0.9841366142866202
1,10199,0.9810214153836931
1,10200,0.9749152576319003
1,10201,0.9557469014655571
1,10202,0.9820173998178776
1,10203,0.9884332247134319
1,10204,0.989487027654687
1,10205,0.9775111020280592
1,10206,0.9762193750524065
1,10207,0.9630323974150318
1,10208,0.9924327862304949
1,10209,0.9488645907557457
1,10210,0.9949580378603711
1,10211,0.988396087560527
1,10212,0.9890074963323268
1,10213,0.9895066908171808
1,10214,0.98498089740611106
1,10215,0.985060346950658
1,10216,0.9808379242446296
1,10217,0.9856708216476626
1,10218,0.9952025580256447
1,10219,0.9831226184328328
1,10220,0.9910418941399122
1,10221,0.9920812900203831
1,10222,0.9871339978382739
1,10223,0.9893788582696861
1,10224,0.9485845976502785
1,10225,0.9623285946431682
1,10226,0.9940951726103552
1,10227,0.9968882438911358
1,10228,0.9955775524596313
1,10229,0.9915371758555126
1,10230,0.9190299634792937
1,10231,0.9053658491029147
1,10232,0.925616147722326
1,10233,0.9899772780452734
1,10234,0.9761622691406924
1,10235,0.9714579345202191
1,10236,0.9792710544196207
1,10237,0.9821788384575747
1,10238,0.991408904581528
1,10239,0.9684454825755517
1,10240,0.9913137572734351
1,10241,0.9683794850982556
1,10242,0.9936222252933257
1,10243,0.9781554458564289
1,10244,0.9912698653523175
1,10245,0.988382345143491
1,10246,0.9864727161381669
1,10247,0.9958293881738279
1,10248,0.9717513125630982
1,10249,0.9853761494224679
1,10250,0.9854374464880074
1,10251,0.9718085552856909
1,10252,0.990578056362448
1,10253,0.96970692689955
1,10254,0.9826693038647362
1,10255,0.9824662302558735
1,10256,0.982394270376241
1,10257,0.9709161181701864
1,10258,0.9539743917352568
1,10259,0.9700363848288753
1,10260,0.9565392861238826
1,10261,0.9952836913786666
1,10262,0.9768026541943805
1,10263,0.9878942335900235
1,10264,0.9527298965650626
1,10265,0.9977429325298586
1,10266,0.9920199973710457
1,10267,0.9955414655891986
1,10268,0.9968735751580805
1,10269,0.9966532324696781
1,10270,0.9892719313632655
1,10271,0.9420760915337597
1,10272,0.9958652465303018
1,10273,0.9957700958185267
1,10274,0.9890672782247228
1,10275,0.9931855287837288
1,10276,0.9683915116336079
1,10277,0.9902605145013628
1,10278,0.9931352668058542
1,10279,0.9647864610374765
1,10280,0.9955371999295769
1,10281,0.9955958094588341
1,10282,0.9922657318429821
1,10283,0.9969411143360994
1,10284,0.9582686574781388
1,10285,0.9778107005825594
1,10286,0.9725486387023887
1,10287,0.9851331643014637
1,10288,0.9874706541780612
1,10289,0.9856428166429871
1,10290,0.9719681700524851
1,10291,0.9878551555434587
1,10292,0.9871017983412809
1,10293,0.950259912586977
1,10294,0.9939391043423831
1,10295,0.9829963258920217
1,10296,0.9821997805413669
1,10297,0.9789158889048418
1,10298,0.9797510352060262
1,10299,0.9754571300681976
1,10300,0.9318938785208858
1,10301,0.9945033403422993
1,10302,0.9773787876072422
1,10303,0.9892033058868245
1,10304,0.9749726784682948
1,10305,0.9899017869322818
1,10306,0.9856601913925617
1,10307,0.9929872022044298
1,10308,0.9848984970899287
1,10309,0.9971487089122288
1,10310,0.9870465787229031
1,10311,0.9967831307739207
1,10312,0.9866448362669579
1,10313,0.9947267368311941
1,10314,0.9740006589837306
1,10315,0.9782227330257522
1,10316,0.9544993415853216
1,10317,0.9916558018565073
1,10318,0.9848051795312528
1,10319,0.9652826934512112
1,10320,0.9845095814826355
1,10321,0.975613263092879
1,10322,0.9872243488976369
1,10323,0.9773303358162683
1,10324,0.9696360080765707
1,10325,0.9853354825963317
1,10326,0.9779242916332666
1,10327,0.9841088990696493
1,10328,0.9832809278438103
1,10329,0.9690931936768818
1,10330,0.9891559454377062
1,10331,0.9793478881106851
1,10332,0.9913156638660372
1,10333,0.9810125097922658
1,10334,0.99097598873394
1,10335,0.9923600085863782
1,10336,0.9776389569935718
1,10337,0.9454822283374098
1,10338,0.9917066684600363
1,10339,0.993419129596743
1,10340,0.9860366172443847
1,10341,0.9926621187440373
1,10342,0.960955836778
1,10343,0.9894537013815021
1,10344,0.9875212622064942
1,10345,0.9880631561601179
1,10346,0.988127634787587
1,10347,0.9669914235909455
1,10348,0.993693815567542
1,10349,0.9584235460470987
1,10350,0.9871739789710035
1,10351,0.9828306295817683
1,10352,0.9710436205854431
1,10353,0.9799272007298273
1,10354,0.965955508308424
1,10355,0.9862686884342339
1,10356,0.9803362763913669
1,10357,0.9745561358392061
1,10358,0.9856529408256517
1,10359,0.9691993656089147
1,10360,0.9792492618003411
1,10361,0.970038230420278
1,10362,0.9846947558261893
1,10363,0.9647865378223178
1,10364,0.9817143760640267
1,10365,0.9858396441843792
1,10366,0.9883193594942871
1,10367,0.983887194519351
1,10368,0.9907545984947018
1,10369,0.9397217482516215
1,10370,0.9887015225335768
1,10371,0.9907146680231134
1,10372,0.9899959274550038
1,10373,0.9709520213467914
1,10374,0.9795630205887577
1,10375,0.998493304008849
1,10376,0.959062953312987
1,10377,0.990970078167003
1,10378,0.9481858962574933
1,10379,0.9893173537208549
1,10380,0.9644510136617519
1,10381,0.9766210456889401
1,10382,0.9816802227943986
1,10383,0.9873714155910821
1,10384,0.9848819248813434
1,10385,0.9913888215250669
1,10386,0.9792945508882563
1,10387,0.9670270572201594
1,10388,0.9861674308259298
1,10389,0.9917455328978193
1,10390,0.9958518064548588
1,10391,0.9411083490424177
1,10392,0.994450801641859
1,10393,0.9895193890242108
1,10394,0.975860842629569
1,10395,0.989704702321264
1,10396,0.9890186850603532
1,10397,0.9874191940361629
1,10398,0.9847943430388776
1,10399,0.9666628594225278
1,10400,0.9776902897997829
1,10401,0.9805196916719168
1,10402,0.9810748177776094
1,10403,0.9916305000089054
1,10404,0.9904722075739292
1,10405,0.9914389950017788
1,10406,0.9868858683389417
1,10407,0.9816147739411806
1,10408,0.985951967929181
1,10409,0.9659501803019865
1,10410,0.9802693819133511
1,10411,0.9774196582288203
1,10412,0.9846468166051731
1,10413,0.9831183199982699
1,10414,0.9840416025685925
1,10415,0.9851508372786726
1,10416,0.9666684962066894
1,10417,0.9801273906122621
1,10418,0.9861430717469811
1,10419,0.9862995612601126
1,10420,0.9922556462085579
1,10421,0.9767591762890776
1,10422,0.9818302196149788
1,10423,0.986709058947888
1,10424,0.9981473027103868
1,10425,0.9983146789655449
1,10426,0.9848062168615842
1,10427,0.9813326885423811
1,10428,0.969367218208989
1,10429,0.9791822494951739
1,10430,0.9908572663482856
1,10431,0.9853171051290686
1,10432,0.9779838995140318
1,10433,0.9869353455564742
1,10434,0.9803589799531465
1,10435,0.9810910045817246
1,10436,0.9976635650096076
1,10437,0.9967696442872256
1,10438,0.9467879195119316
1,10439,0.9425792680375027
1,10440,0.963557407054985
1,10441,0.9877132087851992
1,10442,0.9916728577735469
1,10443,0.9902101181803306
1,10444,0.991190336511105
1,10445,0.9901726607924789
1,10446,0.9853167049318344
1,10447,0.972107217910812
1,10448,0.9793754057944369
1,10449,0.9878275773899595
1,10450,0.9976338995855953
1,10451,0.9960609185581677
1,10452,0.9964240409635213
1,10453,0.9931006179047935
1,10454,0.987563455990301
1,10455,0.9900605369747323
1,10456,0.9843573129720068
1,10457,0.9497208496217427
1,10458,0.9625125431219385
1,10459,0.9828654745525136
1,10460,0.9738734346815232
1,10461,0.9830791611504737
1,10462,0.9712599809615978
1,10463,0.9529732529167361
1,10464,0.984167299611565
1,10465,0.9792530693453413
1,10466,0.9804202824202517
1,10467,0.9873385691108495
1,10468,0.997620529177563
1,10469,0.9964308747585972
1,10470,0.9713039544455649
1,10471,0.9759096502009632
1,10472,0.9940625708763375
1,10473,0.9842678083813011
1,10474,0.9890231321430369
1,10475,0.9942010902687901
1,10476,0.9885585868517704
1,10477,0.9912884899027524
1,10478,0.985932263393161
1,10479,0.977506406362972
1,10480,0.9854648776133755
1,10481,0.9840705008641684
1,10482,0.9805205305265194
1,10483,0.971018770849223
1,10484,0.9852409601350408
1,10485,0.9949802411979288
1,10486,0.9894897507809345
1,10487,0.9686211752901995
1,10488,0.9882027817944331
1,10489,0.9793340992476245
1,10490,0.8274761588188732
1,10491,0.8646964036155197
1,10492,0.996141672714764
1,10493,0.939353325322228
1,10494,0.9933704973486528
1,10495,0.9723332005592382
1,10496,0.9776596271867086
1,10497,0.985890996354383
1,10498,0.9743993503261595
1,10499,0.9893006647382047
1,10500,0.9937245128353551
1,10501,0.9866337198539398
1,10502,0.9952372159019368
1,10503,0.9897434369562162
1,10504,0.9888966396949401
1,10505,0.9834131769229878
1,10506,0.9587916423154942
1,10507,0.98187585809541
1,10508,0.9924847647376092
1,10509,0.9925119093146932
1,10510,0.9665210927272194
1,10511,0.9480279031460013
1,10512,0.9759235032149853
1,10513,0.9831161797834235
1,10514,0.9860575413082924
1,10515,0.9954685529662736
1,10516,0.9968544571934651
1,10517,0.9913400051862244
1,10518,0.9829477992137975
1,10519,0.9727582679468182
1,10520,0.9876680750398534
1,10521,0.981905187512908
1,10522,0.9613567974481086
1,10523,0.9844459774213875
1,10524,0.9944914282558738
1,10525,0.9829639435885186
1,10526,0.9819278797415675
1,10527,0.9883459058180383
1,10528,0.978921234696479
1,10529,0.991386431181854
1,10530,0.9807432708820956
1,10531,0.9885213117376768
1,10532,0.9704643831150249
1,10533,0.996470265855478
1,10534,0.9610049002049288
1,10535,0.9944546576683041
1,10536,0.966577010332819
1,10537,0.9741862696127784
1,10538,0.9890844041998809
1,10539,0.9896432573640408
1,10540,0.9636156120534684
1,10541,0.9913122617191082
1,10542,0.9825166220739627
1,10543,0.9607658011809452
1,10544,0.9916028153355958
1,10545,0.9885284473249322
1,10546,0.9591812493365484
1,10547,0.987431451291048
1,10548,0.9638562608684456
1,10549,0.9757687784316963
1,10550,0.9880929517949295
1,10551,0.9775983719380961
1,10552,0.9946138221047844
1,10553,0.978226176585073
1,10554,0.9742381320296868
1,10555,0.963283188317383
1,10556,0.9862717660171336
1,10557,0.9757841948846034
1,10558,0.9910566607336136
1,10559,0.979753810198009
1,10560,0.9918646055144581
1,10561,0.9827962684461173
1,10562,0.9896462311860907
1,10563,0.9954012827532996
1,10564,0.9888298963198975
1,10565,0.9815110893170054
1,10566,0.925342584577415
1,10567,0.9777125823651576
1,10568,0.9762677592467747
1,10569,0.9859355215037313
1,10570,0.9858132186123414
1,10571,0.9838115781562103
1,10572,0.9801879248982917
1,10573,0.9763843664784183
1,10574,0.9971227931082871
1,10575,0.99717411393192
1,10576,0.9881643832251296
1,10577,0.9908851872528632
1,10578,0.993823871215477
1,10579,0.9898384880316703
1,10580,0.984228932484794
1,10581,0.9978973631983636
1,10582,0.9917656139957836
1,10583,0.9542840723874598
1,10584,0.9982625895718705
1,10585,0.9928961764377783
1,10586,0.9957658905066682
1,10587,0.9616209599789536
1,10588,0.9961540409276337
1,10589,0.9561550543430949
1,10590,0.9583016404239977
1,10591,0.9702344014912152
1,10592,0.9906304915284503
1,10593,0.9948997252215469
1,10594,0.964614357949028
1,10595,0.9767223583819692
1,10596,0.9906135191455782
1,10597,0.9903592520176586
1,10598,0.9764531170825107
1,10599,0.9856188615447299
1,10600,0.9731697266798931
1,10601,0.9800946014419162
1,10602,0.9925817338929415
1,10603,0.9674086698763376
1,10604,0.9856671884544832
1,10605,0.9846697374826355
1,10606,0.9812645336559083
1,10607,0.9901023658396315
1,10608,0.9857184315017119
1,10609,0.9597688418461257
1,10610,0.9756794932405114
1,10611,0.973850726728054
1,10612,0.9739174639134134
1,10613,0.9903964281962807
1,10614,0.9705812440744118
1,10615,0.9934191107793168
1,10616,0.9836472500326218
1,10617,0.9899840884009548
1,10618,0.9889428591239043
1,10619,0.9933874082144263
1,10620,0.994630949336408
1,10621,0.9760562441983665
1,10622,0.9780460941252188
1,10623,0.97672860884565
1,10624,0.9960356136701474
1,10625,0.9397250967455066
1,10626,0.9745472231205662
1,10627,0.9829682300035286
1,10628,0.9919601422939816
1,10629,0.9853379658499967
1,10630,0.9817380032491031
1,10631,0.9814553733038762
1,10632,0.9852389575825731
1,10633,0.9761017785835231
1,10634,0.9798035556074515
1,10635,0.9925694518132582
1,10636,0.989166254385422
1,10637,0.980088111971356
1,10638,0.9848073687264712
1,10639,0.9764018173636803
1,10640,0.9929391567443431
1,10641,0.9680627046506965
1,10642,0.9984609389606982
1,10643,0.9894761986706343
1,10644,0.9877278780656792
1,10645,0.9902632057870414
1,10646,0.9750119850139071
1,10647,0.9550658173114006
1,10648,0.9803714779127084
1,10649,0.992085475937331
1,10650,0.9806816416920215
1,10651,0.9835814029363892
1,10652,0.9607559207803923
1,10653,0.9903212838944389
1,10654,0.9824437831031378
1,10655,0.9873977047524918
1,10656,0.9850530692797232
1,10657,0.9954845731612069
1,10658,0.9954847496504444
1,10659,0.9904851347498902
1,10660,0.9746822131745237
1,10661,0.9748250543006151
1,10662,0.9913779639322973
1,10663,0.9861244072067801
1,10664,0.9925152419307027
1,10665,0.9958121922899251
1,10666,0.9694858428781322
1,10667,0.9961010064565909
1,10668,0.9710129392805733
1,10669,0.9905148018164884
1,10670,0.9883156537000742
1,10671,0.9941468153949844
1,10672,0.956170068386357
1,10673,0.9936435627913167
1,10674,0.9948097298350377
1,10675,0.9944791288183529
1,10676,0.992649781604019
1,10677,0.9959148591026558
1,10678,0.9864991438006071
1,10679,0.9867746999442982
1,10680,0.9749880412911515
1,10681,0.9933331920243851
1,10682,0.9829204098748818
1,10683,0.9663940542789401
1,10684,0.995142394242796
1,10685,0.9784698556895879
1,10686,0.9844706791673755
1,10687,0.9896802658276758
1,10688,0.9880050335111762
1,10689,0.9917143834794718
1,10690,0.997081942598505
1,10691,0.9686085001531423
1,10692,0.9886505420384251
1,10693,0.9939053223121834
1,10694,0.960828818969826
1,10695,0.993325750591226
1,10696,0.9898764483150148
1,10697,0.9974487799785366
1,10698,0.9645226312895607
1,10699,0.9762972488542494
1,10700,0.9726474660337635
1,10701,0.9792283337951707
1,10702,0.9917797227077981
1,10703,0.9807166428674384
1,10704,0.9959711261426197
1,10705,0.9911684037185087
1,10706,0.9685212337696951
1,10707,0.9786545984527177
1,10708,0.9726136075050725
1,10709,0.9951345607695746
1,10710,0.9839556463756595
1,10711,0.9936059420026402
1,10712,0.9945208455051314
1,10713,0.9752730106433027
1,10714,0.9889243497890784
1,10715,0.9787793322158319
1,10716,0.9753502117053999
1,10717,0.9772874339256593
1,10718,0.9830048986725378
1,10719,0.9799269737375602
1,10720,0.9843986320756675
1,10721,0.9898263979141224
1,10722,0.9902219916101815
1,10723,0.9906560378100912
1,10724,0.9836257910170136
1,10725,0.9850805426010875
1,10726,0.9934632435560871
1,10727,0.9941255133880805
1,10728,0.9940883725838282
1,10729,0.9951235220147059
1,10730,0.9897440029522298
1,10731,0.9860526207983116
1,10732,0.9674306302220196
1,10733,0.9721464908021819
1,10734,0.9543585533589873
1,10735,0.9794578129851397
1,10736,0.9964764408323634
1,10737,0.9741392337413559
1,10738,0.9704440437776566
1,10739,0.9778121870291127
1,10740,0.9900656468207126
1,10741,0.9891898639737988
1,10742,0.9866398818591207
1,10743,0.9782249245147823
1,10744,0.9769412046940651
1,10745,0.9759018120222052
1,10746,0.9874649205589036
1,10747,0.9932681955368706
1,10748,0.9960522015720543
1,10749,0.9832851195074548
1,10750,0.9962032649566691
1,10751,0.9916101131506638
1,10752,0.994613455141235
1,10753,0.9880885998074389
1,10754,0.9795230388343029
1,10755,0.9861215272834926
1,10756,0.9938252605795077
1,10757,0.9769745329359275
1,10758,0.9737942021231134
1,10759,0.99862635856542
1,10760,0.9995277797415122
1,10761,0.9872151749172887
1,10762,0.9621328155764345
1,10763,0.9940520663402062
1,10764,0.9959372832692626
1,10765,0.9948572476814994
1,10766,0.9882658558914604
1,10767,0.9646565433492387
1,10768,0.9892476692756802
1,10769,0.9920435677377718
1,10770,0.9903840782889208
1,10771,0.9835968689560216
1,10772,0.9873903644125334
1,10773,0.9823382536705446
1,10774,0.9955919855872987
1,10775,0.9957381186176274
1,10776,0.9675757910574979
1,10777,0.9584928968747057
1,10778,0.993596221583183
1,10779,0.9658450588851646
1,10780,0.9780646428156559
1,10781,0.9545761665029998
1,10782,0.995633194826307
1,10783,0.9613825991243068
1,10784,0.9972260048168174
1,10785,0.9570173520107976
1,10786,0.995558236754805
1,10787,0.9961777768397254
1,10788,0.9801435209699914
1,10789,0.990809285779079
1,10790,0.9772226341153674
1,10791,0.9795937288790142
1,10792,0.9931937778332496
1,10793,0.986803089557531
1,10794,0.992000236424624
1,10795,0.9908789477039438
1,10796,0.9771092281335174
1,10797,0.9959564238671081
1,10798,0.9865410522709738
1,10799,0.995154981466026
1,10800,0.9815238802318192
1,10801,0.9770452380993749
1,10802,0.9789941447768894
1,10803,0.9933829709098573
1,10804,0.9918316367693555
1,10805,0.9867067125634665
1,10806,0.9975498493343135
1,10807,0.9931918869652246
1,10808,0.9961437323677791
1,10809,0.9479524846987339
1,10810,0.9331880597403549
1,10811,0.9946110400813334
1,10812,0.9543263728656078
1,10813,0.9853623442005724
1,10814,0.9728858807721872
1,10815,0.9815097978484999
1,10816,0.9798321630489871
1,10817,0.9621576479742003
1,10818,0.9772632367231892
1,10819,0.9922609250739648
1,10820,0.9858008776277924
1,10821,0.9967109721516367
1,10822,0.9924968459521977
1,10823,0.9794050726910281
1,10824,0.9928835986952466
1,10825,0.9924867095323308
1,10826,0.9898002916278931
1,10827,0.9906335987613839
1,10828,0.9918218337841909
1,10829,0.9885622923944384
1,10830,0.9781261606502384
1,10831,0.9832691935505296
1,10832,0.981735530886152
1,10833,0.9556287820338029
1,10834,0.9034307488861043
1,10835,0.9577255267312621
1,10836,0.9611901073090631
1,10837,0.9952471069178956
1,10838,0.9560404183246539
1,10839,0.9883468625081739
1,10840,0.996452418300355
1,10841,0.9716985532449613
1,10842,0.9925832000379711
1,10843,0.9920154031059686
1,10844,0.9774191648067465
1,10845,0.9894327697871576
1,10846,0.9754764394403439
1,10847,0.9892949374273626
1,10848,0.981014099017408
1,10849,0.9649062738436583
1,10850,0.9975278965314599
1,10851,0.9749483893533428
1,10852,0.9779504464007264
1,10853,0.9930971236267654
1,10854,0.9940425495180526
1,10855,0.9803517980252459
1,10856,0.9940906981355768
1,10857,0.9936464502978121
1,10858,0.9782068473045895
1,10859,0.9826114177700231
1,10860,0.9827609920300963
1,10861,0.9939294991334845
1,10862,0.9708008086245596
1,10863,0.9940184781852753
1,10864,0.9827075330378073
1,10865,0.9881607125220437
1,10866,0.9793709180535828
1,10867,0.9937684042049337
1,10868,0.9899203284456728
1,10869,0.97390703743116
1,10870,0.9810499037220444
1,10871,0.9727819310499157
1,10872,0.9785997508440182
1,10873,0.9814506420904169
1,10874,0.973891787269023
1,10875,0.9654765476056768
1,10876,0.9898927092151181
1,10877,0.9887276334738775
1,10878,0.9789304423852407
1,10879,0.994972867381627
1,10880,0.9668952520622722
1,10881,0.9828897973311602
1,10882,0.9662162688511374
1,10883,0.960109039308607
1,10884,0.9563955736702339
1,10885,0.99459921302768
1,10886,0.996379694636107
1,10887,0.9928995203045938
1,10888,0.9828272723365824
1,10889,0.9968992685436365
1,10890,0.9844085293758069
1,10891,0.9646008481805884
1,10892,0.988093633415976
1,10893,0.9831428643742429
1,10894,0.9790567210163489
1,10895,0.9823188703566049
1,10896,0.9824841542468314
1,10897,0.9750438055286924
1,10898,0.9856231323247573
1,10899,0.9857713295815081
1,10900,0.9759746664833681
1,10901,0.9835959864812773
1,10902,0.9848227535877492
1,10903,0.9836568295810042
1,10904,0.9981779948648455
1,10905,0.985629898119899
1,10906,0.9609488528139094
1,10907,0.9856043527007364
1,10908,0.9915850069931038
1,10909,0.987458452344518
1,10910,0.9947283418672269
1,10911,0.9957776479545991
1,10912,0.9894848540920311
1,10913,0.9975701664612966
1,10914,0.9960998698504455
1,10915,0.96896311538285
1,10916,0.9660699852422481
1,10917,0.9721369343156515
1,10918,0.9589411069539229
1,10919,0.9472500747006454
1,10920,0.9360088197361688
1,10921,0.9874810936392616
1,10922,0.9862992888309093
1,10923,0.9886613417851375
1,10924,0.992741864836197
1,10925,0.9852836865216488
1,10926,0.9744964870156657
1,10927,0.9811782701443564
1,10928,0.992303219667842
1,10929,0.9736239313903674
1,10930,0.9879965185942614
1,10931,0.9764896699960564
1,10932,0.9802915444060338
1,10933,0.9793069103828075
1,10934,0.9921242307672028
1,10935,0.9887424899956926
1,10936,0.9909214211731313
1,10937,0.9634064380219616
1,10938,0.9949189738003048
1,10939,0.982536084284178
1,10940,0.9923519756177855
1,10941,0.986734045282765
1,10942,0.9928589933622679
1,10943,0.943933608626546
1,10944,0.9951810834356086
1,10945,0.943124536576132
1,10946,0.9546203981509954
1,10947,0.979440937131661
1,10948,0.9892679936122835
1,10949,0.980997955934708
1,10950,0.9874030126088179
1,10951,0.9873274148369809
1,10952,0.9697867060512666
1,10953,0.9875529811831955
1,10954,0.962165367831694
1,10955,0.980161888353957
1,10956,0.9767375982830785
1,10957,0.9889919186363167
1,10958,0.9752654070050739
1,10959,0.9959202896530807
1,10960,0.9944308907763094
1,10961,0.9794941585396586
1,10962,0.9979738216357305
1,10963,0.9802478424672536
1,10964,0.9925099129200396
1,10965,0.9818965142011321
1,10966,0.9889269151492587
1,10967,0.9957178511975217
1,10968,0.9787171022379205
1,10969,0.9831957235612352
1,10970,0.990331905581594
1,10971,0.9980589020319034
1,10972,0.9828610329677184
1,10973,0.9789510124719213
1,10974,0.9824506668108267
1,10975,0.9954884199943345
1,10976,0.9897826734843723
1,10977,0.962180313814414
1,10978,0.9901198024889115
1,10979,0.951982463110297
1,10980,0.943044666244337
1,10981,0.9963823030669633
1,10982,0.954738254835265
1,10983,0.9942958802542156
1,10984,0.9800045485958013
1,10985,0.9931333241858504
1,10986,0.9692082333069344
1,10987,0.987844215066616
1,10988,0.9845522796531955
1,10989,0.9605449265228764
1,10990,0.9598824789344841
1,10991,0.9596349989088057
1,10992,0.9961642407810845
1,10993,0.9755166078900303
1,10994,0.979405284410175
1,10995,0.9790492334265986
1,10996,0.9943742942831587
1,10997,0.9902167562662206
1,10998,0.958571356334522
1,10999,0.9892050400403787
1,11000,0.9738767033500046
1,11001,0.9842745312590931
1,11002,0.9725994209340965
1,11003,0.9588811733790497
1,11004,0.9917342338084048
1,11005,0.9521181553390311
1,11006,0.9824376463638221
1,11007,0.9925106236394942
1,11008,0.9929761119301851
1,11009,0.9581004516692848
1,11010,0.9563010007304372
1,11011,0.9954487794120769
1,11012,0.9917038290918535
1,11013,0.9837292440740966
1,11014,0.9866390753176895
1,11015,0.9784106136396871
1,11016,0.9987720662848835
1,11017,0.9696158985429246
1,11018,0.9864594451500716
1,11019,0.992794014091484
1,11020,0.9719763860753118
1,11021,0.986447513376006
1,11022,0.981470231199792
1,11023,0.9897945988912106
1,11024,0.9841191536211549
1,11025,0.9939127567471575
1,11026,0.9734250861406596
1,11027,0.9838532810806372
1,11028,0.9897090867026943
1,11029,0.9962711740932534
1,11030,0.9610736113230858
1,11031,0.9927785527712335
1,11032,0.9626376445088127
1,11033,0.9982159237102926
1,11034,0.9980370651465804
1,11035,0.9971945919496326
1,11036,0.9935808740546388
1,11037,0.9939710071748165
1,11038,0.9807739503897649
1,11039,0.9832287442013822
1,11040,0.9828301724835311
1,11041,0.9894415926449881
1,11042,0.993262851196306
1,11043,0.9927561152364061
1,11044,0.944168424895767
1,11045,0.9823352899150882
1,11046,0.9793210327899773
1,11047,0.9555740837491655
1,11048,0.9972220115467902
1,11049,0.9690962672257126
1,11050,0.975586393386936
1,11051,0.989765733495377
1,11052,0.989946197695441
1,11053,0.9851834661527349
1,11054,0.9976681356106991
1,11055,0.9859753716189191
1,11056,0.9878964957293697
1,11057,0.9573056519565084
1,11058,0.9216574789871812
1,11059,0.9966259303361997
1,11060,0.9881503564820254
1,11061,0.9840222633255918
1,11062,0.9852153057977546
1,11063,0.9915662144863764
1,11064,0.9707867764143281
1,11065,0.9693259028041792
1,11066,0.9795972882878984
1,11067,0.9835891092880723
1,11068,0.9854055260148085
1,11069,0.9786569538955173
1,11070,0.9888318374106632
1,11071,0.9952896202104917
1,11072,0.9803121968006521
1,11073,0.9991162805726146
1,11074,0.9987563289537812
1,11075,0.9971896591261612
1,11076,0.9648670268972596
1,11077,0.9742091823210561
1,11078,0.9789833703093812
1,11079,0.9676309093740302
1,11080,0.9879167833038546
1,11081,0.9912699854377846
1,11082,0.9886779862889423
1,11083,0.9733302445306913
1,11084,0.9899194593380163
1,11085,0.9954910441919171
1,11086,0.99004971973034706
1,11087,0.9895896157563393
1,11088,0.9944068676986197
1,11089,0.9846761678010937
1,11090,0.9892827140496329
1,11091,0.896156136411832
1,11092,0.9956370074101284
1,11093,0.9422508777500758
1,11094,0.9970426172448866
1,11095,0.9786821469312915
1,11096,0.9778198490924153
1,11097,0.9765739450213077
1,11098,0.9881062541354313
1,11099,0.970717524014459
1,11100,0.9849741787696072
1,11101,0.9937067037201145
1,11102,0.9936579697072505
1,11103,0.9948015853607949
1,11104,0.9925557309872508
1,11105,0.9833916053821019
1,11106,0.9919529832895512
1,11107,0.9894388541898166
1,11108,0.9909875136248198
1,11109,0.9930430036545163
1,11110,0.9843287378400472
1,11111,0.9862520379033196
1,11112,0.9940091304127056
1,11113,0.972985646357004
1,11114,0.9643177075222282
1,11115,0.9954106858114836
1,11116,0.983788894162735
1,11117,0.9913483792511978
1,11118,0.9928120308560587
1,11119,0.9935039339356992
1,11120,0.9939797672247609
1,11121,0.9463243201046484
1,11122,0.9888805564106856
1,11123,0.9740783213723508
1,11124,0.9764551814842688
1,11125,0.9757256148964656
1,11126,0.9738519296195308
1,11127,0.9800511399332218
1,11128,0.9855237177772318
1,11129,0.9891142937488565
1,11130,0.9937766235134247
1,11131,0.9868323495504177
1,11132,0.9861080459599177
1,11133,0.9464665610843224
1,11134,0.9842902184985276
1,11135,0.9760151290125717
1,11136,0.9939485963973363
1,11137,0.9763921229655477
1,11138,0.9909012315531703
1,11139,0.9886186527777083
1,11140,0.983313416310826
1,11141,0.9842594467083938
1,11142,0.9664191881326284
1,11143,0.9849461543518881
1,11144,0.9931920986464563
1,11145,0.9769621659359494
1,11146,0.990329744799919
1,11147,0.974938008502864
1,11148,0.9718667346989134
1,11149,0.9957282534951591
1,11150,0.9949988952074864
1,11151,0.9930727115758496
1,11152,0.997387995307736
1,11153,0.9971931530528975
1,11154,0.9936537840673294
1,11155,0.984396426282446
1,11156,0.986731895284654
1,11157,0.9666560968544335
1,11158,0.9788392498099254
1,11159,0.9795503375674917
1,11160,0.9943336770378257
1,11161,0.989869388175507
1,11162,0.9943898643191185
1,11163,0.9821667011890242
1,11164,0.9743857766049155
1,11165,0.9738075286317974
1,11166,0.9874404463751297
1,11167,0.9860241692545963
1,11168,0.9907741075355426
1,11169,0.9824483183269592
1,11170,0.9951273427572853
1,11171,0.9903870362708181
1,11172,0.9886344027808944
1,11173,0.9680619926939542
1,11174,0.9687771306606257
1,11175,0.9935945620416079
1,11176,0.9800208628410472
1,11177,0.9938430052223963
1,11178,0.9955978896901178
1,11179,0.9694331824153867
1,11180,0.9774694812759824
1,11181,0.9836063672364456
1,11182,0.979888152542954
1,11183,0.9877909757518295
1,11184,0.9479828728849364
1,11185,0.9903479487701465
1,11186,0.9920609396206976
1,11187,0.9832758862257553
1,11188,0.9740399745393219
1,11189,0.9954113098140323
1,11190,0.9791511189686648
1,11191,0.9867082797944372
1,11192,0.9587946409217778
1,11193,0.946753602990868
1,11194,0.9813033615945833
1,11195,0.9797547919212001
1,11196,0.9929161259128916
1,11197,0.9883191791908191
1,11198,0.9916144548110574
1,11199,0.9774746641301422
1,11200,0.9951027973315474
1,11201,0.9928741202195747
1,11202,0.9715879034749164
1,11203,0.9671797435032913
1,11204,0.990174516212596
1,11205,0.9857014790517419
1,11206,0.986487143211594
1,11207,0.992045937661524
1,11208,0.9791586352163617
1,11209,0.9791082449182799
1,11210,0.9829911735932707
1,11211,0.9908007550035992
1,11212,0.9901126575379404
1,11213,0.9717290359167223
1,11214,0.9745487188290156
1,11215,0.9953402309854315
1,11216,0.9932776529956997
1,11217,0.5973312968507303
1,11218,0.9954713069595257
1,11219,0.9971742449145474
1,11220,0.8996021149811478
1,11221,0.9670424985073985
1,11222,0.9535465730314536
1,11223,0.975658768627599
1,11224,0.9715667200313355
1,11225,0.968023095843568
1,11226,0.9896154385290654
1,11227,0.991631972982353
1,11228,0.9588260565877847
1,11229,0.9949736106555123
1,11230,0.9983707590584411
1,11231,0.9989100071875839
1,11232,0.999319724111127
1,11233,0.9987480021958489
1,11234,0.9669137429195047
1,11235,0.9782457325405886
1,11236,0.9908875273377431
1,11237,0.9877111506209592
1,11238,0.996282923021411
1,11239,0.9806252409511294
1,11240,0.994230652626665
1,11241,0.9896660127934994
1,11242,0.973248958606335
1,11243,0.9691490405580988
1,11244,0.9926530831633382
1,11245,0.9861630790708601
1,11246,0.9937075731910643
1,11247,0.9941583906440359
1,11248,0.9935025200956669
1,11249,0.993447369021629
1,11250,0.9767314875833908
1,11251,0.9823252484680745
1,11252,0.9876699487446104
1,11253,0.9815438034785834
1,11254,0.9933205728270255
1,11255,0.975487667009698
1,11256,0.9785866548705907
1,11257,0.9958354557632862
1,11258,0.9827899026499262
1,11259,0.983852066413257
1,11260,0.9796911263638093
1,11261,0.9781276108881644
1,11262,0.9855256077288133
1,11263,0.9877284448120414
1,11264,0.9905562922452147
1,11265,0.9761221480479956
1,11266,0.9926577340256795
1,11267,0.9782826798326589
1,11268,0.9689213150404179
1,11269,0.9942252540814809
1,11270,0.9807924224085179
1,11271,0.9913721871108251
1,11272,0.9794012766292587
1,11273,0.9834783540216528
1,11274,0.9972250403260262
1,11275,0.9709319111395589
1,11276,0.9928107462663082
1,11277,0.9191059286554771
1,11278,0.9417112632534761
1,11279,0.9838019320347389
1,11280,0.9760008979214427
1,11281,0.9782917994626026
1,11282,0.982749377254138
1,11283,0.9730893700394169
1,11284,0.9386126806392775
1,11285,0.9911749270235487
1,11286,0.9788280393342798
1,11287,0.9786130861728835
1,11288,0.9907083696327299
1,11289,0.9955248871456749
1,11290,0.9908243685990915
1,11291,0.9963843163502334
1,11292,0.9895638936042873
1,11293,0.9826185193086996
1,11294,0.9822794909785326
1,11295,0.9789619079289181
1,11296,0.9954692027493881
1,11297,0.9674377363712665
1,11298,0.9847198427499038
1,11299,0.9883017754655663
1,11300,0.9916991360612238
1,11301,0.9947001990320099
1,11302,0.9920387651335033
1,11303,0.9935602135972988
1,11304,0.9492636327481132
1,11305,0.9771999620406884
1,11306,0.9840249377007829
1,11307,0.9759034650500779
1,11308,0.9817635124407925
1,11309,0.9575770878853981
1,11310,0.978322329777251
1,11311,0.9977470960734339
1,11312,0.9449829726985698
1,11313,0.9988838765448217
1,11314,0.9893452088399206
1,11315,0.9899452589461025
1,11316,0.9938163151970608
1,11317,0.9830674912946024
1,11318,0.972441650627626
1,11319,0.982675283806294
1,11320,0.9834678809642041
1,11321,0.9731789180817113
1,11322,0.9754245438928466
1,11323,0.9956015994324064
1,11324,0.9962806570672746
1,11325,0.9955584589019492
1,11326,0.9840261258006989
1,11327,0.9839730722902946
1,11328,0.9905761886768708
1,11329,0.9804897527335827
1,11330,0.9821842655703213
1,11331,0.9841447148171835
1,11332,0.9802087495900018
1,11333,0.9936351591942223
1,11334,0.9846029983063722
1,11335,0.9919969287629354
1,11336,0.99371030553446
1,11337,0.9782312398861024
1,11338,0.9946280093828451
1,11339,0.988107336454809
1,11340,0.9798115834987134
1,11341,0.9947496875591776
1,11342,0.985975314864096
1,11343,0.9980017916676388
1,11344,0.9974848331754493
1,11345,0.9645379970911799
1,11346,0.994106714750261
1,11347,0.9646788007808161
1,11348,0.9625205631019458
1,11349,0.98500331252375
1,11350,0.9691248338117829
1,11351,0.9881778070000489
1,11352,0.9787403451868121
1,11353,0.9909848033438776
1,11354,0.9634702109428721
1,11355,0.9881654953460813
1,11356,0.9890669828785322
1,11357,0.9945198609495861
1,11358,0.9874058484819794
1,11359,0.9802154200661396
1,11360,0.9855278800888633
1,11361,0.9978528196515926
1,11362,0.9974007439848395
1,11363,0.9484158872900823
1,11364,0.91574278500907
1,11365,0.9897543963548158
1,11366,0.96735661628795
1,11367,0.9564304620925194
1,11368,0.9940278830056305
1,11369,0.9662353598912972
1,11370,0.9926346389178103
1,11371,0.9922382289704599
1,11372,0.9724028041608348
1,11373,0.9938033568967084
1,11374,0.9827275810510941
1,11375,0.9803718336923505
1,11376,0.9940617835188079
1,11377,0.9831526185822136
1,11378,0.9084630904899924
1,11379,0.9759824410525152
1,11380,0.8715076624580362
1,11381,0.9954825168788518
1,11382,0.9796142436352306
1,11383,0.9949875691886021
1,11384,0.9807003722604043
1,11385,0.9786420324287062
1,11386,0.9907340730471493
1,11387,0.996824489947215
1,11388,0.9628575201450801
1,11389,0.9848853240391029
1,11390,0.9924808728885153
1,11391,0.9944247491159166
1,11392,0.9701541880562219
1,11393,0.9858135376121703
1,11394,0.9943528624602063
1,11395,0.9767086411481495
1,11396,0.9980746519292035
1,11397,0.9950270376231656
1,11398,0.9939110081220615
1,11399,0.9922883135066246
1,11400,0.9910317731176957
1,11401,0.9858247587047925
1,11402,0.9837590357423189
1,11403,0.9771384331123545
1,11404,0.9821430549205148
1,11405,0.9808561417520851
1,11406,0.969503029276158
1,11407,0.9816067761020442
1,11408,0.9686583984444894
1,11409,0.9931029399698329
1,11410,0.9911856930858337
1,11411,0.9666125017397846
1,11412,0.9828210912638706
1,11413,0.9897598819850882
1,11414,0.9818193083512009
1,11415,0.9957217897176791
1,11416,0.9745277382438065
1,11417,0.9889256404056788
1,11418,0.9690668455083687
1,11419,0.9912718561637486
1,11420,0.98965893171871
1,11421,0.9913575204517339
1,11422,0.983764110253329
1,11423,0.994807872545337
1,11424,0.9942351795821825
1,11425,0.9806511468017234
1,11426,0.9921646538789592
1,11427,0.9896665263378546
1,11428,0.9967534560646616
1,11429,0.9668361689334359
1,11430,0.9668426050833744
1,11431,0.9736535779588407
1,11432,0.9836375445430484
1,11433,0.9799282178346191
1,11434,0.9824624863283059
1,11435,0.9926049270568394
1,11436,0.9797733740337876
1,11437,0.9872495233861791
1,11438,0.9850975960949158
1,11439,0.9617534034217007
1,11440,0.9950863288999972
1,11441,0.9890236058360105
1,11442,0.9868565124762948
1,11443,0.993415726830508
1,11444,0.9948982777297751
1,11445,0.9942356221839396
1,11446,0.9972049017339925
1,11447,0.9933998948385065
1,11448,0.9968066820954323
1,11449,0.8931504350748751
1,11450,0.9805653237700108
1,11451,0.9954474065989696
1,11452,0.9929351692363435
1,11453,0.9944535558106595
1,11454,0.9918408374026062
1,11455,0.9507866251975389
1,11456,0.9919324492558753
1,11457,0.9771457553033341
1,11458,0.9774145504818231
1,11459,0.9966041877360617
1,11460,0.9876193578556232
1,11461,0.9782803290990617
1,11462,0.9873772980033076
1,11463,0.9822144375217126
1,11464,0.9923778164732844
1,11465,0.9876914525899587
1,11466,0.9803548490209957
1,11467,0.984163561428378
1,11468,0.9839371110058492
1,11469,0.9853140470934817
1,11470,0.9867589820876043
1,11471,0.9825866331410436
1,11472,0.992463557834494
1,11473,0.9905045045290385
1,11474,0.9827203801009122
1,11475,0.9810197986268184
1,11476,0.9927390793497718
1,11477,0.9977479018049491
1,11478,0.9614241872112417
1,11479,0.9521539993545192
1,11480,0.9812315466482349
1,11481,0.9847405688191848
1,11482,0.9946120022808019
1,11483,0.9941309662220379
1,11484,0.9567237313453097
1,11485,0.9794977965673082
1,11486,0.9685015898386878
1,11487,0.9830393359645392
1,11488,0.9852181010676265
1,11489,0.9913052012091652
1,11490,0.9817216951933018
1,11491,0.9965032851821368
1,11492,0.9915258538993822
1,11493,0.9899075997405061
1,11494,0.9796542564080157
1,11495,0.9949827220547719
1,11496,0.9885159238256097
1,11497,0.9898138823099897
1,11498,0.9676402487809922
1,11499,0.9658628349948521
1,11500,0.9958625287809133
1,11501,0.9968731829601228
1,11502,0.9809680684090387
1,11503,0.9884148201237506
1,11504,0.9807166017551784
1,11505,0.9652077486873512
1,11506,0.985767323048635
1,11507,0.9777962663743014
1,11508,0.957098525999022
1,11509,0.9685152653906515
1,11510,0.9866364977123141
1,11511,0.9573418945815227
1,11512,0.9869939305000089
1,11513,0.9748548313563817
1,11514,0.9832782718679957
1,11515,0.9926199776514557
1,11516,0.993349490512241
1,11517,0.9802435828928494
1,11518,0.9918268774958502
1,11519,0.9934621272290746
1,11520,0.9857761153694664
1,11521,0.9959685030750614
1,11522,0.9947886055086431
1,11523,0.9847501419231096
1,11524,0.9416622922294143
1,11525,0.9724623646386612
1,11526,0.9777923498234876
1,11527,0.9973950856613142
1,11528,0.9951596877682855
1,11529,0.9974637419033734
1,11530,0.9966161657451241
1,11531,0.983431772777406
1,11532,0.9779317578609495
1,11533,0.9500222278348082
1,11534,0.9951055909215637
1,11535,0.9782193094344626
1,11536,0.9877529569729548
1,11537,0.9544433999628463
1,11538,0.99217943762048455
1,11539,0.9526973127114847
1,11540,0.9910065055598462
1,11541,0.9955319738747362
1,11542,0.9740160600896153
1,11543,0.9817565356210802
1,11544,0.9927351420901842
1,11545,0.9878513872921495
1,11546,0.9864602882401223
1,11547,0.9866046469461925
1,11548,0.9797277700456785
1,11549,0.9869694550002364
1,11550,0.9760599245337874
1,11551,0.9860224326500195
1,11552,0.995062118969847
1,11553,0.9478108546763298
1,11554,0.9634711829339916
1,11555,0.9791615379004106
1,11556,0.9532469222454809
1,11557,0.9255857520255102
1,11558,0.9977671123721977
1,11559,0.9113474381760243
1,11560,0.9740052074780382
1,11561,0.9943730244385909
1,11562,0.9483721560316986
1,11563,0.9905996742034942
1,11564,0.9804154614717335
1,11565,0.9681625008530501
1,11566,0.9914795656038136
1,11567,0.9850410955103986
1,11568,0.9902490219902352
1,11569,0.9879473118219362
1,11570,0.9812274586296658
1,11571,0.9930179647204415
1,11572,0.9888733417788992
1,11573,0.9789932981580645
1,11574,0.9888878331154838
1,11575,0.987699280173565
1,11576,0.9936242887660381
1,11577,0.9907860316562688
1,11578,0.9625564173077298
1,11579,0.9795379970261326
1,11580,0.9320992266348621
1,11581,0.9947012579234636
1,11582,0.9899262337938227
1,11583,0.9895768081476182
1,11584,0.9722710752630046
1,11585,0.9834231655347205
1,11586,0.9620083151582852
1,11587,0.978340222128561
1,11588,0.9938485402365365
1,11589,0.9935179138236959
1,11590,0.99055431119656
1,11591,0.9979849351463758
1,11592,0.9977603836868558
1,11593,0.9927880313455503
1,11594,0.972254101932689
1,11595,0.9955157296538442
1,11596,0.9872075783446632
1,11597,0.9967338995970978
1,11598,0.9917059621872818
1,11599,0.9920722357787523
1,11600,0.9808742258220066
1,11601,0.98900385380035
1,11602,0.9875202279567382
1,11603,0.9887211415390422
1,11604,0.972659926973622
1,11605,0.9834164935627503
1,11606,0.9854289282896019
1,11607,0.9634806730997438
1,11608,0.989525795642238
1,11609,0.9795524882580678
1,11610,0.974643121039129
1,11611,0.987881635941703
1,11612,0.9525785017181556
1,11613,0.9879577899173893
1,11614,0.9715149729162436
1,11615,0.9906206546157023
1,11616,0.9724974150078654
1,11617,0.9853540115328688
1,11618,0.9797748344961633
1,11619,0.9808373786255687
1,11620,0.9963343573459057
1,11621,0.9719624789952953
1,11622,0.9830130699707101
1,11623,0.982516156813441
1,11624,0.994589538444755
1,11625,0.9853173817057912
1,11626,0.9870901579686795
1,11627,0.9897085253219322
1,11628,0.9943097810080809
1,11629,0.9964583338042331
1,11630,0.9925848501192098
1,11631,0.9691082532842568
1,11632,0.9833157947924155
1,11633,0.9699677177067275
1,11634,0.9946902286787164
1,11635,0.9770150005963574
1,11636,0.9891811019846763
1,11637,0.9805448910212603
1,11638,0.987937575875887
1,11639,0.9424433768270929
1,11640,0.984503550153906
1,11641,0.9903742479059668
1,11642,0.9945325969603573
1,11643,0.9949960284981997
1,11644,0.990815192489891
1,11645,0.994541645437205
1,11646,0.989813988548323
1,11647,0.9795593735287312
1,11648,0.9908882984015925
1,11649,0.9773072926862569
1,11650,0.9601102781707261
1,11651,0.9717753266329535
1,11652,0.9707171577096377
1,11653,0.9788047827227635
1,11654,0.9759524733723621
1,11655,0.9770833136331792
1,11656,0.9862477905825338
1,11657,0.9947767785590452
1,11658,0.9911814467942738
1,11659,0.9908074260463157
1,11660,0.9910115592536467
1,11661,0.99417033683461
1,11662,0.9917060684932446
1,11663,0.9930725665394163
1,11664,0.988059824641868
1,11665,0.9852501062281283
1,11666,0.9803657951905178
1,11667,0.9899425552623299
1,11668,0.9840781052522021
1,11669,0.9790581747616428
1,11670,0.9935830348798025
1,11671,0.9355528963338553
1,11672,0.9969970158365642
1,11673,0.9960889893425592
1,11674,0.9792374252951216
1,11675,0.9936119127234794
1,11676,0.9896591861466716
1,11677,0.9855339822978396
1,11678,0.9723506165770497
1,11679,0.9879232065788867
1,11680,0.988793905494596
1,11681,0.9754056779008143
1,11682,0.9920815797906415
1,11683,0.9926083463316796
1,11684,0.9749538999769198
1,11685,0.9830500194078979
1,11686,0.9854699705454549
1,11687,0.9526724326521205
1,11688,0.9815748244456165
1,11689,0.9867399762190259
1,11690,0.9828305851520166
1,11691,0.9894304221658589
1,11692,0.9824424197205879
1,11693,0.9878535468998993
1,11694,0.9904933031133402
1,11695,0.9840998871402841
1,11696,0.9520840563767672
1,11697,0.9221935512201473
1,11698,0.9520677075117083
1,11699,0.9508478791278604
1,11700,0.9879838566506711
1,11701,0.9944264204907857
1,11702,0.9716030803075467
1,11703,0.9725225294054444
1,11704,0.9627252920752517
1,11705,0.992533873405007
1,11706,0.956189118481159
1,11707,0.9565516111676172
1,11708,0.9807673683624004
1,11709,0.9839858462741873
1,11710,0.9868263939849897
1,11711,0.9832725945752443
1,11712,0.9625025954199958
1,11713,0.9953093028026612
1,11714,0.9936153399566087
1,11715,0.9819852074746296
1,11716,0.984667177390832
1,11717,0.9892367608801054
1,11718,0.9700670459235562
1,11719,0.9923082733614567
1,11720,0.9942808148517903
1,11721,0.9830814844497666
1,11722,0.9976392533150891
1,11723,0.984156466629976
1,11724,0.9196437061335848
1,11725,0.9474767364641923
1,11726,0.9288288946405929
1,11727,0.9503898727813723
1,11728,0.9935396171454879
1,11729,0.9952489859564702
1,11730,0.9580666322749289
1,11731,0.9869139956070015
1,11732,0.9580748140888992
1,11733,0.9863459688095746
1,11734,0.951603596199772
1,11735,0.9651340481609703
1,11736,0.8909841384167013
1,11737,0.9680972688479385
1,11738,0.9896612471337347
1,11739,0.9885078625591264
1,11740,0.974310215625852
1,11741,0.9844381391817811
1,11742,0.9892010316259051
1,11743,0.9935264251073906
1,11744,0.9615438955933603
1,11745,0.9822894392253116
1,11746,0.9853824052217689
1,11747,0.9664134505137765
1,11748,0.993537908647521
1,11749,0.9680736103713525
1,11750,0.9782958844580709
1,11751,0.9705420079256921
1,11752,0.9782970769129037
1,11753,0.9821049099170858
1,11754,0.9781526989207012
1,11755,0.9788383442674621
1,11756,0.9788893505318101
1,11757,0.9862863137356359
1,11758,0.9798120259902923
1,11759,0.995786429005375
1,11760,0.9906002510947809
1,11761,0.966811070568344
1,11762,0.9812577709612318
1,11763,0.9864143407690775
1,11764,0.9985991718268069
1,11765,0.9948656211653271
1,11766,0.9826059135177324
1,11767,0.9840121715751934
1,11768,0.980236126517808
1,11769,0.9822320587561515
1,11770,0.984858321283558
1,11771,0.9854865652883956
1,11772,0.9790233494836774
1,11773,0.9880104893162228
1,11774,0.9902199708172432
1,11775,0.9739702269228424
1,11776,0.9963993134666158
1,11777,0.9737119776520934
1,11778,0.9945340460517625
1,11779,0.9884911819749288
1,11780,0.9567640506044284
1,11781,0.9963554805113984
1,11782,0.9961351001424816
1,11783,0.9701951171623193
1,11784,0.9888828428637132
1,11785,0.9797251977648024
1,11786,0.9980927620541818
1,11787,0.9933197234556952
1,11788,0.9708691658886807
1,11789,0.9960438012423845
1,11790,0.9870244016330536
1,11791,0.9845374757132469
1,11792,0.9715059235832388
1,11793,0.9648691241287035
1,11794,0.9623661377676586
1,11795,0.9751310176487509
1,11796,0.9871486993627928
1,11797,0.9748585166171994
1,11798,0.9806603912020889
1,11799,0.9876041649676325
1,11800,0.9855880881026458
1,11801,0.989049436529891
1,11802,0.9880711698071284
1,11803,0.9946176018385705
1,11804,0.9744472843272721
1,11805,0.9758710586746931
1,11806,0.9948109483976821
1,11807,0.9847055419857177
1,11808,0.9833055143037046
1,11809,0.990832257992221
1,11810,0.9842532623416855
1,11811,0.9783061629565297
1,11812,0.9806081135349836
1,11813,0.9809524398105568
1,11814,0.9862483154345927
1,11815,0.9636759119914463
1,11816,0.9938299431977052
1,11817,0.9910754409648977
1,11818,0.9733544435415169
1,11819,0.9687205150674761
1,11820,0.9885702207330958
1,11821,0.9814695784649385
1,11822,0.978608389912245
1,11823,0.9869373704364961
1,11824,0.9941666737607537
1,11825,0.9964719873066479
1,11826,0.9948752744185027
1,11827,0.9942801125662828
1,11828,0.9951458323055564
1,11829,0.993135608762804
1,11830,0.9851772605920405
1,11831,0.9891778109181927
1,11832,0.977507292446938
1,11833,0.9976809557902901
1,11834,0.9521926863628964
1,11835,0.9931189947268965
1,11836,0.9860704127971469
1,11837,0.9827586234342569
1,11838,0.9913324018983484
1,11839,0.9860772375267551
1,11840,0.9545442493009513
1,11841,0.9804657396135146
1,11842,0.9775473120259727
1,11843,0.9873408486277597
1,11844,0.9842298078472151
1,11845,0.9833563381127264
1,11846,0.9902109476318746
1,11847,0.9660356102881009
1,11848,0.9808734312260081
1,11849,0.9915166770546684
1,11850,0.963530524432979
1,11851,0.9961506874963963
1,11852,0.9929113423582828
1,11853,0.9638919436850918
1,11854,0.9762924682655116
1,11855,0.9756006481590811
1,11856,0.9907625018171693
1,11857,0.9949285848031616
1,11858,0.9921066978796519
1,11859,0.9562229132938127
1,11860,0.9973019427826738
1,11861,0.977423500949337
1,11862,0.9965797201784349
1,11863,0.9935031105516681
1,11864,0.9927516496140203
1,11865,0.9896604963676751
1,11866,0.9836213709787629
1,11867,0.9957999185198118
1,11868,0.9941249788740049
1,11869,0.9685193145513816
1,11870,0.9977112542384552
1,11871,0.9558708558776039
1,11872,0.9457971989465171
1,11873,0.9466757633170432
1,11874,0.9893851693458966
1,11875,0.951587703244878
1,11876,0.9796513930239379
1,11877,0.9876409410850001
1,11878,0.9891279343956025
1,11879,0.9814949643022494
1,11880,0.9419584751680212
1,11881,0.9988461083817352
1,11882,0.930590184377073
1,11883,0.9979967647406276
1,11884,0.9586557788345685
1,11885,0.9713450577384797
1,11886,0.9956666460590545
1,11887,0.9563456248287876
1,11888,0.9920116218883961
1,11889,0.9837439859910921
1,11890,0.992248632143401
1,11891,0.9732226426698684
1,11892,0.9898619853215301
1,11893,0.9908870544034022
1,11894,0.9885717810690837
1,11895,0.9898731029493782
1,11896,0.9890378745227292
1,11897,0.9835372780140477
1,11898,0.982888403597799
1,11899,0.9725572801710369
1,11900,0.9753651111294604
1,11901,0.9929037734523375
1,11902,0.9935425922645046
1,11903,0.9947752071135376
1,11904,0.9800024781153676
1,11905,0.9809854477299169
1,11906,0.9851541889460934
1,11907,0.9870095269294923
1,11908,0.9872814453657921
1,11909,0.9956628611287217
1,11910,0.9943106860625762
1,11911,0.9835291841820257
1,11912,0.9874804905473117
1,11913,0.9925939429273755
1,11914,0.9926618194628394
1,11915,0.979272817398072
1,11916,0.9915559940747339
1,11917,0.9513256796367038
1,11918,0.9682052685097928
1,11919,0.9730567849084429
1,11920,0.9815099382159289
1,11921,0.9867102814817664
1,11922,0.9663112374880836
1,11923,0.9673314108764605
1,11924,0.9850339764166092
1,11925,0.9461342199512103
1,11926,0.9909567377720745
1,11927,0.9874986223389779
1,11928,0.9653216254456499
1,11929,0.9892492944746328
1,11930,0.9810990255806068
1,11931,0.9660763445617361
1,11932,0.9859416885625366
1,11933,0.9602273767992089
1,11934,0.9790763345012684
1,11935,0.9736893745202739
1,11936,0.9922201473879076
1,11937,0.9961399421093557
1,11938,0.9942569594493691
1,11939,0.9876266135982649
1,11940,0.9889259812828259
1,11941,0.9515136539690127
1,11942,0.983341420948361
1,11943,0.9861171633808238
1,11944,0.9931501560533039
1,11945,0.9588709560038197
1,11946,0.9919096699217929
1,11947,0.9763905340845059
1,11948,0.9820595167966147
1,11949,0.9884541576630318
1,11950,0.9880423451770494
1,11951,0.988278843636226
1,11952,0.9839965311547892
1,11953,0.9861089491768736
1,11954,0.9725657513244944
1,11955,0.9852127882562712
1,11956,0.9954164085465538
1,11957,0.9888718807156829
1,11958,0.9933394722431325
1,11959,0.9904457664667411
1,11960,0.9866790879366876
1,11961,0.9681453670083097
1,11962,0.9820661690752496
1,11963,0.9888746664403828
1,11964,0.9834165732027769
1,11965,0.9821216254963767
1,11966,0.9958300933282663
1,11967,0.93690808790141
1,11968,0.972281283046638
1,11969,0.9868418297824239
1,11970,0.9544609730366986
1,11971,0.9920715403991693
1,11972,0.9712699197693894
1,11973,0.974736820778699
1,11974,0.9892608228762899
1,11975,0.9668433885682579
1,11976,0.956083349410156
1,11977,0.9865351353627065
1,11978,0.9891585965036662
1,11979,0.9881959981529134
1,11980,0.9745691567540261
1,11981,0.9876305998613338
1,11982,0.9868284760844749
1,11983,0.9797781874833007
1,11984,0.9891331382962564
1,11985,0.9897126925396557
1,11986,0.9829386268711622
1,11987,0.9920471457160912
1,11988,0.9960258570827507
1,11989,0.9972097031619455
1,11990,0.995272067898363
1,11991,0.9863506334084006
1,11992,0.9901233735026872
1,11993,0.9654246058229782
1,11994,0.9693361262459923
1,11995,0.9905166299481308
1,11996,0.995831527990544
1,11997,0.9710489457909436
1,11998,0.994594465262359
1,11999,0.9638482608626817
1,12000,0.9661925894694864
1,12001,0.9882681807867457
1,12002,0.9844560574057402
1,12003,0.9940226434022478
1,12004,0.9932959363603043
1,12005,0.9800897615792334
1,12006,0.940793531922124
1,12007,0.9821498077454969
1,12008,0.997248715874091
1,12009,0.9772539547064949
1,12010,0.9709300806527682
1,12011,0.9742718228914816
1,12012,0.988448344230196
1,12013,0.977977851889124
1,12014,0.9845972434206628
1,12015,0.9893148514681359
1,12016,0.9650586840054587
1,12017,0.9656832613105457
1,12018,0.9952042702791281
1,12019,0.9930701837962093
1,12020,0.9936784035789773
1,12021,0.996486295901064
1,12022,0.9964382294952517
1,12023,0.9954973296577898
1,12024,0.9889286981454625
1,12025,0.9833625594710208
1,12026,0.9823022125199147
1,12027,0.9874228460785133
1,12028,0.8981373475733639
1,12029,0.9982226928927065
1,12030,0.9783526255302253
1,12031,0.9759291517138462
1,12032,0.98430538085678565
1,12033,0.9883362614786309
1,12034,0.9816328749459179
1,12035,0.9882937848225186
1,12036,0.9709268532469982
1,12037,0.969031217116111
1,12038,0.97299388573462
1,12039,0.9745409473471044
1,12040,0.9862632097490254
1,12041,0.9762881642736282
1,12042,0.9781429174278495
1,12043,0.9724622351043551
1,12044,0.9840990499158359
1,12045,0.9842650725860569
1,12046,0.9693175498049305
1,12047,0.9818731325238065
1,12048,0.9891240782817464
1,12049,0.9810492691743363
1,12050,0.9901015038802662
1,12051,0.9361568539748863
1,12052,0.9966413870296097
1,12053,0.945010245711324
1,12054,0.9907104278001961
1,12055,0.9750155021015823
1,12056,0.9205748835876572
1,12057,0.9772385036503685
1,12058,0.9884909046511368
1,12059,0.9713280224543192
1,12060,0.9804531941714494
1,12061,0.9951975077882721
1,12062,0.9664294910158757
1,12063,0.9992779257034129
1,12064,0.9965489132045113
1,12065,0.9705566371124377
1,12066,0.9921912738033868
1,12067,0.9913947565024676
1,12068,0.9863630052793785
1,12069,0.9959247197707397
1,12070,0.9944038479871746
1,12071,0.9898309988711078
1,12072,0.9934368657882521
1,12073,0.9950950733141669
1,12074,0.9810437709491155
1,12075,0.9828653486669077
1,12076,0.9412010784542523
1,12077,0.9959494570532113
1,12078,0.9949529202738377
1,12079,0.9907850620039717
1,12080,0.9922095365311213
1,12081,0.9917725845308039
1,12082,0.9713779205672501
1,12083,0.9766133277590716
1,12084,0.979071525884555
1,12085,0.9959490150759454
1,12086,0.9766734814860597
1,12087,0.9892807305830554
1,12088,0.9867626516968998
1,12089,0.9915541376763884
1,12090,0.9835226986314851
1,12091,0.9606466782691144
1,12092,0.9233198331098845
1,12093,0.9961529719481291
1,12094,0.974547354569207
1,12095,0.9744966793236945
1,12096,0.9805749728151307
1,12097,0.993116745753176
1,12098,0.9945902042827596
1,12099,0.996439071582782
1,12100,0.9979753699808677
1,12101,0.9975264557308134
1,12102,0.960483348840323
1,12103,0.9674776045298183
1,12104,0.9946996617839643
1,12105,0.9921459550059429
1,12106,0.9770039326525827
1,12107,0.9927512707009662
1,12108,0.9937656957967537
1,12109,0.993396002300397
1,12110,0.9841071148154868
1,12111,0.984648466240575
1,12112,0.9808586540542176
1,12113,0.9870513408262853
1,12114,0.9840010688793454
1,12115,0.9923892500074606
1,12116,0.9881189906512627
1,12117,0.9851988073237921
1,12118,0.97735443894672
1,12119,0.9741327413926303
1,12120,0.982683925916436
1,12121,0.9904496836836468
1,12122,0.9763742246236718
1,12123,0.987629613695649
1,12124,0.9794429475925951
1,12125,0.9913812258930923
1,12126,0.9873658785259789
1,12127,0.9656766134493342
1,12128,0.9884136187997352
1,12129,0.9912871181212731
1,12130,0.9640814042191513
1,12131,0.9932953411126069
1,12132,0.9802807082381215
1,12133,0.9950005087659891
1,12134,0.9646855508967687
1,12135,0.99115144977573
1,12136,0.9458055523976946
1,12137,0.9829084863482622
1,12138,0.9893873730387387
1,12139,0.9937376499052244
1,12140,0.995356736313528
1,12141,0.9891988335605957
1,12142,0.9838604295160699
1,12143,0.9920281917248088
1,12144,0.9531723503786995
1,12145,0.9959466727959742
1,12146,0.981140943311104
1,12147,0.987584882902871
1,12148,0.9764857469844822
1,12149,0.9958124967723928
1,12150,0.9787498892814314
1,12151,0.9639223610710946
1,12152,0.9763459729865499
1,12153,0.9786330721622585
1,12154,0.9755320379245755
1,12155,0.9922799368567631
1,12156,0.9371091468852697
1,12157,0.9866915210555693
1,12158,0.9869636532196214
1,12159,0.9786143987032735
1,12160,0.9901059750990834
1,12161,0.9816519406225953
1,12162,0.9800560583521833
1,12163,0.9855398322445871
1,12164,0.9825283966489354
1,12165,0.9804220148617963
1,12166,0.963901444691767
1,12167,0.9986833942437527
1,12168,0.9931147735956275
1,12169,0.9795014898516308
1,12170,0.985795458423322
1,12171,0.9722653578872578
1,12172,0.9815818045049441
1,12173,0.9592378735425167
1,12174,0.9982967150584607
1,12175,0.9969215851124998
1,12176,0.9659937987623136
1,12177,0.9791568632539319
1,12178,0.9880567441854095
1,12179,0.9486438613569743
1,12180,0.9712990524830892
1,12181,0.974354968419011
1,12182,0.9847006756000692
1,12183,0.9480664272665653
1,12184,0.9635410032427917
1,12185,0.8845781251502524
1,12186,0.9945763094199036
1,12187,0.981367026179116
1,12188,0.9812457420507489
1,12189,0.9954166292561611
1,12190,0.9730131625345575
1,12191,0.9749387830102786
1,12192,0.9810979738997735
1,12193,0.9805074282325719
1,12194,0.9820076222066325
1,12195,0.9697836612280161
1,12196,0.9772915691595013
1,12197,0.99002492321112745
1,12198,0.99367366166687765
1,12199,0.9881502816416464
1,12200,0.9778177588190645
1,12201,0.9818531621318547
1,12202,0.9642955571265359
1,12203,0.9607200319884425
1,12204,0.9767547133717994
1,12205,0.9918584315236568
1,12206,0.9704966425050775
1,12207,0.9889835892246609
1,12208,0.9810584778652217
1,12209,0.9835614522007576
1,12210,0.9928780022603063
1,12211,0.9827651797395229
1,12212,0.9907697290483505
1,12213,0.9804700798755265
1,12214,0.9802815605253047
1,12215,0.9942791395390227
1,12216,0.9832345967972369
1,12217,0.9958899442326431
1,12218,0.9961335471468792
1,12219,0.9836766008093253
1,12220,0.9919617033625592
1,12221,0.9949855778109482
1,12222,0.9462407618927946
1,12223,0.9342689760651657
1,12224,0.9405955644051327
1,12225,0.9775159487137997
1,12226,0.9930804374042969
1,12227,0.9908157218367907
1,12228,0.9876997945233795
1,12229,0.9910093467759338
1,12230,0.9906058206632223
1,12231,0.97068176207149
1,12232,0.988372798060932
1,12233,0.9839132382316222
1,12234,0.9947370461814242
1,12235,0.994709331229387
1,12236,0.9901210095913322
1,12237,0.9956269559765747
1,12238,0.9951033035029435
1,12239,0.9744322367125243
1,12240,0.9855941030398585
1,12241,0.9919923253421489
1,12242,0.9831079608025014
1,12243,0.9841617124818175
1,12244,0.9629765684488931
1,12245,0.9949059204169829
1,12246,0.9952957088977449
1,12247,0.9961973742446903
1,12248,0.9765349439625631
1,12249,0.992378978272425
1,12250,0.9888327783869879
1,12251,0.9880689507298243
1,12252,0.9846331431385803
1,12253,0.9928876001188183
1,12254,0.9982743307056964
1,12255,0.9756121387126098
1,12256,0.9945954762019292
1,12257,0.9789475103521725
1,12258,0.9762290649522372
1,12259,0.9942070954124675
1,12260,0.9965253250447539
1,12261,0.9761286414639951
1,12262,0.9897332059403878
1,12263,0.9759809287063297
1,12264,0.9847240757575155
1,12265,0.9782027222797918
1,12266,0.9811772195139411
1,12267,0.9685197138303533
1,12268,0.9723031749050226
1,12269,0.9744238542467879
1,12270,0.9826850117791178
1,12271,0.9922061087179055
1,12272,0.9693368909588558
1,12273,0.9863093337133577
1,12274,0.9906670418192031
1,12275,0.9921982743328113
1,12276,0.9870515583797365
1,12277,0.9940999881951208
1,12278,0.9784181976355082
1,12279,0.9829099117030147
1,12280,0.9847522762927428
1,12281,0.9729226157281519
1,12282,0.971589474647924
1,12283,0.9744900723977273
1,12284,0.9887851973233285
1,12285,0.8734796097544802
1,12286,0.9581227375532653
1,12287,0.9678730409158921
1,12288,0.961076215392189
1,12289,0.9831546486431394
1,12290,0.9826349297982832
1,12291,0.9792312854980055
1,12292,0.99206189903141
1,12293,0.9930449950728489
1,12294,0.9921028673476479
1,12295,0.9855586646171133
1,12296,0.9909227321903513
1,12297,0.9818928266604849
1,12298,0.9666357128131262
1,12299,0.9849514823588909
1,12300,0.9973043974378644
1,12301,0.9646092169012644
1,12302,0.9922771246558513
1,12303,0.9823056705191139
1,12304,0.9860692285054278
1,12305,0.9800619275804795
1,12306,0.9848066903138497
1,12307,0.9875588206965393
1,12308,0.9935764841097724
1,12309,0.949584384260486
1,12310,0.9917536641684401
1,12311,0.991354569871935
1,12312,0.9876079499261262
1,12313,0.9878721256342619
1,12314,0.9631853104653143
1,12315,0.9834046093062265
1,12316,0.9727113154519378
1,12317,0.9891642579018923
1,12318,0.9948135362792817
1,12319,0.9648683168940293
1,12320,0.9663974035689396
1,12321,0.9868240305469501
1,12322,0.9684103271491992
1,12323,0.9939031059837887
1,12324,0.9782274019679187
1,12325,0.9801806292092715
1,12326,0.9728396618827808
1,12327,0.9865636381042332
1,12328,0.9891140968574338
1,12329,0.9801202784999291
1,12330,0.9880495615252666
1,12331,0.9718100361465262
1,12332,0.973932030959086
1,12333,0.9817486649971476
1,12334,0.981539950906846
1,12335,0.9816882136592476
1,12336,0.9841766920328248
1,12337,0.9621763735056094
1,12338,0.9728809921136845
1,12339,0.972046958916197
1,12340,0.9845477650128823
1,12341,0.9740910792760096
1,12342,0.9886912698523344
1,12343,0.9947291454567689
1,12344,0.9845388890846473
1,12345,0.9780234169002691
1,12346,0.9847243922384483
1,12347,0.9917735406329949
1,12348,0.9886373656225228
1,12349,0.968737097957111
1,12350,0.9844629329461846
1,12351,0.935232919799284
1,12352,0.9684064983799393
1,12353,0.9300739190469848
1,12354,0.9956232415590947
1,12355,0.9888900523647723
1,12356,0.9841733180081462
1,12357,0.9938610969635326
1,12358,0.9459168774041318
1,12359,0.9951153900590785
1,12360,0.991204182748934
1,12361,0.9881666253817789
1,12362,0.9851876651804902
1,12363,0.9886897199212337
1,12364,0.9795100025403483
1,12365,0.9896565189379484
1,12366,0.9977165829514457
1,12367,0.9935215178411015
1,12368,0.9887506283362081
1,12369,0.9947761763508618
1,12370,0.995390197842054
1,12371,0.977573927346805
1,12372,0.9884657807898517
1,12373,0.9788385568923673
1,12374,0.9765211044649407
1,12375,0.9952199325587155
1,12376,0.9731241973295751
1,12377,0.9714995829725394
1,12378,0.9669567723825413
1,12379,0.978139825058531
1,12380,0.9804187638634233
1,12381,0.9931570396444204
1,12382,0.9925468768495077
1,12383,0.9332970671289404
1,12384,0.9834351493483043
1,12385,0.9894620119812618
1,12386,0.9708932733553918
1,12387,0.961306576631097
1,12388,0.9884939808483388
1,12389,0.9983849814926067
1,12390,0.9982305669103217
1,12391,0.9945751793048943
1,12392,0.9966962022776118
1,12393,0.9804382600185532
1,12394,0.9953899836409238
1,12395,0.9855391576456511
1,12396,0.9792136848518316
1,12397,0.9683034459435332
1,12398,0.9877841941779137
1,12399,0.9825254298538362
1,12400,0.9832042129356828
1,12401,0.9880217559363776
1,12402,0.9916894926496005
1,12403,0.9762445071174676
1,12404,0.9889108855715848
1,12405,0.9904554784198729
1,12406,0.9970737136037371
1,12407,0.9950312732696809
1,12408,0.9590167417844119
1,12409,0.978010488652566
1,12410,0.993372768638529
1,12411,0.9866653406978693
1,12412,0.9817054188995188
1,12413,0.995951832301992
1,12414,0.990751965284663
1,12415,0.9881354691722388
1,12416,0.9892975436392992
1,12417,0.9956138149969144
1,12418,0.9928526785276067
1,12419,0.9881634222573282
1,12420,0.9765168676806653
1,12421,0.9975077282303891
1,12422,0.9631943581690232
1,12423,0.9856545004819797
1,12424,0.9804027605608706
1,12425,0.9904754719722738
1,12426,0.990166996020828
1,12427,0.9835835539454703
1,12428,0.9762677988432135
1,12429,0.9761535399824937
1,12430,0.993169538474887
1,12431,0.9940583532943916
1,12432,0.9792631751525458
1,12433,0.9779259842359578
1,12434,0.9821402406474534
1,12435,0.9852632971238047
1,12436,0.9709729878332887
1,12437,0.9656621599474939
1,12438,0.993442797887172
1,12439,0.9849898627118168
1,12440,0.9836535277244923
1,12441,0.9515144859243652
1,12442,0.9871197301090638
1,12443,0.9912251481812655
1,12444,0.9965939616251286
1,12445,0.952800610426038
1,12446,0.9893053143811876
1,12447,0.981276790338411
1,12448,0.9949130644209263
1,12449,0.9953580587463563
1,12450,0.9784665608627693
1,12451,0.9798161979063362
1,12452,0.9937360001438119
1,12453,0.9427550497925209
1,12454,0.9883746936939837
1,12455,0.991290046604392
1,12456,0.9576530284640786
1,12457,0.9872055590145075
1,12458,0.9660112111606733
1,12459,0.9887479651084196
1,12460,0.9005605726444027
1,12461,0.9846167091311636
1,12462,0.985541550687486
1,12463,0.9769031320508191
1,12464,0.9912562144697826
1,12465,0.9683859619819503
1,12466,0.9843605005901924
1,12467,0.982141397662267
1,12468,0.9602884208640187
1,12469,0.9503800791424183
1,12470,0.9930042071512193
1,12471,0.9791206570700739
1,12472,0.9920260718648288
1,12473,0.9794739514249918
1,12474,0.9864951884400135
1,12475,0.9719727884187732
1,12476,0.9780931654229142
1,12477,0.9951246292356575
1,12478,0.9971293854968074
1,12479,0.9860900169518375
1,12480,0.9844267491899527
1,12481,0.9947460079620409
1,12482,0.957272915605221
1,12483,0.9933728603937984
1,12484,0.964140935037012
1,12485,0.9822502261264466
1,12486,0.9754402469239347
1,12487,0.993904620632582
1,12488,0.9935935181001453
1,12489,0.9946170477800527
1,12490,0.9938975906813916
1,12491,0.9929526427917352
1,12492,0.9873369533489351
1,12493,0.9928331375001723
1,12494,0.9920542586580877
1,12495,0.962303550419422
1,12496,0.9826928826466025
1,12497,0.9739612146330976
1,12498,0.9879950975648036
1,12499,0.9849638265888762
1,12500,0.9709258460036901
1,12501,0.9876557097178028
1,12502,0.9928039228463966
1,12503,0.9882442369991191
1,12504,0.9882184328523036
1,12505,0.9918811519260019
1,12506,0.9870024798862057
1,12507,0.9621533628417417
1,12508,0.9751308152955246
1,12509,0.9847555806319798
1,12510,0.9824557606958371
1,12511,0.9782897024869259
1,12512,0.9888752135648321
1,12513,0.9854181240876971
1,12514,0.9878802020673249
1,12515,0.9845448337151176
1,12516,0.9809954631504157
1,12517,0.9872331120955379
1,12518,0.9850595029809557
1,12519,0.9904384040336127
1,12520,0.9927054455779114
1,12521,0.9868231410199876
1,12522,0.9930390723951638
1,12523,0.9890601319489959
1,12524,0.9873389992038575
1,12525,0.9711051363039152
1,12526,0.9946428730644519
1,12527,0.9332136779314003
1,12528,0.9842818637492217
1,12529,0.9953364919194471
1,12530,0.9795169199336201
1,12531,0.9812273107440337
1,12532,0.9836865862457005
1,12533,0.9628379650743508
1,12534,0.9912641324296848
1,12535,0.9897974404707455
1,12536,0.9949623313518651
1,12537,0.9520401389754413
1,12538,0.9884671758916372
1,12539,0.9344019784998602
1,12540,0.9689184790484254
1,12541,0.9849588835596367
1,12542,0.9794889099979265
1,12543,0.9784026416056552
1,12544,0.9961693370391215
1,12545,0.9517702907559382
1,12546,0.9886802222990885
1,12547,0.984053742683753
1,12548,0.9499880500988409
1,12549,0.9947334298361226
1,12550,0.9081742501753355
1,12551,0.9927310555714378
1,12552,0.9948041109564992
1,12553,0.965432849200953
1,12554,0.9610481362463502
1,12555,0.9934038355894237
1,12556,0.9622206759404668
1,12557,0.9693114181350195
1,12558,0.9804750959039582
1,12559,0.9820250335881231
1,12560,0.9941565694186315
1,12561,0.9851424734936375
1,12562,0.9843781294564282
1,12563,0.9854854285480793
1,12564,0.9866644500882353
1,12565,0.9927727028776938
1,12566,0.9918119057241969
1,12567,0.9609728190892254
1,12568,0.9952523291845675
1,12569,0.9786317615653329
1,12570,0.97707205344616
1,12571,0.9941879977009951
1,12572,0.9806477029367487
1,12573,0.9847019099509468
1,12574,0.9819488554428942
1,12575,0.9856723314546014
1,12576,0.9946752939967267
1,12577,0.9949946828487729
1,12578,0.9684548905462578
1,12579,0.9669662815432449
1,12580,0.983066458211855
1,12581,0.9827970306805632
1,12582,0.954644177901289
1,12583,0.9698079375143751
1,12584,0.9784231491224481
1,12585,0.9575411511816015
1,12586,0.9693900355991357
1,12587,0.9957942374316193
1,12588,0.9950000988864507
1,12589,0.9862597382023066
1,12590,0.9696590683641474
1,12591,0.9856927906418487
1,12592,0.9913613249299879
1,12593,0.9820120638810956
1,12594,0.9864361736510806
1,12595,0.9920299685000868
1,12596,0.9887242945563488
1,12597,0.9899157543935436
1,12598,0.9773089745866413
1,12599,0.9935171610381102
1,12600,0.9943542561606619
1,12601,0.9904784721296627
1,12602,0.9104375741740618
1,12603,0.9969556763311698
1,12604,0.9915199986229933
1,12605,0.9960704711730662
1,12606,0.9749887388594811
1,12607,0.9966934992331746
1,12608,0.9905079640848653
1,12609,0.9869904648903953
1,12610,0.9859362331447218
1,12611,0.9940340430433389
1,12612,0.9720201680236086
1,12613,0.9746172682738856
1,12614,0.9888388055122421
1,12615,0.982188028752788
1,12616,0.9924186618494106
1,12617,0.9893993927070692
1,12618,0.9748403541090618
1,12619,0.975548132215519
1,12620,0.9395134066985819
1,12621,0.9651601354244468
1,12622,0.9950956825331022
1,12623,0.9459462277514096
1,12624,0.9915397173354462
1,12625,0.9771342119501895
1,12626,0.9794174213126976
1,12627,0.9866734581421313
1,12628,0.9865087520529798
1,12629,0.9994046129752066
1,12630,0.9966671705558373
1,12631,0.9830678807687654
1,12632,0.9633056997893769
1,12633,0.9945678141711527
1,12634,0.9903189481334843
1,12635,0.9798947400526116
1,12636,0.9761866497341273
1,12637,0.9868981387009732
1,12638,0.9894431391074113
1,12639,0.98010630607001
1,12640,0.9980215070035396
1,12641,0.9496495455729128
1,12642,0.9933721189217226
1,12643,0.992113543383909
1,12644,0.9920204355909634
1,12645,0.9716866378721013
1,12646,0.9649200862515757
1,12647,0.9595314264432133
1,12648,0.9840636325199599
1,12649,0.9835261298330688
1,12650,0.9802911833641069
1,12651,0.9776497942803815
1,12652,0.9885494681318869
1,12653,0.9869942320972411
1,12654,0.9857864413736822
1,12655,0.9701012441885611
1,12656,0.9903567683384433
1,12657,0.9588498274956536
1,12658,0.9907538534589727
1,12659,0.9897497758522875
1,12660,0.9931240909334949
1,12661,0.9936295649922539
1,12662,0.9861004053825286
1,12663,0.9913268237957552
1,12664,0.9708411288102575
1,12665,0.9937995015933833
1,12666,0.9932173528238083
1,12667,0.9632727806381987
1,12668,0.9760621800522326
1,12669,0.9641510480823005
1,12670,0.9971394425821365
1,12671,0.9595251904430575
1,12672,0.9496436868006088
1,12673,0.9590344292545713
1,12674,0.9753350991677109
1,12675,0.9940003948212904
1,12676,0.9836686299456442
1,12677,0.9902772725666582
1,12678,0.9942232252865837
1,12679,0.9842434528858173
1,12680,0.9913258980491763
1,12681,0.979078828731624
1,12682,0.9929593120684846
1,12683,0.9812793053616121
1,12684,0.9843440965700335
1,12685,0.9312471808333413
1,12686,0.9791064695200211
1,12687,0.9771880184090728
1,12688,0.9978173274978663
1,12689,0.9931667489791436
1,12690,0.9935560537774072
1,12691,0.9715129149630698
1,12692,0.9781589579379204
1,12693,0.9830902333038345
1,12694,0.9915597439179907
1,12695,0.988670691513006
1,12696,0.994162053811241
1,12697,0.992302247267529
1,12698,0.9960728695395556
1,12699,0.9479840918464719
1,12700,0.9821168423293313
1,12701,0.9749580851687875
1,12702,0.9881743247459778
1,12703,0.994148860159246
1,12704,0.9908073848737698
1,12705,0.9915300246546287
1,12706,0.9886190733487822
1,12707,0.9978780517859467
1,12708,0.9825537803405806
1,12709,0.9921394321486031
1,12710,0.9919460555037382
1,12711,0.9730697603361433
1,12712,0.9765047693232797
1,12713,0.9800375222130652
1,12714,0.9735495229438512
1,12715,0.9910650971698118
1,12716,0.9922202267288758
1,12717,0.9695531198486468
1,12718,0.994599802918766
1,12719,0.9924744251876045
1,12720,0.9816246730554955
1,12721,0.972629064938535
1,12722,0.9953094386751745
1,12723,0.9838017053027073
1,12724,0.995513546297898
1,12725,0.9951682801720003
1,12726,0.9784693655871687
1,12727,0.9735196969518636
1,12728,0.9957827073796605
1,12729,0.993557152111666
1,12730,0.9664988076455833
1,12731,0.9883909108207908
1,12732,0.9948213166789455
1,12733,0.9486683887654078
1,12734,0.9922853064612193
1,12735,0.93192412202959
1,12736,0.9739195879323843
1,12737,0.9958365755847952
1,12738,0.9897723189974258
1,12739,0.9730653929883047
1,12740,0.9875262341985794
1,12741,0.9809415404376751
1,12742,0.9843129454556031
1,12743,0.9422380703802435
1,12744,0.9546185357791985
1,12745,0.9764948984297246
1,12746,0.9839753828782739
1,12747,0.9600236574722004
1,12748,0.9892678077090341
1,12749,0.9951158254378577
1,12750,0.9898930925338155
1,12751,0.9833143640795842
1,12752,0.99076870364115
1,12753,0.9956194231411889
1,12754,0.9938964599135821
1,12755,0.9969519116527821
1,12756,0.9934070293741337
1,12757,0.9335798195838408
1,12758,0.9992976218970213
1,12759,0.9765785132179855
1,12760,0.9820319718452708
1,12761,0.992807421545115
1,12762,0.9724990180504393
1,12763,0.9836116606646258
1,12764,0.9828049012785921
1,12765,0.987476560946162
1,12766,0.9979278439793967
1,12767,0.9968946424301822
1,12768,0.9764262692245317
1,12769,0.9850576322083509
1,12770,0.9661447995343834
1,12771,0.974956102380519
1,12772,0.9777272456447585
1,12773,0.9553638017181965
1,12774,0.9620611028377499
1,12775,0.9737875685343617
1,12776,0.9865778798294818
1,12777,0.9954754012240846
1,12778,0.9953318289673188
1,12779,0.9890620726417624
1,12780,0.9888430131631459
1,12781,0.9867110406047936
1,12782,0.9888614560885957
1,12783,0.9931338008190314
1,12784,0.9822687019036523
1,12785,0.9783487821066165
1,12786,0.9905099523512948
1,12787,0.9894856214917217
1,12788,0.9841260074251688
1,12789,0.9812936706819994
1,12790,0.9891177990079645
1,12791,0.9981202026778827
1,12792,0.9561763389929104
1,12793,0.9895158788005958
1,12794,0.9906262192584967
1,12795,0.9865069344967362
1,12796,0.992881766030805
1,12797,0.9963632392250249
1,12798,0.9817445195527649
1,12799,0.9859690344187464
1,12800,0.9809533761503479
1,12801,0.9794106386586732
1,12802,0.9802995999694769
1,12803,0.9829643064102582
1,12804,0.9916952761403354
1,12805,0.9985842057876108
1,12806,0.982621626662051
1,12807,0.9789597279226866
1,12808,0.9613219485343929
1,12809,0.9705215231346317
1,12810,0.9203289257798903
1,12811,0.9719485385144573
1,12812,0.9921558524681758
1,12813,0.9986338353805031
1,12814,0.9530239070688192
1,12815,0.9976956095709159
1,12816,0.9944106894900951
1,12817,0.9827638254777382
1,12818,0.9489251274366235
1,12819,0.957653215945657
1,12820,0.9754256836629226
1,12821,0.9843683719336922
1,12822,0.9940385860604042
1,12823,0.99115897469394
1,12824,0.9967464575980355
1,12825,0.9963204354289084
1,12826,0.9903903412376386
1,12827,0.9882847201561922
1,12828,0.9931941334398801
1,12829,0.9945563472688165
1,12830,0.9851049898888073
1,12831,0.9874452457911835
1,12832,0.9878929593149804
1,12833,0.9770626416441859
1,12834,0.9949649303980956
1,12835,0.9935101931471532
1,12836,0.9807765482627396
1,12837,0.9650991302613717
1,12838,0.9852145251884641
1,12839,0.9766445416235509
1,12840,0.9851954521972811
1,12841,0.9841984651136351
1,12842,0.9616178762323879
1,12843,0.9755445806283891
1,12844,0.9909173193825999
1,12845,0.9910670359650258
1,12846,0.9893007344007746
1,12847,0.9925544315598277
1,12848,0.9940588906562284
1,12849,0.9986649134363894
1,12850,0.9633633569509578
1,12851,0.9726699393514042
1,12852,0.9941124112421224
1,12853,0.9766494651252557
1,12854,0.9887738446650232
1,12855,0.9830176935866224
1,12856,0.9965762907107133
1,12857,0.9956412337434651
1,12858,0.9603455586235904
1,12859,0.9789156806845649
1,12860,0.990625466050273
1,12861,0.9963404037945319
1,12862,0.9879995534194866
1,12863,0.9729073818314204
1,12864,0.9794094827474767
1,12865,0.9700850176859119
1,12866,0.964578544984577
1,12867,0.9813714390133511
1,12868,0.9935028391174873
1,12869,0.9889067962921569
1,12870,0.9795805627812285
1,12871,0.9756409072290511
1,12872,0.994664700696475
1,12873,0.9793284965109288
1,12874,0.9775253355639154
1,12875,0.9868331131493405
1,12876,0.986626760270614
1,12877,0.9602194018258272
1,12878,0.9943693067589274
1,12879,0.9742840245884027
1,12880,0.9870613240361988
1,12881,0.992632962539008
1,12882,0.975031776306173
1,12883,0.9885794731976533
1,12884,0.9888285090216049
1,12885,0.9639318739311179
1,12886,0.9715625692452032
1,12887,0.9879661747828496
1,12888,0.9623453174647365
1,12889,0.9938670754333482
1,12890,0.9918290493284047
1,12891,0.9689437609985933
1,12892,0.9939552617715381
1,12893,0.9823312057755458
1,12894,0.9836139560225526
1,12895,0.9853377685119223
1,12896,0.9951335766384772
1,12897,0.9717725195331849
1,12898,0.99352919477202
1,12899,0.9726130528328955
1,12900,0.9904653246211629
1,12901,0.9911748498731989
1,12902,0.97204297665226
1,12903,0.9841621662201828
1,12904,0.9896468601530741
1,12905,0.9900196600389967
1,12906,0.9839157359980468
1,12907,0.9903226731828839
1,12908,0.9818558252127768
1,12909,0.9904702253814364
1,12910,0.9911491446128007
1,12911,0.9730813327723288
1,12912,0.9969023087076364
1,12913,0.9576090156156299
1,12914,0.9805599781550779
1,12915,0.9965776618296206
1,12916,0.9888894569582635
1,12917,0.9703061039155171
1,12918,0.9588251988564389
1,12919,0.9866918632955334
1,12920,0.9929261958906458
1,12921,0.9803480876566981
1,12922,0.9956552542616681
1,12923,0.9713012431428375
1,12924,0.9914771420379215
1,12925,0.9804201242685068
1,12926,0.9834407605176948
1,12927,0.9925904442953244
1,12928,0.9919166352438102
1,12929,0.9911086337615369
1,12930,0.9918035286732323
1,12931,0.9949195657142498
1,12932,0.9897950931678011
1,12933,0.9600490562407866
1,12934,0.9821141358632175
1,12935,0.9895728134153391
1,12936,0.9907350165891368
1,12937,0.9948101334113827
1,12938,0.9840261979037074
1,12939,0.9947480274020766
1,12940,0.9955001781374033
1,12941,0.9827134566670372
1,12942,0.9863033024760995
1,12943,0.9793163215395305
1,12944,0.9891252619311606
1,12945,0.9857724712344035
1,12946,0.9837293730718577
1,12947,0.9859815892891867
1,12948,0.9915667445608063
1,12949,0.9945460032363546
1,12950,0.9903663296562737
1,12951,0.9945102683993146
1,12952,0.985023390971121
1,12953,0.9928806064076227
1,12954,0.9915541894996153
1,12955,0.9896933364147208
1,12956,0.9845343688304092
1,12957,0.9765855035653814
1,12958,0.9861499047318038
1,12959,0.9831175028384728
1,12960,0.989931093406413
1,12961,0.988211413227085
1,12962,0.9831638931993234
1,12963,0.9883563074852382
1,12964,0.9889927442215336
1,12965,0.9773726711134066
1,12966,0.9872855221769457
1,12967,0.9952938310998476
1,12968,0.9859458886810647
1,12969,0.9834157984677162
1,12970,0.9848998999486431
1,12971,0.9916196004879906
1,12972,0.9686243101336101
1,12973,0.9910144689336459
1,12974,0.9907283607621495
1,12975,0.8954704047829419
1,12976,0.8745769492997126
1,12977,0.9944617592881033
1,12978,0.9932166268914707
1,12979,0.9948824261348211
1,12980,0.9762601356854964
1,12981,0.9710067097195603
1,12982,0.9909945467602536
1,12983,0.9804307530703286
1,12984,0.9968019481358171
1,12985,0.9803577804475884
1,12986,0.9897463215061407
1,12987,0.9835996488542206
1,12988,0.9843073059768542
1,12989,0.9924963799327997
1,12990,0.9954797670716511
1,12991,0.9879365183916939
1,12992,0.9553919273225928
1,12993,0.9938038444117234
1,12994,0.9629645698904199
1,12995,0.9695460972270499
1,12996,0.9864046969388555
1,12997,0.9939453767476227
1,12998,0.9903540838599806
1,12999,0.9917285588803415
1,13000,0.9905746010068355
1,13001,0.9978266952827883
1,13002,0.9970901354074428
1,13003,0.9607932872756008
1,13004,0.9953952189883112
1,13005,0.9620161526384565
1,13006,0.9962342712328055
1,13007,0.9907047696588982
1,13008,0.971065380491942
1,13009,0.9926871130753634
1,13010,0.9839068706122981
1,13011,0.9662112860601666
1,13012,0.979864744618685
1,13013,0.9860813597153648
1,13014,0.9921072909665805
1,13015,0.9640866898119139
1,13016,0.9715762205539563
1,13017,0.9937772738324366
1,13018,0.9966591918891545
1,13019,0.9808481188744053
1,13020,0.9872483961499048
1,13021,0.9811673699501505
1,13022,0.9767703078857117
1,13023,0.9932372284362709
1,13024,0.9768921975319514
1,13025,0.9785339680729157
1,13026,0.9880408216800366
1,13027,0.9941138923410838
1,13028,0.9958255168289013
1,13029,0.9567357759462604
1,13030,0.9881578742796423
1,13031,0.9870118762660531
1,13032,0.9803356152081888
1,13033,0.9900446622129556
1,13034,0.9838767146772355
1,13035,0.9927299119362839
1,13036,0.9820418591140164
1,13037,0.9954324211172101
1,13038,0.9625270443783885
1,13039,0.991018105947723
1,13040,0.9896739630436738
1,13041,0.994334632530459
1,13042,0.9790103913937187
1,13043,0.9709812975548033
1,13044,0.9882825455621264
1,13045,0.996307706166666
1,13046,0.9936106074756481
1,13047,0.9975585906099331
1,13048,0.9910259122004396
1,13049,0.9762798908181196
1,13050,0.9845158719144874
1,13051,0.9791125806479785
1,13052,0.9762226763931411
1,13053,0.9899672165010225
1,13054,0.9985546472834719
1,13055,0.9798700623736107
1,13056,0.9657150256479138
1,13057,0.9610786103746152
1,13058,0.9610921421770173
1,13059,0.9886443439512519
1,13060,0.9670539637653296
1,13061,0.9749941196708384
1,13062,0.9912903408262358
1,13063,0.9947513495847466
1,13064,0.995923739750551
1,13065,0.9975489163044776
1,13066,0.9710124863050141
1,13067,0.9684990355482495
1,13068,0.9724964525715293
1,13069,0.9882829589125988
1,13070,0.9916523130676683
1,13071,0.9964038805952303
1,13072,0.9816358579278042
1,13073,0.9962360544443841
1,13074,0.9901679910403866
1,13075,0.986879024856063
1,13076,0.9861156323953254
1,13077,0.9915311548497382
1,13078,0.9823981080498447
1,13079,0.9880682090036906
1,13080,0.9617388910754363
1,13081,0.9794718642948299
1,13082,0.9932415663139682
1,13083,0.9896926030637799
1,13084,0.9911302252371249
1,13085,0.9822508992989637
1,13086,0.9962117434158563
1,13087,0.9775498301033942
1,13088,0.9945940246771554
1,13089,0.9946041598531261
1,13090,0.9975441460387837
1,13091,0.9891364725374673
1,13092,0.989963964171986
1,13093,0.9843386597935108
1,13094,0.9944409170011898
1,13095,0.9715919806671973
1,13096,0.9689350804353539
1,13097,0.9974359200879346
1,13098,0.9911607584918909
1,13099,0.9886169107679249
1,13100,0.9840060554813941
1,13101,0.9717442356400395
1,13102,0.9581685458472791
1,13103,0.996727856115353
1,13104,0.9871537376952356
1,13105,0.9815656578265244
1,13106,0.9871008841516016
1,13107,0.9709913777515132
1,13108,0.9970372132987105
1,13109,0.9954247049909459
1,13110,0.9349172678257976
1,13111,0.8756242156670961
1,13112,0.8541161405992092
1,13113,0.9840466472555621
1,13114,0.9823415260703483
1,13115,0.9904736470925221
1,13116,0.9741775070170785
1,13117,0.9858762043670237
1,13118,0.9834497490584909
1,13119,0.9804151316639244
1,13120,0.9840187064654613
1,13121,0.9929284393132333
1,13122,0.991851196799924
1,13123,0.9851537994105077
1,13124,0.9920447016237407
1,13125,0.9838413609578087
1,13126,0.9855175874764123
1,13127,0.9865037755764051
1,13128,0.9787832004475342
1,13129,0.9820324712958679
1,13130,0.9917104190403049
1,13131,0.9962988144150601
1,13132,0.9760642212959921
1,13133,0.9904550148240381
1,13134,0.984565667738891
1,13135,0.9822123573125997
1,13136,0.9986823780174818
1,13137,0.9859104397224964
1,13138,0.9906037973595889
1,13139,0.9813459309970152
1,13140,0.9814752169589807
1,13141,0.9813272363828052
1,13142,0.9753487381513046
1,13143,0.9793408835161019
1,13144,0.9839707844432787
1,13145,0.9843113076977378
1,13146,0.9855585961140292
1,13147,0.9906072430262117
1,13148,0.9929967764804023
1,13149,0.9891119445727825
1,13150,0.9785048883849883
1,13151,0.9931287031166947
1,13152,0.9857878675529747
1,13153,0.9717490616257474
1,13154,0.987661939790406
1,13155,0.9905240381576996
1,13156,0.9892339566021713
1,13157,0.9630482564138375
1,13158,0.9638279257725786
1,13159,0.9841511808197898
1,13160,0.9460205386652007
1,13161,0.9880932526771348
1,13162,0.963589027276966
1,13163,0.975304786390553
1,13164,0.9767539714894494
1,13165,0.9842473780443636
1,13166,0.9762680976329094
1,13167,0.9785110816106766
1,13168,0.9939523558898753
1,13169,0.9443497238733967
1,13170,0.9959592583789659
1,13171,0.9965978927070717
1,13172,0.9958190010829472
1,13173,0.9886275481283949
1,13174,0.9756280336381244
1,13175,0.9745187216028982
1,13176,0.9605606672286178
1,13177,0.9934066000814801
1,13178,0.9903025690211658
1,13179,0.9753989831322565
1,13180,0.9883408113743212
1,13181,0.9743650897785352
1,13182,0.9882981154045724
1,13183,0.9552333230276727
1,13184,0.9888805296778801
1,13185,0.9895359035151289
1,13186,0.9406868266031662
1,13187,0.9533009017654912
1,13188,0.9969390466911567
1,13189,0.9948768738177574
1,13190,0.9941517106983591
1,13191,0.9891063220429692
1,13192,0.9861351089991037
1,13193,0.9577567471346349
1,13194,0.9879748199769057
1,13195,0.9815956242685634
1,13196,0.9873785257585984
1,13197,0.9860114891787939
1,13198,0.9953815818959943
1,13199,0.9597258120695967
1,13200,0.9957852984408713
1,13201,0.9652952011237821
1,13202,0.9644138003152796
1,13203,0.9630707029762607
1,13204,0.987072515051147
1,13205,0.961354769607663
1,13206,0.9907410199407929
1,13207,0.9938618990028422
1,13208,0.995254055545419
1,13209,0.9800521687980178
1,13210,0.9959996666917813
1,13211,0.9855338579159966
1,13212,0.9816559161837063
1,13213,0.9932612472367656
1,13214,0.9795744819784659
1,13215,0.9893331408424192
1,13216,0.9863244404113448
1,13217,0.9823272999095628
1,13218,0.9478352207864842
1,13219,0.9926574979137047
1,13220,0.9883273418005485
1,13221,0.9859893094148778
1,13222,0.995322303907745
1,13223,0.9824641765687468
1,13224,0.9545391321082108
1,13225,0.9885537618308046
1,13226,0.9727065831865943
1,13227,0.9904839781118457
1,13228,0.9968413826262745
1,13229,0.9750602839570884
1,13230,0.9901729219964539
1,13231,0.9947989736304617
1,13232,0.9945436602266385
1,13233,0.9946598482778789
1,13234,0.997601161129579
1,13235,0.9950696900509685
1,13236,0.984036494525668
1,13237,0.9765383753120045
1,13238,0.9956738900300028
1,13239,0.9750454681249533
1,13240,0.9764885232050504
1,13241,0.9940930125124685
1,13242,0.9628848420152752
1,13243,0.9846562968899237
1,13244,0.9833389550911609
1,13245,0.9811616553416961
1,13246,0.9899020336913309
1,13247,0.9960000029701594
1,13248,0.9870563308946569
1,13249,0.9654978553934278
1,13250,0.9454892124186078
1,13251,0.987717126907071
1,13252,0.9747112775879696
1,13253,0.9896682354051292
1,13254,0.9893467221881845
1,13255,0.9840247383994651
1,13256,0.9935500038046047
1,13257,0.9925387276261222
1,13258,0.9892020941184971
1,13259,0.9914938979143211
1,13260,0.9741082436264925
1,13261,0.9899226822049256
1,13262,0.9858162761586033
1,13263,0.9550330211142013
1,13264,0.9447944193019441
1,13265,0.9807343408448728
1,13266,0.9861632004873966
1,13267,0.9917692875362187
1,13268,0.9918835205883803
1,13269,0.9898087414086056
1,13270,0.9978687308853385
1,13271,0.9952948447397401
1,13272,0.9971848114893853
1,13273,0.9798033124935024
1,13274,0.9929849257334152
1,13275,0.9939725386324
1,13276,0.9814663409190953
1,13277,0.9370136684896726
1,13278,0.9840506404618633
1,13279,0.9866965093222577
1,13280,0.9906382778871444
1,13281,0.9911327491348054
1,13282,0.9944224926487519
1,13283,0.9887187679209235
1,13284,0.9783546965580127
1,13285,0.9866280458174561
1,13286,0.9889184851754009
1,13287,0.9682922294721817
1,13288,0.9807654647099979
1,13289,0.9789734913919365
1,13290,0.9835443368824924
1,13291,0.9935943913331762
1,13292,0.8904890444982217
1,13293,0.9882573843830694
1,13294,0.9897572555877161
1,13295,0.9716391896598763
1,13296,0.9778605004611185
1,13297,0.9957317551817575
1,13298,0.9922523212289158
1,13299,0.962351208383287
1,13300,0.9862972685716723
1,13301,0.988309842969074
1,13302,0.9737974540896223
1,13303,0.9827980066340939
1,13304,0.988529324774275
1,13305,0.9912260243177653
1,13306,0.9915912010530504
1,13307,0.9805609127780699
1,13308,0.9890901843314546
1,13309,0.990817760196619
1,13310,0.9944367064322713
1,13311,0.9921943731700511
1,13312,0.9890838889283946
1,13313,0.9863302916795097
1,13314,0.9891047958610723
1,13315,0.9938118225608678
1,13316,0.9788370264120757
1,13317,0.9980904848016675
1,13318,0.9483271147424378
1,13319,0.993342094969846
1,13320,0.9917204150395125
1,13321,0.9903818258653596
1,13322,0.9912121281931409
1,13323,0.9850449601558
1,13324,0.9902257157766244
1,13325,0.9912597892732796
1,13326,0.9965975033471353
1,13327,0.9839893172836827
1,13328,0.9854224285546633
1,13329,0.9853757458946949
1,13330,0.9891177331013276
1,13331,0.9923089482957707
1,13332,0.967853488062736
1,13333,0.980122034590801
1,13334,0.9977664600899853
1,13335,0.99391593144461
1,13336,0.9566717118927773
1,13337,0.9468035208022858
1,13338,0.9888198108411892
1,13339,0.9918033710454496
1,13340,0.9883310037309748
1,13341,0.9901180985118613
1,13342,0.9879272173993849
1,13343,0.9910671634072887
1,13344,0.9898474466133305
1,13345,0.9841234598716878
1,13346,0.9853086532163847
1,13347,0.9830382868884284
1,13348,0.9858943932786942
1,13349,0.9776519635690399
1,13350,0.9712773594838165
1,13351,0.9728142486651873
1,13352,0.9799204480640523
1,13353,0.985858474634894
1,13354,0.9901940643722051
1,13355,0.9830597241226017
1,13356,0.988686260573378
1,13357,0.9894029143767373
1,13358,0.9898253995009477
1,13359,0.9901597161394711
1,13360,0.9778996778799799
1,13361,0.9704167130029624
1,13362,0.9510915942819119
1,13363,0.9918623299657322
1,13364,0.9897017466170985
1,13365,0.9936374442496897
1,13366,0.9893956313623484
1,13367,0.9922462480762685
1,13368,0.9985988962371821
1,13369,0.9940175029926603
1,13370,0.9921648813088841
1,13371,0.9877352208525731
1,13372,0.9902381434235243
1,13373,0.9895171237847111
1,13374,0.9728042992848602
1,13375,0.9869861349634005
1,13376,0.9812491329392465
1,13377,0.9595444893972405
1,13378,0.9762175138530861
1,13379,0.990802271101392
1,13380,0.9743453091373697
1,13381,0.9921528075658146
1,13382,0.976931490100189
1,13383,0.9820721568204946
1,13384,0.984887062812506
1,13385,0.9742276525485191
1,13386,0.9930297050782859
1,13387,0.9986874894956925
1,13388,0.9981899129838797
1,13389,0.9841578611822289
1,13390,0.9848854823479708
1,13391,0.9795128057103513
1,13392,0.9767535595554943
1,13393,0.9910098158523315
1,13394,0.9699487071775235
1,13395,0.99165916663343745
1,13396,0.9779111777455738
1,13397,0.9645508508877281
1,13398,0.9833952674648135
1,13399,0.9880709121228448
1,13400,0.9648187507033952
1,13401,0.9684263743724172
1,13402,0.9811742285466457
1,13403,0.990850268496098
1,13404,0.9802348684228156
1,13405,0.9857315919969698
1,13406,0.9793718333446206
1,13407,0.9934501192303398
1,13408,0.9812966890783874
1,13409,0.9761449174258882
1,13410,0.9808713811496217
1,13411,0.9822834452357176
1,13412,0.9947467632029662
1,13413,0.9771107065516992
1,13414,0.9977820640293488
1,13415,0.9978890446549215
1,13416,0.9447378794865736
1,13417,0.9914779067438114
1,13418,0.9814024469572945
1,13419,0.9886126835145207
1,13420,0.9692692403392502
1,13421,0.9657365751342869
1,13422,0.9860286091119497
1,13423,0.9831403637862342
1,13424,0.9828963755237391
1,13425,0.970809981078743
1,13426,0.9900643703770428
1,13427,0.9280294680594472
1,13428,0.9912691281837099
1,13429,0.9743134243199689
1,13430,0.9911330850247305
1,13431,0.9650700929254759
1,13432,0.9953544980727718
1,13433,0.9629835401732053
1,13434,0.9881659276088395
1,13435,0.9875053306647155
1,13436,0.9945381580172601
1,13437,0.9970314206902018
1,13438,0.9790689084559204
1,13439,0.9938958945299615
1,13440,0.9955662136940652
1,13441,0.9839325707549538
1,13442,0.98667363633213
1,13443,0.9898903837084747
1,13444,0.9683133020302568
1,13445,0.9984084944576306
1,13446,0.9945013017778107
1,13447,0.997299647299491
1,13448,0.9841409185550211
1,13449,0.9965691214810771
1,13450,0.9291848222479465
1,13451,0.9921196221553372
1,13452,0.98735342018837
1,13453,0.989186242657291
1,13454,0.9908571107686527
1,13455,0.9909447805783621
1,13456,0.9936453216383322
1,13457,0.9967589122650343
1,13458,0.9762743542952467
1,13459,0.9737789699894333
1,13460,0.9888981117975761
1,13461,0.971190709117505
1,13462,0.9840010531760495
1,13463,0.9936256246439813
1,13464,0.9911971668817843
1,13465,0.9896791960247481
1,13466,0.9849069437742336
1,13467,0.9864147572985702
1,13468,0.9862895352834407
1,13469,0.9849857541620092
1,13470,0.9724034058153074
1,13471,0.9909387320466938
1,13472,0.9868716787182428
1,13473,0.9847647781599832
1,13474,0.9906576487247263
1,13475,0.9674494996563655
1,13476,0.9945568920118962
1,13477,0.9723919374583514
1,13478,0.9664552189458485
1,13479,0.985441246511017
1,13480,0.9676741800017822
1,13481,0.9896574689356757
1,13482,0.9762518912032377
1,13483,0.9888902929350871
1,13484,0.9847684694050082
1,13485,0.9822265072147557
1,13486,0.961623672239784
1,13487,0.988826198963001
1,13488,0.9838096004395799
1,13489,0.9254181942728646
1,13490,0.9914104996716671
1,13491,0.9683055601107002
1,13492,0.9904849313422098
1,13493,0.989047134314735
1,13494,0.9679507444961416
1,13495,0.9912748331178631
1,13496,0.9955021604537674
1,13497,0.9935017681886426
1,13498,0.9717366159889265
1,13499,0.9848597302048151
1,13500,0.9820268346852086
1,13501,0.9730973269841439
1,13502,0.9938326103818064
1,13503,0.9949000450213878
1,13504,0.9891729051448644
1,13505,0.987176917660894
1,13506,0.99616866947997
1,13507,0.9749968346758623
1,13508,0.9815828557015226
1,13509,0.9825171682010103
1,13510,0.9797274859390452
1,13511,0.9581066175207733
1,13512,0.9922947259750138
1,13513,0.9659174874054449
1,13514,0.9878400539160851
1,13515,0.986317089353581
1,13516,0.9900253878828555
1,13517,0.9858561441121351
1,13518,0.9692361362191043
1,13519,0.9886141574117195
1,13520,0.9282214190202329
1,13521,0.9537808609582352
1,13522,0.981480357526356
1,13523,0.9944510576224785
1,13524,0.9806315675851636
1,13525,0.9842439940390186
1,13526,0.9882145924985211
1,13527,0.9871580273558423
1,13528,0.9919363409874461
1,13529,0.9799558121710836
1,13530,0.9835506724893868
1,13531,0.9926099604822755
1,13532,0.9956035670600579
1,13533,0.9971794396771787
1,13534,0.9453225811504721
1,13535,0.9357191537913623
1,13536,0.9684460097211481
1,13537,0.9940563025901757
1,13538,0.9845605212166265
1,13539,0.989672055661474
1,13540,0.9825431800673153
1,13541,0.9883223839726963
1,13542,0.9831430221724498
1,13543,0.9825040372817511
1,13544,0.9935405637286441
1,13545,0.971730585293088
1,13546,0.9631810346487956
1,13547,0.9823059504610987
1,13548,0.9794432876796925
1,13549,0.9383559204432718
1,13550,0.9465387467900572
1,13551,0.997795711381021
1,13552,0.9945510668477957
1,13553,0.975258006852045
1,13554,0.9726921784754851
1,13555,0.9936391291853173
1,13556,0.9778123510297301
1,13557,0.9893733033065059
1,13558,0.9802981203356074
1,13559,0.9774003846181061
1,13560,0.9740380488295098
1,13561,0.972187538250803
1,13562,0.9937560910289873
1,13563,0.9794842731536066
1,13564,0.9716088566128853
1,13565,0.9789431566469355
1,13566,0.9807522086698575
1,13567,0.9740145457899988
1,13568,0.9688789781229278
1,13569,0.9842183147808333
1,13570,0.9835588740523389
1,13571,0.9695744280419637
1,13572,0.9919026326672218
1,13573,0.948466230496734
1,13574,0.988164019461145
1,13575,0.985164833043379
1,13576,0.9963036848586352
1,13577,0.9943782006756958
1,13578,0.937430366546181
1,13579,0.954222478000506
1,13580,0.9981587706358939
1,13581,0.9880860431259086
1,13582,0.9764878453054753
1,13583,0.98985654236394
1,13584,0.9705474301540391
1,13585,0.983201212706139
1,13586,0.989913043884229
1,13587,0.9834554994128575
1,13588,0.9716150781610375
1,13589,0.9874927531356823
1,13590,0.9910191116911028
1,13591,0.9874507212531853
1,13592,0.9833886959043798
1,13593,0.9946894287291389
1,13594,0.9843025333585144
1,13595,0.9939864657100687
1,13596,0.9934419370915529
1,13597,0.9382306447230855
1,13598,0.9936822422992008
1,13599,0.9595529269135362
1,13600,0.961345991621349
1,13601,0.9567955087726746
1,13602,0.9265199781943815
1,13603,0.9958480743312751
1,13604,0.9912072228686225
1,13605,0.9885314344991682
1,13606,0.9738821009358409
1,13607,0.9754116142304351
1,13608,0.9935025408207804
1,13609,0.9879662439176148
1,13610,0.9704696256422229
1,13611,0.9891841042480476
1,13612,0.9920588132472209
1,13613,0.9898006560435418
1,13614,0.9927095687065776
1,13615,0.9769822844965433
1,13616,0.9806807615145757
1,13617,0.9910652059931764
1,13618,0.9899089576350316
1,13619,0.9929990289216514
1,13620,0.9985492244607952
1,13621,0.9866531408439034
1,13622,0.9931251465827334
1,13623,0.9923926338685829
1,13624,0.9625912830214407
1,13625,0.9861427129088451
1,13626,0.9791293412860169
1,13627,0.9756615434326101
1,13628,0.9870462450978856
1,13629,0.988893808186294
1,13630,0.9826008338119473
1,13631,0.985911551788366
1,13632,0.9897767129517331
1,13633,0.9766629477044799
1,13634,0.9880644847432104
1,13635,0.9896562745271781
1,13636,0.9610321971880214
1,13637,0.9918936457939559
1,13638,0.9668439313745547
1,13639,0.9934960889846872
1,13640,0.9805878622072868
1,13641,0.9803611604243919
1,13642,0.9914403128914646
1,13643,0.9961194114193124
1,13644,0.9733910184246963
1,13645,0.9951603988956425
1,13646,0.9805911406221721
1,13647,0.9967738241758181
1,13648,0.9910220112847816
1,13649,0.9859602404825973
1,13650,0.9881719058222238
1,13651,0.9922684418831528
1,13652,0.9828379545203434
1,13653,0.9891058670939474
1,13654,0.9829770763744202
1,13655,0.9831388747682361
1,13656,0.9895865769622368
1,13657,0.9723657124158435
1,13658,0.9955904550196013
1,13659,0.9779719905932023
1,13660,0.9911513018568392
1,13661,0.9920149557749112
1,13662,0.9864194517731493
1,13663,0.9878211026114876
1,13664,0.9782448877723415
1,13665,0.9974404927947169
1,13666,0.9970729994349374
1,13667,0.9760460944056646
1,13668,0.9857693028595772
1,13669,0.9837300819444957
1,13670,0.9878564430246937
1,13671,0.9942347380076743
1,13672,0.97087640250955
1,13673,0.9622392997435093
1,13674,0.9833160285231765
1,13675,0.9943840709240839
1,13676,0.9796728362917395
1,13677,0.9889535644176111
1,13678,0.9889049623364597
1,13679,0.9868473621809681
1,13680,0.9848144032918663
1,13681,0.9877057205472789
1,13682,0.9924092571598526
1,13683,0.967485689829494
1,13684,0.9847979874493519
1,13685,0.9865527256970736
1,13686,0.9929578680585988
1,13687,0.9862944030744919
1,13688,0.9920415074046708
1,13689,0.9611820869242973
1,13690,0.9921922654323992
1,13691,0.9840774831154663
1,13692,0.9896982909054602
1,13693,0.956692599660039
1,13694,0.9508744225775122
1,13695,0.9872630403716665
1,13696,0.9818072646906616
1,13697,0.978234029531893
1,13698,0.9902101524520971
1,13699,0.9779721527448955
1,13700,0.984875980469082
1,13701,0.9874085407421598
1,13702,0.989259171754856
1,13703,0.9992810347137446
1,13704,0.9653214056718357
1,13705,0.9709561604775375
1,13706,0.9844295201879327
1,13707,0.9659118868527585
1,13708,0.9669320812002367
1,13709,0.9742749280313222
1,13710,0.9880270222408544
1,13711,0.9899490938474349
1,13712,0.9894587978683687
1,13713,0.9835553458544624
1,13714,0.9929778143315662
1,13715,0.9826696843080487
1,13716,0.9744914727944547
1,13717,0.9566797038525997
1,13718,0.9725401190654289
1,13719,0.9939731321161158
1,13720,0.9942981329477784
1,13721,0.9934127921488511
1,13722,0.9958088101364446
1,13723,0.9759051481374081
1,13724,0.9937894575462245
1,13725,0.9874235511232087
1,13726,0.9773435060653362
1,13727,0.9951460602965727
1,13728,0.9371544119616588
1,13729,0.9964516995310234
1,13730,0.985438597613147
1,13731,0.968363304962353
1,13732,0.9897027181029951
1,13733,0.9661343428417879
1,13734,0.9955260135714136
1,13735,0.979601283758274
1,13736,0.9808381022831663
1,13737,0.9747353803466107
1,13738,0.9876593468735136
1,13739,0.9904738660425395
1,13740,0.9842990095437518
1,13741,0.9923078424465058
1,13742,0.9891044249189719
1,13743,0.9614224390736419
1,13744,0.9804940837561125
1,13745,0.9836975357366927
1,13746,0.982771908201222
1,13747,0.9823332904044657
1,13748,0.9742039245813582
1,13749,0.974682286638183
1,13750,0.9863117943020506
1,13751,0.9878690234319685
1,13752,0.9788241189848725
1,13753,0.9949135954243786
1,13754,0.9696031762304118
1,13755,0.9964909179403579
1,13756,0.8603774494085791
1,13757,0.9836018931790922
1,13758,0.9842675916317389
1,13759,0.9948219617089652
1,13760,0.9911375913870814
1,13761,0.973255868569227
1,13762,0.9706872349308713
1,13763,0.9880585018056478
1,13764,0.9855625233755176
1,13765,0.9790980286101664
1,13766,0.9797258426203016
1,13767,0.9880593443651517
1,13768,0.9862454738310275
1,13769,0.9573141581786465
1,13770,0.9973709682707051
1,13771,0.9815083429455197
1,13772,0.9963089465262547
1,13773,0.9917641378167507
1,13774,0.9822790004263466
1,13775,0.9952222446320708
1,13776,0.9623772087712862
1,13777,0.9788066466755461
1,13778,0.9862131676471284
1,13779,0.9915982841848794
1,13780,0.9861885496996657
1,13781,0.9830462008583427
1,13782,0.983452025236613
1,13783,0.9687759857808703
1,13784,0.9870668416402967
1,13785,0.988927187800745
1,13786,0.9802516196207003
1,13787,0.9935438954732534
1,13788,0.9822746744027272
1,13789,0.9938886406480059
1,13790,0.942350462987945
1,13791,0.9727967675828171
1,13792,0.9843194534601306
1,13793,0.9827920702221462
1,13794,0.9806253016724104
1,13795,0.9911073419395352
1,13796,0.9833508037145315
1,13797,0.9771253067119902
1,13798,0.9939117098407585
1,13799,0.9961556406265833
1,13800,0.9925804002152333
1,13801,0.9802129639575929
1,13802,0.9906999997598348
1,13803,0.9914333931736916
1,13804,0.9587997832430696
1,13805,0.9816366154577431
1,13806,0.9635056134596716
1,13807,0.9863264020220026
1,13808,0.9915198955796654
1,13809,0.9761137173333314
1,13810,0.9942567868980953
1,13811,0.9946339775616757
1,13812,0.9770750351911375
1,13813,0.9693548573150179
1,13814,0.985541667377783
1,13815,0.9872494223559737
1,13816,0.9892431049769168
1,13817,0.993407042312899
1,13818,0.9726996360013207
1,13819,0.9776989755003377
1,13820,0.966782504012298
1,13821,0.9911801355032022
1,13822,0.968445636053591
1,13823,0.9859229884410443
1,13824,0.8636414758673391
1,13825,0.9815483505015528
1,13826,0.9713931323980294
1,13827,0.9702983061131484
1,13828,0.9767796750369421
1,13829,0.9316997750827652
1,13830,0.915882879261786
1,13831,0.9912728564061929
1,13832,0.9818663959631739
1,13833,0.9731398215032454
1,13834,0.9906849562417391
1,13835,0.9481022843987176
1,13836,0.968023078577514
1,13837,0.9632109719893245
1,13838,0.9664527567057858
1,13839,0.9826655770826961
1,13840,0.9850356230849153
1,13841,0.9916027463457812
1,13842,0.975201589021878
1,13843,0.9870362906399072
1,13844,0.9760823905259977
1,13845,0.9943364127971078
1,13846,0.9904271285813818
1,13847,0.9833440556490056
1,13848,0.9883244866550864
1,13849,0.9936852672921929
1,13850,0.9693717703354283
1,13851,0.9862001160995048
1,13852,0.9924592037200514
1,13853,0.9923450237427086
1,13854,0.9786718901557786
1,13855,0.9907767293944088
1,13856,0.989891594920639
1,13857,0.9872113810313937
1,13858,0.9786366328238965
1,13859,0.9769194687895462
1,13860,0.9957906295627037
1,13861,0.9831743243282605
1,13862,0.9847405999354821
1,13863,0.9791418077920233
1,13864,0.9813594134717596
1,13865,0.9905635800002485
1,13866,0.9843066904360773
1,13867,0.9671119915419413
1,13868,0.9657370525473123
1,13869,0.9982581576638586
1,13870,0.9925451423051259
1,13871,0.9855622276502305
1,13872,0.9819705512649288
1,13873,0.9706678002259495
1,13874,0.993108843739444
1,13875,0.9931511881719095
1,13876,0.9962614713047727
1,13877,0.9889104638028874
1,13878,0.9857295666133806
1,13879,0.9951053047651561
1,13880,0.9921881735842777
1,13881,0.9929163759646294
1,13882,0.9952645500518388
1,13883,0.9651636242635319
1,13884,0.9889587153732964
1,13885,0.988756433164536
1,13886,0.9772953782298326
1,13887,0.9843657911933198
1,13888,0.9679417523075088
1,13889,0.9683481100287945
1,13890,0.9911636456747882
1,13891,0.9679119091079817
1,13892,0.9920081922665359
1,13893,0.9925598998992858
1,13894,0.9952981379795883
1,13895,0.9753680561102692
1,13896,0.9822020535805939
1,13897,0.9965325499570639
1,13898,0.9915082333256825
1,13899,0.9937445472436823
1,13900,0.9924934730597159
1,13901,0.993774062779596
1,13902,0.9902645999311522
1,13903,0.9790394988374805
1,13904,0.9888270210672707
1,13905,0.9844500577893018
1,13906,0.9862564582694188
1,13907,0.9820187513140262
1,13908,0.9893843124825198
1,13909,0.9974019359162558
1,13910,0.9939875286512831
1,13911,0.9908946494482641
1,13912,0.9947482209540586
1,13913,0.9881941061894968
1,13914,0.9781544940997284
1,13915,0.9849652038437378
1,13916,0.9850922952975146
1,13917,0.9692158057954402
1,13918,0.9946165708379371
1,13919,0.9924256032809899
1,13920,0.9801114980081272
1,13921,0.9791918717958242
1,13922,0.9754691838140375
1,13923,0.9896122155190596
1,13924,0.9796876791179606
1,13925,0.9866205030079132
1,13926,0.9867791925728412
1,13927,0.9907497978386799
1,13928,0.9267953460867344
1,13929,0.9928267830558666
1,13930,0.9894285348907997
1,13931,0.994195974090578
1,13932,0.9974291149242323
1,13933,0.9945941733624526
1,13934,0.9389511194604475
1,13935,0.9863716867635848
1,13936,0.9876494281695612
1,13937,0.9680310010598441
1,13938,0.9720332798634345
1,13939,0.9751089060391008
1,13940,0.9820967225992389
1,13941,0.9897902100266445
1,13942,0.9613176681624621
1,13943,0.985082034077936
1,13944,0.9635337158054057
1,13945,0.9616823190747108
1,13946,0.9889267604511929
1,13947,0.9838680013683448
1,13948,0.9754790794314065
1,13949,0.9810458112638222
1,13950,0.9569795542073789
1,13951,0.9913303219526597
1,13952,0.9769354559079831
1,13953,0.9835722384263487
1,13954,0.9716788233825301
1,13955,0.9349293436355515
1,13956,0.9493359500215287
1,13957,0.9782314542630963
1,13958,0.9811002442809253
1,13959,0.9800693040196033
1,13960,0.9858785266264009
1,13961,0.9852858765118384
1,13962,0.985299114022648
1,13963,0.9875155167165777
1,13964,0.9850427455991989
1,13965,0.9815113667964854
1,13966,0.988076694961264
1,13967,0.9929149820889813
1,13968,0.975999081809616
1,13969,0.9738982546602086
1,13970,0.9904867122889985
1,13971,0.9702820856745757
1,13972,0.9836494937060589
1,13973,0.9920422867718077
1,13974,0.994465656566152
1,13975,0.9860409878935795
1,13976,0.9743601039502835
1,13977,0.9848796228729778
1,13978,0.9516246830924732
1,13979,0.9643961230281068
1,13980,0.9943532590477479
1,13981,0.9339264109527354
1,13982,0.9010432194064838
1,13983,0.9936639830037705
1,13984,0.9374154204434006
1,13985,0.9975664615643229
1,13986,0.9654439947824794
1,13987,0.9925296672700954
1,13988,0.9747953066243199
1,13989,0.9963936498466953
1,13990,0.988781900704105
1,13991,0.9768023485926002
1,13992,0.9843343010088127
1,13993,0.9815357325945685
1,13994,0.9853462696628821
1,13995,0.9857858884211541
1,13996,0.9888865552357035
1,13997,0.930680575705823
1,13998,0.986530023799929
1,13999,0.9799179986010788
1,14000,0.9710151114620357
1,14001,0.9661650267512575
1,14002,0.9678354680235133
1,14003,0.9881997255071262
1,14004,0.9928805107604822
1,14005,0.9939178776388724
1,14006,0.9896001602555271
1,14007,0.9840732473780521
1,14008,0.995966752530481
1,14009,0.9802321448962322
1,14010,0.9911475014577461
1,14011,0.98857316557885
1,14012,0.9895672672374863
1,14013,0.9815750465685373
1,14014,0.9684678075278955
1,14015,0.9827441261312614
1,14016,0.9835121951468033
1,14017,0.9907366880649883
1,14018,0.972257798612276
1,14019,0.9873851969007895
1,14020,0.9837862075990349
1,14021,0.9933555284941972
1,14022,0.9933318200634461
1,14023,0.9897195649877726
1,14024,0.9734768369992342
1,14025,0.9808325014729814
1,14026,0.9867758212214074
1,14027,0.9855720080805354
1,14028,0.9779446527991044
1,14029,0.9797168060326551
1,14030,0.9924474082720026
1,14031,0.9841997766169104
1,14032,0.9821240134983101
1,14033,0.9767775787904034
1,14034,0.9811650522482079
1,14035,0.9894332545915822
1,14036,0.9764290689193934
1,14037,0.9820903446892099
1,14038,0.984034240393509
1,14039,0.9932619230518189
1,14040,0.9881707845156542
1,14041,0.9436509171490142
1,14042,0.9871927711697677
1,14043,0.9855327712650755
1,14044,0.9866752561793227
1,14045,0.9811516035619198
1,14046,0.9856471524048914
1,14047,0.9855682053466046
1,14048,0.9717078807209926
1,14049,0.9784820858055763
1,14050,0.9714683411314164
1,14051,0.9843226231519194
1,14052,0.9976555154342146
1,14053,0.9685801176692372
1,14054,0.9975294822767292
1,14055,0.9771359852823018
1,14056,0.9694791766782432
1,14057,0.9814590443057196
1,14058,0.9779486049736119
1,14059,0.9876306067736416
1,14060,0.987638297984521
1,14061,0.984759695462064
1,14062,0.9778460870143375
1,14063,0.9741128544503702
1,14064,0.9886428041738509
1,14065,0.9684328825411259
1,14066,0.9846492779795298
1,14067,0.9825583222147798
1,14068,0.9827837034193686
1,14069,0.9838519619167528
1,14070,0.9916083649083278
1,14071,0.9616290585274548
1,14072,0.9755410124388753
1,14073,0.9638129510370442
1,14074,0.9710801705824832
1,14075,0.9947362895709612
1,14076,0.9811052683369509
1,14077,0.9726842971002344
1,14078,0.9793419638782186
1,14079,0.9856206878488587
1,14080,0.9855689943806922
1,14081,0.9899907902679196
1,14082,0.9907229124656548
1,14083,0.9652706583735179
1,14084,0.9884026333077763
1,14085,0.9482375223024085
1,14086,0.9873805257547668
1,14087,0.9656949335170378
1,14088,0.9940132524929943
1,14089,0.9716623797543171
1,14090,0.9862236583463234
1,14091,0.9878484601550794
1,14092,0.9634559948356909
1,14093,0.995730206905925
1,14094,0.9905549836006746
1,14095,0.9800123605455019
1,14096,0.9778605598022825
1,14097,0.9758836433060044
1,14098,0.9904761724500187
1,14099,0.9612775681503051
1,14100,0.9872987838552308
1,14101,0.97329678702463
1,14102,0.9865041548400438
1,14103,0.9920644704745133
1,14104,0.9594655765850623
1,14105,0.9867948540770383
1,14106,0.9838988783817262
1,14107,0.981226580824315
1,14108,0.9437652526145768
1,14109,0.9890411071250239
1,14110,0.9638507732409589
1,14111,0.9918371478088132
1,14112,0.9895144211473048
1,14113,0.9775994383227231
1,14114,0.9738757719920703
1,14115,0.9823533750933464
1,14116,0.9875781392047575
1,14117,0.9560230058485324
1,14118,0.9903723924635133
1,14119,0.9253971721613475
1,14120,0.9771476892225495
1,14121,0.9843267825448674
1,14122,0.9522352313245067
1,14123,0.9883534576625008
1,14124,0.9909528883734959
1,14125,0.9939450718899897
1,14126,0.9934827894452333
1,14127,0.9863843993791332
1,14128,0.9776688741561532
1,14129,0.9865701539992843
1,14130,0.9837258945461649
1,14131,0.9748370865756749
1,14132,0.93546523827327
1,14133,0.9610998112458304
1,14134,0.9865184621352648
1,14135,0.9682320186494205
1,14136,0.9966842819219579
1,14137,0.940760960806514
1,14138,0.9949683249056711
1,14139,0.9748740453411298
1,14140,0.9716971441507988
1,14141,0.9948988313912444
1,14142,0.9923696761597351
1,14143,0.9864945158941151
1,14144,0.9912834563293791
1,14145,0.9940422271512905
1,14146,0.98865664357255
1,14147,0.9861309080757518
1,14148,0.9748984023438382
1,14149,0.9828748329275451
1,14150,0.984965825405494
1,14151,0.9947915538126845
1,14152,0.9808585150516476
1,14153,0.9811934641701711
1,14154,0.9765927623172294
1,14155,0.9880575904044325
1,14156,0.9817248939225626
1,14157,0.9814543515360306
1,14158,0.9913664188559375
1,14159,0.9878301956186393
1,14160,0.9863662280994419
1,14161,0.9743454235604122
1,14162,0.9806582695340094
1,14163,0.9833016895752678
1,14164,0.9844843426844994
1,14165,0.9673180183978844
1,14166,0.9911862160274433
1,14167,0.9815648820592021
1,14168,0.9416384012481899
1,14169,0.9177674519259557
1,14170,0.9868246157391242
1,14171,0.9860820962634033
1,14172,0.9856604788925203
1,14173,0.9801000118229141
1,14174,0.979939378833847
1,14175,0.9852449444005725
1,14176,0.9772964020747008
1,14177,0.9925396518656001
1,14178,0.9738346738024487
1,14179,0.9792436005652088
1,14180,0.9832080517676194
1,14181,0.9685492468071464
1,14182,0.9432740981445203
1,14183,0.9832805958918317
1,14184,0.9910429951725271
1,14185,0.9597216842681072
1,14186,0.9840643144336424
1,14187,0.9798943185008129
1,14188,0.9870361838475248
1,14189,0.9969752218624044
1,14190,0.95592698199420445
1,14191,0.9947850995366055
1,14192,0.9754748052061224
1,14193,0.9877614477089067
1,14194,0.9864246611329477
1,14195,0.994430678509698
1,14196,0.9781586719543472
1,14197,0.9736526767085225
1,14198,0.9789959543201676
1,14199,0.9889672487713133
1,14200,0.9893939593208283
1,14201,0.9750650588720193
1,14202,0.9923252305532135
1,14203,0.929947425408211
1,14204,0.9512223527206165
1,14205,0.9745698896292112
1,14206,0.9696690663837196
1,14207,0.9902284982857446
1,14208,0.9805245939923308
1,14209,0.9956766511511319
1,14210,0.9886393318015275
1,14211,0.9772452526698463
1,14212,0.9672026574121234
1,14213,0.9786967871214328
1,14214,0.9700090865217391
1,14215,0.9899464513754338
1,14216,0.9893320022569569
1,14217,0.9726979714662002
1,14218,0.9869794407424627
1,14219,0.9911376393499188
1,14220,0.9904291788070952
1,14221,0.9900633355040507
1,14222,0.9909526334314736
1,14223,0.9733600907087235
1,14224,0.9862200697700386
1,14225,0.968259234193886
1,14226,0.9970075504058165
1,14227,0.9836948885201374
1,14228,0.9881186257243644
1,14229,0.9888783210813555
1,14230,0.9958770615035629
1,14231,0.9923243743335775
1,14232,0.991688108158658
1,14233,0.9856059903659925
1,14234,0.9860038855328679
1,14235,0.9888251435721995
1,14236,0.9927123750778484
1,14237,0.9947161847973881
1,14238,0.929055588155584
1,14239,0.9789910674811411
1,14240,0.9921049880455993
1,14241,0.9903037417038881
1,14242,0.9974153383341207
1,14243,0.9644285407324343
1,14244,0.9673287920933265
1,14245,0.9923815243672139
1,14246,0.9938992204673153
1,14247,0.9846087354607082
1,14248,0.9899532331835561
1,14249,0.9846243063846214
1,14250,0.9889091029840016
1,14251,0.971164951469435
1,14252,0.9904087655419929
1,14253,0.9627257950770476
1,14254,0.971903958873898
1,14255,0.9500419074080004
1,14256,0.9817599135953633
1,14257,0.9766707667714845
1,14258,0.9950363023195804
1,14259,0.9784994446233702
1,14260,0.9903528061788316
1,14261,0.9928558772149858
1,14262,0.9821684136229482
1,14263,0.9872980790191799
1,14264,0.9847272687089372
1,14265,0.9875914101925284
1,14266,0.9779953498475661
1,14267,0.9868508487123068
1,14268,0.9661200037391771
1,14269,0.9808060606419464
1,14270,0.9920102236314128
1,14271,0.9550732422453685
1,14272,0.9866627852324358
1,14273,0.9659040400894546
1,14274,0.996171575431161
1,14275,0.8492971193731649
1,14276,0.9903008987898266
1,14277,0.9968643031028529
1,14278,0.9985477323679336
1,14279,0.9734494605471332
1,14280,0.9966904560755504
1,14281,0.9977799355596054
1,14282,0.9963248957549837
1,14283,0.9924353816353438
1,14284,0.9920791344542227
1,14285,0.9986750198226412
1,14286,0.9791667624086245
1,14287,0.9769335975082062
1,14288,0.9918003895325517
1,14289,0.971104360900937
1,14290,0.8704981670349111
1,14291,0.9891436292180504
1,14292,0.9757421367305811
1,14293,0.9823800912432906
1,14294,0.9909840864715067
1,14295,0.9400372683180798
1,14296,0.9945449778663059
1,14297,0.9595205922581843
1,14298,0.9929351143522902
1,14299,0.9844659887063246
1,14300,0.9852881963557714
1,14301,0.9822896932195748
1,14302,0.9841879198084242
1,14303,0.9835176450066321
1,14304,0.9661661029872679
1,14305,0.973686395924509
1,14306,0.9889940638399839
1,14307,0.9805987214382996
1,14308,0.9170387836386388
1,14309,0.9843802100278907
1,14310,0.971389635415084
1,14311,0.9935581950937517
1,14312,0.9934976750389514
1,14313,0.9726196716764707
1,14314,0.991981095050865
1,14315,0.9692398454101377
1,14316,0.9825699831075648
1,14317,0.9939119804379178
1,14318,0.9844648654004882
1,14319,0.9881015183221893
1,14320,0.9814304096716333
1,14321,0.9829943173942675
1,14322,0.9743427788104204
1,14323,0.979965427088975
1,14324,0.9924908067174767
1,14325,0.9523012227056421
1,14326,0.9807896573414314
1,14327,0.9783579999809408
1,14328,0.9815631739112067
1,14329,0.9926810244488186
1,14330,0.9842092414132314
1,14331,0.9980512569088108
1,14332,0.9578022375589292
1,14333,0.9892603428454557
1,14334,0.9842321004532133
1,14335,0.984176385541647
1,14336,0.9586130847914438
1,14337,0.9940516111491368
1,14338,0.9811700122567069
1,14339,0.9872921349215393
1,14340,0.9965771966201367
1,14341,0.9923020731705762
1,14342,0.9821683480938161
1,14343,0.9759040264479438
1,14344,0.9832056885421986
1,14345,0.9961038795465081
1,14346,0.9854937613385236
1,14347,0.9576737811600717
1,14348,0.9928687706104711
1,14349,0.9200463845560258
1,14350,0.9887509408674717
1,14351,0.9786432208879801
1,14352,0.964427748816283
1,14353,0.9811386536989981
1,14354,0.9721598679953167
1,14355,0.9927918422243607
1,14356,0.9490955301259199
1,14357,0.9886102302581061
1,14358,0.9795719564947971
1,14359,0.9761521551889765
1,14360,0.9913399379989973
1,14361,0.9817019754220554
1,14362,0.9877060996272747
1,14363,0.9944374697452313
1,14364,0.9857659960760066
1,14365,0.9959144121881067
1,14366,0.9921175506669058
1,14367,0.9856482088048752
1,14368,0.9933487164433152
1,14369,0.9915233143070976
1,14370,0.9839412418554179
1,14371,0.9959983601215903
1,14372,0.9884844987299296
1,14373,0.9822583459520842
1,14374,0.9836621216228608
1,14375,0.9856110913845599
1,14376,0.9707459231750196
1,14377,0.9902622677678209
1,14378,0.9174627566505652
1,14379,0.99285223063799
1,14380,0.9713548155040238
1,14381,0.983061756570524
1,14382,0.9818468617069874
1,14383,0.9919312010739308
1,14384,0.9645063253627093
1,14385,0.9678587896669063
1,14386,0.99419289892168
1,14387,0.9681814709943084
1,14388,0.9805747363808932
1,14389,0.9971406559518989
1,14390,0.986238510335275
1,14391,0.9917868857830343
1,14392,0.9956140064012258
1,14393,0.9941695274645622
1,14394,0.9871092854984699
1,14395,0.9974213658795743
1,14396,0.9574199094543338
1,14397,0.9964134251526494
1,14398,0.9406368914404581
1,14399,0.9954522652875125
1,14400,0.9933974542247478
1,14401,0.9940856063131965
1,14402,0.996784841658133
1,14403,0.9702570598197331
1,14404,0.9801929289116189
1,14405,0.9843915542409032
1,14406,0.9921327890570985
1,14407,0.9899069437055847
1,14408,0.9906448200331264
1,14409,0.9737595335222913
1,14410,0.9849128104107403
1,14411,0.9891226200544146
1,14412,0.9657169954187207
1,14413,0.9806098109145931
1,14414,0.9706959385400562
1,14415,0.9625229118580181
1,14416,0.9884397100510217
1,14417,0.9543613795012088
1,14418,0.9872468907156811
1,14419,0.9878022188859912
1,14420,0.9901862845036962
1,14421,0.987822092349213
1,14422,0.9778114676869005
1,14423,0.9723750071381367
1,14424,0.9894152556340414
1,14425,0.9935620045173129
1,14426,0.9834675958408862
1,14427,0.9895381862159213
1,14428,0.9689928921413787
1,14429,0.9675129647881825
1,14430,0.9945922850137644
1,14431,0.9820478162569883
1,14432,0.9881917879904185
1,14433,0.9895063753433729
1,14434,0.9759131823400922
1,14435,0.9784085256698463
1,14436,0.9907687927856972
1,14437,0.9906733075847751
1,14438,0.9878150345077437
1,14439,0.974565681133085
1,14440,0.97978921398439
1,14441,0.983932758216196
1,14442,0.9904600733992796
1,14443,0.9784128719672888
1,14444,0.9937232059651396
1,14445,0.9798829449639733
1,14446,0.9809022362419362
1,14447,0.9418664205485467
1,14448,0.9837685641589834
1,14449,0.9773253368396917
1,14450,0.9754715026660806
1,14451,0.9846508796673257
1,14452,0.986743012755388
1,14453,0.98178227820494135
1,14454,0.9701014877384189
1,14455,0.9872414291117114
1,14456,0.9771212209848483
1,14457,0.9885193967020368
1,14458,0.9955573099861673
1,14459,0.9701055867642465
1,14460,0.9964191326001992
1,14461,0.9887882545126405
1,14462,0.9875364559859506
1,14463,0.9798409183883557
1,14464,0.9872110153013852
1,14465,0.9770385038951708
1,14466,0.9806552994059323
1,14467,0.9930240095582329
1,14468,0.9903098257551983
1,14469,0.9824861564829565
1,14470,0.9926325246270552
1,14471,0.9908320402464098
1,14472,0.9859534159094571
1,14473,0.9805488276122424
1,14474,0.9960729701057948
1,14475,0.9685974314838172
1,14476,0.9937136371292792
1,14477,0.9845365642390291
1,14478,0.9954706734850077
1,14479,0.9951150660078861
1,14480,0.9391093518410613
1,14481,0.9484894494015048
1,14482,0.9282708304623799
1,14483,0.9942708023463622
1,14484,0.9965593265515147
1,14485,0.9941671470036408
1,14486,0.961060845398024
1,14487,0.9744016802198646
1,14488,0.9749694234148191
1,14489,0.9867732029760866
1,14490,0.9778767727318841
1,14491,0.9731994175815035
1,14492,0.993413955520578
1,14493,0.9466206374317698
1,14494,0.943541846571845
1,14495,0.954396893560727
1,14496,0.9423253863286769
1,14497,0.9789099470203022
1,14498,0.973707284950603
1,14499,0.9858375514888459
1,14500,0.9565121630240597
1,14501,0.9856666934119129
1,14502,0.9737786124855973
1,14503,0.9923692470365744
1,14504,0.9942793495513829
1,14505,0.9912532741770484
1,14506,0.996293426098172
1,14507,0.9786119471501942
1,14508,0.9741616388029352
1,14509,0.9909345238563951
1,14510,0.9925356073009141
1,14511,0.9909891695258888
1,14512,0.9914085798133563
1,14513,0.9914965760773109
1,14514,0.9794069295764306
1,14515,0.9852424297126221
1,14516,0.9741632743297334
1,14517,0.987586075251745
1,14518,0.9847107725210503
1,14519,0.9874305367058863
1,14520,0.9837392813336633
1,14521,0.9838761218799799
1,14522,0.9911021727741629
1,14523,0.9914112745725603
1,14524,0.994915581003746
1,14525,0.9831857968446631
1,14526,0.9853415276618205
1,14527,0.9898811247364109
1,14528,0.9350578855356501
1,14529,0.9807230472166557
1,14530,0.9875596667815566
1,14531,0.9857642451912888
1,14532,0.9807450958847863
1,14533,0.987605809395256
1,14534,0.9913229823669618
1,14535,0.9965410652553683
1,14536,0.96534028154467455
1,14537,0.995315141557735
1,14538,0.952772060254785
1,14539,0.9471613891016161
1,14540,0.979249036375147
1,14541,0.9958227335377238
1,14542,0.9749355451271206
1,14543,0.9958835940782887
1,14544,0.9864118684948727
1,14545,0.9744861481874747
1,14546,0.96653203249309
1,14547,0.9885259517929295
1,14548,0.9321639474264467
1,14549,0.9912002470029746
1,14550,0.986416102424777
1,14551,0.9751035998479592
1,14552,0.9898605462957211
1,14553,0.9957260493227462
1,14554,0.9660986557893725
1,14555,0.989033986742097
1,14556,0.9901798303573988
1,14557,0.9812372895624859
1,14558,0.9814676702232501
1,14559,0.991337997866233
1,14560,0.9937586281764739
1,14561,0.9546643267259967
1,14562,0.9891393532492981
1,14563,0.9605399398691089
1,14564,0.9913534178985682
1,14565,0.9618559745150937
1,14566,0.9970013982348997
1,14567,0.9909080982962368
1,14568,0.9924265501010096
1,14569,0.9887728023718143
1,14570,0.9678654550557624
1,14571,0.9746328571719406
1,14572,0.9976052900850655
1,14573,0.995813584463408
1,14574,0.9829502047901231
1,14575,0.9914785406728451
1,14576,0.9809762160607036
1,14577,0.9902360917960478
1,14578,0.9877472615372351
1,14579,0.9932822981626399
1,14580,0.9932222602133822
1,14581,0.9949926111565115
1,14582,0.9920335827466898
1,14583,0.9970556386435979
1,14584,0.9656886189780265
1,14585,0.9954581031006572
1,14586,0.9922190548467436
1,14587,0.9738292405392446
1,14588,0.9748974451318947
1,14589,0.9589241210038995
1,14590,0.9721899357214673
1,14591,0.9384341003232443
1,14592,0.9860779606476757
1,14593,0.9714520640044004
1,14594,0.9761600969444065
1,14595,0.9799499970161857
1,14596,0.991557462221742
1,14597,0.9850081663168799
1,14598,0.9877511130805109
1,14599,0.9930292268709057
1,14600,0.9537622673933425
1,14601,0.9862153291848242
1,14602,0.973341862992342
1,14603,0.9886506350325356
1,14604,0.9875678757637356
1,14605,0.9966701981451555
1,14606,0.9891939514347906
1,14607,0.982040613134478
1,14608,0.9911072474106639
1,14609,0.9844596943688966
1,14610,0.9939713260974129
1,14611,0.9892229421236591
1,14612,0.9886971295929058
1,14613,0.9757231568763949
1,14614,0.9799005221239626
1,14615,0.9835440541298364
1,14616,0.9789348243669035
1,14617,0.9774981537094604
1,14618,0.9914981396229755
1,14619,0.9903104988666432
1,14620,0.9917122783040658
1,14621,0.9784647466383296
1,14622,0.9889893299985903
1,14623,0.9480950039470977
1,14624,0.9958169061015008
1,14625,0.9460711098495632
1,14626,0.9811733539671943
1,14627,0.9893711281577798
1,14628,0.9825142648644809
1,14629,0.9787486935141418
1,14630,0.9929355678404621
1,14631,0.9768580880568205
1,14632,0.9545248789450995
1,14633,0.9709653243419265
1,14634,0.9754519533182843
1,14635,0.9880419506510598
1,14636,0.9712471883841028
1,14637,0.947940567093414
1,14638,0.9954611331875746
1,14639,0.9042174938784368
1,14640,0.9881822923285504
1,14641,0.9868326997570388
1,14642,0.9834459962561166
1,14643,0.9924453195035735
1,14644,0.9947197370741299
1,14645,0.9942100381129212
1,14646,0.9722735361154566
1,14647,0.9854754870559952
1,14648,0.9946190145309682
1,14649,0.9854781773340199
1,14650,0.9863376044087228
1,14651,0.9929274464944454
1,14652,0.9925396588106327
1,14653,0.9577318012362375
1,14654,0.9835937175771763
1,14655,0.9918399182345905
1,14656,0.9969676587493748
1,14657,0.9803960613144884
1,14658,0.9842008493211035
1,14659,0.9765375181031278
1,14660,0.9920307931274037
1,14661,0.9912495671982586
1,14662,0.9940276376668244
1,14663,0.9948771606106578
1,14664,0.9700434087037354
1,14665,0.9835844623801534
1,14666,0.975887563503453
1,14667,0.9948900008207607
1,14668,0.9942817230335482
1,14669,0.973921493565382
1,14670,0.9956068720649347
1,14671,0.9931309846915394
1,14672,0.9979041380822351
1,14673,0.9721129125223886
1,14674,0.9783993876873498
1,14675,0.9869307964367368
1,14676,0.9940493808091965
1,14677,0.9765068220789588
1,14678,0.97405111826338
1,14679,0.9670438175741045
1,14680,0.9944901578975316
1,14681,0.9732678603809073
1,14682,0.9941179184097364
1,14683,0.9834744825798418
1,14684,0.9895283379706283
1,14685,0.9860044290305802
1,14686,0.9839170296269009
1,14687,0.9847442981030444
1,14688,0.9668107310973197
1,14689,0.9878197062921458
1,14690,0.9683221959927456
1,14691,0.9904139614374925
1,14692,0.9953677361057325
1,14693,0.9911758856515366
1,14694,0.9863762551609132
1,14695,0.996858126195193
1,14696,0.9553540869402782
1,14697,0.9849991319248953
1,14698,0.9647618796887344
1,14699,0.977100372528471
1,14700,0.9967165810772557
1,14701,0.9925185658264979
1,14702,0.9642004532092632
1,14703,0.9854396606709475
1,14704,0.9956540637463398
1,14705,0.9453507686605237
1,14706,0.9944880633390557
1,14707,0.942518779975955
1,14708,0.9950447633766681
1,14709,0.9885678724114918
1,14710,0.9823238946386011
1,14711,0.990923324253116
1,14712,0.9604614308276531
1,14713,0.9809827279758578
1,14714,0.9810298948530906
1,14715,0.9861274557084674
1,14716,0.9783856817579216
1,14717,0.9783745171609116
1,14718,0.992476904064553
1,14719,0.9802240285240112
1,14720,0.9809036864242274
1,14721,0.9947446392928783
1,14722,0.9358777946390219
1,14723,0.9769027180281648
1,14724,0.9856290769045234
1,14725,0.9892530306379819
1,14726,0.994635793113431
1,14727,0.9900098781378998
1,14728,0.992423199894125
1,14729,0.9862128294811556
1,14730,0.9645603750694552
1,14731,0.9757315268718263
1,14732,0.9790717797958084
1,14733,0.9947053852158183
1,14734,0.9636617701317854
1,14735,0.990707561121541
1,14736,0.9917784923794705
1,14737,0.9968888844602063
1,14738,0.9867987996413359
1,14739,0.9912085460388727
1,14740,0.9908978412012114
1,14741,0.9915441799930659
1,14742,0.9812006394565879
1,14743,0.9940485392421333
1,14744,0.9924510224478202
1,14745,0.9758573029414673
1,14746,0.9985903687492621
1,14747,0.9914811868250416
1,14748,0.9909529573718466
1,14749,0.9880580264497427
1,14750,0.983909645374831
1,14751,0.9803747988806939
1,14752,0.9847331536411362
1,14753,0.990439096831905
1,14754,0.9922880119957613
1,14755,0.989100051789536
1,14756,0.9934205339156923
1,14757,0.9818026305324757
1,14758,0.9676204290616933
1,14759,0.9944711647541568
1,14760,0.9862855359159629
1,14761,0.9864840242817008
1,14762,0.9568392929063986
1,14763,0.9895346792123291
1,14764,0.9898998291911831
1,14765,0.9865214904534754
1,14766,0.9931004063773745
1,14767,0.9849256051583403
1,14768,0.9854459810400517
1,14769,0.9916111648667263
1,14770,0.9833105544410501
1,14771,0.9782747548808048
1,14772,0.9810385515683024
1,14773,0.9850352617750022
1,14774,0.9859487940579107
1,14775,0.990355722260861
1,14776,0.9929497126150428
1,14777,0.9921426069040599
1,14778,0.9796940342006653
1,14779,0.9929171083482382
1,14780,0.9746819847368481
1,14781,0.9846240971679946
1,14782,0.9910020599168112
1,14783,0.9946240886537052
1,14784,0.9823503239562152
1,14785,0.9967076616951418
1,14786,0.9755328014850582
1,14787,0.9620948294436236
1,14788,0.9937385965797766
1,14789,0.9862355069794371
1,14790,0.9916788275853791
1,14791,0.9748399205700786
1,14792,0.9974799638300071
1,14793,0.9735118402871031
1,14794,0.9959613557706358
1,14795,0.9452065663371356
1,14796,0.9964895309452506
1,14797,0.9963338278723369
1,14798,0.9887925854492011
1,14799,0.9799334509799539
1,14800,0.99053515182344265
1,14801,0.993713317423655
1,14802,0.9967259943480484
1,14803,0.9724426539876485
1,14804,0.9881519427779475
1,14805,0.9556735455678804
1,14806,0.9921139078800953
1,14807,0.9817964087471441
1,14808,0.9940328121970844
1,14809,0.9968162747828966
1,14810,0.9883433523504592
1,14811,0.9913732679255682
1,14812,0.9601264555095159
1,14813,0.9895308562017604
1,14814,0.9625328601062014
1,14815,0.9785638900085267
1,14816,0.9752948666602644
1,14817,0.9883615073334971
1,14818,0.9870561338328132
1,14819,0.9598540933794586
1,14820,0.9977631553325446
1,14821,0.9802998795378992
1,14822,0.9836199335283251
1,14823,0.9922753334972163
1,14824,0.989825933385714
1,14825,0.982217387525566
1,14826,0.9931631691505737
1,14827,0.9838443768451968
1,14828,0.9840033853151519
1,14829,0.9747642662572384
1,14830,0.9899971998669401
1,14831,0.9952425032305877
1,14832,0.9942705904175503
1,14833,0.9964773903397827
1,14834,0.9905120368539697
1,14835,0.9759588066830588
1,14836,0.9878114306313321
1,14837,0.9863488009813703
1,14838,0.9939013829509875
1,14839,0.9967460439940036
1,14840,0.9965588177104376
1,14841,0.9914756489391392
1,14842,0.9928567309618231
1,14843,0.9794571244023791
1,14844,0.962270544238599
1,14845,0.9981050337880008
1,14846,0.9612116669333474
1,14847,0.9868171141533723
1,14848,0.9923266515412769
1,14849,0.9895339718056769
1,14850,0.9516489108102371
1,14851,0.936100455339658
1,14852,0.952591882780145
1,14853,0.989761896709248
1,14854,0.9848037521413106
1,14855,0.9824942999770162
1,14856,0.9868753943099424
1,14857,0.9890672348558874
1,14858,0.9809335849901081
1,14859,0.9795345963136475
1,14860,0.9799011983407578
1,14861,0.9664759142629797
1,14862,0.9767591714161203
1,14863,0.9638048527222323
1,14864,0.9870241624255229
1,14865,0.9667200251849063
1,14866,0.9952343953598537
1,14867,0.9894189895056827
1,14868,0.9970459890817072
1,14869,0.9946574611926887
1,14870,0.9589348841653378
1,14871,0.9855311097215285
1,14872,0.9592678358908975
1,14873,0.9730350443988038
1,14874,0.9865262467225822
1,14875,0.9966763034148332
1,14876,0.9961005460341816
1,14877,0.9733890400972289
1,14878,0.9681869247508342
1,14879,0.9712973045529685
1,14880,0.9500806112601667
1,14881,0.9692353752441637
1,14882,0.9675369151700407
1,14883,0.9722989997061127
1,14884,0.9915741842818863
1,14885,0.930800033331363
1,14886,0.9904629875476171
1,14887,0.9911641492019309
1,14888,0.9806801175442068
1,14889,0.987218930190254
1,14890,0.9820121921982659
1,14891,0.9892918796400767
1,14892,0.9908756007296308
1,14893,0.9910178376029158
1,14894,0.9685340747815085
1,14895,0.9944280116429343
1,14896,0.9550967337210211
1,14897,0.9963781187710282
1,14898,0.9703848275637659
1,14899,0.9839475830400607
1,14900,0.9753278066006615
1,14901,0.8774417428270894
1,14902,0.9952412893641078
1,14903,0.9972937103058043
1,14904,0.9782544781412291
1,14905,0.9823082777839007
1,14906,0.992359841746058
1,14907,0.9845258886347805
1,14908,0.9875292598335041
1,14909,0.9953561775631151
1,14910,0.9905027465688435
1,14911,0.977790185050546
1,14912,0.9796686689107644
1,14913,0.9945598041044094
1,14914,0.9632465723973432
1,14915,0.9876722744422564
1,14916,0.9881098205976371
1,14917,0.9631325473576001
1,14918,0.9910697572089777
1,14919,0.9864923892639685
1,14920,0.9859476816652858
1,14921,0.9807322119975578
1,14922,0.9818517342105616
1,14923,0.986655766456985
1,14924,0.9929443961531564
1,14925,0.9755421438078375
1,14926,0.9771144074695146
1,14927,0.9902047264427797
1,14928,0.9357299218748412
1,14929,0.9912267884064442
1,14930,0.9865307953099344
1,14931,0.9943077007221194
1,14932,0.9815710191840566
1,14933,0.9951285755116258
1,14934,0.9942475265681251
1,14935,0.9958961434432034
1,14936,0.9930384763303199
1,14937,0.9958328292446776
1,14938,0.9809526113336141
1,14939,0.9931587584859358
1,14940,0.9337770014955394
1,14941,0.9481491032420238
1,14942,0.9417850767017042
1,14943,0.9870540066255058
1,14944,0.9870244580811782
1,14945,0.9884323188478052
1,14946,0.998327597597781
1,14947,0.9177658832527933
1,14948,0.9901931204826117
1,14949,0.9941523777409811
1,14950,0.9738217605823095
1,14951,0.9868745304380432
1,14952,0.9930639522243528
1,14953,0.9902948416880292
1,14954,0.9813677706197486
1,14955,0.9737298543931914
1,14956,0.9942770329090926
1,14957,0.9491637041305527
1,14958,0.9954201154283898
1,14959,0.9747488599911274
1,14960,0.9883546201809538
1,14961,0.9908854320854534
1,14962,0.9841047434880612
1,14963,0.9943839475140283
1,14964,0.9836511122126241
1,14965,0.9939181212969037
1,14966,0.9744199111208304
1,14967,0.9657189217999195
1,14968,0.974442457171237
1,14969,0.9748582360847498
1,14970,0.9885447702583384
1,14971,0.9865460858998506
1,14972,0.9950412383055961
1,14973,0.9830162141327629
1,14974,0.9952407680278158
1,14975,0.9912265148373731
1,14976,0.9826970301863325
1,14977,0.9842377535748204
1,14978,0.9877307711690856
1,14979,0.9630081214125598
1,14980,0.9975060763394235
1,14981,0.9712336626838627
1,14982,0.9901430678566683
1,14983,0.9874808731517447
1,14984,0.9915104411258852
1,14985,0.9894518059331866
1,14986,0.9926616471538598
1,14987,0.9839758880321057
1,14988,0.993280967547604
1,14989,0.9832801305592002
1,14990,0.9866638385418126
1,14991,0.979390332410073
1,14992,0.9931713961350785
1,14993,0.9936215025493944
1,14994,0.9923310982928168
1,14995,0.9855069152510094
1,14996,0.9852624451625684
1,14997,0.9854591617714105
1,14998,0.9809107591451812
1,14999,0.9890678147630265
1,15000,0.9912429813356566
0,1,0.9901652394067767
0,2,0.9461721111471536
0,3,0.9928835506507755
0,4,0.993534705324265
0,5,0.9964905519850266
0,6,0.9873726448596437
0,7,0.9506473571542433
0,8,0.9870392185103769
0,9,0.9856180507027098
0,10,0.9922538888217498
0,11,0.9870162623334863
0,12,0.9847431269188835
0,13,0.9769259496466604
0,14,0.9782206327529802
0,15,0.9888851428079798
0,16,0.9884502791150298
0,17,0.9960997168306173
0,18,0.9359571780051804
0,19,0.9958776668409921
0,20,0.9795859711437314
0,21,0.980575504447538
0,22,0.9913469592514972
0,23,0.9910066248756126
0,24,0.9827926177473857
0,25,0.990063812300381
0,26,0.9894280796723349
0,27,0.9699064716835307
0,28,0.977940479051212
0,29,0.9957576170037228
0,30,0.9941408782801027
0,31,0.9987976142304604
0,32,0.9958039975796669
0,33,0.9739503805208333
0,34,0.9932460859755157
0,35,0.9919823126829853
0,36,0.9772208669257028
0,37,0.9880662291142174
0,38,0.9849608373989537
0,39,0.9734228910243744
0,40,0.9914418400489169
0,41,0.9793617777840905
0,42,0.9833352379555848
0,43,0.984331864666348
0,44,0.9826516115473771
0,45,0.9892995194922267
0,46,0.9888987552269596
0,47,0.9756856102436665
0,48,0.9850839666049169
0,49,0.9923218259677966
0,50,0.9794661937922547
0,51,0.9747058638177203
0,52,0.9963641284152609
0,53,0.9724020898953608
0,54,0.9776016666865563
0,55,0.9745534735456941
0,56,0.9904549743134128
0,57,0.979751582266145
0,58,0.9898661994399816
0,59,0.9911269495083347
0,60,0.9949809994328782
0,61,0.9752779262009573
0,62,0.9897769093485799
0,63,0.9870111187049437
0,64,0.9725442418002006
0,65,0.981355339173507
0,66,0.9926155626386486
0,67,0.9962023299336402
0,68,0.9635165297828332
0,69,0.9922756967908914
0,70,0.9963572690166487
0,71,0.9730369118373462
0,72,0.9932716252695346
0,73,0.9952701185451258
0,74,0.968528771752857
0,75,0.9837487305449448
0,76,0.9786060294091776
0,77,0.9814076718197766
0,78,0.9868361925446966
0,79,0.9905993567395843
0,80,0.99488877817962
0,81,0.9818931515348508
0,82,0.9813023738973751
0,83,0.9938263893485408
0,84,0.9933191645285387
0,85,0.9926457554500955
0,86,0.9961220204054727
0,87,0.9155498881964762
0,88,0.9957560781584444
0,89,0.9902371167595043
0,90,0.9889154619681372
0,91,0.9902815459913183
0,92,0.9897639673213524
0,93,0.9846661529795321
0,94,0.9834969031628489
0,95,0.9931322206639064
0,96,0.9522000251520268
0,97,0.9959257549000167
0,98,0.9801973003381689
0,99,0.9854525395024154
0,100,0.989945779001264
0,101,0.986954400703483
0,102,0.9821453861938563
0,103,0.9927748789416797
0,104,0.9874886557207547
0,105,0.9817135004944111
0,106,0.981672764410396
0,107,0.9567968476042737
0,108,0.9935674366260748
0,109,0.9869154225451093
0,110,0.9953983054505086
0,111,0.9836939134266645
0,112,0.9882447633060885
0,113,0.9764991564220211
0,114,0.9947991009256217
0,115,0.9769096220071849
0,116,0.9848015014211933
0,117,0.9835058851854078
0,118,0.9922196304416943
0,119,0.988841319095888
0,120,0.9919714274002136
0,121,0.9838032737565836
0,122,0.97517964229792
0,123,0.9876665776320005
0,124,0.9801033153925891
0,125,0.9938680283059961
0,126,0.9803822408398267
0,127,0.9751406188127072
0,128,0.9694167810492241
0,129,0.9705295812209184
0,130,0.9585708258956286
0,131,0.9846138835163416
0,132,0.9945530036626408
0,133,0.9965385511068714
0,134,0.963170160195401
0,135,0.988019458267728
0,136,0.9805287779003776
0,137,0.9844036304974857
0,138,0.9886849055688993
0,139,0.956227266908896
0,140,0.9942495354223082
0,141,0.9948434153175596
0,142,0.9928170475066633
0,143,0.9759993635475869
0,144,0.993540153046716
0,145,0.9826670332496716
0,146,0.9869064808728684
0,147,0.9985064800567255
0,148,0.9714189955877112
0,149,0.9953481994602023
0,150,0.9933811353848614
0,151,0.971688201953557
0,152,0.9930789594409788
0,153,0.959250376981931
0,154,0.9951619530655711
0,155,0.9946805958777465
0,156,0.9884438972374886
0,157,0.9503854155767032
0,158,0.9778261814103603
0,159,0.9919743540226256
0,160,0.9918107370729121
0,161,0.9854642977618713
0,162,0.9910026836250234
0,163,0.9872192649773303
0,164,0.9768273290814453
0,165,0.9938148520362915
0,166,0.9613547295911093
0,167,0.9778918664912339
0,168,0.9948803697803527
0,169,0.9877195833410549
0,170,0.992047018158399
0,171,0.9735750938148895
0,172,0.9350974184667169
0,173,0.9967892687670874
0,174,0.9956128799506909
0,175,0.9742555761771556
0,176,0.9520147984744052
0,177,0.9956328477576272
0,178,0.9884098238648386
0,179,0.961255272642749
0,180,0.989729117773614
0,181,0.9581874201145224
0,182,0.9960739483128749
0,183,0.9932290286281945
0,184,0.9803532468603232
0,185,0.9891034730928497
0,186,0.988441811371863
0,187,0.9938390876690326
0,188,0.9725967302207033
0,189,0.9972228484540406
0,190,0.9878515411556323
0,191,0.9949693661146473
0,192,0.9425990449989342
0,193,0.987194919688132
0,194,0.9920561920109008
0,195,0.9888773257786164
0,196,0.9823042920307293
0,197,0.9720252262237821
0,198,0.9853386955496827
0,199,0.9955039882379102
0,200,0.9941814837589491
0,201,0.9950407654091145
0,202,0.9836846833316859
0,203,0.9795601291611747
0,204,0.9969378249161748
0,205,0.9676128499522018
0,206,0.9911416735559077
0,207,0.9759232987491351
0,208,0.9922170110519313
0,209,0.9968323755100024
0,210,0.9745205098923515
0,211,0.9824642407426818
0,212,0.9718329881808699
0,213,0.993999806436964
0,214,0.9651049005739709
0,215,0.9888237791363779
0,216,0.9850360733121125
0,217,0.9690327182184516
0,218,0.9947575185512186
0,219,0.9662107083027716
0,220,0.9955793586658213
0,221,0.9644088859056709
0,222,0.9684980819465822
0,223,0.9855058523164093
0,224,0.9928443516262406
0,225,0.9845829991909777
0,226,0.986969381403218
0,227,0.9897319807639141
0,228,0.9824292112190599
0,229,0.9771136837123134
0,230,0.9287609076277346
0,231,0.9970040640397996
0,232,0.9840071604227979
0,233,0.976292272131673
0,234,0.9973804409196719
0,235,0.991752549826794
0,236,0.985731830637045
0,237,0.9919928610766052
0,238,0.9939179109582911
0,239,0.9650480727063081
0,240,0.990899947641165
0,241,0.9755431733155848
0,242,0.9866517534994909
0,243,0.98858537619515
0,244,0.9755376454707759
0,245,0.9825574646964473
0,246,0.9955437734120753
0,247,0.9598876380741327
0,248,0.9528599898350262
0,249,0.9280150299391721
0,250,0.9768520803010039
0,251,0.9631931319926598
0,252,0.9939074882447066
0,253,0.99079364192192
0,254,0.9906338878121494
0,255,0.9861210454321057
0,256,0.9797556894401772
0,257,0.9915921739041107
0,258,0.9803861255662473
0,259,0.9872027316453287
0,260,0.9909658488079646
0,261,0.9906674781177264
0,262,0.9837708338559696
0,263,0.9727006251011513
0,264,0.9945754495912137
0,265,0.9953911166553272
0,266,0.9919976786644827
0,267,0.9908238402986298
0,268,0.9939755718634313
0,269,0.9950940802989557
0,270,0.9776022920945356
0,271,0.9964613160257212
0,272,0.9842179132698214
0,273,0.978605389056371
0,274,0.987417207928406
0,275,0.9872308501739272
0,276,0.9819202113586432
0,277,0.9823118708568039
0,278,0.9790904656779118
0,279,0.9706628083523736
0,280,0.9848853022933858
0,281,0.9785592084386986
0,282,0.9683672659213575
0,283,0.9694788836703206
0,284,0.9881728814288113
0,285,0.9560565829600614
0,286,0.9916255506478178
0,287,0.9869381703034674
0,288,0.9949959349860245
0,289,0.9846771763509461
0,290,0.9952820572966417
0,291,0.9655734702424894
0,292,0.9959566755355821
0,293,0.9850180321979113
0,294,0.9906095108257063
0,295,0.9948723033981535
0,296,0.9655433580587831
0,297,0.9948850307900119
0,298,0.9826806527430648
0,299,0.9974415879320161
0,300,0.9745544548383923
0,301,0.9756525932653459
0,302,0.9945420001757145
0,303,0.9799370929236779
0,304,0.9962423352794167
0,305,0.9734897096727427
0,306,0.9867703058275598
0,307,0.9764308144263304
0,308,0.9755356513298504
0,309,0.995935067835469
0,310,0.9819014511434979
0,311,0.9913844754386734
0,312,0.9836569637781922
0,313,0.9863437997530202
0,314,0.9913330402235412
0,315,0.9896062345311719
0,316,0.984360596273132
0,317,0.986903805571738
0,318,0.9809043511207998
0,319,0.9693402612906571
0,320,0.9900264581578927
0,321,0.9835740849006902
0,322,0.9507761886860024
0,323,0.9893210532681679
0,324,0.9809709879576128
0,325,0.9636104762430124
0,326,0.9913811598521777
0,327,0.994279484924565
0,328,0.9781530055676285
0,329,0.970083297699561
0,330,0.9864839753617002
0,331,0.9990806725257867
0,332,0.9174650394318531
0,333,0.9968684563647952
0,334,0.995478225437028
0,335,0.9890198858671351
0,336,0.962161059588956
0,337,0.9977675242740143
0,338,0.9970223542143506
0,339,0.9495537671087197
0,340,0.9787927492203723
0,341,0.9831080413507282
0,342,0.977493734891682
0,343,0.9905450323654582
0,344,0.9939435286367935
0,345,0.9630822359151682
0,346,0.9950384995934596
0,347,0.9432039674415023
0,348,0.9909172456674379
0,349,0.9882917318889376
0,350,0.9541075137105206
0,351,0.9235576633513122
0,352,0.9849288065860178
0,353,0.9931258363445157
0,354,0.9962482885928816
0,355,0.9909549436966257
0,356,0.9870719983577101
0,357,0.9880897788441179
0,358,0.9883681106169362
0,359,0.9894013673705792
0,360,0.980617068221463
0,361,0.9852270542526568
0,362,0.9932450191087964
0,363,0.9778451821782602
0,364,0.9677346095182433
0,365,0.9973642259823082
0,366,0.9982040734371274
0,367,0.9306687819291678
0,368,0.9967391615757402
0,369,0.9921419409348282
0,370,0.9774255219482357
0,371,0.9910014876467845
0,372,0.9859798228653535
0,373,0.9697239342751799
0,374,0.9820144742483495
0,375,0.9743287114612265
0,376,0.9878935557210345
0,377,0.9949100956497832
0,378,0.9862640415724248
0,379,0.9767563816201636
0,380,0.9305953805289745
0,381,0.9908892295343927
0,382,0.9831207802475376
0,383,0.9797841438619721
0,384,0.9667056192962852
0,385,0.9773660362092182
0,386,0.9704978024895535
0,387,0.9830865549473368
0,388,0.9792321874758411
0,389,0.9731220760535316
0,390,0.9838694028926047
0,391,0.9890020094001398
0,392,0.986763155420686
0,393,0.9888960023342971
0,394,0.9702050241719712
0,395,0.9878015007611
0,396,0.9703645306687841
0,397,0.9822730183563699
0,398,0.9805819291254829
0,399,0.9954852326222978
0,400,0.9889713713745655
0,401,0.9863828914024108
0,402,0.987791797432077
0,403,0.9525703429976882
0,404,0.9977537423175125
0,405,0.9953646592807198
0,406,0.982687218834792
0,407,0.9814826934488995
0,408,0.9755486969831343
0,409,0.9910842319384381
0,410,0.9827079291808025
0,411,0.9903140541744537
0,412,0.9950691683232717
0,413,0.8770571871029075
0,414,0.9916305747900216
0,415,0.9704665864654037
0,416,0.9963167417697283
0,417,0.9861237452616683
0,418,0.9952032076636019
0,419,0.9871284741483294
0,420,0.9972058428920333
0,421,0.9881282145270015
0,422,0.9828582796143713
0,423,0.971241000815981
0,424,0.9847632252699766
0,425,0.9932169660280289
0,426,0.9658532393657246
0,427,0.9912648663277536
0,428,0.9455962214647774
0,429,0.9421495491283741
0,430,0.9668715151701802
0,431,0.9841526432906227
0,432,0.9610098474472285
0,433,0.9913198204729665
0,434,0.982071373450329
0,435,0.9850449131018576
0,436,0.994772418013944
0,437,0.9850184573350953
0,438,0.9684677893517277
0,439,0.9947579780832898
0,440,0.9947913111389723
0,441,0.9735330241539494
0,442,0.9911024826390201
0,443,0.9931382489616878
0,444,0.9913715580665955
0,445,0.979477216373123
0,446,0.9814452005977237
0,447,0.9908465709655234
0,448,0.9922757997958269
0,449,0.9927109676090362
0,450,0.9891153647546769
0,451,0.9852736586749001
0,452,0.9889858719280479
0,453,0.9832843203137078
0,454,0.9775711830417354
0,455,0.9899720460633089
0,456,0.9917801922841486
0,457,0.9978814216909253
0,458,0.9944502164943176
0,459,0.9825466736692577
0,460,0.978200435515768
0,461,0.9857933898659353
0,462,0.9926149899421186
0,463,0.9680855180226013
0,464,0.9764908769559534
0,465,0.9881911824225428
0,466,0.9811664969081937
0,467,0.9824710340012277
0,468,0.9818618428350431
0,469,0.9848750141313871
0,470,0.9815279476573153
0,471,0.9781154993496273
0,472,0.996086222885806
0,473,0.9959991109996921
0,474,0.9724223414484162
0,475,0.9815641699069926
0,476,0.9878777474033504
0,477,0.9903869875985477
0,478,0.9749595457541116
0,479,0.9840440257604051
0,480,0.9869518263635619
0,481,0.9793994436978771
0,482,0.9647309035543828
0,483,0.9813620247232931
0,484,0.9838266390969269
0,485,0.976701334463722
0,486,0.994364986434528
0,487,0.971721276018128
0,488,0.9966559592074221
0,489,0.9671359049101835
0,490,0.9802640991862854
0,491,0.9916391485682131
0,492,0.9738758535027432
0,493,0.9463036894512582
0,494,0.9935131872248234
0,495,0.980808496306165
0,496,0.9832137542832358
0,497,0.9763209211125449
0,498,0.9841087111558793
0,499,0.9877899386864463
0,500,0.9844090817732999
0,501,0.9814318586648267
0,502,0.9866957390399077
0,503,0.9882099382369866
0,504,0.9822021638187135
0,505,0.9800874587586065
0,506,0.9984264213110775
0,507,0.9794804218102834
0,508,0.9921263533419684
0,509,0.9736632562171059
0,510,0.955787481087811
0,511,0.989213278893223
0,512,0.9846659404923983
0,513,0.9960952624271221
0,514,0.9786214120467611
0,515,0.9871515119271562
0,516,0.9872116489633866
0,517,0.9829598621218397
0,518,0.9710354946408101
0,519,0.9699851746676454
0,520,0.9939120127944417
0,521,0.9837074036406974
0,522,0.9694222713593613
0,523,0.9953829236666771
0,524,0.9937980186781452
0,525,0.9897517505496781
0,526,0.991491842837336
0,527,0.9957247802621189
0,528,0.9804110266622629
0,529,0.9945029038104379
0,530,0.9676093590520651
0,531,0.9930826409106236
0,532,0.9764042564675188
0,533,0.9952768970434528
0,534,0.953004968250879
0,535,0.9967374316099399
0,536,0.9292940738241364
0,537,0.9918817333103653
0,538,0.9807405509475772
0,539,0.9943651252948905
0,540,0.9945658364289174
0,541,0.9629454560818004
0,542,0.9933719519351766
0,543,0.9868632073065196
0,544,0.9849804172276851
0,545,0.9884961222845152
0,546,0.9951442745605162
0,547,0.9801039951357726
0,548,0.990054914170561
0,549,0.9875236150980448
0,550,0.9938373067012466
0,551,0.9837540534808037
0,552,0.9936830202954285
0,553,0.9894098394284415
0,554,0.986718150401594
0,555,0.9936005542183232
0,556,0.9709263636543377
0,557,0.9691635835441881
0,558,0.9921942706221144
0,559,0.9785593392828782
0,560,0.9876612870609296
0,561,0.9898025703053938
0,562,0.9409385569991202
0,563,0.9833368705282759
0,564,0.9842967973555173
0,565,0.9827834596274221
0,566,0.99099798206873
0,567,0.9886539068256952
0,568,0.9132471855735981
0,569,0.9963756099285271
0,570,0.9906153273863496
0,571,0.9942855042872472
0,572,0.9571520100924291
0,573,0.9789498834486489
0,574,0.9876560705099683
0,575,0.9946065312795114
0,576,0.9837729613162911
0,577,0.9916103792000575
0,578,0.9899242603705461
0,579,0.9935855726073038
0,580,0.9985809579217806
0,581,0.9973642133778734
0,582,0.974872190310619
0,583,0.9885417812568376
0,584,0.9819463790638464
0,585,0.9858319476443688
0,586,0.9937628944228565
0,587,0.9954420678220797
0,588,0.9628368882708117
0,589,0.9925394219021485
0,590,0.9708562497527767
0,591,0.9770935844920948
0,592,0.9906206756480059
0,593,0.9792791647124041
0,594,0.988838916723447
0,595,0.9549135173673488
0,596,0.9979928068749057
0,597,0.9501366728008565
0,598,0.9915986338219406
0,599,0.966433533208653
0,600,0.985791954785567
0,601,0.9895815124646626
0,602,0.977477096054942
0,603,0.9858417135372745
0,604,0.982328751437433
0,605,0.9945434373247309
0,606,0.9928007030457165
0,607,0.9862017725118666
0,608,0.9840260381078967
0,609,0.9821113598933788
0,610,0.9866848980992472
0,611,0.9868085048182416
0,612,0.990869986334836
0,613,0.9829300276272126
0,614,0.9887777556261301
0,615,0.9794885102051913
0,616,0.9908184594052288
0,617,0.9931670175097731
0,618,0.983333700237397
0,619,0.9789572697524541
0,620,0.988335056520642
0,621,0.9799383730378072
0,622,0.9857853011599019
0,623,0.9822239573915869
0,624,0.9882111914045064
0,625,0.9927699957234918
0,626,0.9811513133141402
0,627,0.9770093650496485
0,628,0.9836351057833397
0,629,0.9858861735018523
0,630,0.981237286622763
0,631,0.9833493534894111
0,632,0.9964387365415697
0,633,0.990486896150127
0,634,0.9958702008710443
0,635,0.9306036934525518
0,636,0.9970072205254777
0,637,0.9792823041495821
0,638,0.9888827390503542
0,639,0.987883595088353
0,640,0.9762562891257822
0,641,0.9897063962330814
0,642,0.9743524015620886
0,643,0.9787184970151557
0,644,0.9514341951598041
0,645,0.9539293677396166
0,646,0.9938620660595497
0,647,0.993194536346319
0,648,0.9701851087802617
0,649,0.9885847051767428
0,650,0.9801626585916303
0,651,0.9714833252048731
0,652,0.9952005712440581
0,653,0.9918149366982363
0,654,0.9923635189397633
0,655,0.966672420314308
0,656,0.9981099009405227
0,657,0.9864088468139574
0,658,0.9806566910976439
0,659,0.9753780269036323
0,660,0.9841380669636028
0,661,0.9874878450490793
0,662,0.9751433562206476
0,663,0.9907145369730588
0,664,0.984094866515792
0,665,0.961353741906887
0,666,0.977546205915426
0,667,0.9416772191263826
0,668,0.9902962422915113
0,669,0.9530704834161035
0,670,0.9847526887518905
0,671,0.9720994877496413
0,672,0.9712580133945646
0,673,0.9533561305538382
0,674,0.9945343744858797
0,675,0.9832078235815092
0,676,0.968976719278487
0,677,0.9790025385582074
0,678,0.9746143658355141
0,679,0.9767721580556961
0,680,0.9867343778790307
0,681,0.9928789711823333
0,682,0.9807126760835285
0,683,0.9799078042180767
0,684,0.9863148175485552
0,685,0.9799293682197465
0,686,0.9825413927230486
0,687,0.9686297940371239
0,688,0.9862095250319117
0,689,0.9911768463157269
0,690,0.9868105374872143
0,691,0.9860983694234438
0,692,0.9757219402567485
0,693,0.9862981100356658
0,694,0.9889922306749256
0,695,0.9835489350718535
0,696,0.9879336824738303
0,697,0.9856462604590449
0,698,0.988619439967204
0,699,0.9947319214406467
0,700,0.9871498344981039
0,701,0.9919140323606753
0,702,0.9819598803893527
0,703,0.9933911437303162
0,704,0.9638354698325131
0,705,0.9965468389708172
0,706,0.9796381899978804
0,707,0.9842470927290061
0,708,0.9721098927602341
0,709,0.9655152338384475
0,710,0.9679561783906127
0,711,0.992823289324397
0,712,0.9647875407386179
0,713,0.9933470956438434
0,714,0.9944719105915312
0,715,0.982647547403548
0,716,0.9946616577869108
0,717,0.987114552937682
0,718,0.9874063401057218
0,719,0.9607979780451024
0,720,0.9946810906502557
0,721,0.9814029302553826
0,722,0.9827612758115989
0,723,0.9904337480006556
0,724,0.9784221802652175
0,725,0.9875446129148193
0,726,0.9831618891918041
0,727,0.994971175914196
0,728,0.9671217346513976
0,729,0.9910024806744794
0,730,0.9907249673788908
0,731,0.9834090093115504
0,732,0.9883162805446295
0,733,0.9796169142426934
0,734,0.9884830787398696
0,735,0.9923221511446162
0,736,0.9789287176330079
0,737,0.9856078291316449
0,738,0.9515521979906876
0,739,0.9894149160904312
0,740,0.9842986334834966
0,741,0.9804952507141226
0,742,0.9891537159385491
0,743,0.9899734363497851
0,744,0.9857276793909899
0,745,0.9516200739327341
0,746,0.9937219588095842
0,747,0.9716294641562263
0,748,0.9722474445878658
0,749,0.9964327619486569
0,750,0.9823313289894073
0,751,0.9448350523382677
0,752,0.9922996054795507
0,753,0.9842741603604989
0,754,0.9482074686237634
0,755,0.9599862863285037
0,756,0.9921333362386808
0,757,0.9796705456536317
0,758,0.9930167511193139
0,759,0.9887196616553829
0,760,0.9891851849156936
0,761,0.9935496430870357
0,762,0.965868807151595
0,763,0.9948987520567758
0,764,0.9793152237450188
0,765,0.9658975269420806
0,766,0.9786951768171878
0,767,0.9900001900173514
0,768,0.9679751209794983
0,769,0.9907987555963622
0,770,0.9681420213011374
0,771,0.9867108707770563
0,772,0.9932451238480475
0,773,0.971494620785425
0,774,0.99319365871292975
0,775,0.9936332447225547
0,776,0.992537328443358
0,777,0.9796939520483172
0,778,0.9938942910027029
0,779,0.9300998916005502
0,780,0.9934989975447198
0,781,0.9620604234537999
0,782,0.9901048720475676
0,783,0.9895986653874491
0,784,0.991473280401065
0,785,0.9505637009307213
0,786,0.9907961994398465
0,787,0.9817337009245778
0,788,0.9928461736696801
0,789,0.985347146391918
0,790,0.995206326290867
0,791,0.9517938669679847
0,792,0.9948856706851501
0,793,0.9397022850094413
0,794,0.9953736137636299
0,795,0.9968235218570854
0,796,0.9660380347093125
0,797,0.973232697586095
0,798,0.978975978990514
0,799,0.9943075257658455
0,800,0.9876122571107253
0,801,0.9847892051251648
0,802,0.9881309947846869
0,803,0.9508696030147588
0,804,0.9916989046743432
0,805,0.9760466255263682
0,806,0.9978035503618488
0,807,0.9893863109248686
0,808,0.9858754765999826
0,809,0.9821551085764129
0,810,0.9754664091213668
0,811,0.9838850743939522
0,812,0.990257665420451
0,813,0.9842339660538074
0,814,0.992564581419648
0,815,0.9866934609871366
0,816,0.9800239285911048
0,817,0.9896984810205719
0,818,0.966246229727622
0,819,0.9858384283104141
0,820,0.9902953319016111
0,821,0.9815274157041476
0,822,0.9864937281648442
0,823,0.9837311554013489
0,824,0.991165861751093
0,825,0.9840161973929228
0,826,0.985894729576673
0,827,0.9792643948503253
0,828,0.9811704196232651
0,829,0.9901094405558416
0,830,0.9812208744134384
0,831,0.9623852075521204
0,832,0.9933955759295365
0,833,0.9918091935024961
0,834,0.9729388445240241
0,835,0.9846805867615372
0,836,0.9775872272934903
0,837,0.9778296797361596
0,838,0.9895799851822253
0,839,0.9790009396949074
0,840,0.9839861353722883
0,841,0.9693029127020011
0,842,0.9958571060051823
0,843,0.9898279968665064
0,844,0.9715474479622701
0,845,0.9890337888586265
0,846,0.9887252514481678
0,847,0.9873108311160713
0,848,0.9765567317399296
0,849,0.9757208000110407
0,850,0.9625786708725401
0,851,0.9854988168039354
0,852,0.9867574920838663
0,853,0.991517239672692
0,854,0.9970959768023927
0,855,0.960247499004662
0,856,0.9912209189721609
0,857,0.9900956248628277
0,858,0.9860700951480251
0,859,0.9670953067872771
0,860,0.9797262908798087
0,861,0.9570789165090415
0,862,0.9827335658877303
0,863,0.9895306489673726
0,864,0.985629034654928
0,865,0.9795969866802976
0,866,0.9775663132380503
0,867,0.9874656240097398
0,868,0.9768273611502617
0,869,0.9798359282373381
0,870,0.9878699196585857
0,871,0.9862106835582396
0,872,0.9968078993454338
0,873,0.9822165902155149
0,874,0.9910419163756808
0,875,0.9830212981666948
0,876,0.9459856730624524
0,877,0.9952107346531264
0,878,0.9773601832506275
0,879,0.986706379562338
0,880,0.982086728914929
0,881,0.9858069745476041
0,882,0.9879165278730602
0,883,0.9943788529786971
0,884,0.9912377667237184
0,885,0.9926095281663726
0,886,0.9729767977206326
0,887,0.9937136221650708
0,888,0.9670169196355253
0,889,0.9642254567729084
0,890,0.9947220380106535
0,891,0.9739313374352033
0,892,0.9932414269752057
0,893,0.9837717667155916
0,894,0.996469628728998
0,895,0.9799901935057956
0,896,0.9796957270966966
0,897,0.9876837507515274
0,898,0.9936123815142149
0,899,0.960073441971783
0,900,0.9928144002001381
0,901,0.9745512905105017
0,902,0.9858651586235284
0,903,0.9851700298089865
0,904,0.9877248366223343
0,905,0.980276163686048
0,906,0.9921971349796684
0,907,0.9887532878797879
0,908,0.9824403784399851
0,909,0.9782503911082563
0,910,0.9764330738003753
0,911,0.9953702672905109
0,912,0.9673618855662743
0,913,0.9617176911870414
0,914,0.9893841465088168
0,915,0.975161289554714
0,916,0.9773492999463544
0,917,0.9931165790422938
0,918,0.9756691623781614
0,919,0.9812122774243458
0,920,0.9870566149987049
0,921,0.9877965129712957
0,922,0.9887859984541183
0,923,0.9445634811915226
0,924,0.9958412540424942
0,925,0.9967338869266928
0,926,0.9723294666391372
0,927,0.9684863912894583
0,928,0.9851782148089169
0,929,0.9884257730792887
0,930,0.9823309204441912
0,931,0.9892357822791054
0,932,0.996728478160108
0,933,0.9617354919350706
0,934,0.9858644200295653
0,935,0.9841524752154824
0,936,0.9928302028774425
0,937,0.9924326255292399
0,938,0.9815575651084278
0,939,0.9935554648080042
0,940,0.984164776533002
0,941,0.9885382789055752
0,942,0.9839080815819987
0,943,0.988298857462567
0,944,0.9789697611660751
0,945,0.9839062977518301
0,946,0.9880174359242416
0,947,0.9888070380125012
0,948,0.9883660586421006
0,949,0.9806665063205227
0,950,0.9926752352401098
0,951,0.9043393437893603
0,952,0.9915378655360836
0,953,0.9443719352462826
0,954,0.9912485918426889
0,955,0.9796304295005023
0,956,0.9959387849688113
0,957,0.9848217736868611
0,958,0.9835317221336424
0,959,0.9874558469408905
0,960,0.9955182977346461
0,961,0.9764837995273233
0,962,0.995511481739113
0,963,0.9883552148746361
0,964,0.9780766020553541
0,965,0.9690785676377464
0,966,0.990076501345198
0,967,0.983969117687433
0,968,0.9809657207752596
0,969,0.981444855314606
0,970,0.9976828230631997
0,971,0.9948606825110423
0,972,0.9910360271730996
0,973,0.9945244993751474
0,974,0.9888756749858153
0,975,0.9926050759170829
0,976,0.9956703077853303
0,977,0.9930056366249858
0,978,0.9907051048281915
0,979,0.9925158747529391
0,980,0.9854874931160839
0,981,0.9773087468205196
0,982,0.9950794638270023
0,983,0.9816737069558724
0,984,0.9776520396643913
0,985,0.9917659784982962
0,986,0.9903469840185767
0,987,0.9813673737787516
0,988,0.9968567990601911
0,989,0.984146609555543
0,990,0.9390218580432254
0,991,0.9714103987439896
0,992,0.9889037796174408
0,993,0.9905819268712425
0,994,0.990484226509532
0,995,0.9830540564092272
0,996,0.9900775260244645
0,997,0.9916810192369155
0,998,0.9960960820289811
0,999,0.9841969247500741
0,1000,0.9912067052056424
0,1001,0.9763137563966292
0,1002,0.9769499542383668
0,1003,0.9917173538027888
0,1004,0.9526028844510839
0,1005,0.9844327801711653
0,1006,0.9721210864382929
0,1007,0.9707164362879742
0,1008,0.957638343044474
0,1009,0.9940225266971318
0,1010,0.9708494863013176
0,1011,0.9915161061428737
0,1012,0.9884826847358233
0,1013,0.9743762253549233
0,1014,0.9897202523818257
0,1015,0.9831069560862673
0,1016,0.9876044258634709
0,1017,0.969939440056782
0,1018,0.9916510730078838
0,1019,0.9829376916972534
0,1020,0.998049212074663
0,1021,0.9795063079459169
0,1022,0.991309456748236
0,1023,0.9887263587145521
0,1024,0.9620682039913718
0,1025,0.9926137979019447
0,1026,0.9851918072289957
0,1027,0.9754114844801008
0,1028,0.984393612756295
0,1029,0.986259501044922
0,1030,0.9912991115046839
0,1031,0.9925221729819323
0,1032,0.9901112257896407
0,1033,0.9764516837909423
0,1034,0.9883332521138938
0,1035,0.9835264465001033
0,1036,0.9937392856848103
0,1037,0.9879299270636439
0,1038,0.9854961684081399
0,1039,0.9779165220487197
0,1040,0.9964364874671552
0,1041,0.9828176724499834
0,1042,0.9911835801384867
0,1043,0.9891977880575346
0,1044,0.9943290123757322
0,1045,0.9691191918386824
0,1046,0.9895049785039746
0,1047,0.9787879319970191
0,1048,0.990145979317223
0,1049,0.9931000127701908
0,1050,0.987882837471561
0,1051,0.9937263070001199
0,1052,0.9896582217385996
0,1053,0.9796138373990382
0,1054,0.9809465888655933
0,1055,0.987082168911581
0,1056,0.9665683371307302
0,1057,0.9682395419247404
0,1058,0.9790452952878927
0,1059,0.9774279592508707
0,1060,0.96801007961313
0,1061,0.9905663333313933
0,1062,0.9870865060032119
0,1063,0.9696865318473572
0,1064,0.9874918183578675
0,1065,0.9951744615898137
0,1066,0.9485278435496365
0,1067,0.997932446108937
0,1068,0.9303625972074773
0,1069,0.9880803991670951
0,1070,0.9914028726490368
0,1071,0.9944280541246215
0,1072,0.9599354354776505
0,1073,0.9887427508874989
0,1074,0.9755107133861934
0,1075,0.9876073689989873
0,1076,0.9883693636198098
0,1077,0.9710764806893037
0,1078,0.9837647617848335
0,1079,0.9853900097409835
0,1080,0.9724062401580761
0,1081,0.9795714366231482
0,1082,0.9804317774093292
0,1083,0.9903778062914402
0,1084,0.9962855576630869
0,1085,0.960172826636275
0,1086,0.9955583614598911
0,1087,0.996394741433934
0,1088,0.9733491124982973
0,1089,0.9883099383043014
0,1090,0.9956441162534141
0,1091,0.9814929171277147
0,1092,0.9932143604162846
0,1093,0.9734180628065882
0,1094,0.9922952889098039
0,1095,0.9903461782029453
0,1096,0.9912261726447326
0,1097,0.9789513014002276
0,1098,0.9878310552834287
0,1099,0.9839078131280029
0,1100,0.9921178909662501
0,1101,0.98500534349383
0,1102,0.9875703342957147
0,1103,0.9652423766864912
0,1104,0.9912885219399136
0,1105,0.9957372465047487
0,1106,0.9654694044286233
0,1107,0.992310620756712
0,1108,0.9903878438532349
0,1109,0.9839241522788402
0,1110,0.9931979497940165
0,1111,0.9543072894182203
0,1112,0.990500905176379
0,1113,0.9947141417689308
0,1114,0.9945171189961979
0,1115,0.9924127197618202
0,1116,0.9723320666186849
0,1117,0.9961454767258511
0,1118,0.9783712442645196
0,1119,0.9941056781329531
0,1120,0.9825861364139374
0,1121,0.9938942046829526
0,1122,0.9808712298264132
0,1123,0.9919850227023851
0,1124,0.9872113460554716
0,1125,0.9807762590148993
0,1126,0.9835124117401468
0,1127,0.9973018161542125
0,1128,0.9915197564513677
0,1129,0.986324415353593
0,1130,0.9528686925649229
0,1131,0.9902250598268909
0,1132,0.9764068960445914
0,1133,0.9746756275036378
0,1134,0.9936316852374798
0,1135,0.9971041186325271
0,1136,0.9668103355739209
0,1137,0.9876477472840273
0,1138,0.9415873220083776
0,1139,0.9799468717796672
0,1140,0.9879567578139162
0,1141,0.9836783241431777
0,1142,0.9843134534606416
0,1143,0.9918662885431957
0,1144,0.9860548759027218
0,1145,0.9755491667559228
0,1146,0.9633258778026834
0,1147,0.98968503235691
0,1148,0.947301909900537
0,1149,0.9924141173036691
0,1150,0.9917281408374827
0,1151,0.9670854748017652
0,1152,0.9793166377075353
0,1153,0.9928471124376139
0,1154,0.9939665871598079
0,1155,0.9251497707463477
0,1156,0.9543907658766763
0,1157,0.99548312444506
0,1158,0.9940336240542303
0,1159,0.9918201664643422
0,1160,0.9934532867557319
0,1161,0.9888957464764053
0,1162,0.9890494636000904
0,1163,0.9708217460110907
0,1164,0.9940935230944417
0,1165,0.9875953304527078
0,1166,0.9894306816059921
0,1167,0.9879043866578326
0,1168,0.9910499869506575
0,1169,0.9931359830283437
0,1170,0.9800372813917211
0,1171,0.9919091327254698
0,1172,0.9946175946558307
0,1173,0.9688087765838357
0,1174,0.9942939482947398
0,1175,0.990451365775784
0,1176,0.9891752878225356
0,1177,0.9828074696270791
0,1178,0.9786126247601613
0,1179,0.99769245770974
0,1180,0.9900182373456763
0,1181,0.9941153239858305
0,1182,0.9694692053959603
0,1183,0.9956129657751265
0,1184,0.9951497030371931
0,1185,0.9571141237187256
0,1186,0.9859484463991379
0,1187,0.9900915198164105
0,1188,0.989080951953099
0,1189,0.9874921202752462
0,1190,0.9917487593426301
0,1191,0.9914267624434917
0,1192,0.9823992513912689
0,1193,0.9927409592014729
0,1194,0.966615350709472
0,1195,0.995687296317957
0,1196,0.9554383601425104
0,1197,0.9960293683835431
0,1198,0.9466400944330557
0,1199,0.9937551088157341
0,1200,0.9894301953074632
0,1201,0.974423965000517
0,1202,0.9871108688904002
0,1203,0.9837951924929865
0,1204,0.9908521087454469
0,1205,0.9667784644955748
0,1206,0.9888921752512801
0,1207,0.9917359354273192
0,1208,0.9091461658177531
0,1209,0.9975891292517127
0,1210,0.972185783945483
0,1211,0.9940270184766282
0,1212,0.9858655652432232
0,1213,0.989703803964495
0,1214,0.9923144584762195
0,1215,0.9912529819403821
0,1216,0.9852027258003716
0,1217,0.9800709602288199
0,1218,0.9938679026297277
0,1219,0.9900191969802647
0,1220,0.9850725737644667
0,1221,0.9881557366908756
0,1222,0.962510772770675
0,1223,0.9653713868063422
0,1224,0.9388351791798947
0,1225,0.9489954909399977
0,1226,0.9919767025659024
0,1227,0.985466364719721
0,1228,0.9960156121018039
0,1229,0.9754679984062615
0,1230,0.9903471119391303
0,1231,0.9963831613415381
0,1232,0.9874189470898107
0,1233,0.9699477877013265
0,1234,0.9757981056308572
0,1235,0.9947555811470796
0,1236,0.9897156523590315
0,1237,0.9884065423767822
0,1238,0.9718740959298837
0,1239,0.991231758722089
0,1240,0.9456957093849586
0,1241,0.9824744811817779
0,1242,0.9952532192181469
0,1243,0.9651048395651566
0,1244,0.9909938596036615
0,1245,0.9815251277308423
0,1246,0.972456326333984
0,1247,0.9927220116056967
0,1248,0.9928336215463923
0,1249,0.9583897428582877
0,1250,0.9900922937762223
0,1251,0.9829388751006362
0,1252,0.9758523623653247
0,1253,0.9970021901439248
0,1254,0.995940757432636
0,1255,0.9915558338509112
0,1256,0.9919744976600845
0,1257,0.9770395811175018
0,1258,0.9859701049678239
0,1259,0.9822792796381613
0,1260,0.9765678886892267
0,1261,0.989559086904743
0,1262,0.9670823468641437
0,1263,0.9804287943897211
0,1264,0.9884776957621396
0,1265,0.9943022287768369
0,1266,0.9771982884515857
0,1267,0.9968381623194956
0,1268,0.9743895815390033
0,1269,0.9907975348347632
0,1270,0.9947313404150611
0,1271,0.9820251677395294
0,1272,0.9780356935697783
0,1273,0.9941454689685942
0,1274,0.9867079314558197
0,1275,0.9911123954705287
0,1276,0.9865411455252963
0,1277,0.9908977725981947
0,1278,0.9909958266805191
0,1279,0.9841936158837093
0,1280,0.9834718186619145
0,1281,0.9883084315240938
0,1282,0.9735773461731189
0,1283,0.9790347447186871
0,1284,0.9718961211219687
0,1285,0.9796386528778229
0,1286,0.99022119656594
0,1287,0.9542162062462063
0,1288,0.9720698747677624
0,1289,0.9918997130910987
0,1290,0.9901805825157447
0,1291,0.9829139595646096
0,1292,0.9719215561307393
0,1293,0.995135935549727
0,1294,0.9946150233523832
0,1295,0.9797411679291299
0,1296,0.9810733716451697
0,1297,0.9885498867224988
0,1298,0.9904699063798138
0,1299,0.9851342294289787
0,1300,0.9842439838884672
0,1301,0.9761826780337494
0,1302,0.9803390886169908
0,1303,0.987837591062706
0,1304,0.9873925741475954
0,1305,0.9908031407607124
0,1306,0.9907790823964755
0,1307,0.9910997395142124
0,1308,0.9804867562218431
0,1309,0.9805860729000064
0,1310,0.9962735361074646
0,1311,0.9605435456735331
0,1312,0.9607278601245877
0,1313,0.966128145328388
0,1314,0.9604537680149146
0,1315,0.9947453225975204
0,1316,0.9850735170566441
0,1317,0.9799958271806068
0,1318,0.986650137270843
0,1319,0.9765833981018847
0,1320,0.9946514820429984
0,1321,0.9827384769485654
0,1322,0.9818986108389886
0,1323,0.9910288658031087
0,1324,0.9859296723609966
0,1325,0.981496892108975
0,1326,0.9702100048071052
0,1327,0.990321047012544
0,1328,0.9779301622895255
0,1329,0.9876224283390465
0,1330,0.9735038158882722
0,1331,0.9851640675198182
0,1332,0.9548485744318084
0,1333,0.9859833072955467
0,1334,0.9761321979025639
0,1335,0.9881098293448343
0,1336,0.9421741083201244
0,1337,0.9940828520503449
0,1338,0.9666934682333052
0,1339,0.9950903004728036
0,1340,0.9854751354250437
0,1341,0.9902865359706392
0,1342,0.976460061546449
0,1343,0.976273178639296
0,1344,0.9912899322867192
0,1345,0.9484776433794407
0,1346,0.9941165270003953
0,1347,0.9707764157831118
0,1348,0.9922703658056578
0,1349,0.9782982232728044
0,1350,0.9785678468383172
0,1351,0.9792693031835715
0,1352,0.9970022690030322
0,1353,0.9876517957729494
0,1354,0.97257658303515
0,1355,0.9869067684120224
0,1356,0.9853799869310457
0,1357,0.9781503389069722
0,1358,0.975229394300282
0,1359,0.9959570993790952
0,1360,0.9987344246873608
0,1361,0.9871153158333738
0,1362,0.9946902168517024
0,1363,0.9884814264003815
0,1364,0.985755341612339
0,1365,0.982956428814906
0,1366,0.9865079012757332
0,1367,0.986872144738278
0,1368,0.9847793870079904
0,1369,0.9858255067343497
0,1370,0.9683148203557761
0,1371,0.9847412592615788
0,1372,0.9894106803798064
0,1373,0.9882820868392587
0,1374,0.9865121404357678
0,1375,0.9717665763737741
0,1376,0.9691386568212638
0,1377,0.9917555845223732
0,1378,0.9510886811593595
0,1379,0.9985263247259659
0,1380,0.9649217048975028
0,1381,0.9968564069367765
0,1382,0.9952841509919684
0,1383,0.9921471042909091
0,1384,0.9868134604679407
0,1385,0.9865482553534115
0,1386,0.9917121486990031
0,1387,0.9888336714388871
0,1388,0.9913055703073534
0,1389,0.9867519311640459
0,1390,0.9760582777574475
0,1391,0.9897165409836703
0,1392,0.9880226287810162
0,1393,0.9882738268387408
0,1394,0.9627118961212856
0,1395,0.9901538285681535
0,1396,0.9863529345523876
0,1397,0.9827626517059156
0,1398,0.988420985875225
0,1399,0.9789242555571213
0,1400,0.9868789034234283
0,1401,0.9912607181409273
0,1402,0.9806793100886795
0,1403,0.9911328270924301
0,1404,0.9893800597341613
0,1405,0.9827928772233709
0,1406,0.98841830811316
0,1407,0.9955903528457066
0,1408,0.995830502473574
0,1409,0.982745750957372
0,1410,0.9853018634926277
0,1411,0.9763242715513399
0,1412,0.9893896349577098
0,1413,0.9771204219219405
0,1414,0.9941465273312138
0,1415,0.9917544217668851
0,1416,0.9589699306320164
0,1417,0.9929151787157182
0,1418,0.9906513158922378
0,1419,0.9783615284992995
0,1420,0.9700482208642741
0,1421,0.9886694727598029
0,1422,0.9595165381121448
0,1423,0.9835030126234183
0,1424,0.9882686321728469
0,1425,0.992927743312276
0,1426,0.9800144246987261
0,1427,0.9928741220383283
0,1428,0.9637988736421317
0,1429,0.9933714469330274
0,1430,0.9842757722845163
0,1431,0.9583239132890651
0,1432,0.9986722151759345
0,1433,0.9670140906086789
0,1434,0.9969231520316024
0,1435,0.9902034073100299
0,1436,0.9850483751047941
0,1437,0.993480512796967
0,1438,0.9810709731918518
0,1439,0.9653003773074665
0,1440,0.9583439484338834
0,1441,0.9687197409623877
0,1442,0.9850272393526863
0,1443,0.9877668764086879
0,1444,0.9864304284629125
0,1445,0.9864556741587832
0,1446,0.9884376733898972
0,1447,0.973231048197171
0,1448,0.9952365870198469
0,1449,0.9922921850802346
0,1450,0.9938469906257215
0,1451,0.99349882279947
0,1452,0.9890675909184834
0,1453,0.9731945023212392
0,1454,0.9829461685671627
0,1455,0.9912773736575184
0,1456,0.9805853785002658
0,1457,0.9807032761854568
0,1458,0.9810308551611057
0,1459,0.9919285830325578
0,1460,0.980777037273684
0,1461,0.9950310126410702
0,1462,0.9805510997300565
0,1463,0.9798912156293592
0,1464,0.9710887493101924
0,1465,0.9944002456040895
0,1466,0.9706319527721415
0,1467,0.985209826784148
0,1468,0.953685888718406
0,1469,0.996923053934599
0,1470,0.9882814190006538
0,1471,0.98006369161628
0,1472,0.9852684813434401
0,1473,0.9679076315403217
0,1474,0.9874086593209285
0,1475,0.9840705153063242
0,1476,0.9920014734897987
0,1477,0.9783525350161215
0,1478,0.9946088970813756
0,1479,0.9843383060953059
0,1480,0.9928879480016439
0,1481,0.992190493454869
0,1482,0.9750450810169793
0,1483,0.9763479859963783
0,1484,0.9874458261187766
0,1485,0.9822538185383216
0,1486,0.9895858500021641
0,1487,0.9786142419812401
0,1488,0.9645920464803609
0,1489,0.988394244603671
0,1490,0.9826512661027852
0,1491,0.998731324063707
0,1492,0.9776317847320488
0,1493,0.9911228002430359
0,1494,0.9644940966645218
0,1495,0.9446357667172893
0,1496,0.991513809718472
0,1497,0.944945859145072
0,1498,0.9965599526157458
0,1499,0.9708613587808378
0,1500,0.9932771507712133
0,1501,0.980875751004677
0,1502,0.9779267253513682
0,1503,0.9922383001224687
0,1504,0.9794055468153277
0,1505,0.9847109192973587
0,1506,0.994401759517842
0,1507,0.9528194589919454
0,1508,0.990898080264235
0,1509,0.9826932847865396
0,1510,0.9889471194854857
0,1511,0.9734192566592568
0,1512,0.9581604054577206
0,1513,0.9884074431747518
0,1514,0.9825020681774875
0,1515,0.9937062594813598
0,1516,0.9747334229667219
0,1517,0.9918644543545583
0,1518,0.9950953725338656
0,1519,0.9691429665276159
0,1520,0.9908912100126789
0,1521,0.9687047761236081
0,1522,0.9868610660395305
0,1523,0.9743480934510371
0,1524,0.988476769728684
0,1525,0.9787189033789484
0,1526,0.9935210139581278
0,1527,0.9777900087950976
0,1528,0.9938801113304242
0,1529,0.9852034889170714
0,1530,0.9916040472170734
0,1531,0.9737473154687132
0,1532,0.9892659209279513
0,1533,0.9903863969259247
0,1534,0.9859967869348252
0,1535,0.9857748495837857
0,1536,0.9754282168334555
0,1537,0.9947625299292111
0,1538,0.9456189760457556
0,1539,0.9979234228864265
0,1540,0.9587862637020071
0,1541,0.9973366014236796
0,1542,0.973612049978061
0,1543,0.9977050959917902
0,1544,0.955236037129977
0,1545,0.9965991101109344
0,1546,0.9796103329563547
0,1547,0.9934742805002912
0,1548,0.9881815833002833
0,1549,0.9770698469999886
0,1550,0.9865036370641518
0,1551,0.9946539956715472
0,1552,0.9934347392969464
0,1553,0.9884047795379235
0,1554,0.9912903742773624
0,1555,0.9757246856929175
0,1556,0.9840100388724367
0,1557,0.9885242558203202
0,1558,0.9952472110004175
0,1559,0.9735505650646429
0,1560,0.9890927493822723
0,1561,0.9893362593735787
0,1562,0.9871926221230657
0,1563,0.9835291341443078
0,1564,0.9619650404498254
0,1565,0.9933547543165577
0,1566,0.988953692789133
0,1567,0.9940953814303523
0,1568,0.96503240134775925
0,1569,0.9894197762050475
0,1570,0.9760308431384936
0,1571,0.9917797303406326
0,1572,0.9897477926109454
0,1573,0.9901370055230597
0,1574,0.9904730418081611
0,1575,0.9359689953139374
0,1576,0.9075478290480907
0,1577,0.9735998137137222
0,1578,0.9920880290994153
0,1579,0.9888174491532502
0,1580,0.9865422458129958
0,1581,0.9961250653476094
0,1582,0.9443091923131315
0,1583,0.9940326696259829
0,1584,0.9692237457871022
0,1585,0.9770812467470854
0,1586,0.9937645616269356
0,1587,0.9870134809613972
0,1588,0.9941200882400334
0,1589,0.9916851988306675
0,1590,0.9947745795948668
0,1591,0.9656645572098135
0,1592,0.9802025615348862
0,1593,0.9868297138265655
0,1594,0.9793597400083025
0,1595,0.9939644654074454
0,1596,0.978253760363847
0,1597,0.9896061372909083
0,1598,0.9968167470942679
0,1599,0.9712134753779867
0,1600,0.9974165288210052
0,1601,0.9914147733315174
0,1602,0.9816184642306691
0,1603,0.9842814980178904
0,1604,0.9923186272700539
0,1605,0.994843620691919
0,1606,0.9663460741924176
0,1607,0.9951207524287392
0,1608,0.9909856828219706
0,1609,0.9919246322354274
0,1610,0.9793282201871153
0,1611,0.9904208530003955
0,1612,0.9945831192712461
0,1613,0.9326807961437767
0,1614,0.988869560991447
0,1615,0.9630179330793068
0,1616,0.9930463135450969
0,1617,0.9924417778853509
0,1618,0.967698653471996
0,1619,0.9957005118337152
0,1620,0.9686278242409219
0,1621,0.9977796953155884
0,1622,0.9671539100813952
0,1623,0.9956874036260125
0,1624,0.9763145708381391
0,1625,0.9873796065947599
0,1626,0.9825290302426543
0,1627,0.9562283893991511
0,1628,0.9821564775625797
0,1629,0.9836795441118943
0,1630,0.9929591342353349
0,1631,0.9807557358999985
0,1632,0.9972033378347962
0,1633,0.9598910629958092
0,1634,0.9890958455326542
0,1635,0.9806216793474292
0,1636,0.9891167794744378
0,1637,0.9821804614865485
0,1638,0.9925078019365808
0,1639,0.9971891671941915
0,1640,0.9689215620527977
0,1641,0.9849984812532319
0,1642,0.9926197256476389
0,1643,0.9934977558906335
0,1644,0.9747348925660915
0,1645,0.9950533493690114
0,1646,0.9920379627641744
0,1647,0.9886798153167679
0,1648,0.9700301372016669
0,1649,0.9806847337471541
0,1650,0.9683796401200406
0,1651,0.9821064511352763
0,1652,0.9911191021075044
0,1653,0.9914999374832755
0,1654,0.9867131341482985
0,1655,0.993437004767027
0,1656,0.9921777895255908
0,1657,0.9856761877154979
0,1658,0.9885990740270317
0,1659,0.9882204562763013
0,1660,0.993702735969967
0,1661,0.9926933538013325
0,1662,0.9980419431654052
0,1663,0.9982383963822733
0,1664,0.9880097916659567
0,1665,0.9938250404195867
0,1666,0.9884444503682669
0,1667,0.9932733231708245
0,1668,0.9970521998666858
0,1669,0.9820869095561129
0,1670,0.9787421574830985
0,1671,0.9962427069400627
0,1672,0.9668232876498256
0,1673,0.9916710191006478
0,1674,0.9824858158907928
0,1675,0.9878019856846753
0,1676,0.9901425855692961
0,1677,0.9846934977435366
0,1678,0.9784511627805516
0,1679,0.9900331051815897
0,1680,0.970793404811747
0,1681,0.9920237510925175
0,1682,0.9973868496239573
0,1683,0.9951250195929866
0,1684,0.9698433557305186
0,1685,0.9859752272796227
0,1686,0.9660178857922407
0,1687,0.9939531944869231
0,1688,0.984001811238456
0,1689,0.9895566724695175
0,1690,0.9929133603124817
0,1691,0.9776176859993142
0,1692,0.9942503936085046
0,1693,0.9896773454488642
0,1694,0.9943929877754969
0,1695,0.9898849023538456
0,1696,0.9710152377288019
0,1697,0.9942556620559032
0,1698,0.9846365243966977
0,1699,0.9771974568218786
0,1700,0.9596333674174058
0,1701,0.9703946969515556
0,1702,0.9801658851124335
0,1703,0.9816930850117196
0,1704,0.991284278548114
0,1705,0.9743505598846973
0,1706,0.9802654145683244
0,1707,0.9851421796151096
0,1708,0.9897320744493984
0,1709,0.9870081244581236
0,1710,0.9900323580757127
0,1711,0.9797566961548522
0,1712,0.9708609883831041
0,1713,0.9804230742745121
0,1714,0.9883566689944747
0,1715,0.943914622660719
0,1716,0.9615366124031619
0,1717,0.9611343494118487
0,1718,0.9947572130780633
0,1719,0.9539482351369419
0,1720,0.9588930632442216
0,1721,0.9951906589465294
0,1722,0.9661225681462176
0,1723,0.9684448896705805
0,1724,0.9785094402435778
0,1725,0.983176045600887
0,1726,0.9471974501402054
0,1727,0.9974878469726742
0,1728,0.8811217131341577
0,1729,0.9930118087211568
0,1730,0.976652017102659
0,1731,0.9935060684665088
0,1732,0.994458746354621
0,1733,0.976448017591311
0,1734,0.9882918799154865
0,1735,0.9750341242270792
0,1736,0.9741382210999862
0,1737,0.9860747825310355
0,1738,0.9787665981946463
0,1739,0.9876155741283222
0,1740,0.9908558330616672
0,1741,0.9722284531822221
0,1742,0.9624673364939392
0,1743,0.9950722811363079
0,1744,0.971396656730468
0,1745,0.9865209740423243
0,1746,0.9857627671182893
0,1747,0.9837633265707361
0,1748,0.9823321805884699
0,1749,0.993385330561139
0,1750,0.9810939029293029
0,1751,0.9963766708366653
0,1752,0.9552874337964035
0,1753,0.9912790320956069
0,1754,0.9656880724722248
0,1755,0.9369320173204224
0,1756,0.9174944369629783
0,1757,0.9570846400757158
0,1758,0.9938425450293301
0,1759,0.9780292202406946
0,1760,0.981399892175105
0,1761,0.9848149448308013
0,1762,0.9840804656703965
0,1763,0.982529506766574
0,1764,0.9943508950402696
0,1765,0.9774703567125251
0,1766,0.9916383569730128
0,1767,0.9812690235664123
0,1768,0.9764943719340647
0,1769,0.9901166154915074
0,1770,0.9886017954469034
0,1771,0.9693345837768992
0,1772,0.9960702481895771
0,1773,0.9815946513247464
0,1774,0.9814925171929006
0,1775,0.9818136053677324
0,1776,0.9904746284867844
0,1777,0.9896379545264834
0,1778,0.9798542704291294
0,1779,0.9898128791816709
0,1780,0.963749401556241
0,1781,0.9937687647849422
0,1782,0.962124896697777
0,1783,0.9840048160998364
0,1784,0.9838892118844084
0,1785,0.9876412103924161
0,1786,0.978099400507499
0,1787,0.9891718216678511
0,1788,0.9884883658513575
0,1789,0.9904391300703105
0,1790,0.990832566065586
0,1791,0.9888510803918786
0,1792,0.9896189890763895
0,1793,0.9956128607700702
0,1794,0.9961571031934748
0,1795,0.992671148674066
0,1796,0.9991095550069453
0,1797,0.9612700962364884
0,1798,0.9960049521930514
0,1799,0.9944117780001479
0,1800,0.9793824239064394
0,1801,0.9896438682051636
0,1802,0.9942443456223341
0,1803,0.988551590112518
0,1804,0.9895485012665338
0,1805,0.9670098486431328
0,1806,0.9876374635885669
0,1807,0.9760149353999745
0,1808,0.988292975969198
0,1809,0.9956879328077182
0,1810,0.9887389622700768
0,1811,0.984934785259054
0,1812,0.9900867531107824
0,1813,0.987481670995405
0,1814,0.9605573899602378
0,1815,0.991840778438895
0,1816,0.9719473304932217
0,1817,0.9761396200065395
0,1818,0.9946214181447002
0,1819,0.9342173565298603
0,1820,0.9954767730823522
0,1821,0.9905947996806099
0,1822,0.9907697690561617
0,1823,0.9735444041428514
0,1824,0.9711971866141788
0,1825,0.9808528508858086
0,1826,0.9836136139105776
0,1827,0.9425885528128742
0,1828,0.9705861600027756
0,1829,0.9781431239346016
0,1830,0.9947356655661229
0,1831,0.9880631103655412
0,1832,0.995873134170731
0,1833,0.9825046783066341
0,1834,0.9814596584774704
0,1835,0.9913727099235787
0,1836,0.9883954654200218
0,1837,0.9963705921931472
0,1838,0.9817593651694011
0,1839,0.9922184325243256
0,1840,0.9799455874481477
0,1841,0.9817811900913153
0,1842,0.9851683154904245
0,1843,0.995256736491002
0,1844,0.9635199707357438
0,1845,0.9451669338073161
0,1846,0.9971737311019462
0,1847,0.9926627834341217
0,1848,0.9765277226200224
0,1849,0.9816482492627047
0,1850,0.9741404103770948
0,1851,0.9873493349655801
0,1852,0.9839218871621388
0,1853,0.9867786659023995
0,1854,0.978915516728446
0,1855,0.9860365809278732
0,1856,0.9881576213672654
0,1857,0.9979865372559281
0,1858,0.9895078378413188
0,1859,0.9884464282961749
0,1860,0.9755760164074371
0,1861,0.9843058649611433
0,1862,0.9818426689771808
0,1863,0.9908914153037043
0,1864,0.9774758104712712
0,1865,0.9815703034398785
0,1866,0.98167755874577
0,1867,0.9961157864445952
0,1868,0.9494125935321466
0,1869,0.9948953757380458
0,1870,0.9860399824885134
0,1871,0.9919454691189195
0,1872,0.9930884553157189
0,1873,0.991197389087788
0,1874,0.9845526960221833
0,1875,0.9873416550835015
0,1876,0.9727951692743058
0,1877,0.9745024120373298
0,1878,0.9879648221688722
0,1879,0.989734942398845
0,1880,0.9978849175257576
0,1881,0.9704207329778082
0,1882,0.9610325435157596
0,1883,0.9838685279994469
0,1884,0.9438831148300952
0,1885,0.9409041984358145
0,1886,0.9073242751505866
0,1887,0.9970243674465801
0,1888,0.9931706222443902
0,1889,0.9887196570320174
0,1890,0.99658073955245
0,1891,0.9685460017994223
0,1892,0.9800914679126718
0,1893,0.9943576269924304
0,1894,0.9782245725493874
0,1895,0.995041433514125
0,1896,0.990915159624755
0,1897,0.9909264940697852
0,1898,0.9786081874367186
0,1899,0.9849135616985247
0,1900,0.9881433411551698
0,1901,0.9912621392242681
0,1902,0.9875775772323508
0,1903,0.989473401381969
0,1904,0.9846472216508932
0,1905,0.9910818294236107
0,1906,0.9922891989506325
0,1907,0.9691711611596862
0,1908,0.9928931878999538
0,1909,0.9835614108314623
0,1910,0.9761753775569344
0,1911,0.9923833816791069
0,1912,0.98567501485435
0,1913,0.9881417119792119
0,1914,0.9895074322242388
0,1915,0.9586546769331951
0,1916,0.9968163959215833
0,1917,0.9921595689194875
0,1918,0.993125283853697
0,1919,0.9892542228647017
0,1920,0.9911752957665981
0,1921,0.955833283674056
0,1922,0.9901247051854963
0,1923,0.9970436798718133
0,1924,0.9801164366032907
0,1925,0.9416004186301904
0,1926,0.9968148283053795
0,1927,0.9811827674543071
0,1928,0.9936720709240144
0,1929,0.9834427585004109
0,1930,0.9612139664330022
0,1931,0.9853902687701683
0,1932,0.9780305272343344
0,1933,0.9751380686872496
0,1934,0.9922479503200772
0,1935,0.9947979938829781
0,1936,0.9895743584839911
0,1937,0.978950529403
0,1938,0.9797613607373384
0,1939,0.9937762380638642
0,1940,0.9861054718141443
0,1941,0.9969629737055196
0,1942,0.9860591551246359
0,1943,0.9333051005461448
0,1944,0.9853186277604046
0,1945,0.9786633745161077
0,1946,0.9912800783617433
0,1947,0.9704086025987418
0,1948,0.9844862118617712
0,1949,0.9909964258908536
0,1950,0.9844183625242034
0,1951,0.9818657651870545
0,1952,0.9771238143905455
0,1953,0.9610661073158866
0,1954,0.9973067759351422
0,1955,0.8996088610231696
0,1956,0.9851402494017142
0,1957,0.9747845281636183
0,1958,0.9966677679883924
0,1959,0.9927477829732894
0,1960,0.9743882336475255
0,1961,0.9907629783683812
0,1962,0.9906667267156182
0,1963,0.9863551711273763
0,1964,0.9851281019370005
0,1965,0.9923743070867258
0,1966,0.9692169258086614
0,1967,0.9919833308023261
0,1968,0.995415645997114
0,1969,0.9907905108562162
0,1970,0.9776675019099291
0,1971,0.9886210377990141
0,1972,0.9783361831257291
0,1973,0.9711834284986887
0,1974,0.9961192933536969
0,1975,0.9820240806106024
0,1976,0.9705447666715729
0,1977,0.9961607736345782
0,1978,0.9777046461687863
0,1979,0.9880000803266498
0,1980,0.963642828612345
0,1981,0.9972348959590647
0,1982,0.9886509379660868
0,1983,0.9770792176252595
0,1984,0.9919417066781226
0,1985,0.9987036052175942
0,1986,0.9630969124287622
0,1987,0.9689953517483526
0,1988,0.9945861557529077
0,1989,0.9719835335355088
0,1990,0.9942621285678156
0,1991,0.9833928261584253
0,1992,0.9734811049105854
0,1993,0.994555768256859
0,1994,0.9829687163301873
0,1995,0.9852465552784933
0,1996,0.9848852188849311
0,1997,0.9954778430658923
0,1998,0.9953254897562445
0,1999,0.9751712326026581
0,2000,0.9963382792520962
0,2001,0.9905596399321065
0,2002,0.947964567595394
0,2003,0.9887488395491154
0,2004,0.9925026072513086
0,2005,0.9650799535215284
0,2006,0.9903346766839529
0,2007,0.9822097535158706
0,2008,0.9911997206781283
0,2009,0.9879048089951162
0,2010,0.9793370114904646
0,2011,0.988014801140807
0,2012,0.9782032336963304
0,2013,0.9689581920677875
0,2014,0.9976388343061953
0,2015,0.9839791126533557
0,2016,0.9944709351770225
0,2017,0.9802156533790585
0,2018,0.9734894653725019
0,2019,0.9956933720897706
0,2020,0.9944200179309677
0,2021,0.9624550558092736
0,2022,0.9965373026298797
0,2023,0.961592581469792
0,2024,0.9750004456941016
0,2025,0.9898898840570228
0,2026,0.9891972730739199
0,2027,0.9884725029362044
0,2028,0.9937763155040742
0,2029,0.9856239942668725
0,2030,0.9805635598100577
0,2031,0.9829246436160719
0,2032,0.9920950380522796
0,2033,0.9495828520776007
0,2034,0.9978408436631956
0,2035,0.9323660193464234
0,2036,0.9962263548177608
0,2037,0.9802047669445185
0,2038,0.9823198695478935
0,2039,0.9799029441406295
0,2040,0.9877990666762402
0,2041,0.9812248640357693
0,2042,0.9872313675042456
0,2043,0.9899758425985288
0,2044,0.9826995092634854
0,2045,0.978063229018569
0,2046,0.9741047150209264
0,2047,0.9773463857186158
0,2048,0.9593703345090563
0,2049,0.9581064359182941
0,2050,0.9722289787596723
0,2051,0.9892851091821158
0,2052,0.9833502434158577
0,2053,0.9824163208623298
0,2054,0.9892883979356988
0,2055,0.9935427235024269
0,2056,0.9843137211211616
0,2057,0.9880425126359947
0,2058,0.9944413657331183
0,2059,0.9779573440979249
0,2060,0.9912969375108377
0,2061,0.9716334392891484
0,2062,0.9697611747612057
0,2063,0.9285962521851797
0,2064,0.9961036545793688
0,2065,0.9954170409154631
0,2066,0.9593323656123632
0,2067,0.9968512167241437
0,2068,0.9839064730753807
0,2069,0.9891595750930833
0,2070,0.9918118286526411
0,2071,0.9786067105776518
0,2072,0.9800270928964151
0,2073,0.9945033619387085
0,2074,0.9896611356487709
0,2075,0.9968044596624465
0,2076,0.9830462301014347
0,2077,0.9984678649927642
0,2078,0.9831551613811538
0,2079,0.9777842214586766
0,2080,0.9902088383196661
0,2081,0.968550790025822
0,2082,0.9925147245646077
0,2083,0.9876318065311848
0,2084,0.991744977243184
0,2085,0.9902418274004767
0,2086,0.9776174565645229
0,2087,0.9883348380927838
0,2088,0.9786409746060917
0,2089,0.9925322137216316
0,2090,0.9859376538494994
0,2091,0.9914548994638146
0,2092,0.9757669935994953
0,2093,0.9909970393209909
0,2094,0.9864964328345668
0,2095,0.9876089376548841
0,2096,0.953260580380224
0,2097,0.99642912501475
0,2098,0.9867199621509628
0,2099,0.9743185861330039
0,2100,0.970631644064821
0,2101,0.9914523454942383
0,2102,0.959412467011147
0,2103,0.98696067924299
0,2104,0.9719768991128893
0,2105,0.9953990541656891
0,2106,0.9756655156309657
0,2107,0.9862939195601387
0,2108,0.970436836062634
0,2109,0.9965653084234422
0,2110,0.9665528864173033
0,2111,0.9882596397920025
0,2112,0.9762136624715129
0,2113,0.9822795912144032
0,2114,0.988346355871035
0,2115,0.9828752320594931
0,2116,0.9925910567417316
0,2117,0.9646326223188697
0,2118,0.9702739444868194
0,2119,0.9886016884942427
0,2120,0.9913494336079873
0,2121,0.995169961295276
0,2122,0.9892057672513096
0,2123,0.9863033750205342
0,2124,0.9827855936854253
0,2125,0.9895587518911806
0,2126,0.9687414011308384
0,2127,0.9592479618820035
0,2128,0.992070345993196
0,2129,0.9917787946037623
0,2130,0.995152440947325
0,2131,0.9648533625121605
0,2132,0.9928465984795756
0,2133,0.992264693039625
0,2134,0.9603763867971321
0,2135,0.9957375447134934
0,2136,0.9724658811496238
0,2137,0.9922805288354062
0,2138,0.9917342963730091
0,2139,0.9841619418206152
0,2140,0.98604786899125
0,2141,0.9916103114930118
0,2142,0.9962151251614016
0,2143,0.9742243230901171
0,2144,0.9955407331003868
0,2145,0.9860175024919641
0,2146,0.9943359316100054
0,2147,0.9626894606121165
0,2148,0.9916279830723997
0,2149,0.9741631071762313
0,2150,0.9729841988090752
0,2151,0.9874271628273
0,2152,0.9212447178445151
0,2153,0.989473632407619
0,2154,0.9543328464741065
0,2155,0.9741485505866517
0,2156,0.9789158427644439
0,2157,0.9813215581284763
0,2158,0.9768829718538861
0,2159,0.9930823853681862
0,2160,0.9922564936218546
0,2161,0.9884654453575469
0,2162,0.9827529664308171
0,2163,0.9920292128976926
0,2164,0.9681563926843597
0,2165,0.9858518101190409
0,2166,0.9725929910023913
0,2167,0.983113830161296
0,2168,0.9774227167728708
0,2169,0.9925543948339856
0,2170,0.9912070961084859
0,2171,0.9903058499253664
0,2172,0.9772855140364086
0,2173,0.9898288435931946
0,2174,0.988388388411295
0,2175,0.9928180408780591
0,2176,0.9888439908821326
0,2177,0.9949896507473474
0,2178,0.9632334261077427
0,2179,0.9981001894909063
0,2180,0.9528848419048702
0,2181,0.9979235686388466
0,2182,0.9569442433035784
0,2183,0.9974727483334692
0,2184,0.9410910757106349
0,2185,0.9958349758564264
0,2186,0.9796038661951172
0,2187,0.9806727793581274
0,2188,0.9876083395549279
0,2189,0.9785981893253398
0,2190,0.9781832661785804
0,2191,0.9899861426550419
0,2192,0.9614091868296764
0,2193,0.9873336204817883
0,2194,0.9847403728505225
0,2195,0.9602908153570633
0,2196,0.9891295675841563
0,2197,0.9828159884291987
0,2198,0.9782236524283716
0,2199,0.9901878385385134
0,2200,0.9937552257598483
0,2201,0.9796973097704329
0,2202,0.9859946159999435
0,2203,0.9884317192307571
0,2204,0.994237345898753
0,2205,0.9744338110727556
0,2206,0.9793633405980942
0,2207,0.984527557339081
0,2208,0.9959439352043469
0,2209,0.9695286870387289
0,2210,0.9854966412774674
0,2211,0.991546969266871
0,2212,0.9931840723648651
0,2213,0.9842916384912259
0,2214,0.9971194609941072
0,2215,0.9965462051640964
0,2216,0.9593000500770992
0,2217,0.9901015359722493
0,2218,0.9851567854964385
0,2219,0.9904392197671917
0,2220,0.9957048137506928
0,2221,0.9476231445082449
0,2222,0.9991283833415108
0,2223,0.9802564529189531
0,2224,0.9928370504907521
0,2225,0.9901197482434964
0,2226,0.9692031322507548
0,2227,0.9778124228818641
0,2228,0.9898694250807636
0,2229,0.9939183169882048
0,2230,0.9914539016231575
0,2231,0.9836577493175666
0,2232,0.9883878419071641
0,2233,0.9860701916750206
0,2234,0.9868708096974786
0,2235,0.988532164092536
0,2236,0.9787266287266484
0,2237,0.9828808540930154
0,2238,0.9793162615826596
0,2239,0.9789929795905946
0,2240,0.9846756671565797
0,2241,0.9765204322918412
0,2242,0.9784826308314595
0,2243,0.9618225502449712
0,2244,0.9838228993828075
0,2245,0.9829366498841666
0,2246,0.9807606888104315
0,2247,0.9871547746334259
0,2248,0.9666625695263398
0,2249,0.9962630361668339
0,2250,0.9784274693787995
0,2251,0.9820795822039928
0,2252,0.9741200560013853
0,2253,0.9866252182730831
0,2254,0.9841932711487972
0,2255,0.9738466766959263
0,2256,0.989202966764444
0,2257,0.9925630103419906
0,2258,0.9479231469210615
0,2259,0.9780317182033909
0,2260,0.9815206889055493
0,2261,0.9832502509054536
0,2262,0.9490953960732188
0,2263,0.9909006715774413
0,2264,0.9681834680031592
0,2265,0.9851451491916723
0,2266,0.9830863663670343
0,2267,0.9814177011332809
0,2268,0.9870297791896758
0,2269,0.9892496358380387
0,2270,0.9849091357167081
0,2271,0.9915030039549314
0,2272,0.9741653182257715
0,2273,0.984602129050371
0,2274,0.9811813977351321
0,2275,0.9930463061458636
0,2276,0.9814722852701915
0,2277,0.9903899610718425
0,2278,0.9877590129285748
0,2279,0.960898997909645
0,2280,0.9873447791537149
0,2281,0.9927970973312966
0,2282,0.9909678252954603
0,2283,0.9657639038306912
0,2284,0.9849978139725509
0,2285,0.9953039514888995
0,2286,0.9825318322735025
0,2287,0.994848597376501
0,2288,0.9958954664752092
0,2289,0.9980365362935437
0,2290,0.9522608999212762
0,2291,0.9955536285134586
0,2292,0.9745689450209409
0,2293,0.9862307543057774
0,2294,0.9848983872364695
0,2295,0.9860832399163191
0,2296,0.9943163490144189
0,2297,0.9915533353953254
0,2298,0.9905878734345392
0,2299,0.9918657865039657
0,2300,0.9952726821049994
0,2301,0.976305620039365
0,2302,0.9754173405420274
0,2303,0.991863269716432
0,2304,0.9756088294585347
0,2305,0.9968729780200336
0,2306,0.9843516585529785
0,2307,0.9601629907607103
0,2308,0.997785450351017
0,2309,0.9827967748861691
0,2310,0.9975415420385633
0,2311,0.9769937192475827
0,2312,0.9943147848944818
0,2313,0.9659216473074453
0,2314,0.9920130659667287
0,2315,0.9895096720521468
0,2316,0.9861232644224013
0,2317,0.980535142299889
0,2318,0.9936579068715303
0,2319,0.9981026907411525
0,2320,0.9692871843022761
0,2321,0.9925449346512082
0,2322,0.983318672992883
0,2323,0.9918859023405608
0,2324,0.9864596365425025
0,2325,0.9868691750773337
0,2326,0.9906380990397443
0,2327,0.9831745515779741
0,2328,0.9817940534412171
0,2329,0.9872115781493959
0,2330,0.972118313148591
0,2331,0.9889014858938243
0,2332,0.9966171235562081
0,2333,0.9662056599498862
0,2334,0.9984792847329472
0,2335,0.9523364511972141
0,2336,0.9881394004118877
0,2337,0.9922486304582792
0,2338,0.9784658943482064
0,2339,0.990981739526221
0,2340,0.9862419152372067
0,2341,0.9968004065381705
0,2342,0.9736825455693834
0,2343,0.9909707534185993
0,2344,0.9828177812893562
0,2345,0.98358917708593
0,2346,0.9896064075447035
0,2347,0.9682711371054564
0,2348,0.9978451310787911
0,2349,0.9945639380076075
0,2350,0.9817568125134432
0,2351,0.9609575818598232
0,2352,0.9896319227187902
0,2353,0.9764760105572172
0,2354,0.9908028768093659
0,2355,0.9895657617844245
0,2356,0.9867915629420002
0,2357,0.996604640865117
0,2358,0.9859115548856974
0,2359,0.9787659635341528
0,2360,0.991450542082996
0,2361,0.983710329635478
0,2362,0.9868062057674261
0,2363,0.9691485564357566
0,2364,0.9859977005346953
0,2365,0.9931409568154392
0,2366,0.9836197336786401
0,2367,0.9936243940334955
0,2368,0.98659069653552
0,2369,0.9905545841195929
0,2370,0.9961960930267328
0,2371,0.9793967661591076
0,2372,0.9791295915286725
0,2373,0.9845761787577098
0,2374,0.9859265748106102
0,2375,0.9893410374240711
0,2376,0.9427017380148917
0,2377,0.9946706817087427
0,2378,0.987157123487376
0,2379,0.9884361835192175
0,2380,0.9757609418410031
0,2381,0.9816841788493161
0,2382,0.989369036170443
0,2383,0.9883832998862879
0,2384,0.9920955714612919
0,2385,0.9747569532379178
0,2386,0.9890742223931785
0,2387,0.9926311815987623
0,2388,0.9957553895528385
0,2389,0.9802482284041045
0,2390,0.9919844099677263
0,2391,0.989350667248919
0,2392,0.9942484979661917
0,2393,0.9614930436568326
0,2394,0.9944468926788385
0,2395,0.9768094693835195
0,2396,0.9864216421556665
0,2397,0.9847503295826263
0,2398,0.9769950071625845
0,2399,0.9804455942390998
0,2400,0.9628733001248032
0,2401,0.9912730057108958
0,2402,0.9766703479097023
0,2403,0.9811135348708035
0,2404,0.9851949408377703
0,2405,0.9666937263439708
0,2406,0.9982762504804673
0,2407,0.9818874764338328
0,2408,0.9249487078735023
0,2409,0.9901481992199745
0,2410,0.9721675114153828
0,2411,0.9931544601100681
0,2412,0.9870486996420254
0,2413,0.9830830778760319
0,2414,0.9791433737697234
0,2415,0.9869049014036627
0,2416,0.9829950251379321
0,2417,0.9873275688635307
0,2418,0.9768711693385566
0,2419,0.991106149055588
0,2420,0.979730359743118
0,2421,0.9858066621615363
0,2422,0.9887301087212088
0,2423,0.9927232016245265
0,2424,0.9914281967939046
0,2425,0.9757684745895289
0,2426,0.9875372205539695
0,2427,0.9558642772362613
0,2428,0.9982312199414761
0,2429,0.9943848449414662
0,2430,0.9795055679929467
0,2431,0.9977501891203915
0,2432,0.9635840087316646
0,2433,0.9875216021503352
0,2434,0.9696198474324856
0,2435,0.9898360260511824
0,2436,0.9824192207661225
0,2437,0.9846345326049021
0,2438,0.9909464412102678
0,2439,0.9827321221344365
0,2440,0.9888871214287575
0,2441,0.9892940201572931
0,2442,0.9811208521364952
0,2443,0.9924942060854012
0,2444,0.9872553624511811
0,2445,0.9870080482589934
0,2446,0.988040546068059
0,2447,0.9928238510090049
0,2448,0.9971895422623777
0,2449,0.9699427317987868
0,2450,0.98092065696019
0,2451,0.9261818177382778
0,2452,0.986741602353169
0,2453,0.9829034343367565
0,2454,0.9943116803475253
0,2455,0.9788420442303398
0,2456,0.9738223602730104
0,2457,0.9771997458742286
0,2458,0.9905173668911172
0,2459,0.9892121986961274
0,2460,0.9879488039825487
0,2461,0.9968318257761533
0,2462,0.9806666560897686
0,2463,0.9899365817949352
0,2464,0.9824578428440773
0,2465,0.9961346628610095
0,2466,0.9953881119296207
0,2467,0.9730293468055395
0,2468,0.9790939449846591
0,2469,0.9791168340352886
0,2470,0.9854561884014221
0,2471,0.9814975129059593
0,2472,0.991606373998051
0,2473,0.9919696226739808
0,2474,0.988598160004949
0,2475,0.9858995727639646
0,2476,0.9766708994064771
0,2477,0.9946791995381841
0,2478,0.9782926038905801
0,2479,0.997487153963882
0,2480,0.9824388493245638
0,2481,0.9824621269887872
0,2482,0.9771861154408699
0,2483,0.9828390666577449
0,2484,0.9970989116507539
0,2485,0.9990288296398299
0,2486,0.9937689424812677
0,2487,0.9835231013406889
0,2488,0.9828222381116565
0,2489,0.9648926639124136
0,2490,0.9865399344333261
0,2491,0.9297232458964478
0,2492,0.9860997185282343
0,2493,0.9858702733100968
0,2494,0.976552452093456
0,2495,0.9843662203058597
0,2496,0.9912905227594233
0,2497,0.9522133572588863
0,2498,0.9961505616898585
0,2499,0.9960637508744371
0,2500,0.9957895906623737
0,2501,0.9740482136155193
0,2502,0.995155133577276
0,2503,0.9874958989198832
0,2504,0.9927486718896492
0,2505,0.9704593018590767
0,2506,0.9785757985342444
0,2507,0.9833100865351093
0,2508,0.9757374444579566
0,2509,0.9897935616775203
0,2510,0.9767557686751703
0,2511,0.9957711775714897
0,2512,0.9129115300901978
0,2513,0.9974945596843257
0,2514,0.9905275554679268
0,2515,0.98277401086973
0,2516,0.9881466905337656
0,2517,0.9911927055554722
0,2518,0.9816403694814746
0,2519,0.9733181346046355
0,2520,0.982138240865656
0,2521,0.9842302576534241
0,2522,0.9648912864209039
0,2523,0.9966149575335346
0,2524,0.9965592990729367
0,2525,0.9806130498358137
0,2526,0.9936388405383588
0,2527,0.98394048769645
0,2528,0.995110584171652
0,2529,0.9783446536614969
0,2530,0.9767980859947349
0,2531,0.9951251779459797
0,2532,0.9965257290209278
0,2533,0.9715134882657454
0,2534,0.9718925474211921
0,2535,0.983835341869778
0,2536,0.9739525240220404
0,2537,0.9985289394790082
0,2538,0.9993619869036655
0,2539,0.9777551164132543
0,2540,0.9894566501477552
0,2541,0.9866993695349304
0,2542,0.9781051160003716
0,2543,0.9950923091701817
0,2544,0.9673122363681388
0,2545,0.9953594689332423
0,2546,0.9772071747392405
0,2547,0.966551656644125
0,2548,0.9948062432244235
0,2549,0.9925845221950114
0,2550,0.9861825367594156
0,2551,0.9815034511476703
0,2552,0.9787049087185012
0,2553,0.9760375665269739
0,2554,0.9953427508666408
0,2555,0.9715384224078861
0,2556,0.9934001861202767
0,2557,0.9673271218860149
0,2558,0.9946470233499943
0,2559,0.9931431558172213
0,2560,0.987711267957048
0,2561,0.972044877367291
0,2562,0.9924522204455145
0,2563,0.9850011440683374
0,2564,0.9939970389874839
0,2565,0.9909042854043718
0,2566,0.9854894515421989
0,2567,0.9834598122302586
0,2568,0.9812379987539109
0,2569,0.9841860963314948
0,2570,0.9723597950888347
0,2571,0.9865492029490681
0,2572,0.9778802664815386
0,2573,0.9783467244125433
0,2574,0.9932728431942569
0,2575,0.9713652859638926
0,2576,0.9889995249010455
0,2577,0.9924870651683122
0,2578,0.9842449476629499
0,2579,0.9861643851208941
0,2580,0.9918518846680071
0,2581,0.9469849823449974
0,2582,0.996391711651119
0,2583,0.9576457801648022
0,2584,0.9879038005846474
0,2585,0.9830598665175155
0,2586,0.9892331792363673
0,2587,0.9839576833721961
0,2588,0.9680648599138775
0,2589,0.9927340499454894
0,2590,0.9950213193779668
0,2591,0.9849499735116338
0,2592,0.9733070220615853
0,2593,0.9903010193070877
0,2594,0.9651544163172259
0,2595,0.9907751082817441
0,2596,0.972682974169762
0,2597,0.987709120615423
0,2598,0.9897349328917808
0,2599,0.9714243695464365
0,2600,0.9856646434095874
0,2601,0.9690920853799063
0,2602,0.982137795393603
0,2603,0.981495385544713
0,2604,0.9869606052488631
0,2605,0.9868773304996689
0,2606,0.9971641310103853
0,2607,0.9970461619555782
0,2608,0.9646581638081625
0,2609,0.9926164942130944
0,2610,0.9927719536886555
0,2611,0.9950147725772116
0,2612,0.9722674681277829
0,2613,0.9951232075810889
0,2614,0.9781596613240388
0,2615,0.9914271832256357
0,2616,0.9532087367538014
0,2617,0.9846978721958147
0,2618,0.9813141435767806
0,2619,0.9820128764289718
0,2620,0.9902888682728849
0,2621,0.989616723937421
0,2622,0.983229404343752
0,2623,0.9759591665182378
0,2624,0.9943356636119232
0,2625,0.9700883048634976
0,2626,0.9663925316203226
0,2627,0.994197772222357
0,2628,0.9845719841710887
0,2629,0.9910751605700274
0,2630,0.9775379243900116
0,2631,0.9447141197183119
0,2632,0.9919366781049106
0,2633,0.9830770700463501
0,2634,0.9922038611078188
0,2635,0.9851833193024857
0,2636,0.9925283637500937
0,2637,0.9694626246702374
0,2638,0.9808355033508287
0,2639,0.9828392406020052
0,2640,0.9767283896784313
0,2641,0.970387626004081
0,2642,0.9935554800039804
0,2643,0.9715513662956424
0,2644,0.9850978275050004
0,2645,0.9606062323372518
0,2646,0.9734429507128415
0,2647,0.9748501513309539
0,2648,0.960891048286645
0,2649,0.9976360674849972
0,2650,0.9710436986794169
0,2651,0.9901038708574239
0,2652,0.978293996356385
0,2653,0.993723943392107
0,2654,0.9910312226638525
0,2655,0.9889986653062226
0,2656,0.9900419307472454
0,2657,0.9921278673232377
0,2658,0.9644742540277705
0,2659,0.9912457840947307
0,2660,0.9743524505035442
0,2661,0.9787505267926375
0,2662,0.9966421035522272
0,2663,0.9731234946174203
0,2664,0.9853153040397211
0,2665,0.9676937566115059
0,2666,0.9946700290526391
0,2667,0.9537029662781644
0,2668,0.9979166760250101
0,2669,0.9612339167521587
0,2670,0.9818603601596709
0,2671,0.9872633501919357
0,2672,0.9819870129762756
0,2673,0.9845826368385098
0,2674,0.9856306713857427
0,2675,0.9942399524409055
0,2676,0.9922925635796768
0,2677,0.9956979553220046
0,2678,0.9550946161605063
0,2679,0.9903177538800405
0,2680,0.9843287179812363
0,2681,0.9398062557075152
0,2682,0.9741881880758587
0,2683,0.9917911976995976
0,2684,0.9850152051784082
0,2685,0.989452164107884
0,2686,0.9640509900577877
0,2687,0.9599092312280892
0,2688,0.9641357217731825
0,2689,0.9860929041507064
0,2690,0.9918120764040174
0,2691,0.9924187503977394
0,2692,0.9698873502344166
0,2693,0.9877864566441182
0,2694,0.9794792275727009
0,2695,0.9883903249665795
0,2696,0.9887428562091088
0,2697,0.9722646705949368
0,2698,0.988658495485317
0,2699,0.9856862920394265
0,2700,0.9646682323232544
0,2701,0.9918661553814432
0,2702,0.9824167838574962
0,2703,0.9902331347220421
0,2704,0.9873084056066698
0,2705,0.984041360700167
0,2706,0.993812530159043
0,2707,0.9902213958662626
0,2708,0.9853029750100157
0,2709,0.9879280454778867
0,2710,0.9936110586198399
0,2711,0.9952881642738817
0,2712,0.9707905072501934
0,2713,0.9902741299676058
0,2714,0.9734352808857719
0,2715,0.9954224486238543
0,2716,0.9915245375438649
0,2717,0.9911678363788073
0,2718,0.9953574651814886
0,2719,0.9926436812271252
0,2720,0.9720582205469033
0,2721,0.9811822492610253
0,2722,0.9900519581083715
0,2723,0.9878939924799242
0,2724,0.9803062175348363
0,2725,0.977930945416062
0,2726,0.9815535003296746
0,2727,0.9922677534309403
0,2728,0.9854038316432208
0,2729,0.9824406351757917
0,2730,0.9681028451764477
0,2731,0.9809809946527179
0,2732,0.9821770325780323
0,2733,0.9740145962624823
0,2734,0.9801878246362911
0,2735,0.9929610767055631
0,2736,0.9920801661460947
0,2737,0.9766544524307125
0,2738,0.9910052667147773
0,2739,0.9916050863033613
0,2740,0.9904726276029839
0,2741,0.9882430250668516
0,2742,0.9891988457289606
0,2743,0.9855840107513183
0,2744,0.9908012208398637
0,2745,0.99915197079617
0,2746,0.9582099458019414
0,2747,0.9959557531553832
0,2748,0.9223902806823842
0,2749,0.9992401600309738
0,2750,0.9988987737380378
0,2751,0.9786715304671988
0,2752,0.9858335958096583
0,2753,0.9749950699108866
0,2754,0.9884228014687757
0,2755,0.9855524167585329
0,2756,0.9895182863460882
0,2757,0.9883401423117908
0,2758,0.9845267478593165
0,2759,0.9855754791742748
0,2760,0.9917588847222454
0,2761,0.9676616757665557
0,2762,0.9798553983583183
0,2763,0.9912808439830331
0,2764,0.9888798493641124
0,2765,0.9818470575995255
0,2766,0.9647500251104005
0,2767,0.9980150549962225
0,2768,0.9932838551978094
0,2769,0.9893449290511689
0,2770,0.9811460377441286
0,2771,0.9821693514104006
0,2772,0.9843657625702301
0,2773,0.9904473866336864
0,2774,0.9547336991277845
0,2775,0.9924096843157869
0,2776,0.9935011152668144
0,2777,0.9831104845882437
0,2778,0.9944373602626093
0,2779,0.9866386208524509
0,2780,0.9984967529605583
0,2781,0.986239585420968
0,2782,0.9223141722330404
0,2783,0.9758577236777747
0,2784,0.9678383075169379
0,2785,0.9870455217844183
0,2786,0.9858689950041876
0,2787,0.9929967529889592
0,2788,0.9764975041759592
0,2789,0.9821268467456058
0,2790,0.9752790735286604
0,2791,0.9674261968183525
0,2792,0.993810797635228
0,2793,0.9795109697646256
0,2794,0.9915080611807957
0,2795,0.9844982949903448
0,2796,0.9705660176450156
0,2797,0.981309270771048
0,2798,0.9842335976246619
0,2799,0.9884557323163718
0,2800,0.9867543172639429
0,2801,0.991166402810753
0,2802,0.9645083614026885
0,2803,0.9985794530995011
0,2804,0.9317589747404377
0,2805,0.9740937967061191
0,2806,0.9820990430182993
0,2807,0.9906834341218348
0,2808,0.9910804448822176
0,2809,0.9746160888332371
0,2810,0.9766213400883161
0,2811,0.985364676265067
0,2812,0.9914108652406431
0,2813,0.9907453872770718
0,2814,0.9811540600417219
0,2815,0.9893397828674739
0,2816,0.9900572941824335
0,2817,0.9871355445468968
0,2818,0.9921675869067276
0,2819,0.9907387223175391
0,2820,0.9649674624585569
0,2821,0.9872848947468261
0,2822,0.9942659102164492
0,2823,0.9848037402249823
0,2824,0.9758023729487977
0,2825,0.9847296853266789
0,2826,0.9644090241532352
0,2827,0.9871601434191966
0,2828,0.9850204363858718
0,2829,0.9749499671468249
0,2830,0.9909406672584432
0,2831,0.9914849291988374
0,2832,0.9762376076301421
0,2833,0.9817345314830457
0,2834,0.9859908685207247
0,2835,0.9925017287479234
0,2836,0.9957924764736787
0,2837,0.9708421425374044
0,2838,0.9886427662440863
0,2839,0.9734893354161214
0,2840,0.9933681474973944
0,2841,0.9503954824563221
0,2842,0.9958385786618086
0,2843,0.9714601536967665
0,2844,0.9948378219432601
0,2845,0.9748431314655295
0,2846,0.998506912405071
0,2847,0.9946234698129998
0,2848,0.9333877204729881
0,2849,0.9966993732423634
0,2850,0.9903532451181678
0,2851,0.9970120614436995
0,2852,0.9268984010011282
0,2853,0.9955303897209118
0,2854,0.9987248314109759
0,2855,0.9561534469775892
0,2856,0.9957593454427907
0,2857,0.9896080439460525
0,2858,0.996444363013905
0,2859,0.9670691909837229
0,2860,0.995023611173209
0,2861,0.9812566318788031
0,2862,0.9896277175689694
0,2863,0.9855824419412519
0,2864,0.9813826025596755
0,2865,0.9811785693001824
0,2866,0.9910775295926588
0,2867,0.9957587418209245
0,2868,0.9577505544509582
0,2869,0.9949776388742829
0,2870,0.97391537546568685
0,2871,0.9928616682908779
0,2872,0.9782080647056063
0,2873,0.9878084704699025
0,2874,0.9733684329539846
0,2875,0.9890438206007487
0,2876,0.9951526134241824
0,2877,0.9911056083114241
0,2878,0.9976970250312538
0,2879,0.9783029835640968
0,2880,0.9866915543481993
0,2881,0.9713108347036387
0,2882,0.9958712811360495
0,2883,0.9959762291014608
0,2884,0.9907231043146292
0,2885,0.9786560763962748
0,2886,0.9927876177064912
0,2887,0.9846427084441012
0,2888,0.9899990416065971
0,2889,0.9888043292422796
0,2890,0.984506321379483
0,2891,0.9853805849263519
0,2892,0.9811557668880976
0,2893,0.9886895537395164
0,2894,0.9810865521329997
0,2895,0.9856464122493194
0,2896,0.9810431153275067
0,2897,0.9914601871722616
0,2898,0.9870641735507529
0,2899,0.9664904198374463
0,2900,0.9560148361158174
0,2901,0.9866875589660178
0,2902,0.9855765513022036
0,2903,0.9708927135314619
0,2904,0.9871003803831806
0,2905,0.9731614845666179
0,2906,0.997945042229233
0,2907,0.9837923534104127
0,2908,0.9941721344140533
0,2909,0.9702812183339204
0,2910,0.9875679638615654
0,2911,0.9791736542631302
0,2912,0.9903897481700314
0,2913,0.9719564569942798
0,2914,0.9917861505427323
0,2915,0.9822434040680026
0,2916,0.9964374111028882
0,2917,0.9908575223152825
0,2918,0.9736408764028042
0,2919,0.9951867055714855
0,2920,0.9935904988509093
0,2921,0.9940613588995243
0,2922,0.9966346513104276
0,2923,0.9615169979935386
0,2924,0.9617051594853664
0,2925,0.988667113523588
0,2926,0.9880044187169129
0,2927,0.9398582753814924
0,2928,0.9355050391114146
0,2929,0.9813098233591988
0,2930,0.9852524980351471
0,2931,0.9828560002296188
0,2932,0.9839053594668481
0,2933,0.9754879176264013
0,2934,0.9904361788801499
0,2935,0.9917844400772784
0,2936,0.9729557943033995
0,2937,0.9871190009228327
0,2938,0.9920921723000624
0,2939,0.959550909251176
0,2940,0.9882876556968946
0,2941,0.9886918821432127
0,2942,0.9889450457939706
0,2943,0.9842828208316565
0,2944,0.9925078961682673
0,2945,0.9754788182307523
0,2946,0.9962710930217913
0,2947,0.9976797257979024
0,2948,0.9488773441272218
0,2949,0.9958670852204516
0,2950,0.9499861823475917
0,2951,0.9897385891374598
0,2952,0.9691644172702873
0,2953,0.9745280939284752
0,2954,0.9915331794161152
0,2955,0.981390265886627
0,2956,0.9967205160039391
0,2957,0.9718445260646754
0,2958,0.9960062826772893
0,2959,0.8664275251548188
0,2960,0.9362081522534748
0,2961,0.9849795223279973
0,2962,0.9943191954179669
0,2963,0.9970964895184266
0,2964,0.9965807364963384
0,2965,0.9811059388488379
0,2966,0.9908249480226758
0,2967,0.9858130027986711
0,2968,0.9881845883228492
0,2969,0.9912438093988779
0,2970,0.9862214983752202
0,2971,0.9839833245136317
0,2972,0.9820632751874183
0,2973,0.9827051885336086
0,2974,0.9878672363657809
0,2975,0.990573321227188
0,2976,0.9687987585559742
0,2977,0.9841191943623957
0,2978,0.9833787583335625
0,2979,0.9801182086221448
0,2980,0.991281237448146
0,2981,0.988870428618052
0,2982,0.9771931644735476
0,2983,0.9897569032657614
0,2984,0.9493865326220665
0,2985,0.9686088370015348
0,2986,0.9849202659146512
0,2987,0.9849024819516976
0,2988,0.9843657588056112
0,2989,0.9948572857684785
0,2990,0.9829266116667609
0,2991,0.9912955442297424
0,2992,0.9958433980375969
0,2993,0.9785845331411873
0,2994,0.995607939538346
0,2995,0.9350538750031259
0,2996,0.9818452066594499
0,2997,0.9912194876997049
0,2998,0.9729159692556116
0,2999,0.9930981122823815
0,3000,0.986290016021701
0,3001,0.9916192140231256
0,3002,0.9907092532204766
0,3003,0.9856410809944611
0,3004,0.979192042426886
0,3005,0.987474271019638
0,3006,0.986318462371842
0,3007,0.9867582013755805
0,3008,0.9865138647735519
0,3009,0.9888284612884137
0,3010,0.9916888156506444
0,3011,0.9700596122898515
0,3012,0.9936679406201601
0,3013,0.9856954099654799
0,3014,0.9865121079576915
0,3015,0.9918708052479862
0,3016,0.9519957377163242
0,3017,0.9871412600438796
0,3018,0.997565412561957
0,3019,0.9574994420869112
0,3020,0.998390959659803
0,3021,0.9274642350390109
0,3022,0.9959284054939536
0,3023,0.9531591974116761
0,3024,0.977888445235063
0,3025,0.987023938782794
0,3026,0.9309045673316004
0,3027,0.9985895474650253
0,3028,0.9857822473409276
0,3029,0.977712897937191
0,3030,0.9958523330946962
0,3031,0.9953963809523202
0,3032,0.9380116636785911
0,3033,0.9376105726351179
0,3034,0.9931701852055702
0,3035,0.9882737275453061
0,3036,0.9911953682363399
0,3037,0.9931739979509864
0,3038,0.9879323603101171
0,3039,0.9822514331796822
0,3040,0.9791657404050844
0,3041,0.9861226724601024
0,3042,0.9880114456718924
0,3043,0.9969565475309833
0,3044,0.9912567121747385
0,3045,0.9966307167577627
0,3046,0.9831560780745024
0,3047,0.9984643817140231
0,3048,0.99333153419670706
0,3049,0.9596905760394295
0,3050,0.9698443639605264
0,3051,0.9931174758287896
0,3052,0.9424494067814936
0,3053,0.9947749287074756
0,3054,0.9689702842260584
0,3055,0.990185807514947
0,3056,0.9775651883180257
0,3057,0.9856847710880844
0,3058,0.9742857396798053
0,3059,0.976098478101109
0,3060,0.9926231478596313
0,3061,0.9938387369405417
0,3062,0.9956635995993582
0,3063,0.9944587955237961
0,3064,0.9920334494113722
0,3065,0.9878973429653178
0,3066,0.996533156849779
0,3067,0.9911423880150179
0,3068,0.990992988838918
0,3069,0.9919045519140856
0,3070,0.9510358156481418
0,3071,0.977754393893577
0,3072,0.99652991907375
0,3073,0.9752556533481357
0,3074,0.995378147810919
0,3075,0.9895856050597505
0,3076,0.9769144727799476
0,3077,0.9847307363929846
0,3078,0.9922200954514407
0,3079,0.9884918218754274
0,3080,0.9969938632353348
0,3081,0.9853148745468792
0,3082,0.976044580755135
0,3083,0.9934348074516803
0,3084,0.9797294775909547
0,3085,0.9955147992365072
0,3086,0.982346171558803
0,3087,0.9944190263797853
0,3088,0.9966394959574664
0,3089,0.9675552736709132
0,3090,0.9841954880876717
0,3091,0.9767311795801102
0,3092,0.9951738753904339
0,3093,0.9932426700093098
0,3094,0.9751253709181511
0,3095,0.9888594829402299
0,3096,0.9883127426483572
0,3097,0.982936055261648
0,3098,0.984061084696061
0,3099,0.9943620230495188
0,3100,0.994501793915801
0,3101,0.952652366965315
0,3102,0.9526795057163678
0,3103,0.996421405701165
0,3104,0.9885318146365524
0,3105,0.9782160476718175
0,3106,0.9909614368423068
0,3107,0.9696896665256377
0,3108,0.9909559173024696
0,3109,0.9930036670169774
0,3110,0.9522560172949965
0,3111,0.9928485767825438
0,3112,0.9904828700360268
0,3113,0.9823862880905655
0,3114,0.9877217558763185
0,3115,0.994543832198188
0,3116,0.9931716432754853
0,3117,0.9796259029002413
0,3118,0.99149577600971
0,3119,0.9912613537328796
0,3120,0.9783704805575308
0,3121,0.9954683702553553
0,3122,0.9081862654480276
0,3123,0.9913394828426256
0,3124,0.9899772427893704
0,3125,0.9846230348182036
0,3126,0.9859047212963307
0,3127,0.9838096864125062
0,3128,0.982525541072678
0,3129,0.9934286113515761
0,3130,0.942025872884926
0,3131,0.9771341757193973
0,3132,0.9855983345430432
0,3133,0.9862125404045677
0,3134,0.9591076699136155
0,3135,0.9530826283285183
0,3136,0.9931883031747941
0,3137,0.9473673243798966
0,3138,0.9816124509237769
0,3139,0.9897031385814807
0,3140,0.9735094940427913
0,3141,0.9787745401737599
0,3142,0.9951257184408686
0,3143,0.9905654565068133
0,3144,0.9787591453535218
0,3145,0.9923381577994067
0,3146,0.9908350970337758
0,3147,0.9941187574276897
0,3148,0.9936922474202814
0,3149,0.9781859885599988
0,3150,0.9873173156764676
0,3151,0.9810951043288418
0,3152,0.9910957825492529
0,3153,0.9725147076710945
0,3154,0.9745884207375225
0,3155,0.9823101954013624
0,3156,0.9954067586088833
0,3157,0.9732280233407132
0,3158,0.9885384702827956
0,3159,0.9917650828757906
0,3160,0.9633717214227712
0,3161,0.9901696187653821
0,3162,0.9879586942765621
0,3163,0.9674815917296198
0,3164,0.9921369422197737
0,3165,0.9811345790151216
0,3166,0.9876336026628497
0,3167,0.9824483463547306
0,3168,0.9785573500697821
0,3169,0.9862505898599215
0,3170,0.9886474666450173
0,3171,0.9932026955859685
0,3172,0.9567148786494368
0,3173,0.9720362806302523
0,3174,0.9914995102413889
0,3175,0.9794272204271468
0,3176,0.9935856754066084
0,3177,0.9577661946104694
0,3178,0.9962803688908506
0,3179,0.9975142097970633
0,3180,0.9639807739667604
0,3181,0.9957984108609401
0,3182,0.9771555594713465
0,3183,0.9771068226337514
0,3184,0.9868229467052744
0,3185,0.9827921514163558
0,3186,0.9786345832128177
0,3187,0.9952868807875732
0,3188,0.9709204414970714
0,3189,0.9921299115346863
0,3190,0.9769246292070644
0,3191,0.992505029815834
0,3192,0.9948133671826322
0,3193,0.9936990619192896
0,3194,0.9778258540579087
0,3195,0.9904782790453877
0,3196,0.989993382296942
0,3197,0.9835114467313343
0,3198,0.9886398198139831
0,3199,0.9733144942374695
0,3200,0.9911717350318343
0,3201,0.9823413350735847
0,3202,0.9927208505255655
0,3203,0.9189885260948416
0,3204,0.9306046546962844
0,3205,0.991479268082267
0,3206,0.9703674459597832
0,3207,0.9967680635238492
0,3208,0.9938613583936278
0,3209,0.9526849453148117
0,3210,0.9964841628093907
0,3211,0.9513774095046814
0,3212,0.9796868833959135
0,3213,0.941500907719346
0,3214,0.9446527050104749
0,3215,0.9900723699874435
0,3216,0.9909489802129914
0,3217,0.963124858085043
0,3218,0.9928920325221566
0,3219,0.9909574207323917
0,3220,0.9955793040415573
0,3221,0.9319176461969867
0,3222,0.9808643158879705
0,3223,0.9965633934119076
0,3224,0.9387292725007743
0,3225,0.9952058534240544
0,3226,0.9708090043223733
0,3227,0.997786644151607
0,3228,0.9322145583691455
0,3229,0.9936394966137819
0,3230,0.9733136832320056
0,3231,0.9889883070835228
0,3232,0.9948493970661355
0,3233,0.9747003395182785
0,3234,0.9927762617335111
0,3235,0.9681100507579988
0,3236,0.9975858450448802
0,3237,0.9889068291780425
0,3238,0.9670383681706121
0,3239,0.9675928302396151
0,3240,0.9914704726223675
0,3241,0.9607161954196927
0,3242,0.9935721171232275
0,3243,0.9710702428899466
0,3244,0.9803770236943191
0,3245,0.9889438601444228
0,3246,0.9867478372971392
0,3247,0.9821135330496239
0,3248,0.9601625487089922
0,3249,0.995644561112267
0,3250,0.9499938768521556
0,3251,0.9830466995934909
0,3252,0.9750208449437853
0,3253,0.9902613784070894
0,3254,0.981988399406689
0,3255,0.9735416716329125
0,3256,0.9933749951794649
0,3257,0.9905792187898
0,3258,0.9899028084361711
0,3259,0.9850151145969491
0,3260,0.9867560318443134
0,3261,0.9840867984608952
0,3262,0.9839127677236624
0,3263,0.9766780867583086
0,3264,0.9891489810824989
0,3265,0.9922948345380681
0,3266,0.9762086641489142
0,3267,0.9832677176460097
0,3268,0.9887025312899174
0,3269,0.9918097762180264
0,3270,0.9950293459594534
0,3271,0.9816230252823869
0,3272,0.9867040851791802
0,3273,0.9754198978401047
0,3274,0.9933694312675747
0,3275,0.9941283461528599
0,3276,0.985730204013595
0,3277,0.9949652645087935
0,3278,0.9926830347146303
0,3279,0.9885517300151315
0,3280,0.987045714371577
0,3281,0.9942818060667519
0,3282,0.9941789723415382
0,3283,0.984467877026292
0,3284,0.9624435459595827
0,3285,0.9940925995651754
0,3286,0.992114317062973
0,3287,0.9776706124250157
0,3288,0.960893882310617
0,3289,0.9951763268104837
0,3290,0.979493540806547
0,3291,0.9953172051765736
0,3292,0.981790068332842
0,3293,0.9940138080842436
0,3294,0.9971791067416085
0,3295,0.9889886178020193
0,3296,0.9935992949676652
0,3297,0.9787554017969795
0,3298,0.9703607679249676
0,3299,0.9798395471088106
0,3300,0.9898275913260343
0,3301,0.9912715863430122
0,3302,0.9737403789925031
0,3303,0.98076017057423
0,3304,0.9857190629256363
0,3305,0.9897576804967486
0,3306,0.9833351055107965
0,3307,0.9949322823513784
0,3308,0.9694721220018588
0,3309,0.9912489743627613
0,3310,0.9930235794900164
0,3311,0.9814740304956793
0,3312,0.9652569246255458
0,3313,0.994191681199322
0,3314,0.9933940927174505
0,3315,0.9912400539851818
0,3316,0.9934708147783263
0,3317,0.9915773996849535
0,3318,0.9867454894206323
0,3319,0.9918316225493353
0,3320,0.989527796149442
0,3321,0.9742507895802237
0,3322,0.9838975151308964
0,3323,0.9934449991831861
0,3324,0.9937521972858376
0,3325,0.9806233734455035
0,3326,0.9878477970221342
0,3327,0.9774344736578294
0,3328,0.9837054824419927
0,3329,0.9549186098040986
0,3330,0.9859804723115871
0,3331,0.9540083216802909
0,3332,0.9957947638765077
0,3333,0.9718680129117823
0,3334,0.9949683405567636
0,3335,0.9896044308213369
0,3336,0.9980783030541166
0,3337,0.9972659986347445
0,3338,0.9815504949208294
0,3339,0.9915748375654315
0,3340,0.9943984205041259
0,3341,0.9951765260629116
0,3342,0.9866225418001315
0,3343,0.962292940460973
0,3344,0.9919410768089717
0,3345,0.9843137581937221
0,3346,0.9793501071400322
0,3347,0.9963014423236206
0,3348,0.9406801627709276
0,3349,0.9960918823239451
0,3350,0.9895009938447267
0,3351,0.9918751257456991
0,3352,0.9780818268822185
0,3353,0.9949808461227371
0,3354,0.9881475386795957
0,3355,0.9879751350157787
0,3356,0.9922899379070007
0,3357,0.9957121760733105
0,3358,0.9666114956581673
0,3359,0.9943983148058821
0,3360,0.9851315342223584
0,3361,0.9784309431031633
0,3362,0.9940419803013243
0,3363,0.9794246333959523
0,3364,0.997733486127487
0,3365,0.9939548812183983
0,3366,0.9949863731352101
0,3367,0.9838201088303438
0,3368,0.9958135087575203
0,3369,0.9616150989256925
0,3370,0.9763996345187222
0,3371,0.9874747574193009
0,3372,0.9748006791274264
0,3373,0.9778204330517932
0,3374,0.9875842408122467
0,3375,0.9848111886019296
0,3376,0.9548068742737729
0,3377,0.9885360905755601
0,3378,0.9819426538369876
0,3379,0.964050472043184
0,3380,0.9799546431401224
0,3381,0.9894512224143333
0,3382,0.9787085585745132
0,3383,0.9707078574115909
0,3384,0.9833869656271259
0,3385,0.9665583084988534
0,3386,0.9826161723859734
0,3387,0.9824795176819372
0,3388,0.9502188324590757
0,3389,0.9851297652220065
0,3390,0.9748740443775639
0,3391,0.9935419388125463
0,3392,0.9895742181560839
0,3393,0.9895462411506629
0,3394,0.9928532555086678
0,3395,0.9766591318308685
0,3396,0.9957067320930404
0,3397,0.9905420172836017
0,3398,0.9803844570644205
0,3399,0.9874094917796639
0,3400,0.9878800316583249
0,3401,0.9803600853428598
0,3402,0.9944655059545972
0,3403,0.9682620208688499
0,3404,0.9829134212784999
0,3405,0.9914447953743453
0,3406,0.9806719817682695
0,3407,0.9946707315458198
0,3408,0.9753015028282527
0,3409,0.950027067127631
0,3410,0.9877987069687236
0,3411,0.976556625551145
0,3412,0.9708207076146306
0,3413,0.9912130321789376
0,3414,0.9497613226909531
0,3415,0.991961059353214
0,3416,0.9757462167211095
0,3417,0.9936752105200234
0,3418,0.9518386598704277
0,3419,0.9911450798652327
0,3420,0.9415358427266651
0,3421,0.9825477428208274
0,3422,0.9828925626213998
0,3423,0.9666263057252007
0,3424,0.9914994040509796
0,3425,0.9657632096492577
0,3426,0.9533308897876721
0,3427,0.9808056825342626
0,3428,0.9908316062846096
0,3429,0.9901055824601988
0,3430,0.962641285589032
0,3431,0.9961037469370945
0,3432,0.9846488632232389
0,3433,0.9865003032569133
0,3434,0.9812915255091798
0,3435,0.9893058223213307
0,3436,0.9858568023243021
0,3437,0.9897057897262562
0,3438,0.9899695940370125
0,3439,0.9829712416680191
0,3440,0.9920778754627692
0,3441,0.961827284106637
0,3442,0.9953458582654326
0,3443,0.9950713731284657
0,3444,0.9848077506441332
0,3445,0.9934558987943722
0,3446,0.951505456714432
0,3447,0.9973564353596908
0,3448,0.9609335311532629
0,3449,0.998425574832197
0,3450,0.9811400658144971
0,3451,0.9731271193672606
0,3452,0.9957737918157906
0,3453,0.9725024994097161
0,3454,0.9956178957287968
0,3455,0.9982860746748103
0,3456,0.9957236964493433
0,3457,0.9934988853770614
0,3458,0.9918501651857938
0,3459,0.9822521505968079
0,3460,0.9911046214937222
0,3461,0.9628658669336205
0,3462,0.9946475807502337
0,3463,0.9679824648158363
0,3464,0.9933011611138365
0,3465,0.9626422631280317
0,3466,0.9917296811257165
0,3467,0.9912503635696756
0,3468,0.9879833464912721
0,3469,0.930397304119474
0,3470,0.9945596380367071
0,3471,0.9745847968031826
0,3472,0.9940461551560001
0,3473,0.981520850328305
0,3474,0.989469474914307
0,3475,0.9864099564632773
0,3476,0.9811496551219495
0,3477,0.9838518787641808
0,3478,0.9816617162889067
0,3479,0.9920099657650315
0,3480,0.9857439770401001
0,3481,0.9919029974904953
0,3482,0.9854786895482435
0,3483,0.9605001421991596
0,3484,0.9852890165916541
0,3485,0.9611851100595971
0,3486,0.9911202122567294
0,3487,0.9793927249538967
0,3488,0.9786966358714171
0,3489,0.9784683261416803
0,3490,0.9786032301612717
0,3491,0.9946048007180331
0,3492,0.9529667571024748
0,3493,0.9589351949321339
0,3494,0.9713425241223267
0,3495,0.9861738229580879
0,3496,0.9808431321451073
0,3497,0.9877563483072678
0,3498,0.9793818135385365
0,3499,0.9834715023778201
0,3500,0.9843120493974966
0,3501,0.9897720436199583
0,3502,0.9787591419892371
0,3503,0.9659326032967099
0,3504,0.9866978356896761
0,3505,0.9881275603883017
0,3506,0.989935807840684
0,3507,0.9924068351342854
0,3508,0.9780199884714499
0,3509,0.9803677627540462
0,3510,0.9888751337887675
0,3511,0.9931881336272597
0,3512,0.9658746938035941
0,3513,0.9916460993567314
0,3514,0.9915137237532317
0,3515,0.979162751960518
0,3516,0.9898215645241375
0,3517,0.9754830073638969
0,3518,0.9890307606635992
0,3519,0.9850121980993715
0,3520,0.9873155175228824
0,3521,0.9966574397315282
0,3522,0.9758221821990923
0,3523,0.9893970828511914
0,3524,0.9779328625011632
0,3525,0.975349061396119
0,3526,0.9949183243210782
0,3527,0.987248434212531
0,3528,0.9727529837526366
0,3529,0.9773047492681988
0,3530,0.9854727057725987
0,3531,0.961705598597238
0,3532,0.9894409957033541
0,3533,0.9931361270167781
0,3534,0.9876244114190731
0,3535,0.9873779799264725
0,3536,0.9892549146008491
0,3537,0.995394574156208
0,3538,0.9946897723021981
0,3539,0.9983561520683791
0,3540,0.9495084775585944
0,3541,0.9861512385314192
0,3542,0.9894309034659908
0,3543,0.9800705056782644
0,3544,0.9892239618400215
0,3545,0.9970377444452657
0,3546,0.9959604039698647
0,3547,0.9581735945088002
0,3548,0.9909049464109609
0,3549,0.9862715715912425
0,3550,0.9619134960104223
0,3551,0.9839778300618853
0,3552,0.9959318389221918
0,3553,0.9722570755729836
0,3554,0.9578070348194613
0,3555,0.9947106532457026
0,3556,0.918234345964847
0,3557,0.9969234410993484
0,3558,0.9811976799827775
0,3559,0.9880125334913329
0,3560,0.9965329297875936
0,3561,0.9890240931401508
0,3562,0.9779505129462267
0,3563,0.9948939201922887
0,3564,0.9829530739697095
0,3565,0.9925005845596587
0,3566,0.9836562177546342
0,3567,0.9845119424360769
0,3568,0.9846143730006193
0,3569,0.9715344078847464
0,3570,0.9640830171673056
0,3571,0.9841093714653132
0,3572,0.9850703098827395
0,3573,0.9835140819066118
0,3574,0.9929852947662988
0,3575,0.9928770612823509
0,3576,0.9482570824709069
0,3577,0.997568671070185
0,3578,0.9643695025231701
0,3579,0.9829169112537829
0,3580,0.9931069548303378
0,3581,0.970548444119601
0,3582,0.9630026915197543
0,3583,0.9884741803504205
0,3584,0.9810740525648476
0,3585,0.9927016141782813
0,3586,0.9598313741283502
0,3587,0.9776165711676416
0,3588,0.9947993309000664
0,3589,0.9754175393357732
0,3590,0.9816995376300675
0,3591,0.9773575241514906
0,3592,0.9922332967485037
0,3593,0.9944062966679352
0,3594,0.9893169962188475
0,3595,0.9919448985295654
0,3596,0.9785761691603929
0,3597,0.9544705382552345
0,3598,0.9945534977699056
0,3599,0.9873363123471801
0,3600,0.9908393822186642
0,3601,0.9861803950896889
0,3602,0.9639393798953392
0,3603,0.9932466762040056
0,3604,0.9797607772030916
0,3605,0.9732718519267738
0,3606,0.9734189056596313
0,3607,0.955144576745896
0,3608,0.9856410356715565
0,3609,0.9637143630257242
0,3610,0.9935420933230334
0,3611,0.985193059326884
0,3612,0.9927744657497616
0,3613,0.9902333279092703
0,3614,0.9882646037567996
0,3615,0.957961683663845
0,3616,0.9900880643641294
0,3617,0.9873456759215252
0,3618,0.986776836818292
0,3619,0.9898073566221851
0,3620,0.9911267374597549
0,3621,0.9734950824322912
0,3622,0.9844496085416854
0,3623,0.9677782363480489
0,3624,0.9944806477675767
0,3625,0.989976330098213
0,3626,0.9900598602607059
0,3627,0.9758856726942243
0,3628,0.9586472183309107
0,3629,0.9647093129933735
0,3630,0.9956375951323898
0,3631,0.986818673820208
0,3632,0.9969824069538817
0,3633,0.9662565844817631
0,3634,0.9856068937571412
0,3635,0.9822938429126307
0,3636,0.9836055349301867
0,3637,0.9853190807668853
0,3638,0.9885407461704638
0,3639,0.9961562972424134
0,3640,0.9748205424478629
0,3641,0.9921540459117038
0,3642,0.9653771295427992
0,3643,0.9679449618203766
0,3644,0.9913740927145467
0,3645,0.9766131295634625
0,3646,0.9840054438923127
0,3647,0.9825954262545815
0,3648,0.9827700186627655
0,3649,0.9939199231226206
0,3650,0.9751057030730645
0,3651,0.9910208281349742
0,3652,0.9726573738753134
0,3653,0.98884062277564
0,3654,0.9900451124085937
0,3655,0.9934820075476767
0,3656,0.9975085341042439
0,3657,0.9915033687917083
0,3658,0.9872700095523735
0,3659,0.993560743712856
0,3660,0.9136694362248005
0,3661,0.988271440597134
0,3662,0.973149236860434
0,3663,0.972915383377563
0,3664,0.9444396460819973
0,3665,0.9987182887141872
0,3666,0.9656883840511887
0,3667,0.966533323900615
0,3668,0.9621214124141649
0,3669,0.9735980507547446
0,3670,0.9879213061822635
0,3671,0.987242369908755
0,3672,0.9970163665209953
0,3673,0.9961696907810318
0,3674,0.9886339397026537
0,3675,0.9904192971822962
0,3676,0.991735638106721
0,3677,0.9924750292770826
0,3678,0.9810779328592519
0,3679,0.9847915958487777
0,3680,0.9942784394823581
0,3681,0.9402683198946981
0,3682,0.9908850284945062
0,3683,0.939691911971609
0,3684,0.9948360309997807
0,3685,0.915773092779959
0,3686,0.9951157329735041
0,3687,0.9784524720897047
0,3688,0.9918692260318914
0,3689,0.9961658155059859
0,3690,0.9561683648828605
0,3691,0.9945840149914922
0,3692,0.9799532709705683
0,3693,0.983783976937123
0,3694,0.9802089344267242
0,3695,0.9851142597033464
0,3696,0.9861433002019883
0,3697,0.9942541180064954
0,3698,0.9963519548912338
0,3699,0.9334588576782715
0,3700,0.9975345248704357
0,3701,0.9711791341782064
0,3702,0.9906535568642656
0,3703,0.9800498666377407
0,3704,0.9720163535536541
0,3705,0.9839918550093328
0,3706,0.9734879649064583
0,3707,0.9835714474535986
0,3708,0.9968486559270375
0,3709,0.968114728791206
0,3710,0.9855412900206004
0,3711,0.9962881491469946
0,3712,0.9951482600578093
0,3713,0.9920573028049217
0,3714,0.991228123924649
0,3715,0.9752447811149219
0,3716,0.9872355687510421
0,3717,0.9916859677131983
0,3718,0.9925399943003843
0,3719,0.9972852484776317
0,3720,0.9942633371427158
0,3721,0.9676950719335727
0,3722,0.9580152870784505
0,3723,0.996673772932957
0,3724,0.9484392791742432
0,3725,0.9973186051250824
0,3726,0.982799700949119
0,3727,0.9758697298385858
0,3728,0.9850287105964802
0,3729,0.9714740270917904
0,3730,0.9914134452754916
0,3731,0.9921891165559198
0,3732,0.9834859591432661
0,3733,0.9931998337653994
0,3734,0.9716336642303135
0,3735,0.9939565605605026
0,3736,0.9683961696735693
0,3737,0.9917774715645452
0,3738,0.99060440501009
0,3739,0.9862099771989756
0,3740,0.989530668528873
0,3741,0.9874604588152933
0,3742,0.9891230243216522
0,3743,0.9897752719650492
0,3744,0.9703985015320432
0,3745,0.9956368635054335
0,3746,0.9860640588896529
0,3747,0.9758019936980163
0,3748,0.9745272403015149
0,3749,0.9844597762638121
0,3750,0.990385322463657
0,3751,0.9861883857904046
0,3752,0.998209926162548
0,3753,0.9587110754220942
0,3754,0.9921717223723098
0,3755,0.9846725981344291
0,3756,0.9841589664314275
0,3757,0.9884573348943418
0,3758,0.9909869439333732
0,3759,0.985552540767827
0,3760,0.9899087213953437
0,3761,0.987824090654533
0,3762,0.9589295714074308
0,3763,0.9889793060056157
0,3764,0.9833597176828162
0,3765,0.9896110229814679
0,3766,0.9912742808363937
0,3767,0.9788157286016381
0,3768,0.9799209678989341
0,3769,0.9835211627392937
0,3770,0.9420159727139533
0,3771,0.9937673518882973
0,3772,0.9876955200217722
0,3773,0.9861098861680202
0,3774,0.9880566808086636
0,3775,0.9799880337435166
0,3776,0.9933653475439723
0,3777,0.9746361670647519
0,3778,0.9825662934759071
0,3779,0.9739012354338973
0,3780,0.9797573042364496
0,3781,0.9863231537675424
0,3782,0.9798687803317414
0,3783,0.9880287659442862
0,3784,0.978940127142005
0,3785,0.9590949982798394
0,3786,0.9866359477652524
0,3787,0.9822919136984742
0,3788,0.984037935216087
0,3789,0.9840783398076981
0,3790,0.9943900968583294
0,3791,0.9946748951040439
0,3792,0.9922844404431999
0,3793,0.9516590073453479
0,3794,0.9984020852778435
0,3795,0.9835124418155343
0,3796,0.9938521230013102
0,3797,0.9885882302365602
0,3798,0.9880761214224175
0,3799,0.973319387489722
0,3800,0.9791393476518356
0,3801,0.993909385466625
0,3802,0.9976143973532434
0,3803,0.9737176520276785
0,3804,0.9912580215611646
0,3805,0.9781180741804383
0,3806,0.9864457102906079
0,3807,0.9755498632932413
0,3808,0.9865033152724063
0,3809,0.9688855859916273
0,3810,0.9846108750047912
0,3811,0.9743852778660897
0,3812,0.9873954754464673
0,3813,0.9690146220810214
0,3814,0.9966353385875437
0,3815,0.997441315349665
0,3816,0.9758924919913178
0,3817,0.978651277507098
0,3818,0.9814484070321725
0,3819,0.978420791970223
0,3820,0.9820197797898539
0,3821,0.9908570717335706
0,3822,0.9937612918605546
0,3823,0.9793494754442563
0,3824,0.9788593315988723
0,3825,0.9875189056191438
0,3826,0.9829249236709005
0,3827,0.9960273016610803
0,3828,0.9898976938831096
0,3829,0.984435612416407
0,3830,0.9758228953091959
0,3831,0.9836477144868311
0,3832,0.9838263523569885
0,3833,0.9794569262197299
0,3834,0.9963045471488421
0,3835,0.9888491245861201
0,3836,0.9909493660846879
0,3837,0.9782029209599737
0,3838,0.9942718552676942
0,3839,0.9830082543052676
0,3840,0.9839445952026271
0,3841,0.9885779969617794
0,3842,0.9740705603387821
0,3843,0.9607224373562063
0,3844,0.9573406686707651
0,3845,0.9916597112942958
0,3846,0.9795289020358952
0,3847,0.9913517299571721
0,3848,0.9569396451798191
0,3849,0.9950514090482
0,3850,0.9951503618587879
0,3851,0.9872064107890584
0,3852,0.978718019439728
0,3853,0.9765933099038724
0,3854,0.9802176159691776
0,3855,0.9779889422007024
0,3856,0.987474450856948
0,3857,0.9874927123711338
0,3858,0.9881521260305541
0,3859,0.9874963302845995
0,3860,0.9882550860149973
0,3861,0.9734559332013621
0,3862,0.983549983680556
0,3863,0.9931189878813844
0,3864,0.9691750493798443
0,3865,0.989815414527964
0,3866,0.9872889022999441
0,3867,0.9929949747022249
0,3868,0.9881490923122789
0,3869,0.9960416287486811
0,3870,0.9829384736780956
0,3871,0.962153015807539
0,3872,0.9893711601258419
0,3873,0.9774402446990242
0,3874,0.9813932720078163
0,3875,0.984465730706007
0,3876,0.9714907765895742
0,3877,0.997081077112288
0,3878,0.9670394535460225
0,3879,0.994992201753736
0,3880,0.9748295566263249
0,3881,0.9727044665190128
0,3882,0.9953804708295491
0,3883,0.9511222944896329
0,3884,0.9912981859163977
0,3885,0.9687846696490853
0,3886,0.9911066338373775
0,3887,0.9804240461080057
0,3888,0.9948353600690093
0,3889,0.980071096152228
0,3890,0.9923588737480065
0,3891,0.9885442316957755
0,3892,0.9899541130290217
0,3893,0.990048847052608
0,3894,0.9898026132629174
0,3895,0.992758792939838
0,3896,0.9829593634829136
0,3897,0.9753155188316326
0,3898,0.9843687720207086
0,3899,0.9933516888288237
0,3900,0.9556536113221582
0,3901,0.9952241447332527
0,3902,0.9793261097385927
0,3903,0.9882723905348186
0,3904,0.9931682317829545
0,3905,0.9692863955345314
0,3906,0.9850626771551115
0,3907,0.9677169156191134
0,3908,0.9858531301161576
0,3909,0.9732032146873364
0,3910,0.9966982429428948
0,3911,0.9672512317664838
0,3912,0.9818364289294247
0,3913,0.9929668332326916
0,3914,0.9672178460891633
0,3915,0.9668619620873268
0,3916,0.9866750103444931
0,3917,0.9618557185329547
0,3918,0.9906147191608722
0,3919,0.9844454311117338
0,3920,0.9904530800967131
0,3921,0.9755318054676223
0,3922,0.988332368720313
0,3923,0.9845731647572629
0,3924,0.9871255041605906
0,3925,0.9862958223470952
0,3926,0.9736635236576338
0,3927,0.9927820360678772
0,3928,0.9977678939691462
0,3929,0.9698150732517132
0,3930,0.9990588444912712
0,3931,0.9730934998886407
0,3932,0.9864712773464968
0,3933,0.9796593957113977
0,3934,0.9888936753470841
0,3935,0.9832937093999259
0,3936,0.9965829543164779
0,3937,0.8698910155507679
0,3938,0.9987556259357139
0,3939,0.9089292170028407
0,3940,0.9952020313349008
0,3941,0.9789257441885999
0,3942,0.9650914506887753
0,3943,0.9952500293776558
0,3944,0.9872334628288002
0,3945,0.9859690681835239
0,3946,0.9885038825801521
0,3947,0.9761512783097058
0,3948,0.9768478504707192
0,3949,0.9676714527706888
0,3950,0.9927849246053683
0,3951,0.9990566353037778
0,3952,0.9915096789073747
0,3953,0.9963449480601466
0,3954,0.8262041456339287
0,3955,0.9951508091138082
0,3956,0.990834343381923
0,3957,0.9811881975732588
0,3958,0.9920416630251871
0,3959,0.9880144378104124
0,3960,0.9809096044550792
0,3961,0.9793263577458904
0,3962,0.9950070744722399
0,3963,0.9973404657884074
0,3964,0.9777752385786208
0,3965,0.9803695951603083
0,3966,0.987802570935049
0,3967,0.9595929216351007
0,3968,0.9885872245404407
0,3969,0.9924382724604243
0,3970,0.9872176850611147
0,3971,0.9752357113137625
0,3972,0.9880103403068677
0,3973,0.976940178355288
0,3974,0.9817492635666522
0,3975,0.987651072524868
0,3976,0.9810435515863515
0,3977,0.9926101240855998
0,3978,0.9910603771019283
0,3979,0.9965560267528086
0,3980,0.9956220194072942
0,3981,0.9954109536758158
0,3982,0.991467648991472
0,3983,0.977804782652437
0,3984,0.9892704834427261
0,3985,0.9805340201634362
0,3986,0.9695433113896285
0,3987,0.9786704655496561
0,3988,0.9910939100171735
0,3989,0.9825967778116522
0,3990,0.991924101085948
0,3991,0.9835074964247488
0,3992,0.9814625877530616
0,3993,0.9781062904047892
0,3994,0.9838590337969465
0,3995,0.9838685998718943
0,3996,0.9762435852062821
0,3997,0.9789710817483183
0,3998,0.9856553725892686
0,3999,0.9955597452270364
0,4000,0.9538701221328458
0,4001,0.9877871324473736
0,4002,0.9732704679434045
0,4003,0.9936120571534991
0,4004,0.9770964649065462
0,4005,0.9578089732796069
0,4006,0.990948969556574
0,4007,0.9691510248275989
0,4008,0.9876240817002264
0,4009,0.9858149957789801
0,4010,0.9898219708420619
0,4011,0.9927453132709182
0,4012,0.994732139874325
0,4013,0.9749574489120639
0,4014,0.995327870271157
0,4015,0.9704958022106986
0,4016,0.9598490094482295
0,4017,0.992578068283189
0,4018,0.9466312346047787
0,4019,0.9894742163405671
0,4020,0.9744360322039414
0,4021,0.9661486325396877
0,4022,0.9920414078659343
0,4023,0.9781786189059912
0,4024,0.9801830757818458
0,4025,0.9961458192664799
0,4026,0.9847661407513615
0,4027,0.9904424534520494
0,4028,0.9899293201005245
0,4029,0.9939577705200531
0,4030,0.9823894797700298
0,4031,0.9871396295736176
0,4032,0.9900081678352635
0,4033,0.9953374317678717
0,4034,0.9686802274452894
0,4035,0.995817049675045
0,4036,0.9770806442772704
0,4037,0.9904856336998981
0,4038,0.9793755696202919
0,4039,0.9890315514399636
0,4040,0.9758995106584496
0,4041,0.9935780662805658
0,4042,0.990763044299821
0,4043,0.9919486547740526
0,4044,0.9771482720584287
0,4045,0.9924875301617907
0,4046,0.9847974328964695
0,4047,0.992271330039912
0,4048,0.9809136847202802
0,4049,0.956959249595436
0,4050,0.990230178072237
0,4051,0.9925141100012118
0,4052,0.9944982435968386
0,4053,0.9814057425484757
0,4054,0.9955632482108594
0,4055,0.9801245758433708
0,4056,0.9749370619344464
0,4057,0.9942527069380894
0,4058,0.9759743139459781
0,4059,0.9929509257699022
0,4060,0.9717068614092459
0,4061,0.9938175186379149
0,4062,0.9961803124481652
0,4063,0.9669569303485263
0,4064,0.9738509989772258
0,4065,0.9942989877298704
0,4066,0.9658201124741974
0,4067,0.9952090544398714
0,4068,0.9749959876218363
0,4069,0.9905716251955076
0,4070,0.9862557153831696
0,4071,0.9852357086070329
0,4072,0.9984593599814986
0,4073,0.9689206605313208
0,4074,0.9925456546039386
0,4075,0.9904276986170814
0,4076,0.9811279263073438
0,4077,0.9698784239863932
0,4078,0.9675768688383666
0,4079,0.9863570577785626
0,4080,0.9876359239291009
0,4081,0.9900401911307357
0,4082,0.988988930580354
0,4083,0.9794576659690613
0,4084,0.9954684618839834
0,4085,0.9625273247988554
0,4086,0.992969553765007
0,4087,0.9683594384291007
0,4088,0.9890238532648097
0,4089,0.9845142411886539
0,4090,0.9834968221250748
0,4091,0.9861700588052337
0,4092,0.9817584880183954
0,4093,0.9889478255878189
0,4094,0.9761442839006238
0,4095,0.98693987848769
0,4096,0.9821317534387272
0,4097,0.9910047703726923
0,4098,0.9859743707013663
0,4099,0.9833368316160098
0,4100,0.9689291630592127
0,4101,0.9842206768084348
0,4102,0.9670913930164886
0,4103,0.9914579396999604
0,4104,0.9709156799394901
0,4105,0.9964678127498158
0,4106,0.9921460111134457
0,4107,0.9805930108494046
0,4108,0.9831565009769415
0,4109,0.9929654702282972
0,4110,0.974368200133323
0,4111,0.9938245237164921
0,4112,0.9707419759711462
0,4113,0.99473246253851
0,4114,0.9821402302164859
0,4115,0.9918505868823075
0,4116,0.9911505849706076
0,4117,0.9819888737126569
0,4118,0.9692915733442775
0,4119,0.9946890345962555
0,4120,0.929556786415157
0,4121,0.9903282784059428
0,4122,0.9933814275070911
0,4123,0.9865546128236085
0,4124,0.9785106744135718
0,4125,0.9911374241413108
0,4126,0.9889360081279979
0,4127,0.9901510660971079
0,4128,0.9162185589078294
0,4129,0.9306406837902275
0,4130,0.9948678942995498
0,4131,0.9659710486621347
0,4132,0.9854110549421973
0,4133,0.9931119934452273
0,4134,0.9645987563362203
0,4135,0.9944288076591341
0,4136,0.9689205777310486
0,4137,0.9777836228486151
0,4138,0.9861542820522623
0,4139,0.9812374647291298
0,4140,0.9915170843737412
0,4141,0.9880689649945696
0,4142,0.9920597810359224
0,4143,0.9870868296405829
0,4144,0.9828157422519999
0,4145,0.9661595109944893
0,4146,0.9955546548338696
0,4147,0.9983221668600258
0,4148,0.9960540719403994
0,4149,0.984100339697785
0,4150,0.9964228810720499
0,4151,0.9937930247073384
0,4152,0.9727420657736272
0,4153,0.9842141649759504
0,4154,0.9743199812390057
0,4155,0.9977122675879193
0,4156,0.9569811042492826
0,4157,0.9812200730190356
0,4158,0.9920608788131162
0,4159,0.9659061804387945
0,4160,0.9934535814247748
0,4161,0.9855295041605036
0,4162,0.9837922859405601
0,4163,0.9813582018958802
0,4164,0.9809474133985757
0,4165,0.9945471330512474
0,4166,0.9894114392396988
0,4167,0.9902599919513304
0,4168,0.98026061698645
0,4169,0.9933815451584973
0,4170,0.9902672131039921
0,4171,0.9731120897720992
0,4172,0.989487898106619
0,4173,0.9822748874615554
0,4174,0.9938526386813057
0,4175,0.9853589182926964
0,4176,0.9841163026779696
0,4177,0.9868457041809877
0,4178,0.996780771412619
0,4179,0.9813552687866428
0,4180,0.9876969547737301
0,4181,0.9905308530641821
0,4182,0.9573219785812447
0,4183,0.9849924354292314
0,4184,0.9901641223020649
0,4185,0.9816787607008478
0,4186,0.9884983634788364
0,4187,0.989432460252718
0,4188,0.9631086995325372
0,4189,0.9930093029974685
0,4190,0.982551933125315
0,4191,0.9915122336425845
0,4192,0.9935695093053926
0,4193,0.9747605026041373
0,4194,0.9806658523038804
0,4195,0.9880542652284491
0,4196,0.989705897223075
0,4197,0.979519652413072
0,4198,0.9775877394398249
0,4199,0.9712458071218774
0,4200,0.9878895369908495
0,4201,0.9940915576739229
0,4202,0.9976659792120034
0,4203,0.9910692054375226
0,4204,0.9792138942780205
0,4205,0.9832583421838872
0,4206,0.9881962030083001
0,4207,0.9949473083026569
0,4208,0.9891195058819546
0,4209,0.9939277261112762
0,4210,0.990340687442501
0,4211,0.9925279685032681
0,4212,0.970915770336241
0,4213,0.9751693638936902
0,4214,0.9739091018374563
0,4215,0.9951286269743524
0,4216,0.9672975560099228
0,4217,0.9839705104899512
0,4218,0.9909208676848256
0,4219,0.9925652496709896
0,4220,0.9910987084098306
0,4221,0.9814200146891638
0,4222,0.989922175305842
0,4223,0.9940317246359124
0,4224,0.9946004632715233
0,4225,0.9825907320920879
0,4226,0.9773868422270315
0,4227,0.9882475480584542
0,4228,0.9786617695345577
0,4229,0.9921472492981538
0,4230,0.9799495176342214
0,4231,0.9844699782069544
0,4232,0.967839065353825
0,4233,0.9308194438880357
0,4234,0.9847150838258565
0,4235,0.9876037192158216
0,4236,0.993092031434227
0,4237,0.9941010105620094
0,4238,0.9657372619027002
0,4239,0.98886029633873
0,4240,0.9663504308057504
0,4241,0.9791618856934695
0,4242,0.9871664200304113
0,4243,0.9810087504971943
0,4244,0.994861650712246
0,4245,0.9915900255822496
0,4246,0.9714868816650326
0,4247,0.97883004395007
0,4248,0.9948015202191002
0,4249,0.9776708883064406
0,4250,0.9739718000625333
0,4251,0.9892923836543113
0,4252,0.9626452652132442
0,4253,0.9938059801336577
0,4254,0.9772297595760975
0,4255,0.971546679643247
0,4256,0.9833938113120457
0,4257,0.9624456135902402
0,4258,0.9851771504589568
0,4259,0.9807100978982276
0,4260,0.9821749231790492
0,4261,0.9792532396594369
0,4262,0.9899209370565889
0,4263,0.995919598815987
0,4264,0.9896588755700209
0,4265,0.9606901797475312
0,4266,0.9967722533660435
0,4267,0.9742894745903589
0,4268,0.9861675851707912
0,4269,0.9548285798382417
0,4270,0.9964015059932045
0,4271,0.9938443673645462
0,4272,0.9783377055702737
0,4273,0.9813525482717654
0,4274,0.9865741979093291
0,4275,0.9925886351205042
0,4276,0.9471146923456609
0,4277,0.9959088781565216
0,4278,0.9647003472113792
0,4279,0.9719509304610595
0,4280,0.9963646994485594
0,4281,0.999059757467855
0,4282,0.9545991811346184
0,4283,0.9754971213720454
0,4284,0.9831649316960507
0,4285,0.9861193236184752
0,4286,0.9643867597632201
0,4287,0.9926871659857583
0,4288,0.982870172701243
0,4289,0.9702776284992258
0,4290,0.9033409481425082
0,4291,0.9843664693360924
0,4292,0.9771246104690038
0,4293,0.9890555899951786
0,4294,0.974817253657875
0,4295,0.9830239994419553
0,4296,0.9848504206493652
0,4297,0.993362151162651
0,4298,0.9370252963601363
0,4299,0.995910833624848
0,4300,0.9888330820300565
0,4301,0.9924477585994851
0,4302,0.9870946363012925
0,4303,0.9907529768412698
0,4304,0.9895574307899462
0,4305,0.9808496852868748
0,4306,0.9674321529607806
0,4307,0.9933410752788988
0,4308,0.9742896654586741
0,4309,0.9890499948930038
0,4310,0.9818648317874288
0,4311,0.9818068995978128
0,4312,0.964814480247231
0,4313,0.9677439308355616
0,4314,0.9792580906409561
0,4315,0.9820567349189888
0,4316,0.9884492967368831
0,4317,0.9795563347612793
0,4318,0.9889925857729518
0,4319,0.9649290385512705
0,4320,0.9757493248222556
0,4321,0.9918072915215274
0,4322,0.9594495601464654
0,4323,0.991839846077467
0,4324,0.9774565618049684
0,4325,0.9900088658230769
0,4326,0.9954632835342657
0,4327,0.9935986522227985
0,4328,0.9910851948662026
0,4329,0.9825652867591532
0,4330,0.9949723085400812
0,4331,0.9850267991736522
0,4332,0.9837168029085414
0,4333,0.9913310697659411
0,4334,0.992175168771781
0,4335,0.9860881136458115
0,4336,0.9823952989522119
0,4337,0.9893370464897417
0,4338,0.9508588901116153
0,4339,0.9716048184844854
0,4340,0.9897813041286234
0,4341,0.9946696116193151
0,4342,0.9940858124985922
0,4343,0.9844508110755695
0,4344,0.9691148652983274
0,4345,0.9929425672481874
0,4346,0.9979161142429593
0,4347,0.9874678982351882
0,4348,0.9939813523140214
0,4349,0.9858192755896182
0,4350,0.9872642027188165
0,4351,0.9870259259855796
0,4352,0.9852193034087536
0,4353,0.9918711127802072
0,4354,0.9667208765819543
0,4355,0.931612303312037
0,4356,0.9639058339105439
0,4357,0.993614490274764
0,4358,0.9803091056267405
0,4359,0.9962808242878141
0,4360,0.9860783220042395
0,4361,0.9791845595605928
0,4362,0.9549483032071433
0,4363,0.9987160923055877
0,4364,0.996782005839246
0,4365,0.964325671401379
0,4366,0.9912345183852325
0,4367,0.9875869444794502
0,4368,0.9901384201221946
0,4369,0.9670010728169255
0,4370,0.9842798249563577
0,4371,0.9962709079096479
0,4372,0.9412490415642324
0,4373,0.9508437255073543
0,4374,0.9975019815823457
0,4375,0.8933771929737083
0,4376,0.9882943768335674
0,4377,0.994276901868634
0,4378,0.9741977037393335
0,4379,0.995304443110343
0,4380,0.9582862504506469
0,4381,0.9770025768545484
0,4382,0.9932194985560411
0,4383,0.9818597735836535
0,4384,0.9873908818388585
0,4385,0.9910641673659112
0,4386,0.9963826649188721
0,4387,0.9454288633800346
0,4388,0.9908699303528276
0,4389,0.9720769184170845
0,4390,0.9965637896151865
0,4391,0.9905441025839598
0,4392,0.9839551967796094
0,4393,0.9909567896982436
0,4394,0.9549938993836246
0,4395,0.9837452604294118
0,4396,0.9716962338183109
0,4397,0.9911400777197463
0,4398,0.9738895614043835
0,4399,0.9958923297475069
0,4400,0.9635232414785393
0,4401,0.9926005963972347
0,4402,0.9850110995516765
0,4403,0.9640134062930246
0,4404,0.9459164576284886
0,4405,0.9823179601683182
0,4406,0.9975801295313631
0,4407,0.9975500003239502
0,4408,0.9463044754913416
0,4409,0.96455854439616
0,4410,0.9872156155239359
0,4411,0.9577676560439728
0,4412,0.988722360933347
0,4413,0.9845079956830275
0,4414,0.9622158429940305
0,4415,0.9865560522534574
0,4416,0.9914635946138649
0,4417,0.9916301936042363
0,4418,0.9836279648154801
0,4419,0.990792306797287
0,4420,0.9661201521617916
0,4421,0.9949425153068573
0,4422,0.9311528932723421
0,4423,0.9767684475193379
0,4424,0.9887388872071765
0,4425,0.9916436193451839
0,4426,0.9868336685808585
0,4427,0.9906939061941223
0,4428,0.9905824376103294
0,4429,0.9832072049024028
0,4430,0.9914082661353905
0,4431,0.9703986673171417
0,4432,0.9861552927360271
0,4433,0.9741875931153553
0,4434,0.9907057070093863
0,4435,0.9933440390882622
0,4436,0.9898525988413805
0,4437,0.9869825561208667
0,4438,0.9565791146796048
0,4439,0.992173398028745
0,4440,0.9534901428671985
0,4441,0.9878833880156871
0,4442,0.9841732754748594
0,4443,0.9949604630218997
0,4444,0.9767444192659874
0,4445,0.9889001865020445
0,4446,0.9809993873034496
0,4447,0.9864135732373979
0,4448,0.9797947263750554
0,4449,0.9933283910478414
0,4450,0.9337606595055363
0,4451,0.9846111345687231
0,4452,0.9922626487272145
0,4453,0.9790079080507286
0,4454,0.9773040990256986
0,4455,0.9669047430008276
0,4456,0.9818838340093293
0,4457,0.9587674915796517
0,4458,0.9788915083370433
0,4459,0.9788435219072159
0,4460,0.9774474295770476
0,4461,0.9781305581600321
0,4462,0.9718932973698098
0,4463,0.9969947019407179
0,4464,0.9195020547401983
0,4465,0.995123273789808
0,4466,0.9553626061523861
0,4467,0.9932553133132186
0,4468,0.9938392224276384
0,4469,0.9420323578912323
0,4470,0.9880253673029094
0,4471,0.9845213150926271
0,4472,0.9901549424991768
0,4473,0.9955744379097379
0,4474,0.9701564819829475
0,4475,0.9839688529208801
0,4476,0.983805878367375
0,4477,0.981052970720482
0,4478,0.9900173296065132
0,4479,0.9863380696901467
0,4480,0.9746451673252405
0,4481,0.9884406585218934
0,4482,0.9889516832367288
0,4483,0.9799286036395028
0,4484,0.9787546324239423
0,4485,0.9879846692269005
0,4486,0.9662042202841534
0,4487,0.9907435282296545
0,4488,0.9936396525333054
0,4489,0.9645757077002781
0,4490,0.9973386836959314
0,4491,0.9708302356678232
0,4492,0.9862293525903492
0,4493,0.9928889989789765
0,4494,0.9641174520449453
0,4495,0.9923833543256569
0,4496,0.9703010371391608
0,4497,0.9947037775199101
0,4498,0.9715392428638477
0,4499,0.9900954234108588
0,4500,0.9828353331357852
0,4501,0.9789304485208676
0,4502,0.9535950561099179
0,4503,0.9676165519845517
0,4504,0.9873487860688435
0,4505,0.97421044476606
0,4506,0.9865337404502843
0,4507,0.9864467635602955
0,4508,0.9820375518654166
0,4509,0.9716533099599904
0,4510,0.9933855850043045
0,4511,0.9804328452374453
0,4512,0.9747270144373109
0,4513,0.9927439592886191
0,4514,0.9933874029459394
0,4515,0.9874642425614931
0,4516,0.9956797872292332
0,4517,0.9843709689401232
0,4518,0.9812107308335677
0,4519,0.992098818347882
0,4520,0.9861049772740064
0,4521,0.9806086546928774
0,4522,0.9752624676786242
0,4523,0.9791458502686416
0,4524,0.9925734080960011
0,4525,0.9526791493931492
0,4526,0.9797950302122052
0,4527,0.9860655338168767
0,4528,0.9705321013216408
0,4529,0.9961444941850608
0,4530,0.9841814069438718
0,4531,0.9924709843497259
0,4532,0.9737489139274248
0,4533,0.9759866572995247
0,4534,0.9766292555926765
0,4535,0.9793792917533821
0,4536,0.9770090960342592
0,4537,0.9910958218662828
0,4538,0.9824977037370114
0,4539,0.9801329172121183
0,4540,0.9926886108633339
0,4541,0.9738005197785492
0,4542,0.9743231808879881
0,4543,0.9803392087693686
0,4544,0.9778474568729971
0,4545,0.9680823580310968
0,4546,0.9932687279044059
0,4547,0.9519550536986278
0,4548,0.9975582146020688
0,4549,0.9664187042926946
0,4550,0.9885674835045646
0,4551,0.9837583659356787
0,4552,0.99033203791852
0,4553,0.9915529032367647
0,4554,0.9965112177297716
0,4555,0.9859683702608004
0,4556,0.9950970900991847
0,4557,0.9723378989572794
0,4558,0.9893354759519212
0,4559,0.9708138727807658
0,4560,0.9767523649944015
0,4561,0.9829882574425138
0,4562,0.9889700986327322
0,4563,0.9832599130324297
0,4564,0.9925828286694989
0,4565,0.9889414690134172
0,4566,0.9894310255677311
0,4567,0.989561599639716
0,4568,0.9684189565812357
0,4569,0.9824296189914319
0,4570,0.9857008151315313
0,4571,0.9944369085511127
0,4572,0.9853001138996498
0,4573,0.9746858535282451
0,4574,0.9801705065685016
0,4575,0.965005306229212
0,4576,0.989205190922793
0,4577,0.9746064388317223
0,4578,0.9884624542676022
0,4579,0.9804358886580702
0,4580,0.9639078744260815
0,4581,0.9886693474109302
0,4582,0.9865879291886965
0,4583,0.9834261994081205
0,4584,0.9685371150783711
0,4585,0.9929034363773314
0,4586,0.9555767286129478
0,4587,0.9950829718854739
0,4588,0.9861161183843985
0,4589,0.994447955694226
0,4590,0.9920958913950376
0,4591,0.986002728461615
0,4592,0.9895827608972171
0,4593,0.9915787568546279
0,4594,0.9782346881161494
0,4595,0.9851825981270664
0,4596,0.9697715460564343
0,4597,0.9962289300645834
0,4598,0.980934723438714
0,4599,0.9969928880439205
0,4600,0.9502806854644826
0,4601,0.9568253306550055
0,4602,0.9804848824260145
0,4603,0.9860487945536118
0,4604,0.9892471804090086
0,4605,0.9916603102931066
0,4606,0.9791343090249893
0,4607,0.9791645649087489
0,4608,0.9888777050144125
0,4609,0.989279666516384
0,4610,0.9858643088210466
0,4611,0.9852357415032776
0,4612,0.9800428642738583
0,4613,0.983759825524399
0,4614,0.98914031371503
0,4615,0.9871795410268801
0,4616,0.9780234051574076
0,4617,0.9788088107555474
0,4618,0.9867124656507823
0,4619,0.9883283023231337
0,4620,0.9726542796281389
0,4621,0.9709820006535494
0,4622,0.9969569477141009
0,4623,0.9578699143979945
0,4624,0.9865634406490202
0,4625,0.9768740199625923
0,4626,0.9888853996713421
0,4627,0.9794391024313331
0,4628,0.9871400002411945
0,4629,0.9801244380347838
0,4630,0.9869948811195197
0,4631,0.9926278388594548
0,4632,0.9888354970064904
0,4633,0.9876531109619178
0,4634,0.9911689318584128
0,4635,0.9674251085707788
0,4636,0.9933053774760253
0,4637,0.9776159899695115
0,4638,0.9844395824329842
0,4639,0.9892109765111289
0,4640,0.9941248688715747
0,4641,0.9791805624133167
0,4642,0.9935432434548453
0,4643,0.9860386484795385
0,4644,0.9768507712372443
0,4645,0.9967200719957248
0,4646,0.9710853216833489
0,4647,0.9949134349730189
0,4648,0.9855745146293271
0,4649,0.9870556540118399
0,4650,0.9925954700117816
0,4651,0.9710987576593832
0,4652,0.9974773372466792
0,4653,0.9973886151942195
0,4654,0.9724416303277955
0,4655,0.9915128941234186
0,4656,0.9759238488356248
0,4657,0.9871279765502156
0,4658,0.97855345101243
0,4659,0.989988416947592
0,4660,0.9831281749656098
0,4661,0.9928076652433753
0,4662,0.9681509043924766
0,4663,0.9685551740384799
0,4664,0.9861457132810187
0,4665,0.9827783299025444
0,4666,0.9942309592369747
0,4667,0.9826369550998332
0,4668,0.9828719358859792
0,4669,0.9720290667554848
0,4670,0.9908848246134047
0,4671,0.990902255140763
0,4672,0.9504727341625143
0,4673,0.8530518284312395
0,4674,0.9961574651414131
0,4675,0.9539294869772373
0,4676,0.9940443512547681
0,4677,0.9768177815056813
0,4678,0.9926580412859183
0,4679,0.9850438353700575
0,4680,0.9962920178032121
0,4681,0.981005050703383
0,4682,0.9920558017305348
0,4683,0.9885869380945972
0,4684,0.9922985118328848
0,4685,0.9100026463321871
0,4686,0.9986171270523103
0,4687,0.9974765565411715
0,4688,0.9968796590613984
0,4689,0.931922160707579
0,4690,0.9946123424994933
0,4691,0.9920080207433807
0,4692,0.9773143296262167
0,4693,0.99097149105443
0,4694,0.9925126645186132
0,4695,0.9806140770242665
0,4696,0.9737120552150622
0,4697,0.9914559671768328
0,4698,0.9820731202325403
0,4699,0.9901356110844011
0,4700,0.9897231836248193
0,4701,0.9944677176750029
0,4702,0.9660765600363377
0,4703,0.9788408445013798
0,4704,0.9844081489181125
0,4705,0.9818142513511533
0,4706,0.9934558871035135
0,4707,0.9738827511201612
0,4708,0.9978482532905091
0,4709,0.9898012420716199
0,4710,0.9833823088829393
0,4711,0.9954746249130142
0,4712,0.9809249870983294
0,4713,0.9935170819745381
0,4714,0.9493476346149827
0,4715,0.9917951557475594
0,4716,0.9749131043283847
0,4717,0.9900428554435585
0,4718,0.9456474293155014
0,4719,0.9937935468358338
0,4720,0.9629672392340262
0,4721,0.9510015523780897
0,4722,0.9943096044103383
0,4723,0.9857690565464197
0,4724,0.9881179144385567
0,4725,0.9744493590104508
0,4726,0.9839929428306392
0,4727,0.9605333160091075
0,4728,0.9918242390486574
0,4729,0.987605997375324
0,4730,0.9947629961622646
0,4731,0.9693467370941035
0,4732,0.9816454165525133
0,4733,0.9893001887223779
0,4734,0.9762994439027332
0,4735,0.9958852105121427
0,4736,0.9777105007653771
0,4737,0.9854585452467067
0,4738,0.984604553181423
0,4739,0.960898428234527
0,4740,0.9849898625181782
0,4741,0.9886464047789583
0,4742,0.991705893376633
0,4743,0.9906382938909926
0,4744,0.9941542405956046
0,4745,0.9647758193068668
0,4746,0.9826102344618789
0,4747,0.9826184617335497
0,4748,0.9894404587013127
0,4749,0.9880059710982181
0,4750,0.9952953688189737
0,4751,0.9708124139948856
0,4752,0.9881123202580965
0,4753,0.9922297614199015
0,4754,0.96973190736399
0,4755,0.9844391370203242
0,4756,0.986148208899994
0,4757,0.9865463790265314
0,4758,0.977622536924051
0,4759,0.9877629413304162
0,4760,0.9866900254967597
0,4761,0.973995878261427
0,4762,0.9991487305038234
0,4763,0.998939701607576
0,4764,0.9943867668269666
0,4765,0.9733742614039927
0,4766,0.9971604851065906
0,4767,0.9791052863248261
0,4768,0.993012459676899
0,4769,0.9890158300844978
0,4770,0.9960429892970958
0,4771,0.9957354217192433
0,4772,0.9775271225361893
0,4773,0.990430469548178
0,4774,0.9621820611309176
0,4775,0.9949775019131245
0,4776,0.957703201386507
0,4777,0.9978266501728896
0,4778,0.9326692129378831
0,4779,0.9915328286119796
0,4780,0.9512052049628446
0,4781,0.9953966873669654
0,4782,0.9262174408907804
0,4783,0.9966119922235867
0,4784,0.9899061679149538
0,4785,0.9961468831402921
0,4786,0.956098903586542
0,4787,0.9921896630520122
0,4788,0.953687708018608
0,4789,0.9767738987309963
0,4790,0.9909399531701781
0,4791,0.9508840841944733
0,4792,0.9952537352692276
0,4793,0.9931846589129408
0,4794,0.9700734212311038
0,4795,0.965670213932145
0,4796,0.9914544708506356
0,4797,0.9910669187066399
0,4798,0.9726613315898236
0,4799,0.9647630407032961
0,4800,0.9959305670365247
0,4801,0.9796756135712396
0,4802,0.9868393934480769
0,4803,0.9883921235676332
0,4804,0.9971882989850265
0,4805,0.9910931041032419
0,4806,0.9754755286183284
0,4807,0.9885625088723311
0,4808,0.9781204740978569
0,4809,0.9841592684974806
0,4810,0.9838459000472702
0,4811,0.971804879494851
0,4812,0.9957176421048396
0,4813,0.9701329123694488
0,4814,0.9607896118926305
0,4815,0.9851706806344747
0,4816,0.9609981607612121
0,4817,0.9842584997790408
0,4818,0.995237051543213
0,4819,0.9854218226638759
0,4820,0.9767526144574568
0,4821,0.9922333663021774
0,4822,0.9536495196124398
0,4823,0.994868933554089
0,4824,0.9932351696244116
0,4825,0.9629182575362196
0,4826,0.9914862397350944
0,4827,0.9769605625053684
0,4828,0.9833449918725227
0,4829,0.9740202046427823
0,4830,0.9889342876771601
0,4831,0.9873183426198343
0,4832,0.9733222713265874
0,4833,0.9913621469281912
0,4834,0.9886464585932672
0,4835,0.991063835854924
0,4836,0.9728103442035241
0,4837,0.9928551175521417
0,4838,0.9884378064089078
0,4839,0.9854412942855846
0,4840,0.9712507859494844
0,4841,0.9914825761091598
0,4842,0.9714408840945876
0,4843,0.9816091813855877
0,4844,0.997987233651376
0,4845,0.9968949475964121
0,4846,0.9819394952935486
0,4847,0.9759543344746064
0,4848,0.9669048412305985
0,4849,0.9812098298318137
0,4850,0.961974150653161
0,4851,0.988173184383049
0,4852,0.9859318075422876
0,4853,0.9768935911138572
0,4854,0.9841948770226103
0,4855,0.9915404765947242
0,4856,0.9894540675473835
0,4857,0.9941800340949357
0,4858,0.9798406066013535
0,4859,0.992782139347213
0,4860,0.9779202847242635
0,4861,0.9953127554815138
0,4862,0.9887719000121556
0,4863,0.9861092122119526
0,4864,0.9850244469285423
0,4865,0.9677945429839585
0,4866,0.9904152161867698
0,4867,0.9917132301689903
0,4868,0.9933933729820714
0,4869,0.9846821771032711
0,4870,0.9796894675096257
0,4871,0.9925510092508163
0,4872,0.9904398470834651
0,4873,0.9908844507420776
0,4874,0.9896150842976053
0,4875,0.9906134354090903
0,4876,0.9886484673934682
0,4877,0.9877634200644622
0,4878,0.9912799298697558
0,4879,0.9543706691141075
0,4880,0.9002072765999328
0,4881,0.9970064220945332
0,4882,0.9287736457452803
0,4883,0.9982130482697006
0,4884,0.9959592313652929
0,4885,0.9919019401357133
0,4886,0.991008558188287
0,4887,0.9926321053679429
0,4888,0.9871073392962226
0,4889,0.9855605028177468
0,4890,0.9930700595549183
0,4891,0.9566473882454152
0,4892,0.9848101959852785
0,4893,0.9911137506261232
0,4894,0.9929653734490147
0,4895,0.9512997258396755
0,4896,0.9812525109067431
0,4897,0.9988891603407857
0,4898,0.9907400116882759
0,4899,0.9887905556064503
0,4900,0.9841634002822544
0,4901,0.9919729928325878
0,4902,0.9884079261429369
0,4903,0.9677176897149642
0,4904,0.9799822358089982
0,4905,0.9913811939726547
0,4906,0.9870890863107489
0,4907,0.9576260062864611
0,4908,0.9960901858844409
0,4909,0.986236231699402
0,4910,0.9793572093562094
0,4911,0.9806705407922361
0,4912,0.9870998249941436
0,4913,0.9716335400136079
0,4914,0.9924870886456602
0,4915,0.9755671605680641
0,4916,0.9918692509639361
0,4917,0.9659681835543622
0,4918,0.9860898393670043
0,4919,0.9966645126131811
0,4920,0.9775055246448476
0,4921,0.9784412771227201
0,4922,0.9894386459169268
0,4923,0.977276192169978
0,4924,0.9960515476875912
0,4925,0.9944687767138667
0,4926,0.9901977684885319
0,4927,0.9809836741080197
0,4928,0.9849243744048308
0,4929,0.9750903639947959
0,4930,0.9929696190913071
0,4931,0.9734130190642236
0,4932,0.9822360092383969
0,4933,0.9838712997948453
0,4934,0.981267743634626
0,4935,0.9652536594301067
0,4936,0.9940321698374174
0,4937,0.9755687708685473
0,4938,0.9932195273992628
0,4939,0.9659991990172598
0,4940,0.9878602785175593
0,4941,0.9690670932609612
0,4942,0.9486165670056677
0,4943,0.9927027771015704
0,4944,0.9741403788317219
0,4945,0.9821575134707851
0,4946,0.9881865663518395
0,4947,0.9917607540079534
0,4948,0.9889147000135085
0,4949,0.9638891375540334
0,4950,0.9959379844568859
0,4951,0.9932730020348245
0,4952,0.9784456942012368
0,4953,0.9898824596360126
0,4954,0.9722233883594975
0,4955,0.9934550437027238
0,4956,0.9910835197424283
0,4957,0.9519909959271926
0,4958,0.9806643423297474
0,4959,0.9865269775764048
0,4960,0.9612625944192535
0,4961,0.9966854510873007
0,4962,0.9557557987992669
0,4963,0.9742635904923108
0,4964,0.9938038504500404
0,4965,0.9447697957901678
0,4966,0.9938858484247878
0,4967,0.9689794421676935
0,4968,0.9888150420658535
0,4969,0.9949485019331266
0,4970,0.989621905228647
0,4971,0.9945191909416076
0,4972,0.9657762749193243
0,4973,0.9618091953571218
0,4974,0.989720050561689
0,4975,0.9950328635306783
0,4976,0.9958464261023651
0,4977,0.9880085789817958
0,4978,0.9958418593375534
0,4979,0.9860627903321966
0,4980,0.981446510878432
0,4981,0.9685413591194828
0,4982,0.9753834240749909
0,4983,0.9769789465494546
0,4984,0.9875854177028333
0,4985,0.9887122214523643
0,4986,0.9970595111649067
0,4987,0.9893760237211637
0,4988,0.9849487956895577
0,4989,0.9963186014353883
0,4990,0.9819939689349623
0,4991,0.9824454523987014
0,4992,0.9931468331413523
0,4993,0.9935505212395925
0,4994,0.9847540898437455
0,4995,0.9852491395904124
0,4996,0.9880971710473339
0,4997,0.9906903967366517
0,4998,0.9881168833982691
0,4999,0.985789050679412
0,5000,0.9943882021627852
0,5001,0.9967721622668229
0,5002,0.9650504957809348
0,5003,0.9948783593759978
0,5004,0.9710224830455484
0,5005,0.9761126598074287
0,5006,0.9918032211759693
0,5007,0.9639173603942192
0,5008,0.9825115156501387
0,5009,0.9947633952344288
0,5010,0.9864756948894671
0,5011,0.9761988119562994
0,5012,0.9936186366795461
0,5013,0.9972726075086801
0,5014,0.9961942144109525
0,5015,0.9871349872231304
0,5016,0.9696307026479162
0,5017,0.9960073452238005
0,5018,0.9850745975163999
0,5019,0.9888600066558205
0,5020,0.9905732364248787
0,5021,0.9900000698968767
0,5022,0.9888667269937956
0,5023,0.9599378379212706
0,5024,0.9874557568715278
0,5025,0.9733580363766192
0,5026,0.9912417307689237
0,5027,0.9776599496654982
0,5028,0.9903275914127108
0,5029,0.9907688014267088
0,5030,0.9863414827586451
0,5031,0.9818724930272318
0,5032,0.9954828966091719
0,5033,0.9820817178445029
0,5034,0.9594747858023247
0,5035,0.9743415733215283
0,5036,0.9680838800981554
0,5037,0.9709192675774857
0,5038,0.9523989577820315
0,5039,0.9825037123426751
0,5040,0.9819694302840274
0,5041,0.9886015381191062
0,5042,0.9732609607290026
0,5043,0.993147317317141
0,5044,0.9809172560387373
0,5045,0.984718042959773
0,5046,0.9931294640514418
0,5047,0.9641017231821802
0,5048,0.9875009816166992
0,5049,0.9737197015624284
0,5050,0.9950471621718658
0,5051,0.9733133945648218
0,5052,0.9898594500293016
0,5053,0.9894078472816519
0,5054,0.9793377217642888
0,5055,0.9685163962335712
0,5056,0.9794188627528013
0,5057,0.9982906240582342
0,5058,0.997495451784492
0,5059,0.9882153315223663
0,5060,0.9782100065816636
0,5061,0.9725247668906718
0,5062,0.9930582866812495
0,5063,0.9723348932910293
0,5064,0.9781616303677872
0,5065,0.9958451416928624
0,5066,0.9900697341484099
0,5067,0.9950938854559881
0,5068,0.9707298856109503
0,5069,0.98732260009364
0,5070,0.9900296428837009
0,5071,0.9906911345414666
0,5072,0.9902226985545913
0,5073,0.9887297719898693
0,5074,0.9667627870235261
0,5075,0.9793258283587217
0,5076,0.9875788469157074
0,5077,0.9898266809087406
0,5078,0.9924128554463907
0,5079,0.9818364875169561
0,5080,0.9774295966559923
0,5081,0.9884046831935843
0,5082,0.9702913376421837
0,5083,0.9810868329226975
0,5084,0.9811931570083213
0,5085,0.9857092008060784
0,5086,0.9964744897141631
0,5087,0.9971598158479472
0,5088,0.9929050114273141
0,5089,0.9930395786282716
0,5090,0.9978903847735083
0,5091,0.9919616731405041
0,5092,0.9976520117959609
0,5093,0.9907436730055184
0,5094,0.9871013010599521
0,5095,0.9760470235060432
0,5096,0.9892623916831172
0,5097,0.9676071233469381
0,5098,0.9937254230491168
0,5099,0.9696669595440229
0,5100,0.9964376610743775
0,5101,0.9846669123863209
0,5102,0.9937865039771341
0,5103,0.9893559094026833
0,5104,0.9941685057297808
0,5105,0.957178757796759
0,5106,0.9833041125615493
0,5107,0.9937729173869725
0,5108,0.9718580039907727
0,5109,0.9967247137365196
0,5110,0.9976425459706713
0,5111,0.9995610091196807
0,5112,0.9995878548950444
0,5113,0.9977446154872699
0,5114,0.9526060707560211
0,5115,0.9852354376449186
0,5116,0.9875930850057234
0,5117,0.9908931578547716
0,5118,0.96992905658865
0,5119,0.9683345663617847
0,5120,0.9921220430905758
0,5121,0.9789783941044001
0,5122,0.996907549451805
0,5123,0.988280213831727
0,5124,0.9948326613200988
0,5125,0.9829438128505591
0,5126,0.9922765088109264
0,5127,0.9765906133574123
0,5128,0.9887083804006397
0,5129,0.9798783190535854
0,5130,0.9785164074225793
0,5131,0.9749060570044683
0,5132,0.9940617286827678
0,5133,0.9883439226832696
0,5134,0.98997463662434
0,5135,0.9828818208382737
0,5136,0.9913351663096451
0,5137,0.9818361187799969
0,5138,0.9923376081000016
0,5139,0.9901717012836471
0,5140,0.9925918856985503
0,5141,0.9956960882418004
0,5142,0.9808743427348321
0,5143,0.9868675570507385
0,5144,0.9791251685830044
0,5145,0.9940500395262066
0,5146,0.9913205721808457
0,5147,0.9914577155684012
0,5148,0.9915986549629666
0,5149,0.9931449551389542
0,5150,0.9780414434843689
0,5151,0.9767322561726062
0,5152,0.9770496311675447
0,5153,0.989674493416258
0,5154,0.98310735264569
0,5155,0.9684149447306099
0,5156,0.9727328508652582
0,5157,0.9831694317565041
0,5158,0.9893008490128464
0,5159,0.9813835511704762
0,5160,0.9878758161902478
0,5161,0.9827510954499444
0,5162,0.9895472838815411
0,5163,0.9696842053863431
0,5164,0.9926930183341647
0,5165,0.9872936028347787
0,5166,0.9954797329970685
0,5167,0.9859905180196172
0,5168,0.9791445602804383
0,5169,0.9831615887171985
0,5170,0.9801445903408966
0,5171,0.977549824709001
0,5172,0.9798342551219278
0,5173,0.9901614477949564
0,5174,0.986839951502509
0,5175,0.9866221708313652
0,5176,0.9936004843400366
0,5177,0.9964224874468718
0,5178,0.9906929817220202
0,5179,0.9895319481015917
0,5180,0.9832191488132802
0,5181,0.9937065735520849
0,5182,0.9884014051776759
0,5183,0.976022431306987
0,5184,0.9849816430001301
0,5185,0.9912450921486252
0,5186,0.9734230980654455
0,5187,0.9825181635447964
0,5188,0.9481058048788173
0,5189,0.9571650179076884
0,5190,0.9810278084778568
0,5191,0.9879110890012102
0,5192,0.9836847191730015
0,5193,0.985767856689664
0,5194,0.9823026515173958
0,5195,0.9908003540410443
0,5196,0.9903340891153186
0,5197,0.9938623365744053
0,5198,0.9928286907623032
0,5199,0.9709340320692156
0,5200,0.9785204262064388
0,5201,0.9361195000238951
0,5202,0.9944814727269089
0,5203,0.9760458281873052
0,5204,0.9780925322806487
0,5205,0.9751133140085274
0,5206,0.9909873351453489
0,5207,0.9859546159385251
0,5208,0.9900960577478378
0,5209,0.9825888757112038
0,5210,0.9900791533378648
0,5211,0.9799156056505606
0,5212,0.9858216514082448
0,5213,0.9874389616247568
0,5214,0.972552445659434
0,5215,0.9862395940134674
0,5216,0.9927869660082643
0,5217,0.9920159266784195
0,5218,0.9692515116810321
0,5219,0.9784455367514051
0,5220,0.9780151406144975
0,5221,0.9859990516816947
0,5222,0.9635180473059141
0,5223,0.987508333926652
0,5224,0.9856699488467366
0,5225,0.974388829887801
0,5226,0.9824256452527027
0,5227,0.9831119092143424
0,5228,0.9921666187559907
0,5229,0.984514035655898
0,5230,0.9761926390439648
0,5231,0.9636498019383716
0,5232,0.9950237731297307
0,5233,0.956101491664798
0,5234,0.9966006842285035
0,5235,0.9973896764190182
0,5236,0.9969224326767023
0,5237,0.9303140355413421
0,5238,0.9950754903561452
0,5239,0.9902316009401216
0,5240,0.9908884628482223
0,5241,0.9756412376240977
0,5242,0.987771495971368
0,5243,0.9745492658279501
0,5244,0.9954262639838222
0,5245,0.9819512360901609
0,5246,0.9891330309038587
0,5247,0.9804724472292518
0,5248,0.9835935743237129
0,5249,0.9890944438996865
0,5250,0.9919269295217042
0,5251,0.9951063368081623
0,5252,0.9900153157080493
0,5253,0.9761619101750014
0,5254,0.9917432504874807
0,5255,0.9902071395898095
0,5256,0.9920100218697452
0,5257,0.9937566722084725
0,5258,0.9963911984042765
0,5259,0.9984054049093475
0,5260,0.9894055541351692
0,5261,0.9948563111785527
0,5262,0.9803594703412832
0,5263,0.9809358450437882
0,5264,0.9846223952364407
0,5265,0.9841869485411789
0,5266,0.9930519551979183
0,5267,0.9735141758499593
0,5268,0.9972395101215777
0,5269,0.9701323969722699
0,5270,0.9946332651834501
0,5271,0.965817211659864
0,5272,0.9901373239862035
0,5273,0.9906835346247095
0,5274,0.989681295262106
0,5275,0.9832474271795121
0,5276,0.9613547105037233
0,5277,0.9747950525286606
0,5278,0.9762796157621102
0,5279,0.9909153770390438
0,5280,0.9900390664833213
0,5281,0.9516910576491042
0,5282,0.9923797520036672
0,5283,0.9843633437393194
0,5284,0.9818247012341
0,5285,0.9859147785318139
0,5286,0.9887570740553996
0,5287,0.9924000609840278
0,5288,0.9823450150413177
0,5289,0.9826052584859307
0,5290,0.9854572717766057
0,5291,0.9717814318416153
0,5292,0.9898724629913297
0,5293,0.9965328388213686
0,5294,0.9894366699057013
0,5295,0.9793439291647116
0,5296,0.9731374087852269
0,5297,0.9943626550006315
0,5298,0.9371845056289779
0,5299,0.9965194225305212
0,5300,0.9294625191688474
0,5301,0.9975881593744067
0,5302,0.9641774077246179
0,5303,0.9961074790589426
0,5304,0.9869952034537837
0,5305,0.9854601187278362
0,5306,0.9695650611155201
0,5307,0.9855785971151606
0,5308,0.9840137405351349
0,5309,0.9810012840454302
0,5310,0.9853447601529708
0,5311,0.9920366416863003
0,5312,0.9683837995572987
0,5313,0.9957343304396314
0,5314,0.9776936022129289
0,5315,0.988114865634242
0,5316,0.9865287304904592
0,5317,0.9845754438057983
0,5318,0.9945709868441732
0,5319,0.9864251732949691
0,5320,0.9754964651125224
0,5321,0.9638501431390669
0,5322,0.9748510531970479
0,5323,0.9709415117506981
0,5324,0.9858541641133042
0,5325,0.989330464297268
0,5326,0.9771593248875737
0,5327,0.9417360535830278
0,5328,0.9954968786113136
0,5329,0.9510263805790713
0,5330,0.9952467479004793
0,5331,0.9785633836468416
0,5332,0.995059251572096
0,5333,0.9795342497454727
0,5334,0.9873043140303993
0,5335,0.9880264796298991
0,5336,0.9891142511284696
0,5337,0.9904004938781925
0,5338,0.9956508797841619
0,5339,0.9742338786091047
0,5340,0.9815238387177535
0,5341,0.9785358709491908
0,5342,0.9626377529856346
0,5343,0.9953968489622649
0,5344,0.9935979414565737
0,5345,0.9847828545334549
0,5346,0.9862188112144438
0,5347,0.9815087675724091
0,5348,0.9686217775667372
0,5349,0.99565809171001185
0,5350,0.9954056915878476
0,5351,0.9937057591974852
0,5352,0.986450163060797
0,5353,0.9757814773285103
0,5354,0.9946563509710863
0,5355,0.9834906697699666
0,5356,0.9949167183194884
0,5357,0.9953159670659549
0,5358,0.9914255092550444
0,5359,0.9881798662268003
0,5360,0.9950110986448921
0,5361,0.9889603540518298
0,5362,0.9859687651655813
0,5363,0.9870851884410602
0,5364,0.9898611897802031
0,5365,0.9462148872783577
0,5366,0.9639544355010373
0,5367,0.9815044930939666
0,5368,0.9901069690882743
0,5369,0.9888846696428625
0,5370,0.9661649236331077
0,5371,0.9926875803112674
0,5372,0.967105899257653
0,5373,0.9858191398013226
0,5374,0.991031643482735
0,5375,0.9860409211763561
0,5376,0.9926617393703816
0,5377,0.975315292855201
0,5378,0.9882489605259278
0,5379,0.9665349216577706
0,5380,0.980534937020626
0,5381,0.9739857191256153
0,5382,0.988965331631648
0,5383,0.9881892422986798
0,5384,0.96654093887422865
0,5385,0.9746756314991415
0,5386,0.971626747353866
0,5387,0.988350310618861
0,5388,0.9881534771318334
0,5389,0.992782392569521
0,5390,0.9671991651441235
0,5391,0.9910970434190651
0,5392,0.9519895031071657
0,5393,0.9911377319441521
0,5394,0.9889397271285162
0,5395,0.9699178114638574
0,5396,0.9884949507961467
0,5397,0.994583757451165
0,5398,0.9858381756486998
0,5399,0.9795550514590469
0,5400,0.9849067869969547
0,5401,0.9910258980719593
0,5402,0.985021491622832
0,5403,0.9888988032466824
0,5404,0.9807695076214616
0,5405,0.9386111957044732
0,5406,0.9958272616887759
0,5407,0.9961825812419949
0,5408,0.9798143064922401
0,5409,0.9877915915842486
0,5410,0.989862145372024
0,5411,0.9869498552567887
0,5412,0.9933015243864736
0,5413,0.9537644498181013
0,5414,0.9888268705388291
0,5415,0.9919311047204946
0,5416,0.9859825329605526
0,5417,0.9774329435023031
0,5418,0.9754261241918
0,5419,0.983685022662809
0,5420,0.9857225266396383
0,5421,0.9908311121091031
0,5422,0.9915080680916043
0,5423,0.9856721467198825
0,5424,0.988486510318472
0,5425,0.9930001839269719
0,5426,0.9649078345451767
0,5427,0.9632276210087843
0,5428,0.9541459854343979
0,5429,0.9842764253006919
0,5430,0.9682641577728266
0,5431,0.9919473039376618
0,5432,0.9811028415535501
0,5433,0.9846880408866017
0,5434,0.9896541200330602
0,5435,0.9918391341096001
0,5436,0.9891934491180061
0,5437,0.9732052794266856
0,5438,0.9779839627401172
0,5439,0.9963697581055078
0,5440,0.9975229312918746
0,5441,0.9822811303078183
0,5442,0.9826807204494459
0,5443,0.9627708733468866
0,5444,0.964120894296351
0,5445,0.9950276671623745
0,5446,0.9884191225276524
0,5447,0.9807116658286088
0,5448,0.9837138839110814
0,5449,0.9930071488341525
0,5450,0.943125980193196
0,5451,0.9963990568807791
0,5452,0.996336237344103
0,5453,0.9723288656778992
0,5454,0.9918888527757476
0,5455,0.9540347188033251
0,5456,0.996400229347627
0,5457,0.9951785127974574
0,5458,0.9429437540333515
0,5459,0.9791441083847624
0,5460,0.9816933833859637
0,5461,0.9588700835292493
0,5462,0.9942556384235353
0,5463,0.9784964623825595
0,5464,0.981386984868162
0,5465,0.982902066870859
0,5466,0.9677163887912011
0,5467,0.9882294579521134
0,5468,0.9794445340443534
0,5469,0.9890529177204236
0,5470,0.9769002541319811
0,5471,0.991031354793637
0,5472,0.9838168490936614
0,5473,0.9792973007730874
0,5474,0.9968233970644848
0,5475,0.9938464271240411
0,5476,0.9939459080811461
0,5477,0.9955892074742384
0,5478,0.9807983010398057
0,5479,0.9856759948150199
0,5480,0.9909771353511801
0,5481,0.9848605884086914
0,5482,0.9941671721466189
0,5483,0.9710600246479482
0,5484,0.9748442914558632
0,5485,0.9816706570654786
0,5486,0.9450191015676458
0,5487,0.9821319563857351
0,5488,0.9889274270467863
0,5489,0.9552137058559143
0,5490,0.9875507623744154
0,5491,0.9874394157856695
0,5492,0.9812552835942122
0,5493,0.9815783584755554
0,5494,0.9896345986391881
0,5495,0.9691604452024535
0,5496,0.9947353943202927
0,5497,0.9899663256371954
0,5498,0.9963038076828908
0,5499,0.9863536380919137
0,5500,0.9354658134897446
0,5501,0.9971526588642633
0,5502,0.9828351898794494
0,5503,0.9751228627920874
0,5504,0.9724001933779113
0,5505,0.9905517438074057
0,5506,0.9837828080174376
0,5507,0.9796115949548181
0,5508,0.9924556518430586
0,5509,0.9917681767199537
0,5510,0.9724808593524663
0,5511,0.9944131991334091
0,5512,0.9962327395478083
0,5513,0.9885337709859441
0,5514,0.9734912007613008
0,5515,0.9911521126007404
0,5516,0.9857731580949466
0,5517,0.986506694640095
0,5518,0.9764722367417075
0,5519,0.9938934025055025
0,5520,0.9947909502019133
0,5521,0.9937477283513423
0,5522,0.9951966509997182
0,5523,0.9924735836851247
0,5524,0.9748543373843015
0,5525,0.98977826055804
0,5526,0.9766383001787278
0,5527,0.9788369370070487
0,5528,0.9886604670563335
0,5529,0.9831921329610319
0,5530,0.9757088793819189
0,5531,0.9821474941066337
0,5532,0.9827236531839805
0,5533,0.9977201736789306
0,5534,0.9867930621817826
0,5535,0.9816958031664963
0,5536,0.981880204501157
0,5537,0.9918713627246173
0,5538,0.9872669394124758
0,5539,0.9896839225157665
0,5540,0.9866712012661518
0,5541,0.9950888916937352
0,5542,0.9899757857947182
0,5543,0.9867239543407492
0,5544,0.9869357150303627
0,5545,0.9854020822365098
0,5546,0.9801345144577577
0,5547,0.9839260976680209
0,5548,0.9949444985443746
0,5549,0.9471986986866834
0,5550,0.9950019075606997
0,5551,0.9893202193649371
0,5552,0.996993253326819
0,5553,0.9835399809393842
0,5554,0.9959734774836857
0,5555,0.9700820346320771
0,5556,0.9733994586717779
0,5557,0.9800202208439335
0,5558,0.9797029249589392
0,5559,0.9857154149591566
0,5560,0.9769649703416011
0,5561,0.9945785689024487
0,5562,0.9957681601543668
0,5563,0.9785503353482852
0,5564,0.9784843970450788
0,5565,0.9977323174504047
0,5566,0.9756067506037023
0,5567,0.9971317374944846
0,5568,0.9959447284738763
0,5569,0.9745829118433477
0,5570,0.996681266640072
0,5571,0.9768770261380422
0,5572,0.9856257979419748
0,5573,0.9921324912599838
0,5574,0.9830015831821943
0,5575,0.9833700354717779
0,5576,0.9775433426602357
0,5577,0.974199582463354
0,5578,0.9877715463648645
0,5579,0.9847838796947905
0,5580,0.9868827007049548
0,5581,0.9879782572761076
0,5582,0.9827889076956874
0,5583,0.9773615525982239
0,5584,0.9853091127673024
0,5585,0.9351480372021482
0,5586,0.9893754952961336
0,5587,0.993188605800004
0,5588,0.9965576525818515
0,5589,0.9963253386719766
0,5590,0.9717210040919054
0,5591,0.9871029489775449
0,5592,0.9868191923750693
0,5593,0.9617100328965779
0,5594,0.987589449365296
0,5595,0.9781942701087596
0,5596,0.99156421799328
0,5597,0.9879019828164523
0,5598,0.9756582955998
0,5599,0.9851804543170268
0,5600,0.9688123445656243
0,5601,0.9925996836056604
0,5602,0.986888943643921
0,5603,0.9928833048069358
0,5604,0.9915852176859667
0,5605,0.9950695296000269
0,5606,0.9869503663952088
0,5607,0.9943501864620865
0,5608,0.9975825330424636
0,5609,0.9954615901097938
0,5610,0.9642735504793557
0,5611,0.9958567266177542
0,5612,0.9870175149171192
0,5613,0.9897719708879927
0,5614,0.9885640982474732
0,5615,0.9862025711142091
0,5616,0.9892882257049594
0,5617,0.9925051175215711
0,5618,0.9973955567183771
0,5619,0.9939813434247384
0,5620,0.9836541898844898
0,5621,0.974713302865462
0,5622,0.9905228788522688
0,5623,0.9626247328850835
0,5624,0.9901499644599775
0,5625,0.9874131351906047
0,5626,0.9925409306707812
0,5627,0.992316615434722
0,5628,0.9839970477285324
0,5629,0.9908717733520501
0,5630,0.9836087729834274
0,5631,0.9858764144186769
0,5632,0.9899725591502097
0,5633,0.9927483097544857
0,5634,0.9959999087479019
0,5635,0.9861088759066896
0,5636,0.9780793993954364
0,5637,0.9779078891393366
0,5638,0.9779402920026555
0,5639,0.9715495405587096
0,5640,0.9771470347972815
0,5641,0.9819934351708481
0,5642,0.9890047469452976
0,5643,0.9804870735829928
0,5644,0.9922245915230783
0,5645,0.9884234540827801
0,5646,0.9875910378516635
0,5647,0.9904978290847165
0,5648,0.9762834759892576
0,5649,0.9967256859725765
0,5650,0.980478072210713
0,5651,0.9900591699650687
0,5652,0.9809522758082646
0,5653,0.9963540449430629
0,5654,0.9713338478218895
0,5655,0.9700263699917939
0,5656,0.9866119054871828
0,5657,0.9836448782396955
0,5658,0.9666766600313111
0,5659,0.9839138473492994
0,5660,0.9840474714602259
0,5661,0.949623085085065
0,5662,0.9950482692927849
0,5663,0.9861359213435269
0,5664,0.9776811397534785
0,5665,0.990534747471698
0,5666,0.984840789517379
0,5667,0.9606456625209143
0,5668,0.9761852817088792
0,5669,0.9806992619081827
0,5670,0.9890302462490503
0,5671,0.9708046898001212
0,5672,0.9746830566602558
0,5673,0.9875861843403868
0,5674,0.9936484790811528
0,5675,0.9987644546449697
0,5676,0.9890180793965042
0,5677,0.9503797778289653
0,5678,0.9741126515614299
0,5679,0.9897361807569977
0,5680,0.981102215563418
0,5681,0.9853738907885417
0,5682,0.9881425758933059
0,5683,0.9890427760641822
0,5684,0.9897842406221485
0,5685,0.9945872929933081
0,5686,0.9877720742566419
0,5687,0.9873509724469587
0,5688,0.9834636667606301
0,5689,0.995437832101468
0,5690,0.9651285773907743
0,5691,0.9906686324649759
0,5692,0.9896598094303128
0,5693,0.9805267444814937
0,5694,0.9890659676745668
0,5695,0.9830214538162465
0,5696,0.990781459370645
0,5697,0.9956266088600424
0,5698,0.9785958238206702
0,5699,0.9886865539383299
0,5700,0.9766402247962076
0,5701,0.9879729158755682
0,5702,0.9896783282323716
0,5703,0.9599366221767445
0,5704,0.9883166937124367
0,5705,0.9871791865184961
0,5706,0.9959984228155455
0,5707,0.9761884347251536
0,5708,0.9895629597253713
0,5709,0.9844976387619434
0,5710,0.9648469174019395
0,5711,0.9872006517251876
0,5712,0.9861221679282994
0,5713,0.9911280459104109
0,5714,0.9985919110119155
0,5715,0.991735940663882
0,5716,0.9601183954952021
0,5717,0.9536196416954884
0,5718,0.9956529388081125
0,5719,0.9957543199135805
0,5720,0.9778911401282872
0,5721,0.9890723540132929
0,5722,0.9799195677685586
0,5723,0.9897307993027977
0,5724,0.9847440460316703
0,5725,0.9815688600664473
0,5726,0.9955021864697062
0,5727,0.9627221798299017
0,5728,0.9816101048207686
0,5729,0.9886052550854252
0,5730,0.9931878517203729
0,5731,0.9918182347837139
0,5732,0.9836600729278895
0,5733,0.9936756148819734
0,5734,0.962843772699615
0,5735,0.9888049797377287
0,5736,0.9848793823419358
0,5737,0.9747985667133463
0,5738,0.9862653846961704
0,5739,0.9906137903485186
0,5740,0.979564048810321
0,5741,0.989352992371652
0,5742,0.9675496964245242
0,5743,0.991211082053612
0,5744,0.972208647952937
0,5745,0.9836193738041993
0,5746,0.9685670069904144
0,5747,0.9908476496928865
0,5748,0.9807647777305776
0,5749,0.9762157017247283
0,5750,0.9942216470585237
0,5751,0.9912962690102896
0,5752,0.9930850792931172
0,5753,0.9942017476702676
0,5754,0.975933252858988
0,5755,0.9888025171392117
0,5756,0.967293659162115
0,5757,0.973101875372321
0,5758,0.9770473864832817
0,5759,0.9747837276299485
0,5760,0.9949922198698562
0,5761,0.9631698108920393
0,5762,0.9846857113579555
0,5763,0.9931065845530364
0,5764,0.9913625155914119
0,5765,0.9908927415248696
0,5766,0.9668947640565483
0,5767,0.9901825206536966
0,5768,0.9886818234292353
0,5769,0.9965618569912271
0,5770,0.9952454915512822
0,5771,0.9647366106846346
0,5772,0.9921833575377926
0,5773,0.9748835894831243
0,5774,0.9890938765778444
0,5775,0.9944392537687079
0,5776,0.9931893997754583
0,5777,0.9912121843512156
0,5778,0.9687271536885895
0,5779,0.966661695292822
0,5780,0.9949224928919788
0,5781,0.9970424218863497
0,5782,0.9269731014218942
0,5783,0.9932728946872988
0,5784,0.952100064381971
0,5785,0.9965772173136107
0,5786,0.9942364233575923
0,5787,0.9937776423194702
0,5788,0.9945933341819949
0,5789,0.9905579682084115
0,5790,0.9912925782873131
0,5791,0.9929038617889672
0,5792,0.9931316960637621
0,5793,0.9842895774110617
0,5794,0.9834605481232845
0,5795,0.9817115855006263
0,5796,0.984424296300598
0,5797,0.9903654504857371
0,5798,0.9815344596065986
0,5799,0.9869239338978897
0,5800,0.9839457309272132
0,5801,0.9799589493678152
0,5802,0.9931800841326353
0,5803,0.9589622324585516
0,5804,0.993259741310169
0,5805,0.9836872148254612
0,5806,0.9806101340658037
0,5807,0.9977593163131189
0,5808,0.9847235334081872
0,5809,0.9668543829010673
0,5810,0.9618314896104645
0,5811,0.9764249674272776
0,5812,0.9767332073475435
0,5813,0.9983443720419176
0,5814,0.9961982531484255
0,5815,0.9485999790374419
0,5816,0.9945622194317005
0,5817,0.9485428378911115
0,5818,0.9742915951710298
0,5819,0.9970672115879107
0,5820,0.9409404154628099
0,5821,0.9940319757936178
0,5822,0.9807409790095669
0,5823,0.991486868993177
0,5824,0.9372989378421545
0,5825,0.9290490567725879
0,5826,0.9232362841194666
0,5827,0.9983110555069526
0,5828,0.9780911455076691
0,5829,0.9896266139321106
0,5830,0.9964453996682694
0,5831,0.9851950052974872
0,5832,0.9727293114435975
0,5833,0.9909589127616518
0,5834,0.9882635771091226
0,5835,0.9808197394195634
0,5836,0.9827578110605657
0,5837,0.979135814833054
0,5838,0.9895726081240381
0,5839,0.9896810832268866
0,5840,0.9827358282000607
0,5841,0.9869718444230858
0,5842,0.9694449732879903
0,5843,0.9899848471460841
0,5844,0.9737551402146662
0,5845,0.9863521612088806
0,5846,0.9774186435782304
0,5847,0.993551803717205
0,5848,0.9635876164184652
0,5849,0.9983352601092109
0,5850,0.9750303912196108
0,5851,0.9928872875472831
0,5852,0.972739575005031
0,5853,0.9885531602374759
0,5854,0.9908905286067802
0,5855,0.9780816696136903
0,5856,0.984238141423053
0,5857,0.9850683331377451
0,5858,0.9885887552594691
0,5859,0.9940104991715412
0,5860,0.9966177137914078
0,5861,0.9846712834351704
0,5862,0.9830823856004697
0,5863,0.9818579168560247
0,5864,0.9954889742604656
0,5865,0.9963818492898662
0,5866,0.9671259393330186
0,5867,0.9865013283545496
0,5868,0.9887250508867285
0,5869,0.9721271318553061
0,5870,0.9947860202732796
0,5871,0.9861458265854522
0,5872,0.9864669145772422
0,5873,0.9873056244396328
0,5874,0.9857685921700361
0,5875,0.9659357981512122
0,5876,0.9866342103615678
0,5877,0.98837778970013
0,5878,0.9681231046678042
0,5879,0.9888554472849747
0,5880,0.9668649376103838
0,5881,0.9835280946343794
0,5882,0.9823600799568679
0,5883,0.9925567059322412
0,5884,0.9844330794493846
0,5885,0.9917497403710335
0,5886,0.9910931949396912
0,5887,0.9451496383178581
0,5888,0.9770351576193241
0,5889,0.9728757016021475
0,5890,0.9953961194302903
0,5891,0.9376059293223902
0,5892,0.9927493496467616
0,5893,0.9740844453793505
0,5894,0.9721775751470687
0,5895,0.9894921157130783
0,5896,0.9604615549138823
0,5897,0.9859743541300274
0,5898,0.9960722699818206
0,5899,0.9875854702413963
0,5900,0.9854203528460036
0,5901,0.9859571136793618
0,5902,0.9838425459276134
0,5903,0.9806259081871382
0,5904,0.9799814884109835
0,5905,0.9752737312340153
0,5906,0.9766563654871436
0,5907,0.9952096761804528
0,5908,0.9829956869005165
0,5909,0.9756430245879449
0,5910,0.9942365485954385
0,5911,0.9900675967051311
0,5912,0.9845743977489128
0,5913,0.9938477526960511
0,5914,0.9897999883815177
0,5915,0.991577961580605
0,5916,0.9918068770181336
0,5917,0.9674933860222028
0,5918,0.9647807755215696
0,5919,0.9947420475000499
0,5920,0.9728486610774683
0,5921,0.9894882942458727
0,5922,0.9948761531529504
0,5923,0.9933237784660287
0,5924,0.99076482167279
0,5925,0.9903370125472184
0,5926,0.991506017579003
0,5927,0.9812645797362725
0,5928,0.9900803601514946
0,5929,0.9910713188678884
0,5930,0.9913792836896551
0,5931,0.9686679179461757
0,5932,0.9822269052429199
0,5933,0.98322834310552365
0,5934,0.9854067916596467
0,5935,0.9903183450532901
0,5936,0.9655351480664599
0,5937,0.9793621317895381
0,5938,0.9743526976995893
0,5939,0.9781660909819618
0,5940,0.9944450719462543
0,5941,0.9473867014476522
0,5942,0.9920602982909803
0,5943,0.9847084566519995
0,5944,0.9809604524949039
0,5945,0.967457294280003
0,5946,0.9441722742746388
0,5947,0.9941156730163985
0,5948,0.9726452272481008
0,5949,0.988725045359164
0,5950,0.9858087316726374
0,5951,0.9862639674519188
0,5952,0.9885704665233493
0,5953,0.993477209424124
0,5954,0.9314177836838369
0,5955,0.9635924553239579
0,5956,0.9973925192844516
0,5957,0.9918978780184801
0,5958,0.9824091459328498
0,5959,0.9911781087171617
0,5960,0.9777735101143964
0,5961,0.9896167516177954
0,5962,0.9872755901183208
0,5963,0.9816173683768536
0,5964,0.9795888505638748
0,5965,0.9556327759104672
0,5966,0.9869771949810606
0,5967,0.9890936917702075
0,5968,0.9843149996238775
0,5969,0.9903767478857491
0,5970,0.9883815236461236
0,5971,0.991581904918555
0,5972,0.9893103291656804
0,5973,0.971829968269431
0,5974,0.9947938681509461
0,5975,0.9832585211921032
0,5976,0.9751544782267835
0,5977,0.9941819618942606
0,5978,0.9914035467935286
0,5979,0.9863088916469491
0,5980,0.9873143719750571
0,5981,0.9858863370056231
0,5982,0.9886079425709657
0,5983,0.9938123799318759
0,5984,0.9935438605401833
0,5985,0.9906456489421116
0,5986,0.9901688243099679
0,5987,0.9896309252376077
0,5988,0.9717244228698646
0,5989,0.9932486742794474
0,5990,0.977196831949545
0,5991,0.9703167904301234
0,5992,0.9725246431416715
0,5993,0.9896843497510036
0,5994,0.9872655177346352
0,5995,0.994300827777967
0,5996,0.978114376829532
0,5997,0.9934125298154977
0,5998,0.9815855802089972
0,5999,0.9752042282163943
0,6000,0.9807103410559571
0,6001,0.9767876459988317
0,6002,0.9906603963940124
0,6003,0.9642316797454936
0,6004,0.9807307913156289
0,6005,0.9794871825836723
0,6006,0.9944466945030804
0,6007,0.9719562464809726
0,6008,0.9778231236184578
0,6009,0.9924167658918709
0,6010,0.9931968990217672
0,6011,0.9925868845709176
0,6012,0.9772516525065026
0,6013,0.9945533659728032
0,6014,0.9935714104583501
0,6015,0.9852098505470328
0,6016,0.9798654289246176
0,6017,0.9884889392050847
0,6018,0.9860378375426834
0,6019,0.9955862817469563
0,6020,0.9930347218764147
0,6021,0.9696170617341041
0,6022,0.9806018310489035
0,6023,0.9727762046101712
0,6024,0.9822259110279783
0,6025,0.9671500656654924
0,6026,0.9880653172238925
0,6027,0.991443213538193
0,6028,0.990290712005124
0,6029,0.9685665792002867
0,6030,0.9799386265801087
0,6031,0.9835439805046962
0,6032,0.9890257694606038
0,6033,0.9822338917178036
0,6034,0.9916047135914312
0,6035,0.9898048012329932
0,6036,0.9812911602916599
0,6037,0.989591687035672
0,6038,0.9885817121751698
0,6039,0.9982904538968098
0,6040,0.9959572939551203
0,6041,0.9842739749701358
0,6042,0.9949761798115857
0,6043,0.9757162837367096
0,6044,0.9901389740292865
0,6045,0.9557875986088101
0,6046,0.9946888959606153
0,6047,0.9931679491661903
0,6048,0.9619981390709393
0,6049,0.9849322768688489
0,6050,0.9911572491349446
0,6051,0.9613067767574561
0,6052,0.9684136558671573
0,6053,0.9801960271193032
0,6054,0.9926851313107152
0,6055,0.9915121936007996
0,6056,0.9728997946628642
0,6057,0.9878557452506606
0,6058,0.9869379085546781
0,6059,0.9909670246493678
0,6060,0.9879840809326003
0,6061,0.9846399846603081
0,6062,0.9986701628938748
0,6063,0.99840370037959425
0,6064,0.9843138400452563
0,6065,0.9516540710961597
0,6066,0.9346927315777893
0,6067,0.9941412949516056
0,6068,0.9826415984866302
0,6069,0.9870060286089796
0,6070,0.9862299769105836
0,6071,0.9837701613973718
0,6072,0.9912466480217268
0,6073,0.984554638961069
0,6074,0.9579067896566935
0,6075,0.9911505462204139
0,6076,0.9922662445526901
0,6077,0.9792767001801854
0,6078,0.9903122613980466
0,6079,0.963171331377848
0,6080,0.9899476379149903
0,6081,0.9939959177517029
0,6082,0.9833422516595584
0,6083,0.9722580949864654
0,6084,0.9936133089462448
0,6085,0.97945209470016
0,6086,0.9904395333148992
0,6087,0.9905234068056652
0,6088,0.9964337683267317
0,6089,0.9962424568849579
0,6090,0.9524644258673435
0,6091,0.9844405432924336
0,6092,0.9874156557462948
0,6093,0.9766657811108335
0,6094,0.9754105106268023
0,6095,0.9263058837697057
0,6096,0.9757370489669804
0,6097,0.9668971347484056
0,6098,0.9688006873841791
0,6099,0.9668891082968948
0,6100,0.982236861791677
0,6101,0.97648657749646806
0,6102,0.9831581157355861
0,6103,0.9915126072552459
0,6104,0.9943997971709011
0,6105,0.9893637985696823
0,6106,0.9873680624819834
0,6107,0.9838231406542582
0,6108,0.9941317317461477
0,6109,0.9794603584612015
0,6110,0.9759516994969551
0,6111,0.972634580301288
0,6112,0.9682347250260982
0,6113,0.9764098960003198
0,6114,0.9679126993334497
0,6115,0.9918070196009193
0,6116,0.9805187633096166
0,6117,0.9765418590580199
0,6118,0.9954193256118873
0,6119,0.988709975010202
0,6120,0.9828810673632248
0,6121,0.9900597493976137
0,6122,0.9879958635708753
0,6123,0.9676684565486112
0,6124,0.9675181862088141
0,6125,0.9893831797824241
0,6126,0.9784806692628906
0,6127,0.9942455911166973
0,6128,0.97636394271229
0,6129,0.9855947351889696
0,6130,0.9864796720771042
0,6131,0.984536242130178
0,6132,0.9683184365724812
0,6133,0.9711751143256897
0,6134,0.9956241561951586
0,6135,0.9648508663644384
0,6136,0.9857300735324841
0,6137,0.9817919676184622
0,6138,0.9867831298645754
0,6139,0.9608268053470655
0,6140,0.9942983264828202
0,6141,0.9906492055665149
0,6142,0.9508552825370891
0,6143,0.9936375375716665
0,6144,0.989895821925268
0,6145,0.9944475098905381
0,6146,0.9938288652754348
0,6147,0.9738789685589734
0,6148,0.9935443359023851
0,6149,0.9792555975435997
0,6150,0.9881315239610661
0,6151,0.9766411568427696
0,6152,0.9694840136405947
0,6153,0.9971073752282701
0,6154,0.9543926969848932
0,6155,0.9957359772885729
0,6156,0.9968836919805432
0,6157,0.9835577173153891
0,6158,0.991470976340875
0,6159,0.9801607164992562
0,6160,0.9868249827831019
0,6161,0.9851949830705138
0,6162,0.9860752206168769
0,6163,0.9925357123354372
0,6164,0.9925892139913677
0,6165,0.9685913059118948
0,6166,0.9733315370392436
0,6167,0.9942919033195744
0,6168,0.9934839657494576
0,6169,0.9982099432972218
0,6170,0.9907661708930229
0,6171,0.9705148689494175
0,6172,0.9948100909481662
0,6173,0.9764163965267223
0,6174,0.9858152894321983
0,6175,0.9777155792149591
0,6176,0.9725429159872098
0,6177,0.9878208116602257
0,6178,0.9931065678702664
0,6179,0.9856052045051479
0,6180,0.9555042097511504
0,6181,0.9851554092364814
0,6182,0.9766714233511771
0,6183,0.9721277358259671
0,6184,0.9916449369359484
0,6185,0.9939769634965333
0,6186,0.9919661825127422
0,6187,0.9920213381530912
0,6188,0.9922450492602893
0,6189,0.9888149503804999
0,6190,0.9863738987003533
0,6191,0.9742004458549861
0,6192,0.9612005576618108
0,6193,0.9772271449955225
0,6194,0.9551607074974839
0,6195,0.9721763290038639
0,6196,0.9788327828068798
0,6197,0.9711037706938935
0,6198,0.9921712658758512
0,6199,0.9935352174905603
0,6200,0.9858267716323825
0,6201,0.9918738495515712
0,6202,0.9959968996112071
0,6203,0.9537826786719608
0,6204,0.993876386343045
0,6205,0.9852205427138543
0,6206,0.9806678636059596
0,6207,0.9893937269839161
0,6208,0.9499374803950584
0,6209,0.9910573341460293
0,6210,0.993417184063752
0,6211,0.986777886311249
0,6212,0.9906843940241364
0,6213,0.9867516727302162
0,6214,0.9918350674544048
0,6215,0.934668065151466
0,6216,0.9858944339965261
0,6217,0.9916620474681587
0,6218,0.990837845394195
0,6219,0.9766248134252595
0,6220,0.9922081805240723
0,6221,0.9967610698168948
0,6222,0.991827151809349
0,6223,0.9950491940740868
0,6224,0.9627214094220942
0,6225,0.991396465142508
0,6226,0.9886841816536018
0,6227,0.9939822182409005
0,6228,0.9639664125313878
0,6229,0.9918751787972216
0,6230,0.9792072056796641
0,6231,0.9960435732576266
0,6232,0.9351408815749228
0,6233,0.9789746707225995
0,6234,0.9806082945726424
0,6235,0.981169890727855
0,6236,0.98669742794085
0,6237,0.991304575696125
0,6238,0.9734524576765992
0,6239,0.9873112465681478
0,6240,0.972671982916872
0,6241,0.9878574560323322
0,6242,0.9749527633603419
0,6243,0.9866464027931853
0,6244,0.9861091657202544
0,6245,0.9855356674577038
0,6246,0.991743469987043
0,6247,0.9969868516254173
0,6248,0.9786686062714501
0,6249,0.9853648843113516
0,6250,0.9954890888656683
0,6251,0.9964715401606775
0,6252,0.9772409033452246
0,6253,0.9793554513823264
0,6254,0.9922763630101852
0,6255,0.9755952065376909
0,6256,0.9863068451180623
0,6257,0.9817773724080241
0,6258,0.9731010609950262
0,6259,0.9726073055704371
0,6260,0.9927001593607717
0,6261,0.9892435715900015
0,6262,0.9926625115348069
0,6263,0.9859505809745863
0,6264,0.989079283641514
0,6265,0.9938139365618677
0,6266,0.9901847871850388
0,6267,0.9839909746799127
0,6268,0.9804571387987706
0,6269,0.9805996602403814
0,6270,0.9896847729981244
0,6271,0.9825046321970619
0,6272,0.9926828144895887
0,6273,0.9854337909300451
0,6274,0.9944513152766458
0,6275,0.9914626852281839
0,6276,0.9902571114945345
0,6277,0.9854410420185737
0,6278,0.9876677886861789
0,6279,0.9813591878671142
0,6280,0.9801186530018495
0,6281,0.9848052036598938
0,6282,0.99139855955778
0,6283,0.9951486179345627
0,6284,0.9847583389157564
0,6285,0.987375907157791
0,6286,0.9827644401352976
0,6287,0.9941550976619459
0,6288,0.9808898820117817
0,6289,0.9983557386106986
0,6290,0.9979262976888337
0,6291,0.989318944760837
0,6292,0.9920042963687077
0,6293,0.9901000720575293
0,6294,0.9850228744049514
0,6295,0.9823577669245839
0,6296,0.986448194928645
0,6297,0.9768482918123038
0,6298,0.9612130554272966
0,6299,0.9969298397743098
0,6300,0.9823733202413335
0,6301,0.9773429275518549
0,6302,0.9867643774370961
0,6303,0.9742811777267965
0,6304,0.9907050286013973
0,6305,0.9854957781533432
0,6306,0.9920740193458221
0,6307,0.9689796805212262
0,6308,0.9927222691742312
0,6309,0.97810958135782
0,6310,0.9809606669457714
0,6311,0.980331167723837
0,6312,0.9892901455271408
0,6313,0.9958863323693241
0,6314,0.9906568001737883
0,6315,0.990549929660559
0,6316,0.9762011513580879
0,6317,0.9820712243473864
0,6318,0.9776065727502709
0,6319,0.9865388413815022
0,6320,0.9930293744808397
0,6321,0.9954722337442585
0,6322,0.9738488856329749
0,6323,0.9849818946403537
0,6324,0.973578913425777
0,6325,0.9862679797706364
0,6326,0.9903384587847924
0,6327,0.9946643809813466
0,6328,0.9896601122810166
0,6329,0.9604153431658918
0,6330,0.9865808290756111
0,6331,0.9656378801934589
0,6332,0.9856587174491003
0,6333,0.9849867781030278
0,6334,0.9579167001305134
0,6335,0.9836145102379024
0,6336,0.9924449478411299
0,6337,0.9955352931873928
0,6338,0.983151275130076
0,6339,0.9910268803209985
0,6340,0.9890011841568828
0,6341,0.9941502883912882
0,6342,0.9950518549784922
0,6343,0.9950524167884086
0,6344,0.9900809182326811
0,6345,0.9493450658857137
0,6346,0.9548854029499306
0,6347,0.9686741707701758
0,6348,0.9764273733089658
0,6349,0.9936012127239019
0,6350,0.9647995890135547
0,6351,0.9920918596662134
0,6352,0.9950221697626002
0,6353,0.9897586376449623
0,6354,0.9831719910216845
0,6355,0.9943296207733797
0,6356,0.9912624120802368
0,6357,0.9949912456675991
0,6358,0.9759987768774356
0,6359,0.9821316156315422
0,6360,0.9877155909631843
0,6361,0.9855593048044607
0,6362,0.9959756622057486
0,6363,0.9859689055249793
0,6364,0.991382589120705
0,6365,0.9851275751452385
0,6366,0.9795444921579702
0,6367,0.9816189233328533
0,6368,0.9904518462372115
0,6369,0.983987247848376
0,6370,0.9890166792289361
0,6371,0.9760591300632109
0,6372,0.9544687249295142
0,6373,0.9651098895108489
0,6374,0.9892682658350791
0,6375,0.9819218235714742
0,6376,0.9826654710147125
0,6377,0.9906962736722172
0,6378,0.9779071262687755
0,6379,0.9950736015386525
0,6380,0.9720504391804564
0,6381,0.9892628958697238
0,6382,0.9844400574147689
0,6383,0.980766522970524
0,6384,0.9829827448455715
0,6385,0.9893507343174618
0,6386,0.9925516042317489
0,6387,0.9697436706749584
0,6388,0.8763338732957457
0,6389,0.9953118015331366
0,6390,0.9828907874172115
0,6391,0.9731025426879254
0,6392,0.9714357648886162
0,6393,0.9798464942846945
0,6394,0.9632062012713665
0,6395,0.9877925223678521
0,6396,0.9793139645591623
0,6397,0.9791449688382176
0,6398,0.9847117222178178
0,6399,0.9750406426676247
0,6400,0.976654486914964
0,6401,0.993443376700477
0,6402,0.9748977809764342
0,6403,0.9681547434883476
0,6404,0.9902419133653184
0,6405,0.9922150399944276
0,6406,0.9673535902096967
0,6407,0.9834044015193792
0,6408,0.9897350506292806
0,6409,0.9502933892285462
0,6410,0.9968154424492485
0,6411,0.9882234749007587
0,6412,0.9872222682863879
0,6413,0.9914110820127802
0,6414,0.9471873531357481
0,6415,0.9959836047440848
0,6416,0.9971448578289883
0,6417,0.8846447045188068
0,6418,0.9969714070788257
0,6419,0.9717155988320272
0,6420,0.9579625916858391
0,6421,0.9916712808118204
0,6422,0.9506318843201159
0,6423,0.9735138836085642
0,6424,0.9931688479239592
0,6425,0.9899348725683716
0,6426,0.9749923963833199
0,6427,0.9858616650759953
0,6428,0.9964855384166003
0,6429,0.9626923745713071
0,6430,0.9552784209866431
0,6431,0.9761741255542702
0,6432,0.9865666060255467
0,6433,0.9781382656058989
0,6434,0.9778896306598661
0,6435,0.9846081519191416
0,6436,0.9844935511594677
0,6437,0.9909968226398324
0,6438,0.9879321800583981
0,6439,0.9950016637718467
0,6440,0.9438756410677013
0,6441,0.9982369885177903
0,6442,0.9552067990526022
0,6443,0.9932372766345958
0,6444,0.989910564907449
0,6445,0.9899648613648645
0,6446,0.9661243274630832
0,6447,0.9686093782891199
0,6448,0.9891917097860866
0,6449,0.9861655551967619
0,6450,0.9899196963338371
0,6451,0.9954455316117089
0,6452,0.987662980843706
0,6453,0.9872340411126108
0,6454,0.9894552944423083
0,6455,0.9874955578439168
0,6456,0.9966600823535875
0,6457,0.9585815545932209
0,6458,0.9887329809938178
0,6459,0.96054463583809635
0,6460,0.9737646895348113
0,6461,0.9727728516763738
0,6462,0.9829499920924911
0,6463,0.9884999649025478
0,6464,0.9909248525660038
0,6465,0.986382531756906
0,6466,0.9965304213809293
0,6467,0.9721784652147596
0,6468,0.9837404557772496
0,6469,0.9886608857780965
0,6470,0.9973053296926842
0,6471,0.9630074056698626
0,6472,0.986274377173104
0,6473,0.9906534180968017
0,6474,0.978356137818389
0,6475,0.9489086601374114
0,6476,0.9860681799127522
0,6477,0.9918378411590371
0,6478,0.9502038970243394
0,6479,0.9879630937274685
0,6480,0.9896439345936217
0,6481,0.9677018585682879
0,6482,0.9861675399799974
0,6483,0.9941682518366562
0,6484,0.9883525786466056
0,6485,0.9830725419086077
0,6486,0.9446306939377073
0,6487,0.9935523816440176
0,6488,0.9578143836394725
0,6489,0.9889178640035103
0,6490,0.9810254330258301
0,6491,0.9806075862112729
0,6492,0.9871956188032514
0,6493,0.9928438708739072
0,6494,0.9772538683295097
0,6495,0.9973801299836618
0,6496,0.9822154689083257
0,6497,0.9943298345323857
0,6498,0.9942295581280972
0,6499,0.9742004170910687
0,6500,0.9656120637770756
0,6501,0.9943826286427547
0,6502,0.9945391953925101
0,6503,0.9536910047716765
0,6504,0.996149405415298
0,6505,0.9958327211589074
0,6506,0.988877117859049
0,6507,0.9848896082652887
0,6508,0.9920253844880378
0,6509,0.9972188827282672
0,6510,0.9960656188694603
0,6511,0.9986117204300322
0,6512,0.9918272219959966
0,6513,0.9925723126785642
0,6514,0.9479772708088069
0,6515,0.9794558872025646
0,6516,0.9794874203486624
0,6517,0.9720587693752349
0,6518,0.9873793612221929
0,6519,0.9732085619519132
0,6520,0.9872807443549352
0,6521,0.9776830929219918
0,6522,0.9948418235785951
0,6523,0.99684277976738
0,6524,0.9924801956965523
0,6525,0.9895313978482384
0,6526,0.9916825117686573
0,6527,0.9864993815461106
0,6528,0.9833039191314266
0,6529,0.9396823782791521
0,6530,0.9969323492947036
0,6531,0.989952182439897
0,6532,0.9849964150533074
0,6533,0.9801827671041976
0,6534,0.9875394656113952
0,6535,0.9926338934565039
0,6536,0.9881607890693798
0,6537,0.9668022799488453
0,6538,0.9752823482142893
0,6539,0.9704284759226431
0,6540,0.9913919175297088
0,6541,0.9979158258688525
0,6542,0.9889561245467918
0,6543,0.9671346000048715
0,6544,0.9959576433262908
0,6545,0.9824301591607016
0,6546,0.9950771607982025
0,6547,0.9936132840828047
0,6548,0.9804296595998202
0,6549,0.9891766697652348
0,6550,0.9607458645046548
0,6551,0.9544672459180277
0,6552,0.9957440656222066
0,6553,0.9911324644469083
0,6554,0.9980724940055026
0,6555,0.9947064371523063
0,6556,0.9470889547532676
0,6557,0.981239284231443
0,6558,0.955026443221624
0,6559,0.9912189337745132
0,6560,0.9627889358446378
0,6561,0.98805678492317806
0,6562,0.9510623571800758
0,6563,0.9844691093156124
0,6564,0.979420077368869
0,6565,0.9616980267349242
0,6566,0.991394004090169
0,6567,0.979106198152321
0,6568,0.9838585542221694
0,6569,0.9890872939381214
0,6570,0.9850788236606588
0,6571,0.9916277335600228
0,6572,0.9685616076401651
0,6573,0.9682659368670483
0,6574,0.9984157672621347
0,6575,0.9780414031822638
0,6576,0.9985322902408856
0,6577,0.9821046673316902
0,6578,0.9930892872531872
0,6579,0.9732980813278341
0,6580,0.9899512345438758
0,6581,0.9888082116414249
0,6582,0.9860565464874874
0,6583,0.9832182956383038
0,6584,0.9754772054810171
0,6585,0.9967970531168987
0,6586,0.977640695478158
0,6587,0.9909173477805544
0,6588,0.9950850950200629
0,6589,0.9903028418452013
0,6590,0.9627125934075895
0,6591,0.9981885396488757
0,6592,0.9371127877851207
0,6593,0.9492665894711839
0,6594,0.996667733702162
0,6595,0.998912743591543
0,6596,0.9985818873056848
0,6597,0.9913777121945544
0,6598,0.9910989409439906
0,6599,0.9672014485200283
0,6600,0.9854824575496427
0,6601,0.9769300582947906
0,6602,0.9970877008754572
0,6603,0.9550418553788437
0,6604,0.974560534278612
0,6605,0.98810350363988
0,6606,0.9919456186117159
0,6607,0.9879640153968714
0,6608,0.9867302343764178
0,6609,0.9957026340992459
0,6610,0.9939963396801641
0,6611,0.9830318773397547
0,6612,0.9867907770532389
0,6613,0.9883504011841846
0,6614,0.9839364788053823
0,6615,0.9776458138965994
0,6616,0.9870971049705421
0,6617,0.9739829472137573
0,6618,0.9944062494333634
0,6619,0.9759758644627422
0,6620,0.9846298525744761
0,6621,0.9318835029211695
0,6622,0.9923688258954783
0,6623,0.9910888281126058
0,6624,0.9742551892518903
0,6625,0.9802949059220091
0,6626,0.9946867895944757
0,6627,0.9846594948819678
0,6628,0.9943322491095138
0,6629,0.9902154241324027
0,6630,0.9851202018831219
0,6631,0.9861363045172674
0,6632,0.9796013905314116
0,6633,0.9688761092919866
0,6634,0.9898239431084948
0,6635,0.9876020060626347
0,6636,0.9678060692973531
0,6637,0.9957391250564084
0,6638,0.988972768065253
0,6639,0.9807734858650805
0,6640,0.9753536811966939
0,6641,0.9962029189732137
0,6642,0.9933842291181465
0,6643,0.9691613940221432
0,6644,0.9809070088440113
0,6645,0.9862080537659248
0,6646,0.9837673501581768
0,6647,0.9835856536696836
0,6648,0.9754838771550798
0,6649,0.9565222545396905
0,6650,0.9846523743363182
0,6651,0.9905232466970194
0,6652,0.9898158918662918
0,6653,0.9770820789483154
0,6654,0.9785520494868094
0,6655,0.98831057093342
0,6656,0.9874047620140786
0,6657,0.9850293549112764
0,6658,0.9651315270483537
0,6659,0.992943308720118
0,6660,0.9815429778822081
0,6661,0.9917087698663466
0,6662,0.9878744267735141
0,6663,0.9841461982224666
0,6664,0.9970625193948095
0,6665,0.9936690206737584
0,6666,0.9932979378633131
0,6667,0.9900054699224329
0,6668,0.9900285074314352
0,6669,0.9930946064212137
0,6670,0.9525778716290597
0,6671,0.9942289790275581
0,6672,0.9900542300198361
0,6673,0.9887811782653265
0,6674,0.9832797164126352
0,6675,0.9954078267907068
0,6676,0.9755504516201937
0,6677,0.9819509579908176
0,6678,0.9946964203906448
0,6679,0.9752969272187499
0,6680,0.9915844582775076
0,6681,0.9924464962822871
0,6682,0.9873563106749397
0,6683,0.9890983302157924
0,6684,0.9924935779342063
0,6685,0.9797620353275833
0,6686,0.9872997424916576
0,6687,0.9909407309197692
0,6688,0.9798710776551077
0,6689,0.994093077792898
0,6690,0.9877143050312731
0,6691,0.9923036414583437
0,6692,0.9952380853163609
0,6693,0.9948334686897757
0,6694,0.9670329081784573
0,6695,0.9961837530795563
0,6696,0.9955047559762973
0,6697,0.9736783291309349
0,6698,0.9931147366561234
0,6699,0.9943849460906111
0,6700,0.9737745654701043
0,6701,0.9926955867087202
0,6702,0.9761440200440289
0,6703,0.9858866712898873
0,6704,0.976028288272989
0,6705,0.9928643400195606
0,6706,0.9676545842593443
0,6707,0.9959518484324537
0,6708,0.9957712670453439
0,6709,0.99061435504484
0,6710,0.9669797713144944
0,6711,0.988247496513481
0,6712,0.996270318909519
0,6713,0.9867570995833927
0,6714,0.971913286286414
0,6715,0.98005167780158
0,6716,0.982582382349946
0,6717,0.9889355317869968
0,6718,0.99398604493289755
0,6719,0.9773535525693596
0,6720,0.9865336663963105
0,6721,0.9282800850242028
0,6722,0.9744344982316812
0,6723,0.9957783618561432
0,6724,0.9775020169695047
0,6725,0.9732140758328366
0,6726,0.9104478815657937
0,6727,0.9871416108209867
0,6728,0.971324991926221
0,6729,0.9956636220787546
0,6730,0.994952972772803
0,6731,0.9680239969721299
0,6732,0.9875475101051073
0,6733,0.9934756568109123
0,6734,0.9957435656619652
0,6735,0.9927454632268552
0,6736,0.955133709569211
0,6737,0.9954824577884676
0,6738,0.9921979123382152
0,6739,0.9872173473570868
0,6740,0.9601724518412054
0,6741,0.9969596266398197
0,6742,0.9942040364192072
0,6743,0.9803535209532052
0,6744,0.9442902575045307
0,6745,0.9549572023867724
0,6746,0.9876106308062289
0,6747,0.9665491918521399
0,6748,0.9956614094842821
0,6749,0.9642720398698286
0,6750,0.9804026250902825
0,6751,0.9885493955664397
0,6752,0.9700965198411904
0,6753,0.9964997550827516
0,6754,0.9397095159423922
0,6755,0.9927306002478683
0,6756,0.9386124150352624
0,6757,0.9712627029411125
0,6758,0.9944925808948624
0,6759,0.9911547933921989
0,6760,0.9645894660611262
0,6761,0.9922833653396024
0,6762,0.9816498597917085
0,6763,0.9647936023667677
0,6764,0.9775465685091419
0,6765,0.9928658046233868
0,6766,0.9717761837842785
0,6767,0.9935996031722725
0,6768,0.9718663443262047
0,6769,0.9769644908906916
0,6770,0.9707040966426644
0,6771,0.9981134752431137
0,6772,0.9953694383417916
0,6773,0.9483601031466422
0,6774,0.9930911314696704
0,6775,0.9865430443213254
0,6776,0.9801180084358225
0,6777,0.9845659262648073
0,6778,0.9564236477459627
0,6779,0.9754045273944252
0,6780,0.969365344807364
0,6781,0.9710578443361307
0,6782,0.9959305989806547
0,6783,0.9937525419125827
0,6784,0.9825527342639903
0,6785,0.9839332719738623
0,6786,0.9846154737346385
0,6787,0.9827905723447802
0,6788,0.9670800030726449
0,6789,0.9843466322118275
0,6790,0.9938025849851586
0,6791,0.9918797824495592
0,6792,0.9810007474038712
0,6793,0.9820870556185297
0,6794,0.9852771067222885
0,6795,0.9784843214388838
0,6796,0.9949999455850769
0,6797,0.9942469443841851
0,6798,0.9726496047857655
0,6799,0.9543791928943144
0,6800,0.9949602418231159
0,6801,0.9961953262390255
0,6802,0.9785627124994439
0,6803,0.9948741837066858
0,6804,0.9942509165528894
0,6805,0.9825424437494328
0,6806,0.9861982697575039
0,6807,0.9693236218587844
0,6808,0.9508435651286489
0,6809,0.9604719506143155
0,6810,0.9426749949046126
0,6811,0.9920052344355449
0,6812,0.9891749003337987
0,6813,0.9830289260477943
0,6814,0.9808983153456035
0,6815,0.9882763338641044
0,6816,0.975025811442284
0,6817,0.9890119532489635
0,6818,0.9939820334787994
0,6819,0.9985935192896397
0,6820,0.989211182078185
0,6821,0.9803473940538909
0,6822,0.959840433510736
0,6823,0.9955117393701151
0,6824,0.9835387715040588
0,6825,0.9789643384294147
0,6826,0.9855026527124405
0,6827,0.9926425464517208
0,6828,0.9843983108035645
0,6829,0.9898805605120644
0,6830,0.992132574543942
0,6831,0.9816921115317506
0,6832,0.9829973224123243
0,6833,0.9939279611841358
0,6834,0.9767415222650903
0,6835,0.9812794777957662
0,6836,0.9939978631933652
0,6837,0.9981925241567183
0,6838,0.9887409991740983
0,6839,0.9892161293988632
0,6840,0.9914615442322569
0,6841,0.982523556831904
0,6842,0.9787473628722606
0,6843,0.9901632696619972
0,6844,0.9848125161915129
0,6845,0.9939770505773358
0,6846,0.9730880327122693
0,6847,0.9871574696786032
0,6848,0.9872886324985287
0,6849,0.9896468906292131
0,6850,0.9965691999202994
0,6851,0.9954728210595728
0,6852,0.9917420942333381
0,6853,0.9671890931370796
0,6854,0.9924650651888024
0,6855,0.9775948036973601
0,6856,0.9954004166900515
0,6857,0.9622971439592786
0,6858,0.9927195537807602
0,6859,0.981900141377626
0,6860,0.9938899345652825
0,6861,0.9729521103985648
0,6862,0.9800870076992386
0,6863,0.9836267287717849
0,6864,0.9668087560519677
0,6865,0.9936487314866596
0,6866,0.9743924441785591
0,6867,0.991794767647304
0,6868,0.9961453592133748
0,6869,0.9786020011785485
0,6870,0.9892119998153952
0,6871,0.9828962727041395
0,6872,0.9303836995676598
0,6873,0.9830746883036957
0,6874,0.9891506189587418
0,6875,0.9723008173567698
0,6876,0.9824221865353642
0,6877,0.9760926426736884
0,6878,0.9782044268798994
0,6879,0.9848604706462505
0,6880,0.9722226223907892
0,6881,0.9881660928982923
0,6882,0.9575359759111103
0,6883,0.9666286202579948
0,6884,0.9794173440462262
0,6885,0.9885693684689408
0,6886,0.985303399008407
0,6887,0.9876791417821865
0,6888,0.9731184884443378
0,6889,0.974808333936773
0,6890,0.9825394247409632
0,6891,0.9955701749892717
0,6892,0.9720781180166815
0,6893,0.9882204426202058
0,6894,0.9938926661929641
0,6895,0.9868318742695131
0,6896,0.9802514996229801
0,6897,0.9849601755694757
0,6898,0.9925505932019785
0,6899,0.9543060227334988
0,6900,0.9897480546664307
0,6901,0.9828931205745295
0,6902,0.9846911679707849
0,6903,0.9759242797779969
0,6904,0.9871919825008895
0,6905,0.9816316720650243
0,6906,0.9880898687829228
0,6907,0.9979092201884543
0,6908,0.9981058610094954
0,6909,0.9731617439729638
0,6910,0.9955920648672615
0,6911,0.996495294872605
0,6912,0.9833524389268864
0,6913,0.9824655684621618
0,6914,0.9877100661005318
0,6915,0.9903813893748727
0,6916,0.9842569644972347
0,6917,0.9571606915762265
0,6918,0.9644620003397767
0,6919,0.9810317875607946
0,6920,0.9913420556523552
0,6921,0.9987012164974123
0,6922,0.9730494855688948
0,6923,0.972951835487884
0,6924,0.9783981769638876
0,6925,0.9955120489091739
0,6926,0.9901200928687949
0,6927,0.9875948137832281
0,6928,0.9847556909644907
0,6929,0.9833303130123956
0,6930,0.9839603365836446
0,6931,0.98914937547129
0,6932,0.9744679119460227
0,6933,0.9889818060550133
0,6934,0.9753542225985566
0,6935,0.9710210960444224
0,6936,0.9953140598266509
0,6937,0.9738164078955706
0,6938,0.9836140296743113
0,6939,0.989619160232164
0,6940,0.9814863806941876
0,6941,0.9876942141205268
0,6942,0.9950165891006558
0,6943,0.9925750398353087
0,6944,0.9822404991441737
0,6945,0.9870534766404367
0,6946,0.9876917233686981
0,6947,0.9860828656754659
0,6948,0.9726974647919391
0,6949,0.9907060738576057
0,6950,0.9919500583878172
0,6951,0.9937089029435293
0,6952,0.97660518676944
0,6953,0.989636161294075
0,6954,0.9931834008731459
0,6955,0.973714783901308
0,6956,0.9782063907347534
0,6957,0.9652624324330438
0,6958,0.9864324640583492
0,6959,0.9842435036097371
0,6960,0.9936791532250769
0,6961,0.9947738654825375
0,6962,0.9828820121164417
0,6963,0.980919592429966
0,6964,0.9704530283100025
0,6965,0.9533772379405568
0,6966,0.9800779438461957
0,6967,0.9481697823526668
0,6968,0.9736424950917902
0,6969,0.991948067840461
0,6970,0.9834537517190226
0,6971,0.9889524678200458
0,6972,0.9922574245541017
0,6973,0.9846563302819714
0,6974,0.9704907901794334
0,6975,0.9942896158672446
0,6976,0.9737274843605351
0,6977,0.9882275692570728
0,6978,0.9897058355809197
0,6979,0.9826279406645692
0,6980,0.9788776999419206
0,6981,0.9951060015809796
0,6982,0.9658725406693577
0,6983,0.9940894453482458
0,6984,0.9903273004795836
0,6985,0.9890483724280423
0,6986,0.9852442841450558
0,6987,0.9866989128619402
0,6988,0.9867431000981786
0,6989,0.9920530631595864
0,6990,0.9963206646399421
0,6991,0.9914642186388427
0,6992,0.99175453349076
0,6993,0.9988688188037205
0,6994,0.9623418306972986
0,6995,0.9899000727148813
0,6996,0.9899031864925517
0,6997,0.981039666927383
0,6998,0.9934656984789245
0,6999,0.9899483731977922
0,7000,0.9886663429427648
0,7001,0.9764361484770686
0,7002,0.9892521518909263
0,7003,0.9912273683312878
0,7004,0.9940233012752561
0,7005,0.9905499947015913
0,7006,0.9930062809665552
0,7007,0.9974887821307463
0,7008,0.9906438748022164
0,7009,0.995304210125085
0,7010,0.995371429996494
0,7011,0.9814287174676845
0,7012,0.9903266332913387
0,7013,0.9934051331422878
0,7014,0.9828689894013695
0,7015,0.9736105772703167
0,7016,0.9907829182839152
0,7017,0.9824192811955637
0,7018,0.9561414936150819
0,7019,0.9870324794048363
0,7020,0.9791678914063772
0,7021,0.9972035853180651
0,7022,0.9934247537252757
0,7023,0.9935541822939622
0,7024,0.9729894142116323
0,7025,0.9907132713121662
0,7026,0.9714387562658588
0,7027,0.9866096362887096
0,7028,0.9830158905846598
0,7029,0.9589688081478205
0,7030,0.9840424483462831
0,7031,0.9846778337260365
0,7032,0.9875298154502842
0,7033,0.9900651906796097
0,7034,0.9686303495420192
0,7035,0.9777987483374846
0,7036,0.9919613086578472
0,7037,0.9920681627762158
0,7038,0.9881139359810399
0,7039,0.9914747794166887
0,7040,0.982532384522882
0,7041,0.9867605428772086
0,7042,0.9903445798422753
0,7043,0.9806053995020372
0,7044,0.9906928289140771
0,7045,0.9953679758612111
0,7046,0.9834115919151717
0,7047,0.9956143305721636
0,7048,0.9750728944098208
0,7049,0.9774579310396012
0,7050,0.9795030919954221
0,7051,0.9890124538912973
0,7052,0.9887747388827043
0,7053,0.9787126549291275
0,7054,0.9914968720848005
0,7055,0.9938106589114122
0,7056,0.9934091634922675
0,7057,0.9801626222506546
0,7058,0.9866719591652842
0,7059,0.9919952059192801
0,7060,0.9825267649420558
0,7061,0.9923194206781489
0,7062,0.9633048584180957
0,7063,0.986499848419101
0,7064,0.9798591007340433
0,7065,0.9759985371716005
0,7066,0.9863716916209815
0,7067,0.9786561640829792
0,7068,0.984550481290015
0,7069,0.9733408132192234
0,7070,0.979398468440592
0,7071,0.9837674537234906
0,7072,0.9942279562138316
0,7073,0.978560328910981
0,7074,0.9776485338407136
0,7075,0.9650347595855712
0,7076,0.989392765618189
0,7077,0.9463373571933535
0,7078,0.9859398538915731
0,7079,0.9856213621337319
0,7080,0.996148029765347
0,7081,0.9776952409794851
0,7082,0.9670462352022111
0,7083,0.984384012709661
0,7084,0.9918356792475393
0,7085,0.9915434936496208
0,7086,0.9776996757296864
0,7087,0.9780421645166535
0,7088,0.9883933516914214
0,7089,0.9868190871665186
0,7090,0.9852751067703994
0,7091,0.99183429943714
0,7092,0.991901905522171
0,7093,0.9787431732786538
0,7094,0.9873724247257384
0,7095,0.9812243155891353
0,7096,0.9907544547383931
0,7097,0.9813360353911462
0,7098,0.984434969518261
0,7099,0.9394024520283817
0,7100,0.973031751881593
0,7101,0.9700488000708711
0,7102,0.9938646886807754
0,7103,0.9896684342207883
0,7104,0.9950308381596017
0,7105,0.9866720432508971
0,7106,0.9862902009754999
0,7107,0.9842981096496886
0,7108,0.9874305784172664
0,7109,0.9904235100713261
0,7110,0.9893950842463815
0,7111,0.98004582547749175
0,7112,0.9818128328386979
0,7113,0.9817678046402899
0,7114,0.9923431915035216
0,7115,0.9947855892289837
0,7116,0.9909231597773366
0,7117,0.9905080481713121
0,7118,0.9911856540409715
0,7119,0.9581927131907375
0,7120,0.9964101250267079
0,7121,0.9853714105060006
0,7122,0.9852290099789117
0,7123,0.9811108943197904
0,7124,0.9844379193103474
0,7125,0.9833574711169025
0,7126,0.9724145489767002
0,7127,0.9913475685764265
0,7128,0.9765410798063123
0,7129,0.978999284163375
0,7130,0.9684551591158692
0,7131,0.9796467443193921
0,7132,0.9817953993047933
0,7133,0.9788944978584341
0,7134,0.9954727476379331
0,7135,0.9674871160612277
0,7136,0.9950059070716143
0,7137,0.9618677780835921
0,7138,0.9853047299104495
0,7139,0.9821331428122453
0,7140,0.9709963586824346
0,7141,0.9897339200474332
0,7142,0.9679436356020581
0,7143,0.9882759663659315
0,7144,0.9858813374868477
0,7145,0.9310263375181573
0,7146,0.985348440430372
0,7147,0.9826765167373438
0,7148,0.9850344657292478
0,7149,0.992609872785656
0,7150,0.989359535535009
0,7151,0.9962115784872602
0,7152,0.9412750922842564
0,7153,0.9934354270462469
0,7154,0.9834856401492117
0,7155,0.9874737968361382
0,7156,0.9739524799853501
0,7157,0.9708292564703331
0,7158,0.9939453516318829
0,7159,0.9900497232930127
0,7160,0.9826194477099888
0,7161,0.9903711807108251
0,7162,0.9932355146776939
0,7163,0.9909978533389359
0,7164,0.9788012029210567
0,7165,0.9944753289524869
0,7166,0.9694587847213697
0,7167,0.982053611338517
0,7168,0.9892298446857997
0,7169,0.98200108359391
0,7170,0.9860889779281085
0,7171,0.9774343135097533
0,7172,0.9658615687496347
0,7173,0.9876216213102981
0,7174,0.9801295077264451
0,7175,0.9882083997907347
0,7176,0.9932906390281315
0,7177,0.9841551032355076
0,7178,0.9814544273663163
0,7179,0.9886953702087975
0,7180,0.9901370197175973
0,7181,0.9957805389378629
0,7182,0.9808524990067283
0,7183,0.9820250716514306
0,7184,0.9941834059171217
0,7185,0.9841146722187614
0,7186,0.9891177060057735
0,7187,0.9966597504444843
0,7188,0.994084826552066
0,7189,0.9864929985649143
0,7190,0.9771743654382793
0,7191,0.9945268920502921
0,7192,0.9835270631488744
0,7193,0.9760692781700488
0,7194,0.9923654103457725
0,7195,0.9910297842946953
0,7196,0.9631229175709662
0,7197,0.9777861426716954
0,7198,0.9786573084657895
0,7199,0.9862857567196279
0,7200,0.9471458488954236
0,7201,0.9836174613558452
0,7202,0.9889311276824847
0,7203,0.992390291147598
0,7204,0.9940155098108489
0,7205,0.9958224339254472
0,7206,0.9880342073716901
0,7207,0.9943428063433132
0,7208,0.9236622701700853
0,7209,0.9874145025380522
0,7210,0.9937645392001957
0,7211,0.9752741425433511
0,7212,0.9899919935976635
0,7213,0.9947963555302295
0,7214,0.9886660497665001
0,7215,0.9656178173231762
0,7216,0.975914653695184
0,7217,0.9803703991408886
0,7218,0.9914974134810457
0,7219,0.9854152252393468
0,7220,0.9917981421534686
0,7221,0.9425920848451756
0,7222,0.9952926080550373
0,7223,0.9545755010691307
0,7224,0.9792997734731904
0,7225,0.9875935259938227
0,7226,0.995221283797786
0,7227,0.99062826618894
0,7228,0.9881680552361334
0,7229,0.9853878196338847
0,7230,0.9822607952304041
0,7231,0.994410909525768
0,7232,0.9800455542269387
0,7233,0.9942303502528405
0,7234,0.9728040803438217
0,7235,0.9757543266714082
0,7236,0.9722699886576713
0,7237,0.9880923079701494
0,7238,0.9868448594762083
0,7239,0.9785264673150252
0,7240,0.9938530185734737
0,7241,0.9887275478291273
0,7242,0.9674023143804364
0,7243,0.9945198726222394
0,7244,0.9914685427939934
0,7245,0.9792499813185197
0,7246,0.9906413061660736
0,7247,0.9490723965875649
0,7248,0.9747891490035485
0,7249,0.992958403051043
0,7250,0.9716265684080926
0,7251,0.9807601789260846
0,7252,0.9825323250056354
0,7253,0.9787232275389642
0,7254,0.9823063294443743
0,7255,0.9906816778498441
0,7256,0.9925205740050564
0,7257,0.9886042147054309
0,7258,0.9887134169215336
0,7259,0.9954314653110183
0,7260,0.9575601187723859
0,7261,0.9946756991729363
0,7262,0.9744484899617677
0,7263,0.9880981584984506
0,7264,0.9795852594581638
0,7265,0.9825027455764763
0,7266,0.9548952175651595
0,7267,0.9898554431275159
0,7268,0.9881288951914249
0,7269,0.9623727371483739
0,7270,0.99643036624064385
0,7271,0.9852226957733411
0,7272,0.9929961491728836
0,7273,0.9782041906731964
0,7274,0.9863630459993893
0,7275,0.9871638970827126
0,7276,0.9446751476276976
0,7277,0.9607753707199321
0,7278,0.991420929623618
0,7279,0.9915858718638566
0,7280,0.9927558592911204
0,7281,0.9884944342871893
0,7282,0.9886539878057667
0,7283,0.9732815425942672
0,7284,0.9411449952765039
0,7285,0.9688455942087649
0,7286,0.9953299175826249
0,7287,0.9772566523451921
0,7288,0.9374802446674245
0,7289,0.9879014283078381
0,7290,0.9935667789327067
0,7291,0.9692822666182136
0,7292,0.9901818422487468
0,7293,0.9915723330541125
0,7294,0.9803757262884141
0,7295,0.9932575701781965
0,7296,0.9706874205620091
0,7297,0.9978283879041554
0,7298,0.9808279755603029
0,7299,0.972362395650133
0,7300,0.97097640681219
0,7301,0.9782485095270163
0,7302,0.9815685908638936
0,7303,0.9757102771054189
0,7304,0.9778889602476765
0,7305,0.9867345021573505
0,7306,0.9794326835238736
0,7307,0.9892458213775408
0,7308,0.9631487717536686
0,7309,0.9859932591586432
0,7310,0.9731381362138114
0,7311,0.9826531094375082
0,7312,0.9781387441116105
0,7313,0.9792753493703422
0,7314,0.9724722603717754
0,7315,0.9912136151354596
0,7316,0.9952313088814242
0,7317,0.9852565096810195
0,7318,0.9826101316863485
0,7319,0.9746332117581528
0,7320,0.9884758781795969
0,7321,0.9714662662311602
0,7322,0.9809976498523947
0,7323,0.9835234684261377
0,7324,0.9853991147876449
0,7325,0.9315347482930761
0,7326,0.9785028066143604
0,7327,0.951039422833803
0,7328,0.9927721485783282
0,7329,0.985682107669274
0,7330,0.9775781024904994
0,7331,0.9856956139712765
0,7332,0.9840717677227871
0,7333,0.9741008007983855
0,7334,0.9871640693482387
0,7335,0.9893880442193228
0,7336,0.9777357781311223
0,7337,0.9865410603837552
0,7338,0.9793193061033147
0,7339,0.9835820316563946
0,7340,0.9936432817478663
0,7341,0.9758835216428664
0,7342,0.9879373328515286
0,7343,0.9853554744793207
0,7344,0.9813470084192683
0,7345,0.9833621623698767
0,7346,0.9844980024864545
0,7347,0.9918155219672419
0,7348,0.9818219246581008
0,7349,0.9659898690950373
0,7350,0.9884663429394627
0,7351,0.9898759777812223
0,7352,0.9882216398095295
0,7353,0.9753852418466757
0,7354,0.9825922781066276
0,7355,0.9828206128987325
0,7356,0.9907956183484301
0,7357,0.9844495947176188
0,7358,0.9862032935527377
0,7359,0.978519596043905
0,7360,0.9940608683514726
0,7361,0.9828360652343969
0,7362,0.997334937671445
0,7363,0.9437342411852037
0,7364,0.9892857440324863
0,7365,0.9909550096613324
0,7366,0.9890808583323061
0,7367,0.986360589994673
0,7368,0.9924162426250905
0,7369,0.9937014735198687
0,7370,0.9806039671122142
0,7371,0.98869991357442355
0,7372,0.993080532936303
0,7373,0.9708391245773756
0,7374,0.9892028975092135
0,7375,0.9824047462376829
0,7376,0.9787948422534953
0,7377,0.9864356678270231
0,7378,0.9752706139925007
0,7379,0.9892848212746621
0,7380,0.9931018682026416
0,7381,0.978522787137237
0,7382,0.9904289109116745
0,7383,0.9861344646395686
0,7384,0.9959486302004003
0,7385,0.985607610380185
0,7386,0.9726058373330201
0,7387,0.9974536849844255
0,7388,0.9920015069501318
0,7389,0.9854306164452854
0,7390,0.9584117347184291
0,7391,0.9931914111148019
0,7392,0.9956644236740547
0,7393,0.9975165126478275
0,7394,0.970143243469739
0,7395,0.9813386539371902
0,7396,0.9846814829709419
0,7397,0.9695635032588472
0,7398,0.9884227571276925
0,7399,0.991842403507229
0,7400,0.9626671550189617
0,7401,0.9916477823899262
0,7402,0.9688176662852228
0,7403,0.9855267275603966
0,7404,0.9934844085248264
0,7405,0.992369424974068
0,7406,0.9908053468302027
0,7407,0.9945970103356321
0,7408,0.9928099806270985
0,7409,0.9851970320178864
0,7410,0.9562588022205654
0,7411,0.9554842039366397
0,7412,0.9910081991602265
0,7413,0.9795898326158283
0,7414,0.9884985142296073
0,7415,0.9870683338752557
0,7416,0.9863219111674333
0,7417,0.9907646780429049
0,7418,0.9774140890194581
0,7419,0.9906840674069886
0,7420,0.9938353008826011
0,7421,0.9810053424593805
0,7422,0.9805308544009678
0,7423,0.9931534043032099
0,7424,0.9935402317630108
0,7425,0.9967473332439356
0,7426,0.9662092350113365
0,7427,0.9739782682809215
0,7428,0.9945482583338847
0,7429,0.9916895867881935
0,7430,0.9945378639236194
0,7431,0.9952648801670876
0,7432,0.9802904193159073
0,7433,0.9892882238180454
0,7434,0.9821872856442927
0,7435,0.9878021141412844
0,7436,0.9665481087887325
0,7437,0.9930615982880103
0,7438,0.9338190076293468
0,7439,0.9514480062268329
0,7440,0.9928101841933518
0,7441,0.9817184111036823
0,7442,0.9910619510036756
0,7443,0.989732254534786
0,7444,0.9469168076725482
0,7445,0.993028994997742
0,7446,0.9828909576906061
0,7447,0.9935871425469206
0,7448,0.9572350897207313
0,7449,0.9826090238588978
0,7450,0.9906665240771075
0,7451,0.9780349323329852
0,7452,0.9871332354766064
0,7453,0.9817234597624681
0,7454,0.9853729918565315
0,7455,0.9923268911127292
0,7456,0.9650297689092646
0,7457,0.9818316195839999
0,7458,0.9919243253491624
0,7459,0.9631553154837708
0,7460,0.9607803074698006
0,7461,0.9449479870492998
0,7462,0.9504529359997207
0,7463,0.9811422094587626
0,7464,0.9859956206362522
0,7465,0.9908252501410784
0,7466,0.9758910566472409
0,7467,0.9643523427366728
0,7468,0.9935189616336859
0,7469,0.9873368264004906
0,7470,0.984718599322823
0,7471,0.9805815296950904
0,7472,0.9918474302413833
0,7473,0.9764041921190163
0,7474,0.9841199499066268
0,7475,0.990612303208095
0,7476,0.9779765957966613
0,7477,0.9734449260200045
0,7478,0.9469798555381584
0,7479,0.9945389922879205
0,7480,0.993745899817842
0,7481,0.9883439158804168
0,7482,0.9894131937916704
0,7483,0.9625459812887864
0,7484,0.9691068690028839
0,7485,0.9880339303114926
0,7486,0.9578335269590218
0,7487,0.9927841278810298
0,7488,0.9831718881362977
0,7489,0.9858021317487616
0,7490,0.9882590847384756
0,7491,0.9861409529362393
0,7492,0.975006856157033
0,7493,0.9701059730113825
0,7494,0.9749478886688115
0,7495,0.9567114329085868
0,7496,0.985146342579673
0,7497,0.9691677429097734
0,7498,0.9807547735254643
0,7499,0.9836921703956455
0,7500,0.9777781138905467
0,7501,0.9784186741479319
0,7502,0.9889495046894959
0,7503,0.9926000161102508
0,7504,0.9860908501690995
0,7505,0.9899896739300552
0,7506,0.990141413301348
0,7507,0.9817710245725408
0,7508,0.9799167371534361
0,7509,0.990104550044503
0,7510,0.9786625053641849
0,7511,0.978033588191281
0,7512,0.9946667304819852
0,7513,0.9915305645099773
0,7514,0.9926766964181644
0,7515,0.9866827254684885
0,7516,0.9648713335485359
0,7517,0.9589233516357755
0,7518,0.9888952570108299
0,7519,0.9792146679506493
0,7520,0.9952844697998797
0,7521,0.9874702528578446
0,7522,0.9865526670075654
0,7523,0.9713504747926927
0,7524,0.967370926916664
0,7525,0.9763499255055307
0,7526,0.9958251170923449
0,7527,0.9956997495583501
0,7528,0.9984810547168175
0,7529,0.9969415878488784
0,7530,0.9475304850114177
0,7531,0.9283884307807712
0,7532,0.9737653815909678
0,7533,0.950383559862339
0,7534,0.9766263424067237
0,7535,0.995441315731111
0,7536,0.9717881576041555
0,7537,0.9840384471654453
0,7538,0.9867259112466842
0,7539,0.9963747811632432
0,7540,0.9975121758339388
0,7541,0.9690621207718456
0,7542,0.9871459996587465
0,7543,0.9692915806347476
0,7544,0.9881519996520685
0,7545,0.9910766397793167
0,7546,0.9814380859135482
0,7547,0.9909184962224132
0,7548,0.9880802262468286
0,7549,0.9940021283766546
0,7550,0.9988014327562291
0,7551,0.9477890182791823
0,7552,0.9940810126494188
0,7553,0.9935825179712575
0,7554,0.9842192174039736
0,7555,0.9960201923388573
0,7556,0.9925769849627175
0,7557,0.9930354043309505
0,7558,0.9778221144957874
0,7559,0.983239472069848
0,7560,0.987726670250727
0,7561,0.9906778883459552
0,7562,0.9886193949722815
0,7563,0.9833337043581728
0,7564,0.9934108926944081
0,7565,0.9662670480312565
0,7566,0.9929767372331213
0,7567,0.9863728454688934
0,7568,0.9586643284251983
0,7569,0.980853504586234
0,7570,0.9818479303595672
0,7571,0.9942821962282852
0,7572,0.9923535594609337
0,7573,0.9893118078118739
0,7574,0.9855992847826479
0,7575,0.980404920094197
0,7576,0.9719840608885882
0,7577,0.9961301469446279
0,7578,0.985558827489489
0,7579,0.9780831651890398
0,7580,0.9845803752930266
0,7581,0.9860638427038965
0,7582,0.9812580428123588
0,7583,0.9816093838325591
0,7584,0.990646960932687
0,7585,0.9770169640394716
0,7586,0.9873330701826393
0,7587,0.976726738260897
0,7588,0.9852796198468509
0,7589,0.9669035775981625
0,7590,0.9886565460955984
0,7591,0.9889969233847015
0,7592,0.9894019355676271
0,7593,0.9946523032977133
0,7594,0.9716847911007442
0,7595,0.9892903980037203
0,7596,0.9915290334065561
0,7597,0.990816937136104
0,7598,0.9782145842384623
0,7599,0.9770182452580108
0,7600,0.9777893388144924
0,7601,0.9874793489339152
0,7602,0.9863411609799918
0,7603,0.9945670704182864
0,7604,0.9851752127814262
0,7605,0.9900967738270195
0,7606,0.9869915862944921
0,7607,0.9797750312364354
0,7608,0.9955360171439993
0,7609,0.9776053331357165
0,7610,0.9907633314520267
0,7611,0.9941789651235264
0,7612,0.9899555921716734
0,7613,0.997835913206588
0,7614,0.9896641375497125
0,7615,0.9959216132095329
0,7616,0.9721905617545743
0,7617,0.9782192290584601
0,7618,0.9781105384431391
0,7619,0.938325662966293
0,7620,0.9573589904041904
0,7621,0.9707659216955787
0,7622,0.9912837126816302
0,7623,0.9879581758528265
0,7624,0.9970614291530323
0,7625,0.9944252315300682
0,7626,0.9408272595527376
0,7627,0.9966400615904529
0,7628,0.9839348939557759
0,7629,0.9919052366676241
0,7630,0.996129887108121
0,7631,0.9830681227887947
0,7632,0.9721237425793513
0,7633,0.9776050826599201
0,7634,0.9924814268696178
0,7635,0.9895180438473941
0,7636,0.9963261208680376
0,7637,0.9783375918909073
0,7638,0.9874764549228494
0,7639,0.9882755539644157
0,7640,0.9860588295956866
0,7641,0.9949333302720632
0,7642,0.9775815670263818
0,7643,0.9800806911058615
0,7644,0.9920245918237182
0,7645,0.9885630277743628
0,7646,0.954316183809778
0,7647,0.998071012806632
0,7648,0.9835501020150423
0,7649,0.9902606016043308
0,7650,0.9797566811178725
0,7651,0.9941913546513951
0,7652,0.9808928068469696
0,7653,0.9845937568669976
0,7654,0.9909457373317159
0,7655,0.9868380525034846
0,7656,0.9877405680027777
0,7657,0.984053631178496
0,7658,0.9932707909728922
0,7659,0.9885326084264853
0,7660,0.9859614369766209
0,7661,0.9895721167809313
0,7662,0.9945603272357033
0,7663,0.9783602975048834
0,7664,0.9707383229994052
0,7665,0.995605586309093
0,7666,0.9772415680022359
0,7667,0.98448341398737
0,7668,0.9867919872932337
0,7669,0.9934562915385919
0,7670,0.9844346827223369
0,7671,0.962175660712466
0,7672,0.9925348163191152
0,7673,0.9752721548790176
0,7674,0.995556176572668
0,7675,0.9912402739210701
0,7676,0.9747847037059008
0,7677,0.9588564159260987
0,7678,0.9891543253978919
0,7679,0.9815621737335651
0,7680,0.9861322666247404
0,7681,0.9806109419847705
0,7682,0.9723393478949827
0,7683,0.9829140130386517
0,7684,0.9832392223438109
0,7685,0.9908416393524766
0,7686,0.9803662657950588
0,7687,0.976047549254947
0,7688,0.8335372470442262
0,7689,0.978941734096035
0,7690,0.9965079752805941
0,7691,0.9914390910426559
0,7692,0.9612559962080284
0,7693,0.9891874938249645
0,7694,0.9744054559049762
0,7695,0.9739606981445639
0,7696,0.9968805918638316
0,7697,0.9529180796593755
0,7698,0.9892059516073196
0,7699,0.9888143580221378
0,7700,0.9397786355831489
0,7701,0.9888385683283407
0,7702,0.992601933276949
0,7703,0.989000765866018
0,7704,0.9855750746628813
0,7705,0.9940812143574097
0,7706,0.9840052771368767
0,7707,0.9857377305054922
0,7708,0.9888932028124476
0,7709,0.9734145534421071
0,7710,0.988192398487647
0,7711,0.9720726416673502
0,7712,0.9899962224594072
0,7713,0.9720189321614444
0,7714,0.9916014967441187
0,7715,0.9818149471708668
0,7716,0.9904307047001365
0,7717,0.9850639206135354
0,7718,0.988165220736542
0,7719,0.9822662295724698
0,7720,0.9930931907381528
0,7721,0.9955746830212119
0,7722,0.9946927934668485
0,7723,0.9921483494385853
0,7724,0.8826406358011409
0,7725,0.9890393298033768
0,7726,0.992171089627014
0,7727,0.9437164277542729
0,7728,0.9872456490095627
0,7729,0.9529336509634966
0,7730,0.9696170880876037
0,7731,0.9911105040619513
0,7732,0.9910269202143716
0,7733,0.9715809562233853
0,7734,0.9754196484139865
0,7735,0.9816932000463446
0,7736,0.9645597415051825
0,7737,0.991009848304996
0,7738,0.9761171257403709
0,7739,0.994388147816446
0,7740,0.9728412553455332
0,7741,0.9632332582353493
0,7742,0.9836752509028026
0,7743,0.9831005625318049
0,7744,0.98320240326368
0,7745,0.9901602198367033
0,7746,0.9806104453643071
0,7747,0.9858610540327906
0,7748,0.9899646216376271
0,7749,0.9864597630999941
0,7750,0.9962888861695881
0,7751,0.9818606962387658
0,7752,0.9726994382106431
0,7753,0.9520984729436368
0,7754,0.9950574717336619
0,7755,0.9862720595283514
0,7756,0.9864328079165281
0,7757,0.9915458915378116
0,7758,0.993669895469081
0,7759,0.9871309059358634
0,7760,0.9849205503994776
0,7761,0.9598882189653325
0,7762,0.9961130103848782
0,7763,0.9886646978317243
0,7764,0.9834234929282262
0,7765,0.99323143645484
0,7766,0.9911761150197004
0,7767,0.9893803522146655
0,7768,0.9598114520873425
0,7769,0.9944309479854547
0,7770,0.9873205135483373
0,7771,0.985985362572309
0,7772,0.9581929578382444
0,7773,0.9949621750239773
0,7774,0.9876345511795153
0,7775,0.9811635995679032
0,7776,0.9747580885068989
0,7777,0.8738717150228208
0,7778,0.9945111560914199
0,7779,0.9822993831831561
0,7780,0.9903188557188469
0,7781,0.9696049964769791
0,7782,0.9950163818416877
0,7783,0.9959890759720954
0,7784,0.9945023020396457
0,7785,0.9868251331955333
0,7786,0.98001920109111
0,7787,0.9795494247325266
0,7788,0.9878569984402588
0,7789,0.9825094546675506
0,7790,0.9799935394849408
0,7791,0.9822507335686755
0,7792,0.9786988033676443
0,7793,0.9781276139606931
0,7794,0.9891883879235425
0,7795,0.9851244155768689
0,7796,0.9883752466205337
0,7797,0.9810925561479067
0,7798,0.9902530048247533
0,7799,0.9770770180026581
0,7800,0.9825756350507834
0,7801,0.9891440013394892
0,7802,0.9576301451592181
0,7803,0.9881915789940074
0,7804,0.988605519934965
0,7805,0.9745669668877918
0,7806,0.9514612161375241
0,7807,0.9950188426786533
0,7808,0.9649279555948274
0,7809,0.9888718127216373
0,7810,0.9437779755633556
0,7811,0.9173136759537747
0,7812,0.9704148472620381
0,7813,0.9944135923603369
0,7814,0.9845334241680855
0,7815,0.996332785537526
0,7816,0.9798342425652334
0,7817,0.9909906816655686
0,7818,0.9789704160301248
0,7819,0.9885783425056734
0,7820,0.9965128146686433
0,7821,0.9697712963557223
0,7822,0.9980649193177075
0,7823,0.9760803279635126
0,7824,0.9842907194026318
0,7825,0.9964203054135237
0,7826,0.9928543680139049
0,7827,0.9881728108065048
0,7828,0.9858465354281122
0,7829,0.9877855377892573
0,7830,0.9468533167269526
0,7831,0.9604529152351989
0,7832,0.987461291035087
0,7833,0.9961863489089848
0,7834,0.996818262101704
0,7835,0.9970306970572825
0,7836,0.9863477656995959
0,7837,0.9867623188125219
0,7838,0.9876858803346534
0,7839,0.9934399678188539
0,7840,0.9907685992845979
0,7841,0.9850649570692892
0,7842,0.9811597421187926
0,7843,0.9925358660680637
0,7844,0.9587203128826793
0,7845,0.989613348487844
0,7846,0.9831765519442655
0,7847,0.9842874474292806
0,7848,0.9906088864547544
0,7849,0.9572375745511313
0,7850,0.9913097944809991
0,7851,0.9960484525129832
0,7852,0.9003151727251069
0,7853,0.9947161876576622
0,7854,0.986104059928052
0,7855,0.9822860718360806
0,7856,0.974910910625402
0,7857,0.9570427647222065
0,7858,0.9938388081945695
0,7859,0.9928329750977867
0,7860,0.9839445968019637
0,7861,0.9989381837693011
0,7862,0.999558887917957
0,7863,0.995657552954017
0,7864,0.9494027717487504
0,7865,0.997298901076771
0,7866,0.9891126033347255
0,7867,0.9882814626858042
0,7868,0.9801407703742259
0,7869,0.9818151185981401
0,7870,0.978759167276626
0,7871,0.9888237736526514
0,7872,0.9772744270301356
0,7873,0.9889292415324586
0,7874,0.9876825437603238
0,7875,0.9433031024418067
0,7876,0.9765862562039703
0,7877,0.9930424839021893
0,7878,0.9768687824675206
0,7879,0.9953959340379167
0,7880,0.9832917440573958
0,7881,0.9964903472939928
0,7882,0.9952286569114556
0,7883,0.9893353070910945
0,7884,0.9853560142043094
0,7885,0.9838639445244995
0,7886,0.9675515316401949
0,7887,0.9939687570421945
0,7888,0.9609837747780334
0,7889,0.9939734234281389
0,7890,0.9733054457313759
0,7891,0.9850496343601831
0,7892,0.9902682271058962
0,7893,0.9907874468662822
0,7894,0.9845118914662129
0,7895,0.9762536008156723
0,7896,0.9747328752386017
0,7897,0.985770485958089
0,7898,0.9948100475395462
0,7899,0.9727851531379464
0,7900,0.9916427472570918
0,7901,0.9850919582699313
0,7902,0.9737582257231266
0,7903,0.980850596177941
0,7904,0.9900935834687085
0,7905,0.9843500674481158
0,7906,0.9893319906666893
0,7907,0.9908670212539624
0,7908,0.9735537524186585
0,7909,0.9778661177105431
0,7910,0.9776244206989435
0,7911,0.9919058424970966
0,7912,0.988038026933802
0,7913,0.9812513719061308
0,7914,0.9853419999555487
0,7915,0.9610545560498451
0,7916,0.9917940266665585
0,7917,0.987389950538759
0,7918,0.9866147005014749
0,7919,0.9883372282752343
0,7920,0.9653359630144371
0,7921,0.9711121463364575
0,7922,0.9892905656643307
0,7923,0.9736213880115844
0,7924,0.9919070353916454
0,7925,0.9655632733605936
0,7926,0.9945095200079586
0,7927,0.9958942390662805
0,7928,0.9850377333063772
0,7929,0.9918799982918823
0,7930,0.997672036881965
0,7931,0.9834130357460033
0,7932,0.98602388813865
0,7933,0.9960052667380019
0,7934,0.993702006058854
0,7935,0.9850365232162601
0,7936,0.9841401423563497
0,7937,0.9924719414312302
0,7938,0.9877001595014883
0,7939,0.9917297778894216
0,7940,0.9696901656787649
0,7941,0.996289123364961
0,7942,0.9504786964520184
0,7943,0.9356868166803759
0,7944,0.9894213436570302
0,7945,0.9874437959923031
0,7946,0.9797062565657673
0,7947,0.9977786413393346
0,7948,0.9857778413056287
0,7949,0.9849344534279498
0,7950,0.979210819581412
0,7951,0.9917772854958207
0,7952,0.9942409229401858
0,7953,0.8337332012462138
0,7954,0.9381829845223806
0,7955,0.9927947192790763
0,7956,0.989399396122825
0,7957,0.9898708318719585
0,7958,0.9877202235646699
0,7959,0.973245222660146
0,7960,0.9269109758636256
0,7961,0.995584645185787
0,7962,0.9734820362586158
0,7963,0.9832822754967229
0,7964,0.9930410612016722
0,7965,0.9699006549688588
0,7966,0.9950908666221101
0,7967,0.9944353524418578
0,7968,0.9891283676074323
0,7969,0.9878580123393962
0,7970,0.9895449409650646
0,7971,0.9467611380676736
0,7972,0.983949281007241
0,7973,0.9865501816381614
0,7974,0.9841942967835899
0,7975,0.9662901789517682
0,7976,0.9600626949204772
0,7977,0.9868670267550164
0,7978,0.9885118697475336
0,7979,0.9566832892418108
0,7980,0.9889938699147623
0,7981,0.9948256942525112
0,7982,0.9882151177706344
0,7983,0.939394696947549
0,7984,0.9898465864042187
0,7985,0.9634232263318254
0,7986,0.9825651386247941
0,7987,0.9915610805877411
0,7988,0.9829887129829965
0,7989,0.989014646753572
0,7990,0.9819879512400037
0,7991,0.9718925179043504
0,7992,0.9959289563526347
0,7993,0.9833623735368366
0,7994,0.9933952488721179
0,7995,0.984927007619195
0,7996,0.976720706958793
0,7997,0.9772516174371616
0,7998,0.9879558588508326
0,7999,0.9924679422430788
0,8000,0.9875807510452996
0,8001,0.9784318390870979
0,8002,0.9642343972340729
0,8003,0.9968714489062611
0,8004,0.9756929871497926
0,8005,0.9926553160475514
0,8006,0.9728625311019272
0,8007,0.9827848445858414
0,8008,0.9823917038569757
0,8009,0.9868661861061688
0,8010,0.9700228398996444
0,8011,0.9905352243100606
0,8012,0.9939596917330107
0,8013,0.992087842552657
0,8014,0.9882609290223101
0,8015,0.9846740272323323
0,8016,0.9571838117396629
0,8017,0.9839412197797679
0,8018,0.9879317504507666
0,8019,0.9899365724149787
0,8020,0.9692954111664552
0,8021,0.9821919538049128
0,8022,0.9830922359894348
0,8023,0.9897961056846011
0,8024,0.9892883616707077
0,8025,0.9741864534953601
0,8026,0.9854726515863583
0,8027,0.9942210548752691
0,8028,0.98298682352521
0,8029,0.9926313635403092
0,8030,0.9884446105220315
0,8031,0.9778828343815241
0,8032,0.981901339435033
0,8033,0.9814373015347078
0,8034,0.9973931287122447
0,8035,0.9973751855600829
0,8036,0.9765997931160776
0,8037,0.9895859811099268
0,8038,0.9851182848374767
0,8039,0.9852000991397613
0,8040,0.9918316301551141
0,8041,0.9909527644369599
0,8042,0.992350079154414
0,8043,0.9888971872817122
0,8044,0.9899780272367955
0,8045,0.9900426395747892
0,8046,0.9704910371362616
0,8047,0.9965798205306525
0,8048,0.9445399363904357
0,8049,0.9735234967126716
0,8050,0.9791141169827428
0,8051,0.9936107531811416
0,8052,0.9915315139447887
0,8053,0.9840403814521086
0,8054,0.9591048899105191
0,8055,0.9707636757208564
0,8056,0.9905440899813412
0,8057,0.9885022492456291
0,8058,0.9804015186470229
0,8059,0.9756421189727632
0,8060,0.9927923552087993
0,8061,0.9081267990175846
0,8062,0.8719979655876323
0,8063,0.9966970290315086
0,8064,0.96212608537227
0,8065,0.9899319193937928
0,8066,0.9811875415193192
0,8067,0.9960437599095178
0,8068,0.9479378203238448
0,8069,0.9888920306065754
0,8070,0.9882091329711262
0,8071,0.9591601500341338
0,8072,0.9704983663276604
0,8073,0.9868619225961965
0,8074,0.9838113844690548
0,8075,0.9863713001655604
0,8076,0.9958664843449123
0,8077,0.9781628822928152
0,8078,0.9954977201267344
0,8079,0.962823023043097
0,8080,0.9922260302861043
0,8081,0.9676005420246437
0,8082,0.994180071771895
0,8083,0.9862589983749019
0,8084,0.9762598144221069
0,8085,0.9979169747892087
0,8086,0.9957958787031844
0,8087,0.9522321633128048
0,8088,0.9911485844641703
0,8089,0.9761100360213361
0,8090,0.9719315936511278
0,8091,0.9913265852380946
0,8092,0.9838021794200145
0,8093,0.9778816879512026
0,8094,0.9905457216773856
0,8095,0.9709488038047597
0,8096,0.9596669718219646
0,8097,0.9973023430056099
0,8098,0.9541208934720575
0,8099,0.9792152641214843
0,8100,0.9754815591918347
0,8101,0.9733667124343431
0,8102,0.9475199637098904
0,8103,0.9920479430872988
0,8104,0.9807336575099607
0,8105,0.9962585575367762
0,8106,0.9900658314924194
0,8107,0.9826292712527075
0,8108,0.9918235285227243
0,8109,0.9593036462522216
0,8110,0.9602671895538983
0,8111,0.9479632840975637
0,8112,0.9943589245991352
0,8113,0.9845718045978525
0,8114,0.9828074804841587
0,8115,0.974655100987269
0,8116,0.9890933286216547
0,8117,0.8832501160210398
0,8118,0.9969265019579272
0,8119,0.9962755096795153
0,8120,0.9751605632753396
0,8121,0.9940055890188549
0,8122,0.9592361426586729
0,8123,0.9745330634390736
0,8124,0.9065568971419088
0,8125,0.9940564917561885
0,8126,0.9694706644553551
0,8127,0.9895086827866391
0,8128,0.98555210475959
0,8129,0.9842676026674547
0,8130,0.9806912281693786
0,8131,0.9783203691070832
0,8132,0.9908432346806526
0,8133,0.9791198760686446
0,8134,0.996139727274973
0,8135,0.9765839806933548
0,8136,0.9373633721304366
0,8137,0.995208786149438
0,8138,0.9508306578219399
0,8139,0.9754083755020317
0,8140,0.9932279711901664
0,8141,0.9907855040434802
0,8142,0.9745535739325359
0,8143,0.9732998575195851
0,8144,0.9962504005000351
0,8145,0.9907298945966532
0,8146,0.9955949371983324
0,8147,0.9662705430604237
0,8148,0.9793817670539844
0,8149,0.9826442523350752
0,8150,0.9801098068716181
0,8151,0.9810492726256015
0,8152,0.991345945928429
0,8153,0.984769731475641
0,8154,0.9859710760297575
0,8155,0.9987001483026562
0,8156,0.9653453524340432
0,8157,0.9695257452355207
0,8158,0.9675288751592633
0,8159,0.9730007577166874
0,8160,0.9863263987706511
0,8161,0.9876474010561206
0,8162,0.9895521168336469
0,8163,0.9933850061953721
0,8164,0.9843995113577593
0,8165,0.9893045634586124
0,8166,0.9928381549985918
0,8167,0.9942872678827671
0,8168,0.9938506079909504
0,8169,0.9926054541730865
0,8170,0.9832328444643277
0,8171,0.9862246986716429
0,8172,0.9852267256272157
0,8173,0.9893387990919443
0,8174,0.997659054371969
0,8175,0.9831046401442847
0,8176,0.9948524902966653
0,8177,0.9819230432139727
0,8178,0.9884179390125751
0,8179,0.9855461904822923
0,8180,0.9919215225667035
0,8181,0.9820133358336925
0,8182,0.9735920470296001
0,8183,0.9473270406247226
0,8184,0.9614625608535262
0,8185,0.9822318991101238
0,8186,0.9962589377669268
0,8187,0.995328783946635
0,8188,0.9915284910590366
0,8189,0.9886341213763983
0,8190,0.982630832404174
0,8191,0.9861791609793814
0,8192,0.9739518873186342
0,8193,0.9646850412966921
0,8194,0.9927780772804838
0,8195,0.9938984971258719
0,8196,0.9910379440070755
0,8197,0.9912431699114111
0,8198,0.9888640089654478
0,8199,0.9942178601296612
0,8200,0.9964190358535268
0,8201,0.974681723339856
0,8202,0.982679337904121
0,8203,0.9906876757485477
0,8204,0.9920573519597097
0,8205,0.9862502025352993
0,8206,0.9867745561647262
0,8207,0.9850443773942146
0,8208,0.9711508621494594
0,8209,0.9877831781811955
0,8210,0.9793237415645957
0,8211,0.9945289660121758
0,8212,0.9742518950216732
0,8213,0.9956062097173639
0,8214,0.9745001243900705
0,8215,0.9886181524003189
0,8216,0.9923044842143824
0,8217,0.977149494886245
0,8218,0.985938159790505
0,8219,0.9921025234950788
0,8220,0.9652632716944721
0,8221,0.9956440686681026
0,8222,0.9358250736472955
0,8223,0.9626769463766615
0,8224,0.9874925367346217
0,8225,0.9705283374091812
0,8226,0.9975348476644368
0,8227,0.9983796066275458
0,8228,0.9729968211944247
0,8229,0.993587051501888
0,8230,0.9773791599855063
0,8231,0.975249738638791
0,8232,0.9791562765389374
0,8233,0.9803789296522382
0,8234,0.9747886145147423
0,8235,0.990670571431555
0,8236,0.9914101392378866
0,8237,0.9841879119150044
0,8238,0.9921363435196341
0,8239,0.9782489697443706
0,8240,0.9864860104355374
0,8241,0.9839878539565288
0,8242,0.9748698602402488
0,8243,0.9670764602313565
0,8244,0.9846079332867601
0,8245,0.9868275458925112
0,8246,0.9946722627403309
0,8247,0.9881992632436231
0,8248,0.98709958762389
0,8249,0.9932235148095994
0,8250,0.989546308319244
0,8251,0.985572840144369
0,8252,0.9894984372519369
0,8253,0.9886102374288647
0,8254,0.9974982624949326
0,8255,0.9984121823300063
0,8256,0.9818132897281072
0,8257,0.9806354684396561
0,8258,0.9755090452531592
0,8259,0.9712535082404957
0,8260,0.9834990913274795
0,8261,0.9940748171569853
0,8262,0.9908088119136192
0,8263,0.9910180363324752
0,8264,0.9915204928220704
0,8265,0.9965816418879496
0,8266,0.9809480790270092
0,8267,0.9780321332827765
0,8268,0.9921305543701474
0,8269,0.9782181046081438
0,8270,0.9811938472356097
0,8271,0.9894236959225557
0,8272,0.9750721589326191
0,8273,0.9864198657160513
0,8274,0.9847263827554725
0,8275,0.9936164907762609
0,8276,0.9925048313613299
0,8277,0.9710107435655785
0,8278,0.9031261581407101
0,8279,0.9879470579972649
0,8280,0.9866940484672431
0,8281,0.9499090142744726
0,8282,0.9787092298037633
0,8283,0.9892737433527117
0,8284,0.9898905557105148
0,8285,0.989355844288358
0,8286,0.9865292041730527
0,8287,0.9871168467344982
0,8288,0.9963200000097542
0,8289,0.9701092650979726
0,8290,0.9855791066822542
0,8291,0.9765766146900289
0,8292,0.9787185010738846
0,8293,0.9931252394922225
0,8294,0.9866203055909509
0,8295,0.964365864106077
0,8296,0.9837911425123101
0,8297,0.9824786297209842
0,8298,0.978733450564194
0,8299,0.9884128208544648
0,8300,0.9515195422436593
0,8301,0.9560738275424538
0,8302,0.9898677325556838
0,8303,0.9789639281369168
0,8304,0.997038366359775
0,8305,0.9661995658266385
0,8306,0.9882423012524251
0,8307,0.978374866014433
0,8308,0.9786089298876952
0,8309,0.990988936239985
0,8310,0.9925663226451202
0,8311,0.984224561574833
0,8312,0.9931822581701867
0,8313,0.9753793957118438
0,8314,0.9902849448410003
0,8315,0.9895680086459145
0,8316,0.9853030890141071
0,8317,0.9913396650069026
0,8318,0.9836657650459886
0,8319,0.9778036180457473
0,8320,0.9885643200733022
0,8321,0.9899321434523579
0,8322,0.9693143038507311
0,8323,0.9823812134810297
0,8324,0.9859181848496198
0,8325,0.9772652717447708
0,8326,0.9850240667177109
0,8327,0.9870260497133135
0,8328,0.9962057348063222
0,8329,0.9929512613966384
0,8330,0.9846772515594557
0,8331,0.9577542367947831
0,8332,0.9939774034854888
0,8333,0.9603436958746523
0,8334,0.9890306517298627
0,8335,0.9737918734108029
0,8336,0.9819326415804548
0,8337,0.9622578699149701
0,8338,0.9815241335434088
0,8339,0.9825092750719594
0,8340,0.9852952832804462
0,8341,0.9904040399631878
0,8342,0.9930735939282913
0,8343,0.98993414972373
0,8344,0.9780547858698067
0,8345,0.9802609341911348
0,8346,0.9943299550672847
0,8347,0.9950385994565499
0,8348,0.9703932520196799
0,8349,0.9872174141102351
0,8350,0.9696648278677246
0,8351,0.9920988560895556
0,8352,0.9908472624372962
0,8353,0.9001852175777797
0,8354,0.989717433053494
0,8355,0.9934896984094973
0,8356,0.9902702617180306
0,8357,0.90026548776178
0,8358,0.9939614300182071
0,8359,0.9755289628579477
0,8360,0.9867931818870215
0,8361,0.9806741427071626
0,8362,0.99243188698974
0,8363,0.9735633962066237
0,8364,0.9965234749388066
0,8365,0.9951390716875769
0,8366,0.9392769212858061
0,8367,0.9897171179678459
0,8368,0.994169123836611
0,8369,0.9678438347293974
0,8370,0.9940314879839882
0,8371,0.9806441378833459
0,8372,0.9822032725117372
0,8373,0.99483256489487
0,8374,0.9838686636537476
0,8375,0.9949776816259586
0,8376,0.9903081605108546
0,8377,0.9906570622514583
0,8378,0.9841352244458069
0,8379,0.9762923781481888
0,8380,0.9697212554890493
0,8381,0.9659456805722957
0,8382,0.9850747441938088
0,8383,0.9844430578484946
0,8384,0.9926791172857846
0,8385,0.9858919672900541
0,8386,0.9651829667560756
0,8387,0.9737013030954774
0,8388,0.9889027168390089
0,8389,0.9877326310017105
0,8390,0.9730285028670961
0,8391,0.9940198749461887
0,8392,0.9144601610048153
0,8393,0.9601506817853237
0,8394,0.9902582113893157
0,8395,0.9810709974623082
0,8396,0.9600351142252391
0,8397,0.9930843970923355
0,8398,0.988536190386918
0,8399,0.9683636554093639
0,8400,0.9944204234027602
0,8401,0.9913366105331147
0,8402,0.9889636107429705
0,8403,0.9723108767381184
0,8404,0.9879937607265885
0,8405,0.9920748133064919
0,8406,0.8846028084111971
0,8407,0.8235094736154385
0,8408,0.987821063658296
0,8409,0.9813847719036285
0,8410,0.9811832712153461
0,8411,0.9924624494584466
0,8412,0.9799889265180468
0,8413,0.9836471710684214
0,8414,0.9901390637961051
0,8415,0.9657185722960813
0,8416,0.9969203076317695
0,8417,0.9705026717850452
0,8418,0.9740711920809707
0,8419,0.9976589516270189
0,8420,0.9959130097066348
0,8421,0.9943599343121736
0,8422,0.9985390647861996
0,8423,0.9432238662839377
0,8424,0.9333599753456521
0,8425,0.9891546811134224
0,8426,0.9904347169611877
0,8427,0.9801786624009337
0,8428,0.986332769724158
0,8429,0.98351068915781
0,8430,0.9735352179441803
0,8431,0.9867427277333526
0,8432,0.9773663389968111
0,8433,0.9976186515817139
0,8434,0.9625376345894454
0,8435,0.9761794613409825
0,8436,0.9956304025829289
0,8437,0.9775020419993797
0,8438,0.9959972265474207
0,8439,0.9892428680690357
0,8440,0.9911243639016948
0,8441,0.9934050170534271
0,8442,0.986679119615281
0,8443,0.9804893102794732
0,8444,0.997392149648762
0,8445,0.9901679599883313
0,8446,0.9971844645048756
0,8447,0.9936183922990705
0,8448,0.9970273954057827
0,8449,0.9919150796060517
0,8450,0.9898413348638916
0,8451,0.9954792710247531
0,8452,0.9782068792268921
0,8453,0.9904740026053541
0,8454,0.9942360782335554
0,8455,0.9497626407695428
0,8456,0.9895414845096275
0,8457,0.9802612204169701
0,8458,0.9868482018744543
0,8459,0.9885816536486056
0,8460,0.9875227067805069
0,8461,0.9665029440792718
0,8462,0.9806296437536469
0,8463,0.9762830725964756
0,8464,0.9936422474101245
0,8465,0.9955037586791142
0,8466,0.9939006826928881
0,8467,0.9841769443608124
0,8468,0.9800366356769824
0,8469,0.9845127379821184
0,8470,0.9788841173249737
0,8471,0.9878962733594477
0,8472,0.9949595678501995
0,8473,0.9793738612933958
0,8474,0.9919774158937971
0,8475,0.9922723003234143
0,8476,0.9360758544685516
0,8477,0.98885106131083
0,8478,0.9839297408536777
0,8479,0.9818186188407333
0,8480,0.9883145457208709
0,8481,0.9340161370853585
0,8482,0.9830141154148421
0,8483,0.9873304473670206
0,8484,0.9721376557022859
0,8485,0.9882231928520431
0,8486,0.9713660980250004
0,8487,0.9905438961641277
0,8488,0.9592864993298409
0,8489,0.9747856692033346
0,8490,0.9810317166808306
0,8491,0.9857984341577235
0,8492,0.97729577840904025
0,8493,0.9888437185024865
0,8494,0.9874949421977177
0,8495,0.9854494714261948
0,8496,0.9699881638054025
0,8497,0.9908118710701906
0,8498,0.9912677243760083
0,8499,0.9894731666678461
0,8500,0.9566557141838552
0,8501,0.9823032314182205
0,8502,0.9827631540594203
0,8503,0.9891327217635392
0,8504,0.9699121747551037
0,8505,0.9809643755653867
0,8506,0.9899063781437871
0,8507,0.9959434824360559
0,8508,0.9707187811155946
0,8509,0.9931188827794561
0,8510,0.9904290975222001
0,8511,0.9899273436376808
0,8512,0.9935345159356265
0,8513,0.9970113522289591
0,8514,0.9864089221355712
0,8515,0.9868086767647503
0,8516,0.9878220520019477
0,8517,0.9891506259314861
0,8518,0.9753077214232645
0,8519,0.9730036801988288
0,8520,0.9990905488026858
0,8521,0.974646492415206
0,8522,0.9830332170934604
0,8523,0.957493845194534
0,8524,0.9866436061769026
0,8525,0.9806392365627556
0,8526,0.9650012577727853
0,8527,0.9937222564927617
0,8528,0.9830530398922332
0,8529,0.9925326882830523
0,8530,0.9867205400039802
0,8531,0.9870404508644105
0,8532,0.9933981378631795
0,8533,0.9704560632050462
0,8534,0.9729749639465247
0,8535,0.9960676898986068
0,8536,0.9833582559672978
0,8537,0.9611265967042527
0,8538,0.987947047900789
0,8539,0.9851804958622657
0,8540,0.9888068328053343
0,8541,0.9793415472971958
0,8542,0.9790412980761442
0,8543,0.9665025341663122
0,8544,0.9826216528389082
0,8545,0.9763903186483636
0,8546,0.9929714018413651
0,8547,0.9935550767669039
0,8548,0.9954898685055299
0,8549,0.9939471828959145
0,8550,0.9791814490433187
0,8551,0.9843513251528223
0,8552,0.9603848562826687
0,8553,0.9695851502327156
0,8554,0.9911920256869081
0,8555,0.9964231255724506
0,8556,0.99542264274831
0,8557,0.9531634638769614
0,8558,0.9925146164498216
0,8559,0.9878966169716754
0,8560,0.9388951662255962
0,8561,0.9946298653151109
0,8562,0.9874429651366344
0,8563,0.9897423980039385
0,8564,0.9863556989016388
0,8565,0.9934757424932961
0,8566,0.9770615012181874
0,8567,0.995739378889096
0,8568,0.9933424992454002
0,8569,0.9909197727370855
0,8570,0.9762125722567355
0,8571,0.996816597880431
0,8572,0.9982143697442873
0,8573,0.9977223128333698
0,8574,0.9433424929028383
0,8575,0.99517043372206615
0,8576,0.9933666557035241
0,8577,0.9893617734284131
0,8578,0.9942037152143851
0,8579,0.9962811781848846
0,8580,0.995976857363933
0,8581,0.9812162042719479
0,8582,0.9946181126085342
0,8583,0.9872998002573194
0,8584,0.9939630016289165
0,8585,0.9955029060665318
0,8586,0.9645591984001628
0,8587,0.9071351111834802
0,8588,0.9464329110390222
0,8589,0.9731395024289607
0,8590,0.9370284196476178
0,8591,0.9726542392279287
0,8592,0.9898050430523775
0,8593,0.9594981825544372
0,8594,0.9931883630484534
0,8595,0.9950575408846178
0,8596,0.9753869209157833
0,8597,0.985284806002908
0,8598,0.988632523555713
0,8599,0.9909971111591472
0,8600,0.9878516580158613
0,8601,0.9864773371982696
0,8602,0.9937369973855386
0,8603,0.996249265980907
0,8604,0.9856023788765451
0,8605,0.9918959971253554
0,8606,0.9870213146486094
0,8607,0.9914845301414617
0,8608,0.9829528710040415
0,8609,0.9725409586666729
0,8610,0.953779971418277
0,8611,0.9593347127568543
0,8612,0.9885160221610338
0,8613,0.9791331902149386
0,8614,0.9745115133925185
0,8615,0.9842525271753573
0,8616,0.9843985700670872
0,8617,0.9860915119078257
0,8618,0.9876424760845341
0,8619,0.9942582456297437
0,8620,0.9889452330467376
0,8621,0.9975976354892482
0,8622,0.9854037431293584
0,8623,0.9881962885759414
0,8624,0.9927117742087616
0,8625,0.9898134623567703
0,8626,0.9949948804297521
0,8627,0.9799150172646762
0,8628,0.9946619821007996
0,8629,0.9880254681109317
0,8630,0.9834227291073904
0,8631,0.9895024116481693
0,8632,0.9850214316295602
0,8633,0.9895576721690763
0,8634,0.9875896842577623
0,8635,0.9958487675186001
0,8636,0.973263513175934
0,8637,0.9726042662846395
0,8638,0.9827410148455475
0,8639,0.9890332280548828
0,8640,0.9848864584016578
0,8641,0.9425611587895885
0,8642,0.9891861773535366
0,8643,0.9870797940562215
0,8644,0.9948071632633768
0,8645,0.9959468167412872
0,8646,0.9517176722346413
0,8647,0.9876734668096662
0,8648,0.9672163938873775
0,8649,0.989975799089847
0,8650,0.9638788482994368
0,8651,0.9663764737098228
0,8652,0.995015994575937
0,8653,0.9881957181819322
0,8654,0.9843298571122246
0,8655,0.990298638686753
0,8656,0.9820358358044119
0,8657,0.9649646588517378
0,8658,0.9800638364707199
0,8659,0.9860151407287244
0,8660,0.9850401843596434
0,8661,0.9889442155548303
0,8662,0.9860011404042326
0,8663,0.9905547312129114
0,8664,0.9955342751749208
0,8665,0.9768340298485968
0,8666,0.9790318250930116
0,8667,0.9932672628266238
0,8668,0.989718179772068
0,8669,0.9856788777760038
0,8670,0.9772505647338793
0,8671,0.9733055019805341
0,8672,0.9801428742028706
0,8673,0.9726016462330486
0,8674,0.9953812843275068
0,8675,0.9951919232145984
0,8676,0.9905141819124598
0,8677,0.996315255647529
0,8678,0.9631803596529012
0,8679,0.996731550207192
0,8680,0.9853022354118547
0,8681,0.9656501709531672
0,8682,0.95521621635768
0,8683,0.9515832121022995
0,8684,0.9897056238254509
0,8685,0.9654302162965721
0,8686,0.9980077802937792
0,8687,0.9976040207148815
0,8688,0.979927356950959
0,8689,0.9885279156512224
0,8690,0.9899500358264013
0,8691,0.9821844648483062
0,8692,0.9879928908975021
0,8693,0.99449022336216375
0,8694,0.8912919382699193
0,8695,0.9853676034809238
0,8696,0.9705905977571795
0,8697,0.9859405956395179
0,8698,0.9676830921982487
0,8699,0.9882123492964573
0,8700,0.987328346375257
0,8701,0.9800693133867792
0,8702,0.9895240721018056
0,8703,0.9754468106676794
0,8704,0.9908869081122756
0,8705,0.9895287251851347
0,8706,0.9904872538483689
0,8707,0.997625088398336
0,8708,0.9811147825039979
0,8709,0.9740691969911138
0,8710,0.9905941715585237
0,8711,0.9842362666964789
0,8712,0.977080308202939
0,8713,0.9948759808851814
0,8714,0.9686194152121488
0,8715,0.9966782270809373
0,8716,0.9860812842738738
0,8717,0.9839093399893802
0,8718,0.9716519507251747
0,8719,0.9852670908754841
0,8720,0.982124662597353
0,8721,0.9865013731384644
0,8722,0.9888884308379743
0,8723,0.9739060482734881
0,8724,0.9829088628559006
0,8725,0.9558855638935878
0,8726,0.982665312475561
0,8727,0.9722281577604986
0,8728,0.9864606484833828
0,8729,0.9819204608151643
0,8730,0.9800020078089245
0,8731,0.9916411294333046
0,8732,0.976271099055814
0,8733,0.995219989398352
0,8734,0.9705253071793123
0,8735,0.9900946276548126
0,8736,0.9929448135319965
0,8737,0.9889809478786509
0,8738,0.9612570868336572
0,8739,0.9898916593491897
0,8740,0.9786174017327767
0,8741,0.9859259025444366
0,8742,0.9899853431937494
0,8743,0.9899940631327128
0,8744,0.9403814777858706
0,8745,0.9945306400388655
0,8746,0.9963740023444927
0,8747,0.9858013323291969
0,8748,0.9893863481689231
0,8749,0.996304454866664
0,8750,0.9779660820658909
0,8751,0.9364313423616161
0,8752,0.9896495300971098
0,8753,0.9815958008689906
0,8754,0.9759683614200506
0,8755,0.9676822070994451
0,8756,0.9885179590390782
0,8757,0.9915128043241239
0,8758,0.9879064464520597
0,8759,0.9396016214926475
0,8760,0.9881773356319249
0,8761,0.9719929274018669
0,8762,0.9887693421578791
0,8763,0.9795706435546389
0,8764,0.9888260021551423
0,8765,0.9786325499101787
0,8766,0.9720450074803626
0,8767,0.9928003058502152
0,8768,0.9904236838464011
0,8769,0.988695025561011
0,8770,0.9898487725952622
0,8771,0.9933615170485309
0,8772,0.9950071471727493
0,8773,0.9814826911492619
0,8774,0.9522452697533113
0,8775,0.9899282968030662
0,8776,0.9848532008631857
0,8777,0.9874947687566148
0,8778,0.9916116779020183
0,8779,0.9768080688810674
0,8780,0.9823909449589477
0,8781,0.9836301612563625
0,8782,0.9950123737429585
0,8783,0.9458611958678175
0,8784,0.9746521032371364
0,8785,0.9917629041326212
0,8786,0.9827857552020214
0,8787,0.9815654711627195
0,8788,0.9773629481926844
0,8789,0.9910026557109153
0,8790,0.9920755329120207
0,8791,0.9892612508112493
0,8792,0.9860213163432546
0,8793,0.978320054509926
0,8794,0.9905704207949214
0,8795,0.9937154944480467
0,8796,0.9913742068665099
0,8797,0.992026346713453
0,8798,0.9912040093483282
0,8799,0.9694354594499621
0,8800,0.9817186463911709
0,8801,0.9630348864141431
0,8802,0.9830529496167498
0,8803,0.9759963167067989
0,8804,0.9754888408434331
0,8805,0.9781256564288632
0,8806,0.9629353564921701
0,8807,0.9560514371162555
0,8808,0.9972130362311122
0,8809,0.9887373595594589
0,8810,0.9810201293499158
0,8811,0.9879273575353246
0,8812,0.9838416109157448
0,8813,0.9846740787658687
0,8814,0.9834319293911148
0,8815,0.9956281875652151
0,8816,0.9645240060337487
0,8817,0.9961288524063912
0,8818,0.9690330793829822
0,8819,0.9849509787126317
0,8820,0.987654373738307
0,8821,0.9596563119807544
0,8822,0.9643244593023913
0,8823,0.9777022340050323
0,8824,0.9835436148173383
0,8825,0.9980518991470766
0,8826,0.9945861517440852
0,8827,0.9175451725422578
0,8828,0.99621978677871
0,8829,0.964028140374481
0,8830,0.9984789686165673
0,8831,0.9923507203074677
0,8832,0.9683330100420605
0,8833,0.9891011876854809
0,8834,0.9931289354856082
0,8835,0.9790451157639812
0,8836,0.9925271714509409
0,8837,0.953876429443939
0,8838,0.9686510167575417
0,8839,0.9939902744443148
0,8840,0.9777257045831815
0,8841,0.9955938912087829
0,8842,0.9838765978199396
0,8843,0.98225886267206
0,8844,0.9932796596913394
0,8845,0.9577752202828184
0,8846,0.9619483116873674
0,8847,0.9873568301563825
0,8848,0.9883588224534446
0,8849,0.9882247632607055
0,8850,0.9805592007923656
0,8851,0.9904398955157449
0,8852,0.9671918413313457
0,8853,0.9876628476358562
0,8854,0.9554020206396273
0,8855,0.9887254812657275
0,8856,0.9943185103500694
0,8857,0.9711235755745712
0,8858,0.9923907777136204
0,8859,0.9931269686055093
0,8860,0.9818935020409923
0,8861,0.9968982261306731
0,8862,0.9747950089468772
0,8863,0.9768249316493439
0,8864,0.9629676180490431
0,8865,0.9937322367052059
0,8866,0.9675979784673596
0,8867,0.991868544677989
0,8868,0.9438197924443329
0,8869,0.9755534072462251
0,8870,0.9574795956774365
0,8871,0.9930127172164981
0,8872,0.9960980719311674
0,8873,0.9834510576916815
0,8874,0.9897964777141739
0,8875,0.987319413502132
0,8876,0.9718711547978639
0,8877,0.9948539606471817
0,8878,0.9762670484159868
0,8879,0.9948785830900081
0,8880,0.9078747589743773
0,8881,0.9625122534698111
0,8882,0.9879417483463583
0,8883,0.9817853934180367
0,8884,0.988588441153409
0,8885,0.973457169855756
0,8886,0.991738314860317
0,8887,0.9856604162849051
0,8888,0.9953264277670713
0,8889,0.9720777868082727
0,8890,0.988532036796924
0,8891,0.9812682426747196
0,8892,0.9743996473427268
0,8893,0.9852364433793995
0,8894,0.9814400238609284
0,8895,0.9927024305646481
0,8896,0.9896171076759723
0,8897,0.9791090401352148
0,8898,0.9739541763561702
0,8899,0.9970516507183269
0,8900,0.996593868616159
0,8901,0.9883757941940116
0,8902,0.9576074741201207
0,8903,0.9817592052814688
0,8904,0.9857771724157136
0,8905,0.988590396325968
0,8906,0.9894877180224941
0,8907,0.9819722902093412
0,8908,0.9853310469335689
0,8909,0.9583546937965869
0,8910,0.9807886487524603
0,8911,0.980205484812496
0,8912,0.9743247555114642
0,8913,0.9492448460485194
0,8914,0.9921264022764037
0,8915,0.9822229294292303
0,8916,0.9719141518910296
0,8917,0.9691680898384614
0,8918,0.9490205193452999
0,8919,0.9807955208474367
0,8920,0.9915318204987161
0,8921,0.982929306827089
0,8922,0.9807286293328175
0,8923,0.9926950537148388
0,8924,0.9718701471580447
0,8925,0.9798472069763987
0,8926,0.9789829628939816
0,8927,0.9467702258601808
0,8928,0.991129599256042
0,8929,0.9705871135536002
0,8930,0.986272292838186
0,8931,0.9824180603275234
0,8932,0.9553686613579446
0,8933,0.9869174169376487
0,8934,0.9815426818738014
0,8935,0.9809041337617121
0,8936,0.9914937885446695
0,8937,0.9904447412433042
0,8938,0.9812122950177636
0,8939,0.9893018997749135
0,8940,0.957392890004275
0,8941,0.9958329850526726
0,8942,0.9810787988164423
0,8943,0.9769683333283948
0,8944,0.9726881895874897
0,8945,0.9974062066872293
0,8946,0.9976141476075117
0,8947,0.9750730467752852
0,8948,0.9891638084538991
0,8949,0.981913760534148
0,8950,0.9770349212116427
0,8951,0.9881917924314918
0,8952,0.9960495785405001
0,8953,0.9968884059299522
0,8954,0.9724295521531005
0,8955,0.9899786734536344
0,8956,0.9849968846072957
0,8957,0.9941429765089167
0,8958,0.977844059629081
0,8959,0.9701757943337024
0,8960,0.9791472621825984
0,8961,0.9858574333346274
0,8962,0.9907824823824907
0,8963,0.991532112467163
0,8964,0.9917743562324945
0,8965,0.9815989345348933
0,8966,0.9908462788504594
0,8967,0.984394551413403
0,8968,0.9945492412344722
0,8969,0.9898508707763098
0,8970,0.9944772527363529
0,8971,0.9959833238749022
0,8972,0.9957173207235338
0,8973,0.9678779416282692
0,8974,0.9925432927824445
0,8975,0.95992044334558
0,8976,0.9903925331951242
0,8977,0.9930363108590841
0,8978,0.941707136401689
0,8979,0.9970160854817283
0,8980,0.978932968918592
0,8981,0.9849129950459788
0,8982,0.9865890169492335
0,8983,0.9928038111638097
0,8984,0.9915691275291246
0,8985,0.992798075016902
0,8986,0.9919396393372705
0,8987,0.9880549442888865
0,8988,0.9840276897981409
0,8989,0.9933770805030354
0,8990,0.9875547263376145
0,8991,0.9943259681494181
0,8992,0.9797332827685483
0,8993,0.9889902267675078
0,8994,0.97568804246725
0,8995,0.9725680298090451
0,8996,0.988516805512069
0,8997,0.9894070677995992
0,8998,0.9836183735321249
0,8999,0.9928506055595575
0,9000,0.989175694916409
0,9001,0.9660736303351296
0,9002,0.970434101178124
0,9003,0.9787727152568447
0,9004,0.989406882873874
0,9005,0.9768929358815672
0,9006,0.9854454771299778
0,9007,0.9621403543925826
0,9008,0.9740612880979099
0,9009,0.9911781615494433
0,9010,0.980323381291613
0,9011,0.979819858333409
0,9012,0.9888571985497112
0,9013,0.9823482363940054
0,9014,0.9839365317655215
0,9015,0.9937425588662515
0,9016,0.9771440259747618
0,9017,0.9917315339336614
0,9018,0.9924270661060546
0,9019,0.9908170801283941
0,9020,0.9576311788459458
0,9021,0.9886350277435783
0,9022,0.9953631236298495
0,9023,0.9761714294949965
0,9024,0.9878243021566758
0,9025,0.9857385964392095
0,9026,0.9983341238088681
0,9027,0.9541156011959772
0,9028,0.9971950349336658
0,9029,0.9964710231939837
0,9030,0.9947538844344354
0,9031,0.9887200254166828
0,9032,0.971235687926965
0,9033,0.9859018060001284
0,9034,0.9866568736448006
0,9035,0.9115090245086467
0,9036,0.9956610005994208
0,9037,0.9767130067493881
0,9038,0.98200045346433
0,9039,0.9868578186476493
0,9040,0.9926454994331395
0,9041,0.9806061016966263
0,9042,0.9936930400833659
0,9043,0.976820069178204
0,9044,0.9910353126477833
0,9045,0.9945725968121077
0,9046,0.9899377552029043
0,9047,0.9943804782286726
0,9048,0.9954093686091253
0,9049,0.9761877196167579
0,9050,0.9911811734344586
0,9051,0.9893495484913282
0,9052,0.992795471551924
0,9053,0.975597314194944
0,9054,0.9971991506336711
0,9055,0.9985167028005739
0,9056,0.6549928274473976
0,9057,0.9981968064980039
0,9058,0.9645182647076792
0,9059,0.9830412264087967
0,9060,0.9769641519398519
0,9061,0.9881680503479089
0,9062,0.9687135826273664
0,9063,0.9901770402595309
0,9064,0.9449834238508121
0,9065,0.9959328483318631
0,9066,0.9800587944473858
0,9067,0.9869232403655566
0,9068,0.9821980636659721
0,9069,0.980472634235422
0,9070,0.9584297931758262
0,9071,0.9887097694265897
0,9072,0.983966306077969
0,9073,0.995913152518974
0,9074,0.9681967624079898
0,9075,0.936427447370806
0,9076,0.9747139199131881
0,9077,0.9885497324855715
0,9078,0.9881183525274033
0,9079,0.9838497807973501
0,9080,0.9741741840320419
0,9081,0.9965181876079848
0,9082,0.97180699516405
0,9083,0.9859029835075146
0,9084,0.9854774682343386
0,9085,0.9542378338717943
0,9086,0.9930491888046142
0,9087,0.9909951164145784
0,9088,0.9695067042061295
0,9089,0.9677244740091611
0,9090,0.98359724833959294
0,9091,0.9944447561168854
0,9092,0.9959443876238098
0,9093,0.980322775320537
0,9094,0.9867544040772686
0,9095,0.9830971090054468
0,9096,0.9653793902130124
0,9097,0.9970335856365022
0,9098,0.970592015683937
0,9099,0.9899077166222519
0,9100,0.9897866925042519
0,9101,0.9905641407109115
0,9102,0.9490313426041049
0,9103,0.9755387783668688
0,9104,0.9924369452358835
0,9105,0.9946811930476731
0,9106,0.9952418724910568
0,9107,0.9530568660120652
0,9108,0.9966130508063162
0,9109,0.997217838435244
0,9110,0.9952381848461559
0,9111,0.959874252710724
0,9112,0.9980040782785105
0,9113,0.9826272516342182
0,9114,0.9876139515518848
0,9115,0.9768822498984593
0,9116,0.9798148962924021
0,9117,0.995624135969058
0,9118,0.9870611417363453
0,9119,0.9805090355943386
0,9120,0.9791983367937569
0,9121,0.9796843267410404
0,9122,0.9692287630636778
0,9123,0.9937952895956046
0,9124,0.9677964415481524
0,9125,0.9896822528267564
0,9126,0.9743729386644303
0,9127,0.988070961876988
0,9128,0.987615642914244
0,9129,0.9794646307218026
0,9130,0.9975414830396453
0,9131,0.938905421936446
0,9132,0.9894898072535169
0,9133,0.985385688200682
0,9134,0.9748568530943055
0,9135,0.9840452858677792
0,9136,0.9851007992650537
0,9137,0.9911975671062635
0,9138,0.985742348528108
0,9139,0.9901462096390669
0,9140,0.9814163389109558
0,9141,0.98708295888464
0,9142,0.98540104079761
0,9143,0.9855938576227029
0,9144,0.9851494657689588
0,9145,0.9845840261587776
0,9146,0.99418814037361
0,9147,0.9772818514557702
0,9148,0.9880361410886338
0,9149,0.9855870196121523
0,9150,0.9873060102665114
0,9151,0.9845958535720059
0,9152,0.9934447238250423
0,9153,0.9808240112690146
0,9154,0.9947590081008046
0,9155,0.9930020861500798
0,9156,0.9724865949779986
0,9157,0.9953347093544795
0,9158,0.9850384868637941
0,9159,0.9813856484020886
0,9160,0.9783452039169104
0,9161,0.9867715845464002
0,9162,0.9828608618877731
0,9163,0.9958353853224261
0,9164,0.9878590435239378
0,9165,0.9616641684941458
0,9166,0.9949930948273211
0,9167,0.9768987958548323
0,9168,0.9926763949102068
0,9169,0.992678117079314
0,9170,0.9925433527518502
0,9171,0.9871015737194988
0,9172,0.9928726886103884
0,9173,0.9933855469680697
0,9174,0.955708198510675
0,9175,0.996236866248395
0,9176,0.9950531479879346
0,9177,0.993986550439384
0,9178,0.9390631279712186
0,9179,0.9866314797874282
0,9180,0.9885994421906052
0,9181,0.9960015168484364
0,9182,0.951487544267511
0,9183,0.9672467230729427
0,9184,0.9739022755505345
0,9185,0.992136781638476
0,9186,0.9726155209862604
0,9187,0.9870654801643071
0,9188,0.9808849727705261
0,9189,0.9930386463485751
0,9190,0.9556921504934838
0,9191,0.982317001357378
0,9192,0.9768180826295068
0,9193,0.9813336903441862
0,9194,0.9879029813987952
0,9195,0.9847662331799494
0,9196,0.977358969001617
0,9197,0.9870490841260496
0,9198,0.9936411379858714
0,9199,0.9960832922128611
0,9200,0.995855174749578
0,9201,0.9879670473419286
0,9202,0.9752137247871819
0,9203,0.9779197983479264
0,9204,0.9916376399572211
0,9205,0.9912533022336685
0,9206,0.9597213848489565
0,9207,0.9635744760356169
0,9208,0.9919809203373288
0,9209,0.9853174978494051
0,9210,0.9878684527195173
0,9211,0.9973949389858666
0,9212,0.9974326459423477
0,9213,0.9874802655292644
0,9214,0.9897038645990562
0,9215,0.9751218220789001
0,9216,0.9958546114984808
0,9217,0.966112158700272
0,9218,0.94663086454774
0,9219,0.9924343779534606
0,9220,0.9794507392385584
0,9221,0.9908260804030194
0,9222,0.9730076053173498
0,9223,0.9842613972947807
0,9224,0.9893101531189186
0,9225,0.9846151576058274
0,9226,0.9859905916294804
0,9227,0.9871941939677245
0,9228,0.99361126963851365
0,9229,0.9791238226781874
0,9230,0.9926708046593634
0,9231,0.967383583737562
0,9232,0.994896095145274
0,9233,0.9502791598251268
0,9234,0.9896976540973605
0,9235,0.9835353783636487
0,9236,0.9918215658926405
0,9237,0.9751939628704182
0,9238,0.9904451175139528
0,9239,0.9821507178489574
0,9240,0.9935388258910205
0,9241,0.9641505352514866
0,9242,0.9928080870387633
0,9243,0.9779929659628519
0,9244,0.9912774614818086
0,9245,0.9745455374119533
0,9246,0.9835079143864459
0,9247,0.9831809402834734
0,9248,0.971151181526948
0,9249,0.9892514387144792
0,9250,0.9732268017961251
0,9251,0.9778120008161953
0,9252,0.9881728703394631
0,9253,0.9895432766054808
0,9254,0.9911138954079585
0,9255,0.9962491464339038
0,9256,0.9447016848485581
0,9257,0.996222365219104
0,9258,0.9931713726094844
0,9259,0.9602780315161394
0,9260,0.9575290254585382
0,9261,0.986454722936471
0,9262,0.9955225361056127
0,9263,0.9887378407375221
0,9264,0.9980957928481647
0,9265,0.9541487719319558
0,9266,0.9878787523027238
0,9267,0.9838877768729756
0,9268,0.9737716009673736
0,9269,0.9878958692662867
0,9270,0.958922662892657
0,9271,0.9872111342518133
0,9272,0.9954903056260468
0,9273,0.9096621584803508
0,9274,0.9838128452944246
0,9275,0.991736339806937
0,9276,0.992408692256035
0,9277,0.912283948619532
0,9278,0.9755122181433858
0,9279,0.9965830435556708
0,9280,0.9968993238225782
0,9281,0.9833497728184415
0,9282,0.9753366315252874
0,9283,0.9940020395288037
0,9284,0.9745445684437545
0,9285,0.9967238474077187
0,9286,0.9823521494347646
0,9287,0.9876149703748609
0,9288,0.9826703187804121
0,9289,0.9902381964359803
0,9290,0.9562557764102955
0,9291,0.9900757388991702
0,9292,0.9431228919107387
0,9293,0.991916557997546
0,9294,0.9256657688251497
0,9295,0.9659669463539047
0,9296,0.9977842637782182
0,9297,0.9979855976437844
0,9298,0.9741928657284632
0,9299,0.9952501107971151
0,9300,0.9665821944290472
0,9301,0.9783718961089806
0,9302,0.9517383944037254
0,9303,0.993344432962738
0,9304,0.9953802662155751
0,9305,0.9944080614227113
0,9306,0.9850212274149124
0,9307,0.9790820193003983
0,9308,0.9900292962276465
0,9309,0.979738019904048
0,9310,0.9843135094544685
0,9311,0.9929556446848051
0,9312,0.9696426092354379
0,9313,0.9899633464759393
0,9314,0.9833385955453078
0,9315,0.9786980467984834
0,9316,0.9801642876712512
0,9317,0.9874782886262381
0,9318,0.9592408060906357
0,9319,0.9890652825173472
0,9320,0.9768981802965915
0,9321,0.9938911401614147
0,9322,0.991878284644238
0,9323,0.9871099683102766
0,9324,0.9843211296107536
0,9325,0.9947890484453573
0,9326,0.9826104991209735
0,9327,0.9961620841302555
0,9328,0.9945844998466519
0,9329,0.9875519188859496
0,9330,0.9778010617158837
0,9331,0.9748057827181745
0,9332,0.9869377270776598
0,9333,0.9898200372881917
0,9334,0.9784058497816129
0,9335,0.9890606150233077
0,9336,0.9822150367070605
0,9337,0.9949659817003731
0,9338,0.9629062405235526
0,9339,0.9634702658706473
0,9340,0.9937361379754319
0,9341,0.9917001626914631
0,9342,0.9856628043476224
0,9343,0.9750860079951901
0,9344,0.9491616153384137
0,9345,0.989127644675308
0,9346,0.9820416614017178
0,9347,0.9914491938596441
0,9348,0.9943698224986391
0,9349,0.967527762495127
0,9350,0.9851615519504705
0,9351,0.992372959224009
0,9352,0.9806280984310035
0,9353,0.9666365427751045
0,9354,0.9885181255602227
0,9355,0.9685402018169175
0,9356,0.9935065341977342
0,9357,0.9784282700794569
0,9358,0.9852175060634294
0,9359,0.9948476766957678
0,9360,0.9812758941342847
0,9361,0.9859527179573437
0,9362,0.9870603693024914
0,9363,0.9922228064192078
0,9364,0.987510353026991
0,9365,0.9915414684349123
0,9366,0.9632534639226458
0,9367,0.9819399913323134
0,9368,0.9866358000897456
0,9369,0.984229066243583
0,9370,0.9785265448737626
0,9371,0.9903750983403549
0,9372,0.9794189632514706
0,9373,0.9887720904102
0,9374,0.9857460528798238
0,9375,0.9817610435880756
0,9376,0.9813491690868517
0,9377,0.9859961628398352
0,9378,0.9852342760600021
0,9379,0.9839837102487802
0,9380,0.9538549491124183
0,9381,0.9703927171173735
0,9382,0.9970879179856231
0,9383,0.9957087799887238
0,9384,0.9950613897770466
0,9385,0.9954401437317013
0,9386,0.9707732812835058
0,9387,0.9750702010894754
0,9388,0.9933194136827068
0,9389,0.9953979035835172
0,9390,0.9916448318582497
0,9391,0.9970362427528954
0,9392,0.9896973611931836
0,9393,0.974255086705216
0,9394,0.9831066123266453
0,9395,0.990842775522918
0,9396,0.9552912867075701
0,9397,0.9922608876464626
0,9398,0.993696391926801
0,9399,0.9779889569452586
0,9400,0.9813662688744832
0,9401,0.9958711065976328
0,9402,0.9768438601543331
0,9403,0.9918370845965734
0,9404,0.9745622905702102
0,9405,0.9896967756809962
0,9406,0.9741751022227113
0,9407,0.9835317508121504
0,9408,0.9861140234725757
0,9409,0.9807534947388602
0,9410,0.9891909368547603
0,9411,0.9828083519372063
0,9412,0.9815339049871656
0,9413,0.984237342514639
0,9414,0.9865232769045192
0,9415,0.9698668825159291
0,9416,0.9716138635224265
0,9417,0.995797430368464
0,9418,0.9839177539732276
0,9419,0.9858411271397653
0,9420,0.9806404036127128
0,9421,0.9890106461106187
0,9422,0.9812724085498264
0,9423,0.9832122448967681
0,9424,0.9813184462071207
0,9425,0.9896093779273148
0,9426,0.9941111343926452
0,9427,0.9736525403930725
0,9428,0.9516554144215401
0,9429,0.9876714865559618
0,9430,0.9730331441878657
0,9431,0.9763250478561409
0,9432,0.9780984777837688
0,9433,0.9936473844774573
0,9434,0.9927694796035833
0,9435,0.9889545055480786
0,9436,0.9911813690867843
0,9437,0.9941293151860573
0,9438,0.9842171220468656
0,9439,0.9815422812816638
0,9440,0.9877376377226215
0,9441,0.9824794225043099
0,9442,0.9687083562995369
0,9443,0.9859466476639371
0,9444,0.9779005085936435
0,9445,0.9839345135208214
0,9446,0.9883997082547087
0,9447,0.9936425957683381
0,9448,0.9953817040954264
0,9449,0.9361264194992008
0,9450,0.9962960788867069
0,9451,0.9683020051146886
0,9452,0.9864040422139001
0,9453,0.9909199021532441
0,9454,0.950971289421169
0,9455,0.9672999727719716
0,9456,0.9727730485391336
0,9457,0.9600976745062537
0,9458,0.99260425874507
0,9459,0.9866838806256929
0,9460,0.9923002762511596
0,9461,0.9957805540107084
0,9462,0.994591246266466
0,9463,0.9786277162270164
0,9464,0.9901383104507304
0,9465,0.9665605761781235
0,9466,0.9944462278122804
0,9467,0.9924439915264806
0,9468,0.985328110674702
0,9469,0.9789020730344964
0,9470,0.9809710662418252
0,9471,0.973588430062378
0,9472,0.9922535470661116
0,9473,0.991023592038014
0,9474,0.9977029567434946
0,9475,0.9929001137014464
0,9476,0.9751227697328518
0,9477,0.9915799499475452
0,9478,0.9672269559001601
0,9479,0.9761362399111548
0,9480,0.9948209498192
0,9481,0.9861849859110634
0,9482,0.9811905218877206
0,9483,0.9931796815420815
0,9484,0.9931566552055388
0,9485,0.9883146797568474
0,9486,0.9745793149876388
0,9487,0.9836856653863644
0,9488,0.9858103313779057
0,9489,0.9895083938828084
0,9490,0.9809222986807707
0,9491,0.9950403530560333
0,9492,0.9866401274889056
0,9493,0.9701123105604328
0,9494,0.9976082714917829
0,9495,0.9981789847469363
0,9496,0.9975949439176502
0,9497,0.9857822678795531
0,9498,0.9831656967127077
0,9499,0.9590249005854007
0,9500,0.9954356325182879
0,9501,0.9876166527856255
0,9502,0.9897960464150255
0,9503,0.9848715481616593
0,9504,0.9938787886416619
0,9505,0.9933934513956907
0,9506,0.9782153775746703
0,9507,0.9935397210728016
0,9508,0.9896926794995227
0,9509,0.9596383719146067
0,9510,0.9957055789737159
0,9511,0.9945907642577676
0,9512,0.9930279180507142
0,9513,0.9956910741939365
0,9514,0.990171103123172
0,9515,0.9765520888970094
0,9516,0.9938118242536709
0,9517,0.9852839530259242
0,9518,0.9841242885148802
0,9519,0.9834164964482237
0,9520,0.9928406769288581
0,9521,0.9831321105122427
0,9522,0.991475090535727
0,9523,0.9656093572062064
0,9524,0.9692719382830496
0,9525,0.9539337959568244
0,9526,0.9406193624315544
0,9527,0.9875223102630677
0,9528,0.9825877217933672
0,9529,0.9852096225338628
0,9530,0.9891822834730164
0,9531,0.9871899420043836
0,9532,0.9008998685430051
0,9533,0.9925670899985617
0,9534,0.9922843564392859
0,9535,0.9857830180279885
0,9536,0.9738448225612164
0,9537,0.9815118336252135
0,9538,0.9922570576732292
0,9539,0.9957008005704806
0,9540,0.9951924541510914
0,9541,0.9983120326066556
0,9542,0.9842236406717396
0,9543,0.9716618838078328
0,9544,0.9888249952665212
0,9545,0.9644632795040127
0,9546,0.9675646259157231
0,9547,0.9891442298587043
0,9548,0.9607814928360264
0,9549,0.9945231413485454
0,9550,0.9864170105677799
0,9551,0.9888400669258327
0,9552,0.9763560350973947
0,9553,0.9919953108833556
0,9554,0.9875229729667578
0,9555,0.9850483350870842
0,9556,0.9847846415898893
0,9557,0.9694515001901498
0,9558,0.986076432244708
0,9559,0.9935885183696953
0,9560,0.9834333459373686
0,9561,0.9817668490448851
0,9562,0.9818019834980354
0,9563,0.9546322632963066
0,9564,0.9771228452355224
0,9565,0.9842312368838513
0,9566,0.9882976012107979
0,9567,0.9852543361948464
0,9568,0.9912821652676657
0,9569,0.9770542595359338
0,9570,0.9646409713842019
0,9571,0.9934402505701122
0,9572,0.9707195749283868
0,9573,0.9775215581054286
0,9574,0.9467393762605073
0,9575,0.9952782599435217
0,9576,0.9784805238319907
0,9577,0.979663560875059
0,9578,0.980038656663317
0,9579,0.9852636594689165
0,9580,0.9607978033216344
0,9581,0.9899525314850762
0,9582,0.9913348416929725
0,9583,0.9884545764361904
0,9584,0.9684692024235304
0,9585,0.9901071320504405
0,9586,0.9932833446741756
0,9587,0.9833095955824518
0,9588,0.9937296258443935
0,9589,0.9817419522686236
0,9590,0.9821674810290559
0,9591,0.9806920194823748
0,9592,0.990928076472977
0,9593,0.9742116609691495
0,9594,0.9757555229710176
0,9595,0.9861362500877631
0,9596,0.9846677615732223
0,9597,0.9850652531351621
0,9598,0.9833452270400426
0,9599,0.9842707966464815
0,9600,0.9937360784084631
0,9601,0.9954607223089246
0,9602,0.9770595731551339
0,9603,0.9950377354317083
0,9604,0.9706077683676237
0,9605,0.9906349028819268
0,9606,0.9654626644077976
0,9607,0.9905180109295119
0,9608,0.9556533070158506
0,9609,0.993632722048989
0,9610,0.9317727964619076
0,9611,0.9913865775418578
0,9612,0.9740329394178668
0,9613,0.9613458760810067
0,9614,0.9960172187358113
0,9615,0.9372713012907181
0,9616,0.997280147727862
0,9617,0.9779549293046513
0,9618,0.9939353584708482
0,9619,0.9700329314456169
0,9620,0.9899918463423985
0,9621,0.9632409386559949
0,9622,0.9887562409117934
0,9623,0.9665038267546636
0,9624,0.9934367922251937
0,9625,0.988966039067331
0,9626,0.9802267239565324
0,9627,0.9841957184367728
0,9628,0.9761377111106053
0,9629,0.9772027402276574
0,9630,0.9919137551877492
0,9631,0.9892398032086817
0,9632,0.9877166683931473
0,9633,0.9875221726468767
0,9634,0.9862250143212112
0,9635,0.9919881004880076
0,9636,0.9827928680424287
0,9637,0.9915216412352673
0,9638,0.9928136949590997
0,9639,0.9905861531858027
0,9640,0.9923791500278077
0,9641,0.987716655221804
0,9642,0.9802227080623811
0,9643,0.9849993105749131
0,9644,0.98251515536788
0,9645,0.9943414373087733
0,9646,0.9389384146263604
0,9647,0.9758541674194804
0,9648,0.988539478247056
0,9649,0.9903732204817519
0,9650,0.9870950625414954
0,9651,0.9574502635614207
0,9652,0.9545506860779384
0,9653,0.9911366816772185
0,9654,0.9891338159799384
0,9655,0.9844023872663492
0,9656,0.9757725942685714
0,9657,0.9891285655431635
0,9658,0.9600668147533133
0,9659,0.9719430347995389
0,9660,0.9922930173092427
0,9661,0.9930294361955431
0,9662,0.9831039728190037
0,9663,0.9885733459155922
0,9664,0.984313068340283
0,9665,0.9855900167291214
0,9666,0.9820567502779926
0,9667,0.9889018388830962
0,9668,0.9773944773568796
0,9669,0.9790753021644357
0,9670,0.9894602247116577
0,9671,0.9622675862431348
0,9672,0.9863249357500362
0,9673,0.9712571984547927
0,9674,0.9946383087813652
0,9675,0.946050098784851
0,9676,0.9967018313998244
0,9677,0.9891901058216642
0,9678,0.9714215028713498
0,9679,0.9812986626671368
0,9680,0.9842149942042796
0,9681,0.9825952728059469
0,9682,0.9922050984447637
0,9683,0.9854521355155996
0,9684,0.9864960408675961
0,9685,0.9818879953053402
0,9686,0.9807827445887203
0,9687,0.991549342244257
0,9688,0.9578862342295256
0,9689,0.9881933317874432
0,9690,0.9814028784878134
0,9691,0.9929084737289279
0,9692,0.9931655734794935
0,9693,0.9716588797903294
0,9694,0.9949455535570734
0,9695,0.9897841584988694
0,9696,0.9919346118343978
0,9697,0.9856529819000707
0,9698,0.9772134395662311
0,9699,0.9655501732614818
0,9700,0.9730373936882839
0,9701,0.9960894366074469
0,9702,0.9973632213018995
0,9703,0.9871189936706646
0,9704,0.9958876437432624
0,9705,0.9942518405537896
0,9706,0.986297713599941
0,9707,0.951768539446574
0,9708,0.9583123693403917
0,9709,0.9580049210186972
0,9710,0.9815255612616738
0,9711,0.9772225846500847
0,9712,0.9922252697622231
0,9713,0.9940474821462252
0,9714,0.9523025622323966
0,9715,0.9869929967525528
0,9716,0.9811743818453474
0,9717,0.9969531612254965
0,9718,0.974954307839097
0,9719,0.9797139472635907
0,9720,0.9613882282903655
0,9721,0.9656590719381998
0,9722,0.9756953390745081
0,9723,0.9939671035409217
0,9724,0.9901121680418327
0,9725,0.9863756527277265
0,9726,0.9819905134647449
0,9727,0.9779092591451544
0,9728,0.9847955230468681
0,9729,0.9738364536471725
0,9730,0.9939925417638302
0,9731,0.9886385734180001
0,9732,0.9911391903521625
0,9733,0.9930347115945317
0,9734,0.9945720359256228
0,9735,0.979362384776355
0,9736,0.9864772254160072
0,9737,0.9720326907240939
0,9738,0.9730562856417815
0,9739,0.9900362714368967
0,9740,0.9967304430635223
0,9741,0.9800922998566756
0,9742,0.9907722418441124
0,9743,0.9773126832867517
0,9744,0.9812021705251348
0,9745,0.9860771783268969
0,9746,0.9927088593772441
0,9747,0.9620651954584849
0,9748,0.9714445451713156
0,9749,0.9817874511895638
0,9750,0.9898992131576612
0,9751,0.9735377732933064
0,9752,0.9885803988715052
0,9753,0.9592026004448522
0,9754,0.992598951022226
0,9755,0.9720885627372875
0,9756,0.9850074781789147
0,9757,0.9879012247599526
0,9758,0.9855321362705305
0,9759,0.9966500551002588
0,9760,0.9832920084094076
0,9761,0.9835255665715634
0,9762,0.9881723749799644
0,9763,0.9790625255723072
0,9764,0.9840570845002846
0,9765,0.9731018647866383
0,9766,0.9867684479342542
0,9767,0.9897683765700266
0,9768,0.9282168439176847
0,9769,0.9953600971511946
0,9770,0.9893701130435909
0,9771,0.9601574074320176
0,9772,0.984618466076702
0,9773,0.9927306830652587
0,9774,0.9964191911104494
0,9775,0.9542977706910546
0,9776,0.9578870936328296
0,9777,0.9642573582614594
0,9778,0.9933421699076098
0,9779,0.9819736069581159
0,9780,0.994366283260375
0,9781,0.9728035448869395
0,9782,0.986291113741507
0,9783,0.9792257016566329
0,9784,0.9846500478804648
0,9785,0.9959535655769901
0,9786,0.9790591146454676
0,9787,0.9919363925229853
0,9788,0.9963948167101362
0,9789,0.9970505351004317
0,9790,0.9860525353691358
0,9791,0.9882625069492704
0,9792,0.9465604848048134
0,9793,0.9731421123772142
0,9794,0.9815409141567021
0,9795,0.9943366063519083
0,9796,0.978232119049656
0,9797,0.976003272212277
0,9798,0.9855310156718361
0,9799,0.9876428494869689
0,9800,0.9812407397622795
0,9801,0.978374404774362
0,9802,0.9876084662083433
0,9803,0.9899844887564205
0,9804,0.9855047051331739
0,9805,0.9874687179131288
0,9806,0.99420277743092
0,9807,0.9792329112594886
0,9808,0.976843791728579
0,9809,0.9878561293114717
0,9810,0.9911885346402699
0,9811,0.9851727820921616
0,9812,0.9834482849830034
0,9813,0.9900915762179705
0,9814,0.9742058823039145
0,9815,0.9866266244174235
0,9816,0.9860541742670784
0,9817,0.9672282519303705
0,9818,0.988082143939915
0,9819,0.9773071650666949
0,9820,0.9947691827658977
0,9821,0.9762907918745374
0,9822,0.9905028989472208
0,9823,0.9746612382667709
0,9824,0.980523127780809
0,9825,0.9625029403826528
0,9826,0.9849043001361287
0,9827,0.979886582626185
0,9828,0.9670225435019099
0,9829,0.9844607156844718
0,9830,0.9919595761124658
0,9831,0.9873599131944653
0,9832,0.9905067925363723
0,9833,0.9864582699178955
0,9834,0.9819742139629081
0,9835,0.9571957518948697
0,9836,0.9926841086280875
0,9837,0.9560357252766077
0,9838,0.9907713877070599
0,9839,0.9843088105813077
0,9840,0.9943130654839315
0,9841,0.972487746558224
0,9842,0.9981173375505348
0,9843,0.9779873113992431
0,9844,0.9950833395664221
0,9845,0.9834188600991349
0,9846,0.979809053959061
0,9847,0.9761080935806599
0,9848,0.939571064866089
0,9849,0.9855968362041891
0,9850,0.9912344165261039
0,9851,0.9751673700210325
0,9852,0.9921364022559062
0,9853,0.9791971736039112
0,9854,0.9713525204363139
0,9855,0.9785543757641009
0,9856,0.9953201391821863
0,9857,0.9654921003509952
0,9858,0.9759498380762782
0,9859,0.9858100337402379
0,9860,0.9812284848097749
0,9861,0.9821333905006515
0,9862,0.9879242101727533
0,9863,0.9896483972099412
0,9864,0.9689325353476929
0,9865,0.9951693173450485
0,9866,0.9800708076130751
0,9867,0.9757621449936812
0,9868,0.9818795669467979
0,9869,0.9762779770931819
0,9870,0.9913220814614754
0,9871,0.9951013166560764
0,9872,0.9619357374220274
0,9873,0.973548543706616
0,9874,0.9768224588783988
0,9875,0.9868350448520882
0,9876,0.9800980077967093
0,9877,0.9631488004370876
0,9878,0.9809543945023995
0,9879,0.9849901604493606
0,9880,0.9887370223389204
0,9881,0.99049598596913
0,9882,0.9849270161737578
0,9883,0.9614511199109906
0,9884,0.9884502709270477
0,9885,0.991874235064786
0,9886,0.9904332705762456
0,9887,0.9762167263696722
0,9888,0.974792607503197
0,9889,0.9842036380826664
0,9890,0.9929635601177684
0,9891,0.9978769774597489
0,9892,0.9329483235493826
0,9893,0.9293362520950376
0,9894,0.9849638315328775
0,9895,0.9838804610328045
0,9896,0.9817165746257712
0,9897,0.9936361910636456
0,9898,0.9905315166649433
0,9899,0.9905544608750194
0,9900,0.9864641064473533
0,9901,0.9855408367151546
0,9902,0.9858541208625009
0,9903,0.9967301982751807
0,9904,0.9771758269542146
0,9905,0.9858402280799705
0,9906,0.9476845510602754
0,9907,0.9789829117703057
0,9908,0.9825939777012462
0,9909,0.9926740169456313
0,9910,0.9817593121288134
0,9911,0.9793204245329119
0,9912,0.9834379087010751
0,9913,0.9797699842705205
0,9914,0.9800151199528567
0,9915,0.9933009466127848
0,9916,0.9940140662247847
0,9917,0.9965410598430329
0,9918,0.9958940324199334
0,9919,0.9945220379421016
0,9920,0.9912786685305615
0,9921,0.9840852896269675
0,9922,0.9791681220512187
0,9923,0.9894899566187085
0,9924,0.9773142576757683
0,9925,0.9897688665621214
0,9926,0.9895566169360417
0,9927,0.9759683958091252
0,9928,0.9966142188036713
0,9929,0.9648218662848362
0,9930,0.9854781620549777
0,9931,0.992445180542087
0,9932,0.980258991275338
0,9933,0.9791168312643067
0,9934,0.9958528876491826
0,9935,0.9893535647532206
0,9936,0.9869396831837353
0,9937,0.9920208491162239
0,9938,0.9747626764807842
0,9939,0.9901027565378474
0,9940,0.97369076541046
0,9941,0.980472256590552
0,9942,0.9722607709505554
0,9943,0.9918485464454332
0,9944,0.9878541990375571
0,9945,0.9721732127775929
0,9946,0.9789586332139604
0,9947,0.9793602237271508
0,9948,0.9856394613137572
0,9949,0.9559258679142976
0,9950,0.9874192660127455
0,9951,0.9790565095451325
0,9952,0.9982173857056165
0,9953,0.9982636183449575
0,9954,0.9979944108980684
0,9955,0.995030703815953
0,9956,0.9986108312609945
0,9957,0.9469237762104319
0,9958,0.991452530479995
0,9959,0.9687606770538716
0,9960,0.989315607223251
0,9961,0.9508196727715741
0,9962,0.9825639558524439
0,9963,0.9874293485201046
0,9964,0.9845859662645898
0,9965,0.9856149244088502
0,9966,0.988564280876388
0,9967,0.9926164658178451
0,9968,0.9559701279239728
0,9969,0.9760757430039135
0,9970,0.959174298109324
0,9971,0.9720886886348824
0,9972,0.9875231512445679
0,9973,0.9827258426063022
0,9974,0.9792580483370092
0,9975,0.9607262396090228
0,9976,0.9965763773382714
0,9977,0.9735811675460186
0,9978,0.9650186586830098
0,9979,0.9955479547819092
0,9980,0.9859430921004999
0,9981,0.9589471753336783
0,9982,0.9824049803543655
0,9983,0.9880680154829373
0,9984,0.9909739059563929
0,9985,0.9892385908815464
0,9986,0.9943089727292974
0,9987,0.9605512394661578
0,9988,0.9937783608495717
0,9989,0.9862067827079638
0,9990,0.9859716254200671
0,9991,0.9632791440126176
0,9992,0.985482377815077
0,9993,0.9669400495985031
0,9994,0.9930913158369042
0,9995,0.9746254403186264
0,9996,0.9897975005510224
0,9997,0.9760203437532343
0,9998,0.9922826707356546
0,9999,0.9761441715809781
0,10000,0.9918766399163029
0,10001,0.9925716717388258
0,10002,0.9652230769172747
0,10003,0.9944819390337138
0,10004,0.9909883786242107
0,10005,0.9658730445192448
0,10006,0.9863394537766511
0,10007,0.9951582751067826
0,10008,0.9862146918786447
0,10009,0.9956264756358144
0,10010,0.9945207587038913
0,10011,0.9970008532473289
0,10012,0.963026592398288
0,10013,0.9993984900406725
0,10014,0.9740050340128594
0,10015,0.9949592088233739
0,10016,0.9925346323218048
0,10017,0.9942163270231394
0,10018,0.9374039038289441
0,10019,0.9952965035735342
0,10020,0.9856340262138001
0,10021,0.9798636941615193
0,10022,0.9941339604748045
0,10023,0.9916447253314085
0,10024,0.9908521022105695
0,10025,0.9953596878637992
0,10026,0.9963502798276663
0,10027,0.9658375462977206
0,10028,0.987585459108235
0,10029,0.9805283637756208
0,10030,0.9454051317827584
0,10031,0.9986325050310249
0,10032,0.9966303183159041
0,10033,0.9728674728590113
0,10034,0.9896789627383298
0,10035,0.9929682992128966
0,10036,0.9885028210250679
0,10037,0.9885981718302121
0,10038,0.9871301167967715
0,10039,0.9784642188834604
0,10040,0.9675980039092207
0,10041,0.9942109770393104
0,10042,0.9949831339612782
0,10043,0.9943207918677327
0,10044,0.9748230095209383
0,10045,0.9895207637216183
0,10046,0.9865898752017036
0,10047,0.9777753894926938
0,10048,0.969314152821598
0,10049,0.9931674863697239
0,10050,0.995457212795545
0,10051,0.9682954879250635
0,10052,0.9782610778729499
0,10053,0.9872146736501904
0,10054,0.9779158440322668
0,10055,0.9783532086311543
0,10056,0.9841815842107192
0,10057,0.9717799665574491
0,10058,0.9962105165762342
0,10059,0.9927068845539696
0,10060,0.9745206775786328
0,10061,0.9742678236784854
0,10062,0.9958993493147307
0,10063,0.9952893350671429
0,10064,0.9801426795225617
0,10065,0.9809914461695652
0,10066,0.9955048834320371
0,10067,0.9815777875383814
0,10068,0.9904432210186477
0,10069,0.9937642491482537
0,10070,0.9906269648379162
0,10071,0.9714294669950965
0,10072,0.9799747052514829
0,10073,0.9679864822138342
0,10074,0.9840415461033184
0,10075,0.9850664469333421
0,10076,0.9871610708777807
0,10077,0.9865628342100842
0,10078,0.9849576794423975
0,10079,0.9912913157862123
0,10080,0.9880101051114953
0,10081,0.9808331484061352
0,10082,0.9901378770751017
0,10083,0.9870914297616347
0,10084,0.9789181802411041
0,10085,0.9778570739024491
0,10086,0.9793718061546732
0,10087,0.9858206438280983
0,10088,0.9884939002051869
0,10089,0.9960690833853658
0,10090,0.9884152146032054
0,10091,0.9866048934178823
0,10092,0.9850426461383889
0,10093,0.9671823215994421
0,10094,0.9938634015398755
0,10095,0.9862294196305357
0,10096,0.9922688645033996
0,10097,0.9818124443537894
0,10098,0.9842496690545475
0,10099,0.9880603413450492
0,10100,0.9942398933198657
0,10101,0.9824241653434214
0,10102,0.9922168786100317
0,10103,0.9701773775270447
0,10104,0.9874132511942302
0,10105,0.9918781197765392
0,10106,0.9869784033506064
0,10107,0.9743811865066858
0,10108,0.9932045690789266
0,10109,0.9920184173723605
0,10110,0.982849498584229
0,10111,0.9850668280845554
0,10112,0.9861278268644793
0,10113,0.9905280345583898
0,10114,0.9653908701194135
0,10115,0.9895275464491026
0,10116,0.967068480252305
0,10117,0.9691981159090871
0,10118,0.9757909349999955
0,10119,0.9846445306841446
0,10120,0.9906259082619243
0,10121,0.967437756774237
0,10122,0.9900658257138432
0,10123,0.9824296129868574
0,10124,0.9788537142239442
0,10125,0.9848566574196319
0,10126,0.9902963494606218
0,10127,0.9927387097949265
0,10128,0.9869248818552083
0,10129,0.955128392541257
0,10130,0.9942368226321153
0,10131,0.9919761138720724
0,10132,0.9668310540500609
0,10133,0.9905219479356909
0,10134,0.9943593297233301
0,10135,0.9931976965970608
0,10136,0.996268662946043
0,10137,0.984488408316094
0,10138,0.995253305363293
0,10139,0.9846925475449753
0,10140,0.9953640475605885
0,10141,0.994168436183296
0,10142,0.9846625216029369
0,10143,0.9816056583124384
0,10144,0.9916798461939332
0,10145,0.9956447420730332
0,10146,0.9789540081117691
0,10147,0.9914243394373942
0,10148,0.9918723061062881
0,10149,0.9883074261630785
0,10150,0.9986277720375322
0,10151,0.9992819779035401
0,10152,0.9991801816079479
0,10153,0.9631779069315058
0,10154,0.9342391784313028
0,10155,0.9981914165951593
0,10156,0.9895705058864288
0,10157,0.9872386081526062
0,10158,0.9907839195365273
0,10159,0.9661701621347487
0,10160,0.9735923320853312
0,10161,0.9920764696663733
0,10162,0.9838617907361382
0,10163,0.9842412245663812
0,10164,0.9783241633353396
0,10165,0.9961886579989858
0,10166,0.9825669265245949
0,10167,0.9835732110871843
0,10168,0.9750639441861931
0,10169,0.9778599813611033
0,10170,0.986505291387384
0,10171,0.9903998431652997
0,10172,0.9743832708024993
0,10173,0.9851180508567198
0,10174,0.9940574105874448
0,10175,0.9861174142868102
0,10176,0.9891463221725197
0,10177,0.9807229052756804
0,10178,0.9899141841694712
0,10179,0.9776573209009588
0,10180,0.9959499799398258
0,10181,0.9473550189984149
0,10182,0.9965048265220837
0,10183,0.9906361428245164
0,10184,0.9879184571574092
0,10185,0.9798725142315453
0,10186,0.9886539619697224
0,10187,0.9728404324877273
0,10188,0.9837839261578117
0,10189,0.9714917132901835
0,10190,0.9893666491986204
0,10191,0.9914680571378769
0,10192,0.9777285756098721
0,10193,0.981922747601662
0,10194,0.9934324234778127
0,10195,0.9882180047684181
0,10196,0.9703594463385916
0,10197,0.982006237847376
0,10198,0.9805087096200592
0,10199,0.9711277738290383
0,10200,0.98231049619459
0,10201,0.986271184119266
0,10202,0.9754139451491509
0,10203,0.9893814487026038
0,10204,0.986204047552741
0,10205,0.9718245423040874
0,10206,0.9900527406174915
0,10207,0.9859932939984231
0,10208,0.9850133919804396
0,10209,0.9711077853747251
0,10210,0.9924706049921694
0,10211,0.9802979228439926
0,10212,0.9966678904691716
0,10213,0.9938404919296963
0,10214,0.9850792222730002
0,10215,0.9815874815714115
0,10216,0.966331500043061
0,10217,0.9598363832583384
0,10218,0.9843382138935158
0,10219,0.9489398029954456
0,10220,0.9936533794137511
0,10221,0.9713252415325737
0,10222,0.9868022324494204
0,10223,0.9954669719410303
0,10224,0.9767796545584095
0,10225,0.9777173600401605
0,10226,0.9895056943550316
0,10227,0.9870024072614073
0,10228,0.9838523379321176
0,10229,0.9944587790360955
0,10230,0.8021063476298198
0,10231,0.814765349948863
0,10232,0.7542141209483282
0,10233,0.9825815541247754
0,10234,0.9559800720236635
0,10235,0.9323055469546888
0,10236,0.9919880167675861
0,10237,0.9842018201819945
0,10238,0.9972777166580779
0,10239,0.929197813507105
0,10240,0.9778214948262753
0,10241,0.9870506050270041
0,10242,0.9795679988774658
0,10243,0.9802118507047408
0,10244,0.9957644038256988
0,10245,0.9893834543199842
0,10246,0.989510529150036
0,10247,0.996300075462368
0,10248,0.9761885662184947
0,10249,0.9915920560695575
0,10250,0.9718804049301982
0,10251,0.9822933775365374
0,10252,0.9841388017554837
0,10253,0.9871620698357393
0,10254,0.9872520331802924
0,10255,0.9893559214009074
0,10256,0.9832384137902241
0,10257,0.9842435607163121
0,10258,0.9804133065422138
0,10259,0.979749697474786
0,10260,0.98680432009749
0,10261,0.987228419111856
0,10262,0.9606448778559086
0,10263,0.9866669248429388
0,10264,0.9700740277512064
0,10265,0.9968623894818935
0,10266,0.9976771552041064
0,10267,0.9964827936491479
0,10268,0.9964805213212556
0,10269,0.9963071910636297
0,10270,0.9912353348839339
0,10271,0.9858795865734289
0,10272,0.9788996678945951
0,10273,0.9783664920071187
0,10274,0.9786305473432259
0,10275,0.9790052087730721
0,10276,0.9841967739822345
0,10277,0.9744577757170562
0,10278,0.9892915626443232
0,10279,0.9661575085099855
0,10280,0.9886802160114033
0,10281,0.995715985742812
0,10282,0.9778410592583132
0,10283,0.998121634526421
0,10284,0.9573203763067807
0,10285,0.9862094541993159
0,10286,0.9635992630852808
0,10287,0.9937115880917488
0,10288,0.9818253241475491
0,10289,0.9804061987606912
0,10290,0.990965426887876
0,10291,0.9793438333561914
0,10292,0.976770986231957
0,10293,0.9812174663959009
0,10294,0.9922655881846765
0,10295,0.9895607994718344
0,10296,0.9739922670625553
0,10297,0.9749581981725908
0,10298,0.9705040594498567
0,10299,0.9908596783280583
0,10300,0.9711154659272995
0,10301,0.9299767953077629
0,10302,0.9965979228316504
0,10303,0.9956110775908932
0,10304,0.9542567131661062
0,10305,0.9861639974631625
0,10306,0.9892635538706014
0,10307,0.998944634773338
0,10308,0.9822585991558407
0,10309,0.9989268895943876
0,10310,0.9689546737746514
0,10311,0.9919086969394496
0,10312,0.9927647075141655
0,10313,0.9838965879879935
0,10314,0.9791247189519177
0,10315,0.9898739067950922
0,10316,0.9840148864148609
0,10317,0.9878051505344174
0,10318,0.9935533483623755
0,10319,0.9549087370991968
0,10320,0.9924860838566082
0,10321,0.9817691849945577
0,10322,0.9841293540468092
0,10323,0.9817699539235593
0,10324,0.966837371299081
0,10325,0.9767265484109593
0,10326,0.9918057608348292
0,10327,0.9660778654601714
0,10328,0.9664039925169015
0,10329,0.9727967781741401
0,10330,0.9951502848634598
0,10331,0.983454439754706
0,10332,0.9862971076767776
0,10333,0.9891634129287427
0,10334,0.9883655107536716
0,10335,0.9895284640104579
0,10336,0.9643154115383141
0,10337,0.9406579246161668
0,10338,0.9888478682680222
0,10339,0.9873746843646989
0,10340,0.9916185443584365
0,10341,0.9937223601500612
0,10342,0.9692890802911321
0,10343,0.9962892936500473
0,10344,0.9966082700956025
0,10345,0.9841124195744925
0,10346,0.9903376232171127
0,10347,0.9595656398030201
0,10348,0.9956494885378621
0,10349,0.968504601077594
0,10350,0.9750550424373606
0,10351,0.9716407217313133
0,10352,0.9836284652846892
0,10353,0.9601864759299605
0,10354,0.9908568243131535
0,10355,0.9881842755200172
0,10356,0.9906433209036267
0,10357,0.9847171101395039
0,10358,0.984825759331443
0,10359,0.9790975120250582
0,10360,0.9799225394697142
0,10361,0.9777104597164777
0,10362,0.982998974779397
0,10363,0.9728109708117806
0,10364,0.9889602555456768
0,10365,0.9789462434618499
0,10366,0.9912715934442069
0,10367,0.9904464137527527
0,10368,0.9768516373369335
0,10369,0.9816875499333948
0,10370,0.983137858073125
0,10371,0.9891123564847805
0,10372,0.9630809937875175
0,10373,0.9882052041310183
0,10374,0.9915490751266174
0,10375,0.9971398032980672
0,10376,0.968273245095464
0,10377,0.9772276632522949
0,10378,0.9845978641716375
0,10379,0.9716109310207114
0,10380,0.9857776987568012
0,10381,0.9774512351152855
0,10382,0.978959212916912
0,10383,0.9913818197902191
0,10384,0.9493590548434153
0,10385,0.9917383301340112
0,10386,0.9832449375534353
0,10387,0.9797943052766657
0,10388,0.992235437663058
0,10389,0.9905660469002707
0,10390,0.9932302727204417
0,10391,0.9746401553310011
0,10392,0.9896758119504983
0,10393,0.9890130736566108
0,10394,0.9868486280569514
0,10395,0.9929698659857161
0,10396,0.9943934907423201
0,10397,0.9931737621305712
0,10398,0.9673460939704066
0,10399,0.9887258384746638
0,10400,0.9880955524152317
0,10401,0.9907800814712291
0,10402,0.9725657524253285
0,10403,0.9903868101949815
0,10404,0.986791641067278
0,10405,0.9938914466055522
0,10406,0.9810135300009014
0,10407,0.9484912379530452
0,10408,0.9612082632588055
0,10409,0.9818222994785658
0,10410,0.9915305381964085
0,10411,0.9909207384906094
0,10412,0.9896191754045836
0,10413,0.9921861058865855
0,10414,0.990710505666255
0,10415,0.9818996009330536
0,10416,0.9603368785253157
0,10417,0.9844794016995907
0,10418,0.9790731531433515
0,10419,0.9779997272157049
0,10420,0.9930422944832211
0,10421,0.9669560047929213
0,10422,0.9871783694447396
0,10423,0.9890798433977847
0,10424,0.9892791193995109
0,10425,0.9850245786915124
0,10426,0.9896039527011566
0,10427,0.9928010164301675
0,10428,0.9904275419243939
0,10429,0.9685459067119965
0,10430,0.9881662898998288
0,10431,0.965933733974588
0,10432,0.9506420548043749
0,10433,0.9885078869804041
0,10434,0.9608018918352849
0,10435,0.9956149431262432
0,10436,0.998839749743991
0,10437,0.9888389419628951
0,10438,0.9795237929536221
0,10439,0.9824717999918323
0,10440,0.9857443275086517
0,10441,0.9738347741929078
0,10442,0.9926820373758912
0,10443,0.981235701666685
0,10444,0.9639896251538435
0,10445,0.9810583809686161
0,10446,0.9910056375807036
0,10447,0.9797903272344526
0,10448,0.9827547682095605
0,10449,0.9901341477703658
0,10450,0.9989364562131987
0,10451,0.9917411629826384
0,10452,0.9934265216828327
0,10453,0.9972181524348571
0,10454,0.9776281372063668
0,10455,0.9828192752427128
0,10456,0.9960638180619442
0,10457,0.9819852508022884
0,10458,0.9896493885243516
0,10459,0.9852517772428518
0,10460,0.9836437098777465
0,10461,0.9808695412320761
0,10462,0.9706965114642011
0,10463,0.9551084490043255
0,10464,0.9930501520306212
0,10465,0.9652780695528471
0,10466,0.9923335646668917
0,10467,0.9738105991624294
0,10468,0.991931516686821
0,10469,0.9944011373340784
0,10470,0.9857443260796278
0,10471,0.9535155231315315
0,10472,0.9951817625229511
0,10473,0.9860373623053663
0,10474,0.9882176179744545
0,10475,0.9983069237545262
0,10476,0.9763197014361579
0,10477,0.9939979922387284
0,10478,0.987083981240404
0,10479,0.9750517156904717
0,10480,0.983747932668058
0,10481,0.9843272817678448
0,10482,0.9802209214056975
0,10483,0.9762236324850196
0,10484,0.9837659016900919
0,10485,0.9922363464759618
0,10486,0.9786400279114036
0,10487,0.9843556835393478
0,10488,0.9947783261796448
0,10489,0.9703929681729565
0,10490,0.9240491022224973
0,10491,0.9424299499371561
0,10492,0.99404384849385
0,10493,0.9555722782547404
0,10494,0.9937274313558505
0,10495,0.9602560221946981
0,10496,0.9840764077204014
0,10497,0.9856733877496869
0,10498,0.9869836900405813
0,10499,0.9920242090786648
0,10500,0.9948043238060036
0,10501,0.9919530772943224
0,10502,0.9860376602525273
0,10503,0.9880599637315232
0,10504,0.9928829260732976
0,10505,0.9741384339682635
0,10506,0.9772206878971462
0,10507,0.9803243618547919
0,10508,0.988243923836724
0,10509,0.9917293731040903
0,10510,0.9674338028042527
0,10511,0.9453171852853995
0,10512,0.9907926454429
0,10513,0.984570783078304
0,10514,0.9741573602088809
0,10515,0.994840821056152
0,10516,0.9957600284693701
0,10517,0.9880437521612381
0,10518,0.9842435618644277
0,10519,0.9710853773336652
0,10520,0.9798358023044541
0,10521,0.9724815730629978
0,10522,0.9914401251862835
0,10523,0.9490479339748543
0,10524,0.9785903557583623
0,10525,0.9516783626724461
0,10526,0.9615577101124977
0,10527,0.9907270190462313
0,10528,0.987324671308762
0,10529,0.9937773705952011
0,10530,0.978554218833741
0,10531,0.9834471565068554
0,10532,0.9617936444845989
0,10533,0.9970186564589589
0,10534,0.9678842649668847
0,10535,0.9954011295023619
0,10536,0.9691254824406419
0,10537,0.9810610784272489
0,10538,0.9828212149103478
0,10539,0.9890316127806608
0,10540,0.9771472957034008
0,10541,0.9867555114903557
0,10542,0.9881134337140799
0,10543,0.9666596829172726
0,10544,0.9894832357376706
0,10545,0.9821598324895263
0,10546,0.9575984503655975
0,10547,0.9913949102249838
0,10548,0.9454704276453093
0,10549,0.966627243331921
0,10550,0.9952465275280108
0,10551,0.9480218407990659
0,10552,0.9971256724311091
0,10553,0.9388130619141312
0,10554,0.982632938396264
0,10555,0.9821663571506464
0,10556,0.9892610283239015
0,10557,0.9861557417177994
0,10558,0.9899302916944088
0,10559,0.9813748741926995
0,10560,0.9864745221623105
0,10561,0.9859564178700186
0,10562,0.979438304343712
0,10563,0.9916891307055252
0,10564,0.9737236110213087
0,10565,0.98036219719622
0,10566,0.9802842424242705
0,10567,0.9858180246701286
0,10568,0.97544163728096
0,10569,0.9902538648531847
0,10570,0.9941449876240528
0,10571,0.9841433054339277
0,10572,0.9853332916353464
0,10573,0.990537862750026
0,10574,0.9971913848905798
0,10575,0.9970171625099933
0,10576,0.9790357144180858
0,10577,0.9739851051248165
0,10578,0.9944101896348562
0,10579,0.9909866934297101
0,10580,0.9909945582583022
0,10581,0.9963951872172545
0,10582,0.9963518878164602
0,10583,0.9855436042027602
0,10584,0.9945551943213178
0,10585,0.9825866954913213
0,10586,0.990909627895401
0,10587,0.9875179653793565
0,10588,0.9864417067795351
0,10589,0.9801219742621954
0,10590,0.8865118858767764
0,10591,0.974918002493358
0,10592,0.9901831038134693
0,10593,0.9897620370008189
0,10594,0.9891724148005793
0,10595,0.993784223181537
0,10596,0.993661499605903
0,10597,0.9943321746158227
0,10598,0.9413814190654223
0,10599,0.9929920466577664
0,10600,0.9873380731254725
0,10601,0.9584368300911076
0,10602,0.9958990507457528
0,10603,0.9642683154265428
0,10604,0.9890824611474218
0,10605,0.9891007325346257
0,10606,0.9745987925213926
0,10607,0.9805517149685127
0,10608,0.977961920777778
0,10609,0.9800826591172491
0,10610,0.98027876466576
0,10611,0.9683497700485009
0,10612,0.9766650103332615
0,10613,0.9822532327495026
0,10614,0.9824360522283314
0,10615,0.9903664614504395
0,10616,0.9959895758482582
0,10617,0.956194646673762
0,10618,0.988056772896999
0,10619,0.9833865635515534
0,10620,0.988202784900926
0,10621,0.9855952417138235
0,10622,0.9952568898805939
0,10623,0.9662298865957867
0,10624,0.9913758224934498
0,10625,0.961208902780444
0,10626,0.9760807686851504
0,10627,0.9762072884252352
0,10628,0.9906344814862769
0,10629,0.9876355474062213
0,10630,0.9783552311822602
0,10631,0.9772164428576827
0,10632,0.9734401540638221
0,10633,0.98802044858343685
0,10634,0.9827213348030066
0,10635,0.990828569627993
0,10636,0.9893536200112049
0,10637,0.9592925596024071
0,10638,0.9920651479404132
0,10639,0.9952032376934279
0,10640,0.9587837608002965
0,10641,0.9869129213559585
0,10642,0.9945574723518346
0,10643,0.9590744471096222
0,10644,0.9421426501083096
0,10645,0.9968546076802512
0,10646,0.9904656604834552
0,10647,0.9354604716848476
0,10648,0.9867962166037975
0,10649,0.9829596499469926
0,10650,0.9705099542758389
0,10651,0.981304862266071
0,10652,0.9745831761533149
0,10653,0.9749769557097647
0,10654,0.9918403096211318
0,10655,0.9808840713839904
0,10656,0.9900104168822309
0,10657,0.9867699637588764
0,10658,0.984717665990018
0,10659,0.9908558026566349
0,10660,0.9627250445895479
0,10661,0.9945533724954865
0,10662,0.9532761632545715
0,10663,0.9835840531529668
0,10664,0.9909096028892639
0,10665,0.9930933706046281
0,10666,0.9717182450594567
0,10667,0.9965314524803309
0,10668,0.9720447235607507
0,10669,0.9813660014427896
0,10670,0.9685713279082486
0,10671,0.9969324377767298
0,10672,0.9613909319805376
0,10673,0.9880419856308766
0,10674,0.9876708899676777
0,10675,0.9948654751117453
0,10676,0.9949881079330494
0,10677,0.9932936010778062
0,10678,0.9938029621212605
0,10679,0.9941885803027771
0,10680,0.9700362109403926
0,10681,0.9917787501083375
0,10682,0.9712520189353132
0,10683,0.9911905265571224
0,10684,0.9705089512415986
0,10685,0.9809345910960943
0,10686,0.9942070228197075
0,10687,0.9900055120837645
0,10688,0.9932067123532571
0,10689,0.9959106224289849
0,10690,0.978200461385725
0,10691,0.99169014084864
0,10692,0.966147826656321
0,10693,0.9779210181112739
0,10694,0.9839525946611115
0,10695,0.9907504184848392
0,10696,0.9941603811050131
0,10697,0.9947990347132479
0,10698,0.9791163719093603
0,10699,0.9861793709951505
0,10700,0.9845484421947145
0,10701,0.9909693069830596
0,10702,0.9943507097416892
0,10703,0.9786745370235022
0,10704,0.99554744965757
0,10705,0.9906038574759224
0,10706,0.9760858320457811
0,10707,0.9914882234676754
0,10708,0.9856561060550911
0,10709,0.984573520350957
0,10710,0.9839729122132813
0,10711,0.9912795569183026
0,10712,0.9944014729488352
0,10713,0.9831037745167577
0,10714,0.9892453529012283
0,10715,0.9235809561450017
0,10716,0.9851969737372672
0,10717,0.9890716313656709
0,10718,0.98780318961383
0,10719,0.985186240028528
0,10720,0.9877764479989813
0,10721,0.9806156733288592
0,10722,0.9969176980293412
0,10723,0.9953168744010118
0,10724,0.9828002592499379
0,10725,0.9866772470918442
0,10726,0.9894403114432958
0,10727,0.9774802071894518
0,10728,0.9855181226856269
0,10729,0.9777448102027505
0,10730,0.9870628163287345
0,10731,0.9563254935408487
0,10732,0.9901717183939706
0,10733,0.9753449447266468
0,10734,0.9719207165494201
0,10735,0.989268025637595
0,10736,0.9940039489578332
0,10737,0.9934882177867944
0,10738,0.9927925146871401
0,10739,0.9888843329060439
0,10740,0.9803943235424138
0,10741,0.9752608304507321
0,10742,0.9821824280457568
0,10743,0.9779416806139558
0,10744,0.9705928429883819
0,10745,0.9838557916904336
0,10746,0.9820533293516701
0,10747,0.9814930975700341
0,10748,0.9963334339579244
0,10749,0.9878440771345653
0,10750,0.9876308064284077
0,10751,0.9900615877645946
0,10752,0.9828780852651595
0,10753,0.9914789442118457
0,10754,0.9896767186008358
0,10755,0.9947507558654387
0,10756,0.9864201852907681
0,10757,0.9911460476421187
0,10758,0.9510970422982722
0,10759,0.9988743296505113
0,10760,0.9993859201663895
0,10761,0.9867779866484502
0,10762,0.9560892015614418
0,10763,0.9843285643262755
0,10764,0.9889508946223444
0,10765,0.9796890823328527
0,10766,0.98136518010014
0,10767,0.9922484632591861
0,10768,0.9932107581540505
0,10769,0.9917306229595871
0,10770,0.9889386708746907
0,10771,0.9921265085491628
0,10772,0.9660290208988781
0,10773,0.9952673080875418
0,10774,0.9976870799198382
0,10775,0.9947925315619521
0,10776,0.9800430423531616
0,10777,0.9811229013857191
0,10778,0.9923686367383866
0,10779,0.9814673337529172
0,10780,0.9809468247094609
0,10781,0.982774936510722
0,10782,0.9916800074316497
0,10783,0.9787795953334671
0,10784,0.9967243742966319
0,10785,0.9900862431224964
0,10786,0.9857084479682571
0,10787,0.9885121418846629
0,10788,0.9865780501558561
0,10789,0.980948518289974
0,10790,0.9941410669115869
0,10791,0.99339694995804
0,10792,0.9859706971568948
0,10793,0.9902113629480956
0,10794,0.9906110312572117
0,10795,0.9956923500447603
0,10796,0.9895891580195063
0,10797,0.9895299233475744
0,10798,0.9805400978860835
0,10799,0.9944554046765286
0,10800,0.9912910888055597
0,10801,0.9762229269220318
0,10802,0.9860161044835446
0,10803,0.985900279906226
0,10804,0.9792764392914666
0,10805,0.9790327155169107
0,10806,0.9983526357921122
0,10807,0.9952950705083213
0,10808,0.9919710470623858
0,10809,0.9606353589439425
0,10810,0.9470538905288608
0,10811,0.9917737316795188
0,10812,0.9734005617282844
0,10813,0.9901116298110684
0,10814,0.9764018691284683
0,10815,0.9870857362406599
0,10816,0.985175766878141
0,10817,0.9853990944610502
0,10818,0.9934997024957758
0,10819,0.9915675998781707
0,10820,0.9717399782846894
0,10821,0.9966072443823409
0,10822,0.9968500200095932
0,10823,0.9579388412504907
0,10824,0.9894362787936012
0,10825,0.9777146992436588
0,10826,0.9905871917305866
0,10827,0.9901675763250907
0,10828,0.9911264388450861
0,10829,0.9934451983163951
0,10830,0.9535577135353707
0,10831,0.9633849775701835
0,10832,0.9919956977782489
0,10833,0.9856322104045648
0,10834,0.9232367650022479
0,10835,0.8669597861348436
0,10836,0.9837464643199855
0,10837,0.9905971042672558
0,10838,0.9743152805307252
0,10839,0.987117082770501
0,10840,0.9964015089833539
0,10841,0.9599628207720443
0,10842,0.9721631820086329
0,10843,0.9882662570539019
0,10844,0.9745520316023808
0,10845,0.9895460497508982
0,10846,0.9699997860236546
0,10847,0.9923854621414329
0,10848,0.9914620105781575
0,10849,0.9461253931356384
0,10850,0.9955483509999452
0,10851,0.9862618231348402
0,10852,0.9954125841150063
0,10853,0.9791103149982016
0,10854,0.9924631836040216
0,10855,0.9876308357760966
0,10856,0.9951097029095849
0,10857,0.9977590126432313
0,10858,0.9430676013355538
0,10859,0.9848698573656983
0,10860,0.9894720193389879
0,10861,0.9910793652627546
0,10862,0.9755019679179432
0,10863,0.9870693527599417
0,10864,0.9634263994190881
0,10865,0.9915570049423366
0,10866,0.9881487692470863
0,10867,0.994629681141472
0,10868,0.9952650334716707
0,10869,0.9713746943058333
0,10870,0.9763976351318651
0,10871,0.9765387144622837
0,10872,0.9744273122076187
0,10873,0.991756226182879
0,10874,0.9542210788370276
0,10875,0.9619726194499029
0,10876,0.9812916984819863
0,10877,0.9853447043477506
0,10878,0.9820451405158286
0,10879,0.9927191124380644
0,10880,0.9722026075399229
0,10881,0.9842793497637301
0,10882,0.9729899254459281
0,10883,0.9715530421991836
0,10884,0.9102126619539337
0,10885,0.9892250435943774
0,10886,0.9897518569027095
0,10887,0.9939440359541191
0,10888,0.9670299046994186
0,10889,0.9967354365830966
0,10890,0.9875688637353798
0,10891,0.9693002867917171
0,10892,0.9809173189621652
0,10893,0.9765540243556776
0,10894,0.98083775184349975
0,10895,0.9570002634441698
0,10896,0.9874281681628474
0,10897,0.9868984662297382
0,10898,0.9816160472681045
0,10899,0.991972092534694
0,10900,0.9618306398644962
0,10901,0.9761642003249628
0,10902,0.9937862080483074
0,10903,0.993842380827215
0,10904,0.995361132460254
0,10905,0.9941180115945447
0,10906,0.9580084678767654
0,10907,0.9907236713870977
0,10908,0.9783167930427629
0,10909,0.9940960104417657
0,10910,0.9938265583879934
0,10911,0.992276508976472
0,10912,0.9878833123859329
0,10913,0.9938462770881438
0,10914,0.9971496862190391
0,10915,0.9739908435662795
0,10916,0.9540370514022873
0,10917,0.9559961716501068
0,10918,0.9751044381965355
0,10919,0.9209128174848278
0,10920,0.961769470735547
0,10921,0.9461430372733571
0,10922,0.9644739875519439
0,10923,0.9669207340060072
0,10924,0.9847785064532263
0,10925,0.9752499555504809
0,10926,0.9816389454719685
0,10927,0.9820849004854757
0,10928,0.9820856422189775
0,10929,0.9595968124854034
0,10930,0.9757210193490069
0,10931,0.9738868912113068
0,10932,0.982644354820073
0,10933,0.9770634236147523
0,10934,0.994774360793669
0,10935,0.9937065578377466
0,10936,0.9939395825676207
0,10937,0.9727507806639145
0,10938,0.9911265355343435
0,10939,0.9878599648517584
0,10940,0.9885432952052079
0,10941,0.9894555428560535
0,10942,0.9901761557039079
0,10943,0.9744865703570252
0,10944,0.9936146504535501
0,10945,0.9761916537031797
0,10946,0.980479553927444
0,10947,0.9761042297133834
0,10948,0.97825238708937
0,10949,0.9479564999588316
0,10950,0.9972658381103393
0,10951,0.9780048706733717
0,10952,0.9879410925681045
0,10953,0.9699373488683416
0,10954,0.9851788245761628
0,10955,0.971923403865966
0,10956,0.9742106293188942
0,10957,0.9761122137482384
0,10958,0.9765315158378868
0,10959,0.9956403392139509
0,10960,0.9973979501563162
0,10961,0.9960481909522909
0,10962,0.9929748491385799
0,10963,0.9929956010751945
0,10964,0.9928584724768471
0,10965,0.956605243303332
0,10966,0.9966573674176233
0,10967,0.9874958345609046
0,10968,0.9934906630467749
0,10969,0.9947589207717503
0,10970,0.9939252852218164
0,10971,0.9980619000457344
0,10972,0.9861864501540086
0,10973,0.9843199259217242
0,10974,0.9649863625767859
0,10975,0.9956606593607358
0,10976,0.9957428582526368
0,10977,0.9686957356450353
0,10978,0.9893506764862782
0,10979,0.9705650835436693
0,10980,0.9589878073593371
0,10981,0.992882634033756
0,10982,0.9604655797158732
0,10983,0.993253132811578
0,10984,0.9959053364925697
0,10985,0.9973314168484119
0,10986,0.9947198873961337
0,10987,0.9713069553471902
0,10988,0.9519805437178923
0,10989,0.9754210321939087
0,10990,0.9821549556705541
0,10991,0.9835494767428176
0,10992,0.9895190113624144
0,10993,0.9827502089674894
0,10994,0.9886115272856484
0,10995,0.9729725358828002
0,10996,0.9917011863937188
0,10997,0.9849460603125086
0,10998,0.9850814882063281
0,10999,0.9643329944009136
0,11000,0.9931362789466959
0,11001,0.9534192685387968
0,11002,0.9117795668373461
0,11003,0.93640910132464406
0,11004,0.9957963490652402
0,11005,0.9563108041385985
0,11006,0.9851805394242708
0,11007,0.9886513919225154
0,11008,0.9893027348348873
0,11009,0.9779644127266343
0,11010,0.9906958485346796
0,11011,0.9797646249563077
0,11012,0.9828041696368044
0,11013,0.9747462519402708
0,11014,0.959429971828717
0,11015,0.996590936951316
0,11016,0.9928664640976461
0,11017,0.9603917993174169
0,11018,0.9859003778666404
0,11019,0.9933064194135519
0,11020,0.9866718240831988
0,11021,0.9797694706450584
0,11022,0.9861396520540571
0,11023,0.9851078721719606
0,11024,0.973497439200771
0,11025,0.9927670740110482
0,11026,0.9686054835639871
0,11027,0.9907349383876228
0,11028,0.9939323660992843
0,11029,0.9943051735065324
0,11030,0.9787858288697768
0,11031,0.9960678063717018
0,11032,0.9712365760758578
0,11033,0.9983117194264125
0,11034,0.9958442649068845
0,11035,0.9972158937299853
0,11036,0.9971120519353749
0,11037,0.9982080334499939
0,11038,0.9797971642316597
0,11039,0.9871432313979668
0,11040,0.9872091906111324
0,11041,0.9863341715131175
0,11042,0.996076198459539
0,11043,0.9955169436207573
0,11044,0.9745802404395942
0,11045,0.9820615636059278
0,11046,0.9779177859762159
0,11047,0.9708494745005254
0,11048,0.995483287468509
0,11049,0.9852820032202692
0,11050,0.9931099500339884
0,11051,0.9684564906836403
0,11052,0.9706526197488358
0,11053,0.9881692135811481
0,11054,0.9937674382968558
0,11055,0.9913061949945497
0,11056,0.9596193744687058
0,11057,0.980970818331893
0,11058,0.9754869352964662
0,11059,0.9859037862745936
0,11060,0.9962502508521097
0,11061,0.967279611291006
0,11062,0.9885769486237017
0,11063,0.9928832718269436
0,11064,0.975322825449651
0,11065,0.9958422146372898
0,11066,0.988601417437303
0,11067,0.9460336868098336
0,11068,0.9956114393327548
0,11069,0.9722729860330018
0,11070,0.9902300704495459
0,11071,0.9966106743212125
0,11072,0.9738209108058691
0,11073,0.997192388384608
0,11074,0.9923210671591849
0,11075,0.9959799928069878
0,11076,0.9607574410163401
0,11077,0.9727805181972651
0,11078,0.9912035933690061
0,11079,0.9846815413560122
0,11080,0.9638913966679366
0,11081,0.9769169768688714
0,11082,0.9759353051233839
0,11083,0.9854179180903774
0,11084,0.9581343578266887
0,11085,0.9986236941216978
0,11086,0.9751810363553495
0,11087,0.9896294489503503
0,11088,0.9777926675009303
0,11089,0.9807709122640542
0,11090,0.9861975546693125
0,11091,0.9633279246070819
0,11092,0.9871301286061104
0,11093,0.9759919643850063
0,11094,0.9925311748593789
0,11095,0.99345617493693
0,11096,0.9788403746889831
0,11097,0.974319462973199
0,11098,0.995741004115208
0,11099,0.9836082977914826
0,11100,0.988801497625465
0,11101,0.9911882081274241
0,11102,0.9946103154998966
0,11103,0.9949237848595044
0,11104,0.994846612918551
0,11105,0.9900570750596059
0,11106,0.9945409086899479
0,11107,0.9915123327687382
0,11108,0.9960725243795411
0,11109,0.9945943899870571
0,11110,0.9684482484172994
0,11111,0.9921910927021214
0,11112,0.9839135418192608
0,11113,0.971299830939874
0,11114,0.9778361980406102
0,11115,0.9840625244796622
0,11116,0.9821030168456858
0,11117,0.9935965645582158
0,11118,0.9869821590450482
0,11119,0.9927893452366494
0,11120,0.9932738850315301
0,11121,0.9835274357744951
0,11122,0.9845675960231363
0,11123,0.963470069358343
0,11124,0.9617580977821053
0,11125,0.9759125790286559
0,11126,0.9772532756760275
0,11127,0.9751023081993654
0,11128,0.9905483484933563
0,11129,0.9960531353745564
0,11130,0.9911588574212656
0,11131,0.9868384263932108
0,11132,0.9892334068022282
0,11133,0.9702582092952935
0,11134,0.9957319279041043
0,11135,0.9911721495478178
0,11136,0.9725631296310284
0,11137,0.9941043287326897
0,11138,0.9623826801481085
0,11139,0.958264435225296
0,11140,0.9966943909140928
0,11141,0.9874769005511891
0,11142,0.9665168272663193
0,11143,0.990759139440259
0,11144,0.9968866277854113
0,11145,0.958541519114528
0,11146,0.9942220578061779
0,11147,0.9504690797210211
0,11148,0.9751400722439922
0,11149,0.99665039628501
0,11150,0.9867244403777956
0,11151,0.9966482695059815
0,11152,0.9790495948024446
0,11153,0.9906751719503212
0,11154,0.9869490455776804
0,11155,0.9832391769720469
0,11156,0.9892784500679608
0,11157,0.9856382470454971
0,11158,0.9905950447967109
0,11159,0.9725967516356068
0,11160,0.9850547253701154
0,11161,0.981419260584527
0,11162,0.993032858653255
0,11163,0.9600740594505471
0,11164,0.995735763233285
0,11165,0.9714339337174938
0,11166,0.9796000078644773
0,11167,0.9869874439620495
0,11168,0.9848862027108191
0,11169,0.9799906180862288
0,11170,0.9951922618010298
0,11171,0.9782151471478466
0,11172,0.9738191186181934
0,11173,0.9896871282846317
0,11174,0.9916845549753126
0,11175,0.9882024646886011
0,11176,0.9769936669635461
0,11177,0.9877713871805923
0,11178,0.9894734973363805
0,11179,0.9848711282183532
0,11180,0.9859461890816287
0,11181,0.9903271113953479
0,11182,0.9913593690873727
0,11183,0.9553478743374665
0,11184,0.9862608584619982
0,11185,0.9729266048978953
0,11186,0.9897905240575066
0,11187,0.9904625863076085
0,11188,0.9545297794406683
0,11189,0.9831242681887433
0,11190,0.9920727658565193
0,11191,0.9904119905985934
0,11192,0.9692935254157223
0,11193,0.964363254431661
0,11194,0.9444290460252754
0,11195,0.9919951959704434
0,11196,0.9789256478798006
0,11197,0.9855686490455122
0,11198,0.9892970775253029
0,11199,0.9832660848773747
0,11200,0.9846031015088288
0,11201,0.9937251630334736
0,11202,0.988571868841298
0,11203,0.9927668994236943
0,11204,0.9954963447007825
0,11205,0.9943335856431963
0,11206,0.9961984738418715
0,11207,0.9941891923952358
0,11208,0.9898442400845365
0,11209,0.9887117813595518
0,11210,0.9901274296529353
0,11211,0.9812102395676084
0,11212,0.9793647317231305
0,11213,0.9826731394826274
0,11214,0.9912827434287018
0,11215,0.9863291383993361
0,11216,0.9736438270395098
0,11217,0.8547638606265042
0,11218,0.9929196038500566
0,11219,0.9930289437439147
0,11220,0.9222317148759619
0,11221,0.9574696794899928
0,11222,0.933306684685844
0,11223,0.9913980589127783
0,11224,0.9420294112276074
0,11225,0.9911323077163164
0,11226,0.9567203669912098
0,11227,0.9779774485209549
0,11228,0.9571626719620675
0,11229,0.9952538301614705
0,11230,0.9964553282821705
0,11231,0.9946670173699487
0,11232,0.9948951623138446
0,11233,0.9898412662318428
0,11234,0.987789672300691
0,11235,0.9706560164092903
0,11236,0.9958780409126898
0,11237,0.9892232946467341
0,11238,0.9957414130208069
0,11239,0.9818971107575487
0,11240,0.9935401476784406
0,11241,0.9505269645135045
0,11242,0.9864587853129929
0,11243,0.9785529988074582
0,11244,0.9905831442903599
0,11245,0.9892718565643898
0,11246,0.99067819580956
0,11247,0.9908249604260488
0,11248,0.9889878189813079
0,11249,0.9950233718197914
0,11250,0.9799713727073588
0,11251,0.9837163769848719
0,11252,0.9934616446675907
0,11253,0.9781620573174473
0,11254,0.9933024712910266
0,11255,0.9793189975056057
0,11256,0.9862910758497989
0,11257,0.9927683113733033
0,11258,0.9901473492154844
0,11259,0.9768954267570272
0,11260,0.9860495447495398
0,11261,0.9913328283802837
0,11262,0.9940950900837294
0,11263,0.9932281235339552
0,11264,0.9925603302828389
0,11265,0.9855501536509059
0,11266,0.987190579583416
0,11267,0.9853550323308838
0,11268,0.9895005469884635
0,11269,0.9899957448582901
0,11270,0.9845950653248909
0,11271,0.9429246291273339
0,11272,0.9968770636382993
0,11273,0.9915602169389125
0,11274,0.9972516946633669
0,11275,0.972269252026102
0,11276,0.9918893064211926
0,11277,0.9505099087662412
0,11278,0.9148465037980685
0,11279,0.9597856990508224
0,11280,0.985186419875417
0,11281,0.9744603693244575
0,11282,0.9782998964740284
0,11283,0.9630147373405996
0,11284,0.9516746206635587
0,11285,0.9950132757181389
0,11286,0.9950970866707465
0,11287,0.9823703856358909
0,11288,0.9922646939523398
0,11289,0.9853497898942255
0,11290,0.9878716390476276
0,11291,0.9921152356405193
0,11292,0.9912738938929824
0,11293,0.9899215672156124
0,11294,0.9731848817963241
0,11295,0.9343244395768872
0,11296,0.9967542481641626
0,11297,0.9789455302903541
0,11298,0.9905789504003885
0,11299,0.9861787553518181
0,11300,0.9898396044163006
0,11301,0.9923718332245144
0,11302,0.9909234525702225
0,11303,0.9956271252195975
0,11304,0.921383355223462
0,11305,0.9729830838624745
0,11306,0.9957593534213774
0,11307,0.9658982779888943
0,11308,0.9832671911629504
0,11309,0.9579599460197794
0,11310,0.9666836643680158
0,11311,0.9958120585498152
0,11312,0.9645040440931141
0,11313,0.998411991122715
0,11314,0.9809979042765087
0,11315,0.9900507847943146
0,11316,0.9889399248222245
0,11317,0.9929931638487899
0,11318,0.9852207006759294
0,11319,0.9743912128196229
0,11320,0.9658384472400103
0,11321,0.9948064039761413
0,11322,0.9828008846612437
0,11323,0.9965639575965076
0,11324,0.994124372144503
0,11325,0.9952040194917794
0,11326,0.979536418352935
0,11327,0.9915849855673293
0,11328,0.981682889184968
0,11329,0.990296597532855
0,11330,0.957775581731299
0,11331,0.993180023969234
0,11332,0.9898934749731212
0,11333,0.9893499325561288
0,11334,0.9792170789643938
0,11335,0.9903263040476423
0,11336,0.9912366375191268
0,11337,0.9866164675777636
0,11338,0.9933664431369814
0,11339,0.9949690318711703
0,11340,0.9789134518788821
0,11341,0.9902323517776392
0,11342,0.9904264414981719
0,11343,0.9881358359303107
0,11344,0.9861904752235408
0,11345,0.9915587619690938
0,11346,0.9872824917299367
0,11347,0.9771630901650612
0,11348,0.9822171834099753
0,11349,0.981219189727301
0,11350,0.977272591393869
0,11351,0.9776586365251041
0,11352,0.9800297784665952
0,11353,0.9812230185668607
0,11354,0.9963076413855033
0,11355,0.9288383388701187
0,11356,0.9988529302800093
0,11357,0.9971378544797227
0,11358,0.9908514773492687
0,11359,0.981188995951159
0,11360,0.9824323881384165
0,11361,0.9980365279627764
0,11362,0.9977413064517581
0,11363,0.9642285818099474
0,11364,0.9311895127527077
0,11365,0.9868328311714235
0,11366,0.9843178558711835
0,11367,0.9804460672795298
0,11368,0.983839507849673
0,11369,0.9820198435350607
0,11370,0.9820805624690994
0,11371,0.9897564553145448
0,11372,0.9702047490769609
0,11373,0.988719635864886
0,11374,0.9620908684722175
0,11375,0.9928750288557293
0,11376,0.9949553268922
0,11377,0.9913013012363039
0,11378,0.9819630979593609
0,11379,0.9703542599103687
0,11380,0.9022594943033544
0,11381,0.993096662871581
0,11382,0.9815717664637158
0,11383,0.9902907801454311
0,11384,0.9824602116276832
0,11385,0.9843235493806927
0,11386,0.9873320267643092
0,11387,0.9969884623312989
0,11388,0.9269772580523614
0,11389,0.9895918124362072
0,11390,0.9855648028091097
0,11391,0.9916271920905411
0,11392,0.973215199755857
0,11393,0.9918145943991112
0,11394,0.9917659392425883
0,11395,0.9902265185460739
0,11396,0.9964691821865531
0,11397,0.9949334366717691
0,11398,0.9916027450171397
0,11399,0.9745463418085525
0,11400,0.9836339385034039
0,11401,0.9760959386935105
0,11402,0.9918178763605154
0,11403,0.9790908168174852
0,11404,0.984062438831201
0,11405,0.992038706456906
0,11406,0.9262741312810953
0,11407,0.9927627953348379
0,11408,0.9725515012034578
0,11409,0.9962050962421015
0,11410,0.9905962185502702
0,11411,0.9618885615939365
0,11412,0.9794657634796081
0,11413,0.9883089865075223
0,11414,0.9699343826817007
0,11415,0.986141307763646
0,11416,0.9804440649100326
0,11417,0.990299778554069
0,11418,0.9909438713412839
0,11419,0.976065297019155
0,11420,0.9752327441622318
0,11421,0.9815727963108566
0,11422,0.9942459352537398
0,11423,0.9870059751987269
0,11424,0.9853446620007934
0,11425,0.9913669371817393
0,11426,0.9985984506922986
0,11427,0.9980211998488286
0,11428,0.9879752863653442
0,11429,0.9847671895124407
0,11430,0.9864052101143218
0,11431,0.9766559520431948
0,11432,0.9828222961834362
0,11433,0.9706084235816225
0,11434,0.9843174349021351
0,11435,0.992649182184993
0,11436,0.9799926596285706
0,11437,0.9700230010744781
0,11438,0.9620841936169328
0,11439,0.9797622207736532
0,11440,0.9940007822612037
0,11441,0.9866798110449398
0,11442,0.9864383453879185
0,11443,0.9910009092640771
0,11444,0.9976309107100806
0,11445,0.998021504344474
0,11446,0.9892147129917326
0,11447,0.9858766831081047
0,11448,0.9961004272908106
0,11449,0.9226006057099182
0,11450,0.9769315263799405
0,11451,0.9949421737727068
0,11452,0.994100136815651
0,11453,0.9947914110130702
0,11454,0.9892541926453912
0,11455,0.9863542696009701
0,11456,0.9754298244393532
0,11457,0.9871705098012692
0,11458,0.9823475136973061
0,11459,0.9943394094970853
0,11460,0.99544975446517
0,11461,0.9885778102170235
0,11462,0.9915963220112382
0,11463,0.9779161215664863
0,11464,0.9858115104705247
0,11465,0.98246600939194
0,11466,0.9773891996373083
0,11467,0.9837158587134294
0,11468,0.9557033355547271
0,11469,0.9554234143517542
0,11470,0.97876811099564065
0,11471,0.9827840079870802
0,11472,0.9748128302511683
0,11473,0.98556198361915
0,11474,0.9840383534934264
0,11475,0.9866822557703075
0,11476,0.9873862125498588
0,11477,0.9929468652244672
0,11478,0.9960597668606216
0,11479,0.9951822142251098
0,11480,0.9950782935094321
0,11481,0.9447852996302728
0,11482,0.9869187109602863
0,11483,0.9847427486378721
0,11484,0.9913223629004624
0,11485,0.9602397373857544
0,11486,0.9556277094292229
0,11487,0.9846583608125618
0,11488,0.9757680610861948
0,11489,0.9954286433924692
0,11490,0.997108166759803
0,11491,0.995728994078913
0,11492,0.9757173510085728
0,11493,0.9877676038779825
0,11494,0.973549066486902
0,11495,0.9958829012068362
0,11496,0.9876446335010404
0,11497,0.9865780161962828
0,11498,0.9855684852192252
0,11499,0.9718156319178006
0,11500,0.9910378174138365
0,11501,0.9839119442024499
0,11502,0.9863369985669093
0,11503,0.990955238963778
0,11504,0.9801019318638331
0,11505,0.9726131161137027
0,11506,0.9791885507644221
0,11507,0.9786537246482331
0,11508,0.989037264591065
0,11509,0.9756172991778238
0,11510,0.9791907031034413
0,11511,0.9744938305916949
0,11512,0.9954101560381099
0,11513,0.9511042163861175
0,11514,0.9630917803939046
0,11515,0.9916760899242733
0,11516,0.9941049365868904
0,11517,0.9880781182345781
0,11518,0.9900832568295059
0,11519,0.9881473930663022
0,11520,0.994676908698121
0,11521,0.997143190063273
0,11522,0.9956188370363653
0,11523,0.9958775033212522
0,11524,0.9679032456327024
0,11525,0.9830471539933384
0,11526,0.9558314161058201
0,11527,0.9988496308460791
0,11528,0.9839097894425586
0,11529,0.980330044259244
0,11530,0.9980165425875717
0,11531,0.982787969378447
0,11532,0.9811732340813203
0,11533,0.9802255794264965
0,11534,0.9949981266512233
0,11535,0.9858042692631386
0,11536,0.9844767069257331
0,11537,0.9660605494013939
0,11538,0.9316605120475797
0,11539,0.9887933686122944
0,11540,0.9928433692242967
0,11541,0.9932854195900894
0,11542,0.9812902000342615
0,11543,0.9703487475874475
0,11544,0.9960221163080875
0,11545,0.9820031462610197
0,11546,0.9853866766174165
0,11547,0.9846586720401708
0,11548,0.9855357447343327
0,11549,0.989971128636549
0,11550,0.9736296069763524
0,11551,0.9817626647871877
0,11552,0.9909924038107406
0,11553,0.9700182950200431
0,11554,0.9756428004405995
0,11555,0.9833332496360793
0,11556,0.9826143314268767
0,11557,0.9826523873535146
0,11558,0.984792569739114
0,11559,0.9590035495327822
0,11560,0.9867349345703502
0,11561,0.9838325413177802
0,11562,0.9810840529007774
0,11563,0.9832162597721148
0,11564,0.9607311916385441
0,11565,0.980165459567164
0,11566,0.9871328989745906
0,11567,0.9861059127177279
0,11568,0.9869996445100836
0,11569,0.9834085531519834
0,11570,0.9859326012899615
0,11571,0.9886084002905896
0,11572,0.981790265386443
0,11573,0.9869108417191828
0,11574,0.9943868154863519
0,11575,0.9761537115960254
0,11576,0.987360656871729
0,11577,0.9694271562411398
0,11578,0.9687543667975176
0,11579,0.9851018780872526
0,11580,0.9800295058954265
0,11581,0.9856922475191909
0,11582,0.9869622873909529
0,11583,0.9843609707411638
0,11584,0.9862373584675385
0,11585,0.9862377217826551
0,11586,0.986757790484649
0,11587,0.9759900594011653
0,11588,0.9850122570592044
0,11589,0.9970286901805844
0,11590,0.9954561120486152
0,11591,0.988215853056413
0,11592,0.9840145780051008
0,11593,0.9760505929363081
0,11594,0.976346998879088
0,11595,0.9965212307489945
0,11596,0.9668842613204718
0,11597,0.9960765980951998
0,11598,0.9961411693793714
0,11599,0.9973324332015633
0,11600,0.9930765915029407
0,11601,0.9884734228592407
0,11602,0.98923217784504
0,11603,0.9780788169946012
0,11604,0.9712216799749728
0,11605,0.9878701604276873
0,11606,0.980954279268298
0,11607,0.9614840267709099
0,11608,0.9895151480463293
0,11609,0.9524009465890337
0,11610,0.973287846729304
0,11611,0.9706864307658254
0,11612,0.9800231076450018
0,11613,0.9759301956630357
0,11614,0.9870704453520661
0,11615,0.9823501396194875
0,11616,0.9811274557708647
0,11617,0.9682528226162532
0,11618,0.9840789926025544
0,11619,0.9755668060065658
0,11620,0.9933412920218913
0,11621,0.9869549574478438
0,11622,0.9667468283151283
0,11623,0.9907461183190599
0,11624,0.9940088956705166
0,11625,0.975224632652426
0,11626,0.9792504998974173
0,11627,0.9953818326796409
0,11628,0.9915888201446302
0,11629,0.9942244762110928
0,11630,0.9931387392661822
0,11631,0.9885158085009825
0,11632,0.9873071813451031
0,11633,0.982463810448091
0,11634,0.984544780859102
0,11635,0.9901953045637303
0,11636,0.9889272266365777
0,11637,0.9855769917729457
0,11638,0.9763490258791501
0,11639,0.9744827737406655
0,11640,0.9850075612282044
0,11641,0.9918615872438491
0,11642,0.9860606051053286
0,11643,0.9885833600542488
0,11644,0.9880640050778453
0,11645,0.9891113871189726
0,11646,0.989894425958222
0,11647,0.9840236648934784
0,11648,0.9879851145066524
0,11649,0.9809845435904165
0,11650,0.9668987944137941
0,11651,0.9463634181953788
0,11652,0.960901212922418
0,11653,0.9651587627102872
0,11654,0.9546816387990863
0,11655,0.9842433797643916
0,11656,0.9725748972301644
0,11657,0.9891672301900553
0,11658,0.9883186832813514
0,11659,0.9810402208780745
0,11660,0.9796955812082493
0,11661,0.9966445984631116
0,11662,0.9959960252946013
0,11663,0.9832430812911879
0,11664,0.9886990652206734
0,11665,0.9923965037358718
0,11666,0.993460939894427
0,11667,0.9799436732159011
0,11668,0.9962313083102944
0,11669,0.9246927630642243
0,11670,0.9920752293424795
0,11671,0.9515216082036504
0,11672,0.9934317345791405
0,11673,0.9931481139432
0,11674,0.9781685505114458
0,11675,0.9914729946013341
0,11676,0.9822821585507204
0,11677,0.9970423898160385
0,11678,0.9855300446441074
0,11679,0.9932747801839215
0,11680,0.9908836542841798
0,11681,0.9803270873910312
0,11682,0.9853369603608291
0,11683,0.9955654092371929
0,11684,0.9645710080602812
0,11685,0.978782430893598
0,11686,0.9850063378888273
0,11687,0.9793293100265344
0,11688,0.9914875885463377
0,11689,0.9835682818692189
0,11690,0.9934046736078435
0,11691,0.9937045148281718
0,11692,0.9870479830607534
0,11693,0.9788896293161653
0,11694,0.9892802916863133
0,11695,0.9647793463182603
0,11696,0.9782610032776439
0,11697,0.9467406542637165
0,11698,0.9246739542483772
0,11699,0.9557236038411732
0,11700,0.9679846332487085
0,11701,0.993342805619754
0,11702,0.9773855466005674
0,11703,0.9602525927914191
0,11704,0.9836350023689913
0,11705,0.9878908802800598
0,11706,0.9742582116415699
0,11707,0.9739515208146878
0,11708,0.9792783174749436
0,11709,0.9878568323965756
0,11710,0.9658073288954633
0,11711,0.9642426794423807
0,11712,0.9858041126642116
0,11713,0.9913592005087368
0,11714,0.9924500508518979
0,11715,0.9720507295976821
0,11716,0.9938909668919008
0,11717,0.9927724773384023
0,11718,0.9927040455200647
0,11719,0.9712468215907804
0,11720,0.9731744429892789
0,11721,0.9274941450466911
0,11722,0.9826405635858133
0,11723,0.9690456061723776
0,11724,0.9425510039431357
0,11725,0.9705454349636589
0,11726,0.94766041876122
0,11727,0.9667304905453572
0,11728,0.9849309294078376
0,11729,0.9858527045491489
0,11730,0.9769872784998463
0,11731,0.9921966032343816
0,11732,0.9816620394525619
0,11733,0.9903148749343487
0,11734,0.9766708964772493
0,11735,0.9560411738205932
0,11736,0.9520730465597819
0,11737,0.9571434269916265
0,11738,0.9946195949127514
0,11739,0.9953915656615532
0,11740,0.9848047831935134
0,11741,0.9924010294781965
0,11742,0.9870804707370996
0,11743,0.9813625988786705
0,11744,0.987337227520961
0,11745,0.9787518856395395
0,11746,0.9896509086603074
0,11747,0.9906723902364264
0,11748,0.9842473899244781
0,11749,0.979772362083708
0,11750,0.9742718944737101
0,11751,0.9810055445549041
0,11752,0.990107942580408
0,11753,0.9789568674207559
0,11754,0.9853398985779653
0,11755,0.9862697301859269
0,11756,0.9786126325275275
0,11757,0.9880605349764924
0,11758,0.9857514177558655
0,11759,0.9887264304463109
0,11760,0.9908187440661306
0,11761,0.9812263827062114
0,11762,0.9863024330469661
0,11763,0.9838606156488306
0,11764,0.9964728234727322
0,11765,0.9914357269311224
0,11766,0.9785828265829845
0,11767,0.9879553944064768
0,11768,0.9804883697603732
0,11769,0.9556267342385221
0,11770,0.9770404526141513
0,11771,0.992860346105143
0,11772,0.9922047744774245
0,11773,0.9873101161741891
0,11774,0.9827992064371619
0,11775,0.983980747949173
0,11776,0.9945825570311002
0,11777,0.9884076547533301
0,11778,0.9821717759302869
0,11779,0.9868658972754295
0,11780,0.9703584214677583
0,11781,0.987979599346099
0,11782,0.989514228305632
0,11783,0.9701103351807097
0,11784,0.9841112250117571
0,11785,0.9586331026934807
0,11786,0.9974871409733101
0,11787,0.9976889009936714
0,11788,0.9939917102669654
0,11789,0.9905794547774973
0,11790,0.9807077667046702
0,11791,0.9880616430378077
0,11792,0.9822961703746036
0,11793,0.9711697422303978
0,11794,0.9540351565051786
0,11795,0.9746841551258579
0,11796,0.991671491752332
0,11797,0.9718740775182864
0,11798,0.9766217389393503
0,11799,0.9948208796992339
0,11800,0.9666620286024781
0,11801,0.9955485095864879
0,11802,0.9749504086409104
0,11803,0.9950442262783378
0,11804,0.9777665754198798
0,11805,0.8510267477718785
0,11806,0.9906999374322104
0,11807,0.9809674045651612
0,11808,0.9914784847937211
0,11809,0.9869788579628929
0,11810,0.9907081771484901
0,11811,0.9720682197724497
0,11812,0.9879549042217092
0,11813,0.9732490040027649
0,11814,0.9932306960881759
0,11815,0.9538437110785307
0,11816,0.9922229476411039
0,11817,0.9876280911392387
0,11818,0.9710756129693671
0,11819,0.9762427489922562
0,11820,0.9806031762410833
0,11821,0.9664261517535421
0,11822,0.9799114022840597
0,11823,0.9888260748423379
0,11824,0.9824976968780418
0,11825,0.9933097536532192
0,11826,0.9962580743618644
0,11827,0.9965113612796883
0,11828,0.9907584208421608
0,11829,0.9942211509312846
0,11830,0.9879035581007157
0,11831,0.9708888179456514
0,11832,0.9798304182908817
0,11833,0.9974906802888993
0,11834,0.9543142662020705
0,11835,0.9862954604610907
0,11836,0.9840146604684816
0,11837,0.9726893910856839
0,11838,0.992792774277161
0,11839,0.9713767427493657
0,11840,0.9769715719353772
0,11841,0.9901705883283795
0,11842,0.9578111326993288
0,11843,0.9677989486538318
0,11844,0.9857591651542832
0,11845,0.9807365853830597
0,11846,0.9911467572349821
0,11847,0.988679110831881
0,11848,0.973913095744773
0,11849,0.9964677190680625
0,11850,0.9749094159981643
0,11851,0.9952094291117588
0,11852,0.9966230634976956
0,11853,0.9469058747155046
0,11854,0.9732085587520428
0,11855,0.9829834480065464
0,11856,0.9911152212529745
0,11857,0.9938182147597849
0,11858,0.9961226087448217
0,11859,0.9678070238563593
0,11860,0.9953334798237903
0,11861,0.981603996184771
0,11862,0.9820821458003651
0,11863,0.9847879143803945
0,11864,0.9897553864295033
0,11865,0.9941521296584395
0,11866,0.9387073830082678
0,11867,0.9653000648703494
0,11868,0.9905078573833146
0,11869,0.9811532989369169
0,11870,0.9975184977242842
0,11871,0.9276686109417515
0,11872,0.9485482285051985
0,11873,0.9573951733826291
0,11874,0.9825849819756892
0,11875,0.9551968284524344
0,11876,0.9713919370948112
0,11877,0.9944402682226406
0,11878,0.9930432074978145
0,11879,0.991417613091449
0,11880,0.9921940253649455
0,11881,0.9864376150092017
0,11882,0.9960244915464619
0,11883,0.9827437160952471
0,11884,0.995582465150379
0,11885,0.9684712357186603
0,11886,0.9897253981631341
0,11887,0.9760143110755612
0,11888,0.9864783099169997
0,11889,0.9908168078812685
0,11890,0.9565599974211891
0,11891,0.9830827567440338
0,11892,0.9807038500014748
0,11893,0.9764915292620661
0,11894,0.9863437126533812
0,11895,0.991368301100459
0,11896,0.9886393362227385
0,11897,0.9668528497348279
0,11898,0.9873267207970369
0,11899,0.9604384229489517
0,11900,0.9551132790214194
0,11901,0.9984320132193192
0,11902,0.9974677370010843
0,11903,0.9919530896610533
0,11904,0.9839659951052276
0,11905,0.9871957999022088
0,11906,0.9891227388062889
0,11907,0.9861849534027155
0,11908,0.983184155626603
0,11909,0.9875044394978378
0,11910,0.9864527639732115
0,11911,0.9969111494881453
0,11912,0.9266594149778865
0,11913,0.9674407174045525
0,11914,0.9634891309287349
0,11915,0.9851901385758055
0,11916,0.9924193897465298
0,11917,0.930453281593345
0,11918,0.9756190547665043
0,11919,0.9790106525513285
0,11920,0.965984213934823
0,11921,0.986303674133201
0,11922,0.9755934587245245
0,11923,0.9874358168566841
0,11924,0.9907473165564927
0,11925,0.9492659462833997
0,11926,0.9931588689446863
0,11927,0.9957218442575354
0,11928,0.9738613710750171
0,11929,0.9849099987005437
0,11930,0.9877022808156709
0,11931,0.9868745740659053
0,11932,0.9750374828950834
0,11933,0.9722821894435782
0,11934,0.9915606053997567
0,11935,0.9940448255100597
0,11936,0.9912078721333598
0,11937,0.9898683984317674
0,11938,0.9896158661777806
0,11939,0.9901845833394401
0,11940,0.9930329322601619
0,11941,0.9837516797318504
0,11942,0.9930263518616174
0,11943,0.993950310065989
0,11944,0.9940109031566939
0,11945,0.9527046292141939
0,11946,0.9929333030349253
0,11947,0.9828357669046826
0,11948,0.9670112016339949
0,11949,0.979035613321864
0,11950,0.9559492618481793
0,11951,0.9928833795229253
0,11952,0.9888689819186969
0,11953,0.9695921412849273
0,11954,0.9935360471843012
0,11955,0.9505090945203072
0,11956,0.9928287997814886
0,11957,0.9950298023679935
0,11958,0.9965737548061201
0,11959,0.9863677223109331
0,11960,0.9899209110168055
0,11961,0.9743530373582391
0,11962,0.9567865302880163
0,11963,0.9809117985056015
0,11964,0.9847216254873549
0,11965,0.9679244527855934
0,11966,0.9861017539194701
0,11967,0.9899315063625206
0,11968,0.9895223080749604
0,11969,0.9894754107730054
0,11970,0.978534839606085
0,11971,0.9745970514072372
0,11972,0.9829851857768879
0,11973,0.9720344877985578
0,11974,0.9897908440489102
0,11975,0.972329233399769
0,11976,0.9752443213207779
0,11977,0.9918119373239478
0,11978,0.9874794799417909
0,11979,0.9825571316929964
0,11980,0.9932544425027786
0,11981,0.9914969855399297
0,11982,0.9846603856473344
0,11983,0.9700152235836484
0,11984,0.9898349856123322
0,11985,0.9926448023064791
0,11986,0.992450207083212
0,11987,0.9937070072458213
0,11988,0.9899356329148922
0,11989,0.993803624963673
0,11990,0.9946746440078615
0,11991,0.9844944912822113
0,11992,0.9836471436227862
0,11993,0.9914917630442804
0,11994,0.9791128185880896
0,11995,0.9878825480850444
0,11996,0.992147320262241
0,11997,0.9697021944686323
0,11998,0.9920874040506364
0,11999,0.9851765263627934
0,12000,0.9861672327122539
0,12001,0.9905389141941029
0,12002,0.9967587005129115
0,12003,0.9959035819165193
0,12004,0.9927541688912315
0,12005,0.9659236202473668
0,12006,0.9550839129290051
0,12007,0.9731803222469368
0,12008,0.9930438555438434
0,12009,0.9936601805758033
0,12010,0.8965077663543566
0,12011,0.9873616440661093
0,12012,0.9638630684441419
0,12013,0.980923153044765
0,12014,0.9810665170294601
0,12015,0.9703712594375004
0,12016,0.9887296891777907
0,12017,0.9893686333573535
0,12018,0.9863278909300915
0,12019,0.9944661933764671
0,12020,0.9885264981247419
0,12021,0.9879527463400241
0,12022,0.9977666880654448
0,12023,0.9892552792123994
0,12024,0.9846803532881988
0,12025,0.9924524819796094
0,12026,0.9889524484182515
0,12027,0.9571312788374086
0,12028,0.9857792797189091
0,12029,0.9916696245152941
0,12030,0.9926749545772598
0,12031,0.9823128167213697
0,12032,0.9869191297657309
0,12033,0.977977475855745
0,12034,0.9885904431372199
0,12035,0.9774361031978803
0,12036,0.9797603325569568
0,12037,0.9905665071795006
0,12038,0.9923884248786687
0,12039,0.990656001056013
0,12040,0.9636502892602367
0,12041,0.963149957519624
0,12042,0.9775226249565173
0,12043,0.9734566763055318
0,12044,0.9887543095642342
0,12045,0.9720971401468939
0,12046,0.9835003215120939
0,12047,0.9848319149919337
0,12048,0.971733644409023
0,12049,0.9876757380574992
0,12050,0.9872317110609459
0,12051,0.953939624281182
0,12052,0.9787264677089682
0,12053,0.9785574029896854
0,12054,0.9796881064999841
0,12055,0.992714250170288
0,12056,0.9639056677841352
0,12057,0.9742323847425864
0,12058,0.9759985799932033
0,12059,0.9819137902501279
0,12060,0.9894600396366112
0,12061,0.9961967325995575
0,12062,0.9875768887808114
0,12063,0.9988865374020848
0,12064,0.9972438605107702
0,12065,0.9837236649183446
0,12066,0.9962999956587737
0,12067,0.9923765622890627
0,12068,0.9795252829371831
0,12069,0.9962380779714352
0,12070,0.9764471832257646
0,12071,0.9959144417795118
0,12072,0.9959938074517045
0,12073,0.9981887679811378
0,12074,0.9469044525946645
0,12075,0.9787782427728638
0,12076,0.9860391233913601
0,12077,0.9921577837689407
0,12078,0.9917557931337612
0,12079,0.9864464458701955
0,12080,0.9852150375833122
0,12081,0.9866970981452191
0,12082,0.9804115532681336
0,12083,0.9949448519375123
0,12084,0.9893693068444842
0,12085,0.9929928474607111
0,12086,0.9670053287526303
0,12087,0.9798803495299664
0,12088,0.9795820823966357
0,12089,0.998237128156249
0,12090,0.9464764139647465
0,12091,0.9935545911918304
0,12092,0.9788533988777581
0,12093,0.9794504622022654
0,12094,0.966457872981289
0,12095,0.9663172949959011
0,12096,0.9889402316728569
0,12097,0.9902978262201606
0,12098,0.9817922577073344
0,12099,0.9860058912950793
0,12100,0.9916969570913836
0,12101,0.994493237981429
0,12102,0.968722591120286
0,12103,0.9756413580883204
0,12104,0.9956007859073804
0,12105,0.9929422661736906
0,12106,0.9786109988175073
0,12107,0.9945758831151877
0,12108,0.9920492043151206
0,12109,0.993100787619961
0,12110,0.9861334236453391
0,12111,0.9796362139128572
0,12112,0.988636183058041
0,12113,0.9908684254965517
0,12114,0.9809228734451676
0,12115,0.9958742922960498
0,12116,0.9886868383034929
0,12117,0.9732333997870655
0,12118,0.9546186382101656
0,12119,0.9646046668647617
0,12120,0.9860764163801214
0,12121,0.9877596537353548
0,12122,0.9904935667525322
0,12123,0.9857644718398331
0,12124,0.9844644306103758
0,12125,0.9861277266761017
0,12126,0.9928512982550908
0,12127,0.9786084378785401
0,12128,0.9908519916454983
0,12129,0.9917902714553763
0,12130,0.9684445915873826
0,12131,0.9974710288461976
0,12132,0.9607638791495521
0,12133,0.9955428373976614
0,12134,0.9798227579409103
0,12135,0.9834861594338077
0,12136,0.9872733154032971
0,12137,0.9597227601990708
0,12138,0.9926701189980925
0,12139,0.9875647013410721
0,12140,0.993147567593113
0,12141,0.9887606144581969
0,12142,0.9876773523770839
0,12143,0.9780208186141595
0,12144,0.9741809724708627
0,12145,0.9953446249807255
0,12146,0.994179856845041
0,12147,0.9966384047666369
0,12148,0.9919427955394636
0,12149,0.9928461948064696
0,12150,0.9660698900820266
0,12151,0.95184715273032106
0,12152,0.963130754224471
0,12153,0.9864108525138535
0,12154,0.9748164500575934
0,12155,0.9875282240195064
0,12156,0.9744098948027896
0,12157,0.9818946939215966
0,12158,0.9921721549418423
0,12159,0.9760361251180714
0,12160,0.9908518352593463
0,12161,0.9844997764628882
0,12162,0.9909705431646711
0,12163,0.9846398340730782
0,12164,0.9864084786679678
0,12165,0.9893245280649386
0,12166,0.9738252469186567
0,12167,0.996182560712259
0,12168,0.9749830870111063
0,12169,0.9954520418256535
0,12170,0.9874367478103752
0,12171,0.9916603835329382
0,12172,0.9866971588751893
0,12173,0.9898232945948388
0,12174,0.9944693723523815
0,12175,0.9910722318738148
0,12176,0.976243799132883
0,12177,0.9806220635010512
0,12178,0.9802519875512042
0,12179,0.9490646100844145
0,12180,0.953989940526506
0,12181,0.9545763064424225
0,12182,0.9623600490676634
0,12183,0.9330379325440091
0,12184,0.9420349302309997
0,12185,0.9193449044684772
0,12186,0.9867580195830806
0,12187,0.9629499482665438
0,12188,0.9859195234915116
0,12189,0.9907689693250186
0,12190,0.9767344016297549
0,12191,0.9665927774308455
0,12192,0.9800005468672762
0,12193,0.9855387687570145
0,12194,0.9919297833182287
0,12195,0.973626798031924
0,12196,0.9813701460984517
0,12197,0.9914646931938814
0,12198,0.9927026784073336
0,12199,0.9874797494524238
0,12200,0.9805286988388934
0,12201,0.9654843279628551
0,12202,0.9896541136195273
0,12203,0.9894658824258536
0,12204,0.9845827179522173
0,12205,0.9916134053872041
0,12206,0.9742240839402145
0,12207,0.9931338476193444
0,12208,0.9910751469574502
0,12209,0.9814672768804072
0,12210,0.9774160119623683
0,12211,0.9917720111829129
0,12212,0.9764133543564152
0,12213,0.9907408609146265
0,12214,0.9938507591825257
0,12215,0.9951144446812866
0,12216,0.9748710946474606
0,12217,0.9977416659660455
0,12218,0.997445115093581
0,12219,0.9854697365322467
0,12220,0.9913001032273568
0,12221,0.9699463491825918
0,12222,0.9853832082987761
0,12223,0.9644920272448112
0,12224,0.9822750788599446
0,12225,0.9530132353683696
0,12226,0.9923596094880341
0,12227,0.9857952652471492
0,12228,0.9797579740062142
0,12229,0.9805874558125629
0,12230,0.9850528580339951
0,12231,0.9808795754452626
0,12232,0.9851149481710108
0,12233,0.9878252020053837
0,12234,0.9848000582956474
0,12235,0.9941838297237393
0,12236,0.9545497385917651
0,12237,0.9786575515666144
0,12238,0.9831106363995908
0,12239,0.9813681932476856
0,12240,0.9927559729604668
0,12241,0.9876194719988566
0,12242,0.9770350648213783
0,12243,0.9721512930518518
0,12244,0.9830916688452712
0,12245,0.9925873799558036
0,12246,0.9956952795712947
0,12247,0.9879876904054126
0,12248,0.9883884630481381
0,12249,0.9876192332839999
0,12250,0.990841526488939
0,12251,0.9829461156565007
0,12252,0.9850958619156558
0,12253,0.9927605677169782
0,12254,0.9940497068341967
0,12255,0.9887371500268126
0,12256,0.9775098629535033
0,12257,0.9727151049264424
0,12258,0.9761636199130572
0,12259,0.9746808822654177
0,12260,0.9925960619737707
0,12261,0.976282171215456
0,12262,0.9795946253367981
0,12263,0.9745884915906409
0,12264,0.9788961106054183
0,12265,0.9789030512891271
0,12266,0.9781851197898764
0,12267,0.9800002249301084
0,12268,0.9694470994907344
0,12269,0.988453770594269
0,12270,0.9716819037977741
0,12271,0.9715590118096991
0,12272,0.9715738587770473
0,12273,0.9958753620633157
0,12274,0.986778255155315
0,12275,0.9887125098385996
0,12276,0.992598258551196
0,12277,0.9951145253885069
0,12278,0.9833528751489329
0,12279,0.9866996239756216
0,12280,0.9863798198011176
0,12281,0.9829700610721873
0,12282,0.9830233367831969
0,12283,0.9872674585774461
0,12284,0.9857541235368755
0,12285,0.8999531824573045
0,12286,0.9341060395868849
0,12287,0.9584767598965686
0,12288,0.9779011619404538
0,12289,0.9787854238602196
0,12290,0.9807771443355927
0,12291,0.9899334490384492
0,12292,0.985385472753081
0,12293,0.9940164899633377
0,12294,0.9937529056852908
0,12295,0.9953611308465289
0,12296,0.9930890480916574
0,12297,0.9838575401579672
0,12298,0.9756060007735535
0,12299,0.9784607228049779
0,12300,0.9973133907176949
0,12301,0.9711074490038046
0,12302,0.9965452646026062
0,12303,0.9827870154553935
0,12304,0.9857477416851445
0,12305,0.9899915182165543
0,12306,0.9934272005582826
0,12307,0.9856446375088107
0,12308,0.9747424238772795
0,12309,0.9792756471446226
0,12310,0.9982467831524127
0,12311,0.9824642933626673
0,12312,0.9879828974410019
0,12313,0.9895566764844428
0,12314,0.9761431794501197
0,12315,0.9736677359075092
0,12316,0.9853233458603654
0,12317,0.9857342470196019
0,12318,0.9818022517149185
0,12319,0.9927722969772802
0,12320,0.9821047037126783
0,12321,0.9609992821189722
0,12322,0.9553398783605287
0,12323,0.9966317076523846
0,12324,0.9798906085861475
0,12325,0.9930086756713602
0,12326,0.9908163928119362
0,12327,0.9548406762635921
0,12328,0.9584651748630065
0,12329,0.9775273977959743
0,12330,0.9846941057411713
0,12331,0.9793353523387177
0,12332,0.9814910586268846
0,12333,0.9729861411691081
0,12334,0.9791587000366571
0,12335,0.9787838141863145
0,12336,0.9920576304438818
0,12337,0.9598479423968995
0,12338,0.9772576242318476
0,12339,0.9818257486868724
0,12340,0.9661104131403099
0,12341,0.9688690730331949
0,12342,0.9861728502769088
0,12343,0.9964353869452963
0,12344,0.979717816326576
0,12345,0.9830674776377277
0,12346,0.9915403045997457
0,12347,0.9920755084382976
0,12348,0.9818053434892471
0,12349,0.9819328404982878
0,12350,0.9788445886986351
0,12351,0.9479635712557075
0,12352,0.9583485943478399
0,12353,0.9661649194113062
0,12354,0.982423927897473
0,12355,0.9849540731149788
0,12356,0.9896073394468102
0,12357,0.9849156233453418
0,12358,0.977739739142499
0,12359,0.9916346103519788
0,12360,0.9911734862375533
0,12361,0.9762387027900983
0,12362,0.9596330359416396
0,12363,0.9945666257649348
0,12364,0.9577063854638502
0,12365,0.9943000099053912
0,12366,0.9988528138788263
0,12367,0.9969521459836151
0,12368,0.9955528958770731
0,12369,0.9919330323446766
0,12370,0.9897025516005749
0,12371,0.9824625459322092
0,12372,0.9870032304642593
0,12373,0.9819396382356586
0,12374,0.9711847468186162
0,12375,0.9962106483544747
0,12376,0.9897659383633576
0,12377,0.987714379072453
0,12378,0.988203953473707
0,12379,0.9381673701840282
0,12380,0.9845984546914274
0,12381,0.991135769158366
0,12382,0.9930160986560267
0,12383,0.9771128151782305
0,12384,0.9965199981487093
0,12385,0.993768499666617
0,12386,0.9605478474682086
0,12387,0.9888055925072058
0,12388,0.9737131419868396
0,12389,0.997529900660784
0,12390,0.9948590626083632
0,12391,0.9820782012474943
0,12392,0.9892890056088702
0,12393,0.9950429985974962
0,12394,0.9978226197961032
0,12395,0.9760684798171957
0,12396,0.9956835425473768
0,12397,0.9851792178900529
0,12398,0.982974991741139
0,12399,0.9854032379540494
0,12400,0.9728171124172481
0,12401,0.9740739109971795
0,12402,0.995234601002798
0,12403,0.9892982116063747
0,12404,0.984086442192146
0,12405,0.9920683848631138
0,12406,0.9970742841010485
0,12407,0.9875372309335118
0,12408,0.9790141563866268
0,12409,0.9925733676230368
0,12410,0.9710223261179037
0,12411,0.9952477103521263
0,12412,0.9928391717044652
0,12413,0.9786987162900121
0,12414,0.9718082228257338
0,12415,0.977374573888607
0,12416,0.9841190569062044
0,12417,0.9950092457833849
0,12418,0.9889112222322652
0,12419,0.9819862340197506
0,12420,0.9839789828605066
0,12421,0.996386964648989
0,12422,0.9795532315354585
0,12423,0.9932384976069304
0,12424,0.9691967981185576
0,12425,0.9827718261326793
0,12426,0.9896443357650788
0,12427,0.9916237880506303
0,12428,0.9577280812459945
0,12429,0.9761800764297989
0,12430,0.9928287561696874
0,12431,0.9925363860485953
0,12432,0.9918892007745461
0,12433,0.958638690724848
0,12434,0.9609882764041521
0,12435,0.9812585851051916
0,12436,0.9716344171782975
0,12437,0.96950183667448675
0,12438,0.9925895448388645
0,12439,0.9571143028406589
0,12440,0.9953111969918774
0,12441,0.9793952533002228
0,12442,0.9856205682568294
0,12443,0.973867010945856
0,12444,0.9920622254392556
0,12445,0.9821571490014623
0,12446,0.9934527336939472
0,12447,0.9888855980184048
0,12448,0.9932888854562204
0,12449,0.9901397069634633
0,12450,0.9827465653614614
0,12451,0.9887102192195784
0,12452,0.9969665628345777
0,12453,0.9029185455525485
0,12454,0.9955498413726699
0,12455,0.9847883823295166
0,12456,0.9831790192901078
0,12457,0.978322479440271
0,12458,0.9766914082141289
0,12459,0.9866354024547693
0,12460,0.9481851692915793
0,12461,0.9720878836647324
0,12462,0.963060289273841
0,12463,0.9920316632484227
0,12464,0.9653753997201078
0,12465,0.9865376120628881
0,12466,0.9530900947964136
0,12467,0.983471848150138
0,12468,0.944537023403008
0,12469,0.9492863674718999
0,12470,0.9837339262616639
0,12471,0.9945150223956765
0,12472,0.9902174996092975
0,12473,0.9882034561075159
0,12474,0.9882029064888143
0,12475,0.9661832890992497
0,12476,0.9759911656616753
0,12477,0.9975631705144076
0,12478,0.9941213613249203
0,12479,0.9693054802857826
0,12480,0.9624366725649702
0,12481,0.9889973412648789
0,12482,0.9915021083339259
0,12483,0.9708032864598464
0,12484,0.9944007331826548
0,12485,0.9914044745026374
0,12486,0.9921234169343406
0,12487,0.9920517078923127
0,12488,0.9818317248743668
0,12489,0.9893944273988462
0,12490,0.9964595429094277
0,12491,0.9929248164111173
0,12492,0.9768265946864836
0,12493,0.9776140249926695
0,12494,0.9745602910715813
0,12495,0.9860997487768999
0,12496,0.9685875807276934
0,12497,0.9719044499952716
0,12498,0.9845109703772773
0,12499,0.9655540125099259
0,12500,0.9815528009692772
0,12501,0.9823962549612352
0,12502,0.9926960342750702
0,12503,0.9902432775422654
0,12504,0.9947774571602818
0,12505,0.9875463588935328
0,12506,0.9889684123612285
0,12507,0.9812965446354474
0,12508,0.9836814945318281
0,12509,0.9740840438144965
0,12510,0.9910116278249237
0,12511,0.9873203360208916
0,12512,0.9623026628164698
0,12513,0.9890962956299018
0,12514,0.9829030220279931
0,12515,0.9886764721752052
0,12516,0.990666850652321
0,12517,0.9908747164064051
0,12518,0.9908034573107808
0,12519,0.9862570667011608
0,12520,0.9878133852983279
0,12521,0.9837574396153803
0,12522,0.9970180859009854
0,12523,0.967106918019777
0,12524,0.9937486500051048
0,12525,0.9625581541364346
0,12526,0.9934784408851449
0,12527,0.9370264787073931
0,12528,0.9840574160554195
0,12529,0.9943659915405884
0,12530,0.9702478416635844
0,12531,0.9846663651789999
0,12532,0.9914365139169256
0,12533,0.9851110485252599
0,12534,0.9774060238754362
0,12535,0.9938801465528476
0,12536,0.9951665685908845
0,12537,0.9598686537407243
0,12538,0.9928701477168297
0,12539,0.9633968641497384
0,12540,0.9675632846865747
0,12541,0.9763698122893201
0,12542,0.9620645294588107
0,12543,0.9924796811026222
0,12544,0.9812735513583645
0,12545,0.9760249019962559
0,12546,0.9865727004387422
0,12547,0.9855228415801188
0,12548,0.9645929523566001
0,12549,0.9943418237913675
0,12550,0.9324721431108874
0,12551,0.9972795864656969
0,12552,0.9956803490468169
0,12553,0.982443932240198
0,12554,0.9845675359710634
0,12555,0.9892494512125974
0,12556,0.9700347089724212
0,12557,0.9763830663969656
0,12558,0.963967014480862
0,12559,0.986880813910072
0,12560,0.9887284072932434
0,12561,0.975373692349655
0,12562,0.930792166324026
0,12563,0.9947162561563019
0,12564,0.9799461974576086
0,12565,0.9914503662642236
0,12566,0.9794109575124641
0,12567,0.9878629348915479
0,12568,0.9559586522576144
0,12569,0.981639018320111
0,12570,0.9715578819658708
0,12571,0.9829380364662477
0,12572,0.9874230088082903
0,12573,0.9647204716331992
0,12574,0.9958020586336191
0,12575,0.972851494696315
0,12576,0.9942066429977156
0,12577,0.9949073633729192
0,12578,0.968990721042517
0,12579,0.9652860146304416
0,12580,0.9630595849938928
0,12581,0.9869009142710348
0,12582,0.9821385174957021
0,12583,0.9911453520952219
0,12584,0.9535740662029631
0,12585,0.9817932444211059
0,12586,0.9746947923652552
0,12587,0.9830619930556058
0,12588,0.9989141823292851
0,12589,0.9929096290946294
0,12590,0.9585556522643033
0,12591,0.97907580371998
0,12592,0.9965769667044909
0,12593,0.9871487956747673
0,12594,0.9861693641762276
0,12595,0.9906097628034912
0,12596,0.9841367418891782
0,12597,0.9909183290062337
0,12598,0.9930334834325067
0,12599,0.9766640394858861
0,12600,0.9623521178029406
0,12601,0.9734646519293464
0,12602,0.9357615153081452
0,12603,0.9954811689975895
0,12604,0.9930620268036698
0,12605,0.9928666086364066
0,12606,0.9861511901231671
0,12607,0.9957090492901857
0,12608,0.9952793225396003
0,12609,0.9771011440837168
0,12610,0.9945531032582526
0,12611,0.9981063168949292
0,12612,0.981202895648054
0,12613,0.9805009868937034
0,12614,0.9939986419104424
0,12615,0.9699673115301372
0,12616,0.9952236638613586
0,12617,0.9938795216058295
0,12618,0.9653010152236747
0,12619,0.9757387187329097
0,12620,0.9515054455440647
0,12621,0.9742315433148077
0,12622,0.9891394532910796
0,12623,0.9911125558422679
0,12624,0.9927913150384793
0,12625,0.9935046120431109
0,12626,0.9872829219008527
0,12627,0.9589079026330141
0,12628,0.9948717016927422
0,12629,0.9944860599954038
0,12630,0.9830039893468251
0,12631,0.9928958164660371
0,12632,0.9918199241667519
0,12633,0.9475829206034699
0,12634,0.9874192048421399
0,12635,0.9796250789484958
0,12636,0.9605403568288685
0,12637,0.9861474643549618
0,12638,0.9883532342277414
0,12639,0.982382650089878
0,12640,0.988475106462787
0,12641,0.9717874837871782
0,12642,0.9969579045754915
0,12643,0.9933354200514896
0,12644,0.9864842302208752
0,12645,0.9939527976269225
0,12646,0.9538868486649964
0,12647,0.9729585426142536
0,12648,0.974330628842168
0,12649,0.973758227657778
0,12650,0.9882755466607412
0,12651,0.9956101146696387
0,12652,0.9910939219045325
0,12653,0.9955036128847415
0,12654,0.9960104772907378
0,12655,0.9822661917623766
0,12656,0.982252054476716
0,12657,0.9810275394852304
0,12658,0.9849041988004433
0,12659,0.9844569781812437
0,12660,0.9557013543529023
0,12661,0.9827913429778454
0,12662,0.9755782541374647
0,12663,0.9840462489370446
0,12664,0.9742339807306198
0,12665,0.9936788210491894
0,12666,0.9930225985273857
0,12667,0.993692261162788
0,12668,0.9879990844406791
0,12669,0.9791426582971983
0,12670,0.9951544489940796
0,12671,0.9877725956210955
0,12672,0.9650284305896736
0,12673,0.9494836615162384
0,12674,0.9638499081967677
0,12675,0.9896701640474266
0,12676,0.965271824244473
0,12677,0.9905877425892979
0,12678,0.9905325454232129
0,12679,0.9798673164686145
0,12680,0.9763848749549092
0,12681,0.9878740968843844
0,12682,0.9844482647649051
0,12683,0.982074653170955
0,12684,0.9768147670599254
0,12685,0.9602482966930239
0,12686,0.9908696502711957
0,12687,0.9869726953682604
0,12688,0.990324056606331
0,12689,0.9846862860334484
0,12690,0.982204276041816
0,12691,0.9832885166302222
0,12692,0.9796216336517153
0,12693,0.9765453159933322
0,12694,0.9827047345237521
0,12695,0.9832488528644789
0,12696,0.9921370570791007
0,12697,0.9925470065548416
0,12698,0.9963646786302051
0,12699,0.9553200528961714
0,12700,0.9939018024114782
0,12701,0.9905079082880185
0,12702,0.9850519695069769
0,12703,0.9890927588821676
0,12704,0.9920261278700355
0,12705,0.9817956491756504
0,12706,0.9874090937164645
0,12707,0.9964161886452881
0,12708,0.9831335069996396
0,12709,0.9934056871048531
0,12710,0.9932925209775406
0,12711,0.9689692087032089
0,12712,0.9829816171028594
0,12713,0.9717240123029569
0,12714,0.982415646774989
0,12715,0.9748330443534945
0,12716,0.989625789740602
0,12717,0.9746621987331313
0,12718,0.9964881600960297
0,12719,0.9916673119922929
0,12720,0.9808737433403073
0,12721,0.9676451243510898
0,12722,0.9940936739888301
0,12723,0.9948531025135192
0,12724,0.9807118148119199
0,12725,0.9894277462073808
0,12726,0.9911509560441827
0,12727,0.9945778816400138
0,12728,0.982032419137845
0,12729,0.9712905666980801
0,12730,0.9864187999278384
0,12731,0.9929077697691112
0,12732,0.9941591180111494
0,12733,0.9806006615911514
0,12734,0.9842157443404775
0,12735,0.975338284137017
0,12736,0.9812557505765483
0,12737,0.9956379466767769
0,12738,0.9813593978978147
0,12739,0.9740190731661335
0,12740,0.9888536774469816
0,12741,0.9809363010420248
0,12742,0.9953270570818685
0,12743,0.981777496021355
0,12744,0.9826597892333657
0,12745,0.9522759171197666
0,12746,0.9962718063992413
0,12747,0.9644637055363428
0,12748,0.9847387915989574
0,12749,0.9850194588016732
0,12750,0.9897605086984438
0,12751,0.9772367436304321
0,12752,0.9939907106051924
0,12753,0.9919859981733983
0,12754,0.9950097450041647
0,12755,0.9953661290608382
0,12756,0.99384897807128
0,12757,0.9555526387886819
0,12758,0.9984389009236321
0,12759,0.9934664178876925
0,12760,0.9812609976232446
0,12761,0.9845730617858834
0,12762,0.9769106647902454
0,12763,0.971248142262844
0,12764,0.9699914132667518
0,12765,0.9686879018473318
0,12766,0.9889796098606436
0,12767,0.9832918555807714
0,12768,0.9734112392030062
0,12769,0.9885393017372773
0,12770,0.9884361370537347
0,12771,0.9921864633909842
0,12772,0.9608915665920369
0,12773,0.9368148996649741
0,12774,0.9721531017070011
0,12775,0.980890512888879
0,12776,0.9887048366029041
0,12777,0.9810871328299913
0,12778,0.9802946311828995
0,12779,0.9956179647107365
0,12780,0.9826843088714308
0,12781,0.9583382745877327
0,12782,0.9963440955393712
0,12783,0.9957438494576164
0,12784,0.932920003342903
0,12785,0.9879322197349452
0,12786,0.9887565945983935
0,12787,0.9887436894940829
0,12788,0.981500681269973
0,12789,0.9862070554255595
0,12790,0.9891700895404789
0,12791,0.9945573412708226
0,12792,0.9887879693178049
0,12793,0.9830749192548607
0,12794,0.9917836433661931
0,12795,0.9779275524620914
0,12796,0.9855550241108817
0,12797,0.9936577505568976
0,12798,0.9669416322144723
0,12799,0.996358128623008
0,12800,0.9933466006223413
0,12801,0.9687044183467723
0,12802,0.9842871674388678
0,12803,0.965203675452888
0,12804,0.9855108482430057
0,12805,0.9930338171543762
0,12806,0.993101502414688
0,12807,0.9879533021180745
0,12808,0.9784237075942237
0,12809,0.9554349288116623
0,12810,0.9801066440529109
0,12811,0.9542993331170478
0,12812,0.981569072153402
0,12813,0.9911255708220656
0,12814,0.990526823423889
0,12815,0.9848578320180709
0,12816,0.9776694841609423
0,12817,0.9427003500907086
0,12818,0.987304785650496
0,12819,0.9900094209062456
0,12820,0.9869714911269045
0,12821,0.9808728570381553
0,12822,0.9725693858187549
0,12823,0.9721570577513261
0,12824,0.9971076568366711
0,12825,0.9981160838920431
0,12826,0.9941716013751821
0,12827,0.9912965290054587
0,12828,0.9917985416872405
0,12829,0.9915424116000757
0,12830,0.9907663692947761
0,12831,0.9823817027229321
0,12832,0.9733033757219927
0,12833,0.9878158277112165
0,12834,0.9835002522950322
0,12835,0.9959520526887854
0,12836,0.9885981538280344
0,12837,0.9604405057314496
0,12838,0.9862000602514188
0,12839,0.9897672435587485
0,12840,0.95487913290783355
0,12841,0.9780495976308221
0,12842,0.9504233442499326
0,12843,0.9656549504501142
0,12844,0.9840710523179872
0,12845,0.9837635812257316
0,12846,0.9733669959644783
0,12847,0.9923836220026069
0,12848,0.9943819356394255
0,12849,0.996768100783944
0,12850,0.9658504922917924
0,12851,0.9642614995059392
0,12852,0.9961507242812524
0,12853,0.9672511096239544
0,12854,0.9832356328130348
0,12855,0.9797425952266561
0,12856,0.9930440488568597
0,12857,0.9855158846568648
0,12858,0.9898914250731992
0,12859,0.9973126355514811
0,12860,0.9830929159702313
0,12861,0.9955490670274663
0,12862,0.9866336433839691
0,12863,0.9912232298756837
0,12864,0.9861046028640117
0,12865,0.9908606213848
0,12866,0.9907069349240047
0,12867,0.9903416784108712
0,12868,0.983945753063425
0,12869,0.9813582251632942
0,12870,0.9917143885996923
0,12871,0.9909461471599189
0,12872,0.9825259889441244
0,12873,0.9667739218587431
0,12874,0.9459873728439752
0,12875,0.9916847044039984
0,12876,0.9899198576729168
0,12877,0.9780255580924756
0,12878,0.9962060425490031
0,12879,0.9699708584892016
0,12880,0.992323327561675
0,12881,0.9609064378863968
0,12882,0.974486226303725
0,12883,0.9841397781054286
0,12884,0.9695379587465549
0,12885,0.9871431890141307
0,12886,0.9917837598646371
0,12887,0.9927873033526263
0,12888,0.9648184809349952
0,12889,0.992299347416265
0,12890,0.9816204026675173
0,12891,0.9731862603784333
0,12892,0.988897869719949
0,12893,0.9854323424679077
0,12894,0.9845815626533129
0,12895,0.986974982880036
0,12896,0.9940947017052957
0,12897,0.9693311747675498
0,12898,0.9884856937144638
0,12899,0.9890669995835635
0,12900,0.9916632120840319
0,12901,0.992922336643293
0,12902,0.9688673694310177
0,12903,0.966758216053764
0,12904,0.9847300428880356
0,12905,0.9922339481624028
0,12906,0.9697048209327495
0,12907,0.9807398595324004
0,12908,0.9846239315165007
0,12909,0.9926375757770486
0,12910,0.9945595236427859
0,12911,0.9781547415046064
0,12912,0.9956476188579387
0,12913,0.9801086895446262
0,12914,0.9862481517679524
0,12915,0.993985011561933
0,12916,0.9875400552881584
0,12917,0.9906384292354522
0,12918,0.9911830906348533
0,12919,0.9667400902884276
0,12920,0.9919918335361158
0,12921,0.9889324727710903
0,12922,0.994857862839884
0,12923,0.962325825158765
0,12924,0.9694954941592182
0,12925,0.9740303290667875
0,12926,0.9791099453759203
0,12927,0.9939124255701163
0,12928,0.9922161361072993
0,12929,0.9820080362239683
0,12930,0.9865266376286906
0,12931,0.9908068436584888
0,12932,0.9931337140177402
0,12933,0.9486067097335816
0,12934,0.9882586694689949
0,12935,0.9897216155204959
0,12936,0.9814206667807888
0,12937,0.988671505001434
0,12938,0.977359641518063
0,12939,0.990781874240636
0,12940,0.9978994611842658
0,12941,0.9708794376745745
0,12942,0.9892947302527666
0,12943,0.9505693527442861
0,12944,0.9629217696291934
0,12945,0.9736711106523173
0,12946,0.9919120041023584
0,12947,0.9781433516490036
0,12948,0.9829631914431504
0,12949,0.9878387415107149
0,12950,0.9906045860345859
0,12951,0.9855253103141187
0,12952,0.9895054405428094
0,12953,0.9915322382407821
0,12954,0.9883587381730118
0,12955,0.9880059433542958
0,12956,0.9930142772322778
0,12957,0.9750912964027992
0,12958,0.9809177224124148
0,12959,0.9728842963517865
0,12960,0.9797042561583811
0,12961,0.9948941463104649
0,12962,0.9698074292892456
0,12963,0.9908644230751268
0,12964,0.9867189078663051
0,12965,0.9879443926067082
0,12966,0.9816165897100178
0,12967,0.9804616713871033
0,12968,0.9716036969977243
0,12969,0.9918968997717054
0,12970,0.9911595398401722
0,12971,0.9959594349643242
0,12972,0.9810545649882293
0,12973,0.9773257959611278
0,12974,0.9757707424061082
0,12975,0.9550953281754336
0,12976,0.9057194804213985
0,12977,0.9870354499426465
0,12978,0.982197361263562
0,12979,0.9886742624544234
0,12980,0.9861616522150116
0,12981,0.9866182236054155
0,12982,0.9946252424507447
0,12983,0.9860997692744095
0,12984,0.9884688979495848
0,12985,0.9869235522863062
0,12986,0.9914211311357425
0,12987,0.9846858034853835
0,12988,0.9849318880023982
0,12989,0.9909240188177487
0,12990,0.9959126420792427
0,12991,0.9876869612879918
0,12992,0.9723301878155841
0,12993,0.9916887756487865
0,12994,0.9841898004451943
0,12995,0.9800849345593987
0,12996,0.9943865274509697
0,12997,0.9891974262312228
0,12998,0.988197319971473
0,12999,0.9912179677375429
0,13000,0.9815211318770581
0,13001,0.9953435357779817
0,13002,0.9958471305931118
0,13003,0.9779944915421684
0,13004,0.9849736330443796
0,13005,0.9782820860457834
0,13006,0.9921847725874615
0,13007,0.9876303404724053
0,13008,0.9772022650906299
0,13009,0.9888356713733596
0,13010,0.9825920569352056
0,13011,0.9672779636044015
0,13012,0.9940541479132932
0,13013,0.9975937105386218
0,13014,0.9958372032469538
0,13015,0.9631074911653607
0,13016,0.9759321333536787
0,13017,0.9925418605899445
0,13018,0.9921296063466927
0,13019,0.9813716724035636
0,13020,0.9884652673227269
0,13021,0.9861954102332192
0,13022,0.9807669927596888
0,13023,0.9923278551533126
0,13024,0.9837054436953623
0,13025,0.9846010342131533
0,13026,0.9903863040411593
0,13027,0.9858552317768654
0,13028,0.990512106781414
0,13029,0.9898344343742919
0,13030,0.9641564997740039
0,13031,0.9782286376491924
0,13032,0.9902941760550378
0,13033,0.9705229005938438
0,13034,0.9932022724413676
0,13035,0.9827017060937655
0,13036,0.9813143345301056
0,13037,0.9926728207916222
0,13038,0.9728728307771146
0,13039,0.9909481119629867
0,13040,0.9899061077966371
0,13041,0.9857461412522432
0,13042,0.9906368636155319
0,13043,0.9529470140478082
0,13044,0.9939646415442532
0,13045,0.9835072223187646
0,13046,0.9949494644482832
0,13047,0.9926335151963697
0,13048,0.9717517745086669
0,13049,0.9825844037617419
0,13050,0.9786815151304993
0,13051,0.983725268046219
0,13052,0.984741163769893
0,13053,0.9578125884979228
0,13054,0.9972825478826515
0,13055,0.9740345144558721
0,13056,0.9887028592182877
0,13057,0.9864591667030917
0,13058,0.9879940775381648
0,13059,0.9954538080502539
0,13060,0.9600775934395644
0,13061,0.96377567750484
0,13062,0.9906170285564735
0,13063,0.9971635466620952
0,13064,0.9962828070453275
0,13065,0.9962817008527463
0,13066,0.9892943885968851
0,13067,0.9944927194568701
0,13068,0.9922259082360203
0,13069,0.9775477499981909
0,13070,0.9859670091772436
0,13071,0.9956568618721107
0,13072,0.9899108583050591
0,13073,0.9893886567194419
0,13074,0.9922510483197874
0,13075,0.9936487967488405
0,13076,0.9858422502552281
0,13077,0.9936851178727552
0,13078,0.9663302846925476
0,13079,0.9941230713118432
0,13080,0.9844049509218805
0,13081,0.9891233542554699
0,13082,0.995200177190222
0,13083,0.9880645354613962
0,13084,0.9915391198182473
0,13085,0.9883703897433501
0,13086,0.9937510438362392
0,13087,0.9847726763049698
0,13088,0.9942089523890965
0,13089,0.9937604735617906
0,13090,0.9965421798314957
0,13091,0.9900816136135819
0,13092,0.9922250496698231
0,13093,0.9958794495696823
0,13094,0.9906907586316347
0,13095,0.9667684955466751
0,13096,0.9869300159751715
0,13097,0.970830365970617
0,13098,0.9970349416843785
0,13099,0.9706478456043031
0,13100,0.9958800373060742
0,13101,0.995080382252301
0,13102,0.8846281029080217
0,13103,0.9993493587588768
0,13104,0.9973399018911844
0,13105,0.9883228333917187
0,13106,0.973501781517472
0,13107,0.960854071535091
0,13108,0.9955482434678716
0,13109,0.993663552143009
0,13110,0.971021852952676
0,13111,0.85230518500417
0,13112,0.8954913147213673
0,13113,0.9664097908732386
0,13114,0.9866899919524441
0,13115,0.9771594019121098
0,13116,0.9953045063022249
0,13117,0.9945793894674432
0,13118,0.9867911612354276
0,13119,0.9682693781394563
0,13120,0.9879084101977712
0,13121,0.9881847804952063
0,13122,0.9880032880294457
0,13123,0.9914059371720642
0,13124,0.9876920299766982
0,13125,0.9899225331709449
0,13126,0.989322205026133
0,13127,0.9890839206746452
0,13128,0.9906320229822528
0,13129,0.9839513167255094
0,13130,0.9945255728765364
0,13131,0.9967473661223623
0,13132,0.9823644656916831
0,13133,0.981073862811774
0,13134,0.9820502053802488
0,13135,0.9910600185399273
0,13136,0.9931982025860312
0,13137,0.9756209246912257
0,13138,0.9628426015691673
0,13139,0.9941566101442055
0,13140,0.9761222584696356
0,13141,0.9940132351720047
0,13142,0.9832837176505743
0,13143,0.9838724981644613
0,13144,0.9821688957550092
0,13145,0.9867747261480041
0,13146,0.9875891307327385
0,13147,0.9918833422170228
0,13148,0.9759753019473729
0,13149,0.9769942107470094
0,13150,0.9910496464909858
0,13151,0.9372076795971795
0,13152,0.9919125749933086
0,13153,0.9586431082041644
0,13154,0.9704603332135145
0,13155,0.9857153933636948
0,13156,0.9826062281660052
0,13157,0.9626463049427192
0,13158,0.9760627474002973
0,13159,0.9777802719434785
0,13160,0.9618113296010776
0,13161,0.9707428624060565
0,13162,0.9612594181231686
0,13163,0.9649354681339634
0,13164,0.9843838373642274
0,13165,0.9886113671510461
0,13166,0.9620360411692329
0,13167,0.9759733225851096
0,13168,0.9856173768769289
0,13169,0.9890161125553977
0,13170,0.9704138505168649
0,13171,0.9941610609529536
0,13172,0.9945269908380862
0,13173,0.990603869407177
0,13174,0.9820097564018081
0,13175,0.966159555869318
0,13176,0.9674926313326706
0,13177,0.9745509999991241
0,13178,0.993940425236478
0,13179,0.9857085459312103
0,13180,0.9817250332946457
0,13181,0.9810822151354223
0,13182,0.9776714549899089
0,13183,0.9790979102300799
0,13184,0.9442840687179831
0,13185,0.9575964786577581
0,13186,0.9095312098219299
0,13187,0.9768813134979412
0,13188,0.9930618508503178
0,13189,0.994907995403994
0,13190,0.9968056781778964
0,13191,0.9910574682759238
0,13192,0.9835073026397748
0,13193,0.9684283870878894
0,13194,0.9921372174003242
0,13195,0.9932091032947155
0,13196,0.9906239467460979
0,13197,0.9790897627288239
0,13198,0.9882941641076812
0,13199,0.984941134783788
0,13200,0.9898413031809891
0,13201,0.9912687393455734
0,13202,0.9753675735121594
0,13203,0.9695183247726
0,13204,0.9848393430414619
0,13205,0.9747030150468659
0,13206,0.9783778110481695
0,13207,0.9859831775403446
0,13208,0.9839688250241047
0,13209,0.976472097473418
0,13210,0.991095766251779
0,13211,0.9933085060066736
0,13212,0.9913343526470219
0,13213,0.9955659507486545
0,13214,0.9739007058233202
0,13215,0.9938825040240793
0,13216,0.9937623051461032
0,13217,0.9927636915196029
0,13218,0.9720997331516283
0,13219,0.98999989117883
0,13220,0.9826376595368855
0,13221,0.9729251357006391
0,13222,0.9933259264450341
0,13223,0.9633382501662197
0,13224,0.9820930465124795
0,13225,0.9815308653737336
0,13226,0.9785659289119983
0,13227,0.9845781360786136
0,13228,0.9874428539121328
0,13229,0.9955716313064846
0,13230,0.9733847765608645
0,13231,0.9988193069802234
0,13232,0.9877982631259827
0,13233,0.9879744913346904
0,13234,0.9845870572916414
0,13235,0.9725040727840321
0,13236,0.9823004683762044
0,13237,0.9674837817293698
0,13238,0.9957466687878047
0,13239,0.9843880525263753
0,13240,0.9884298238665862
0,13241,0.9823272939370763
0,13242,0.9890952047612962
0,13243,0.9104637420755864
0,13244,0.9860644291242089
0,13245,0.959686419506475
0,13246,0.9949632299565353
0,13247,0.9969031730305676
0,13248,0.984572461247683
0,13249,0.9749388843098128
0,13250,0.9523886084023815
0,13251,0.9916884846953677
0,13252,0.9472791111158458
0,13253,0.99658151817202
0,13254,0.9486632426986491
0,13255,0.9475429198365107
0,13256,0.9927737713373532
0,13257,0.9953253535104847
0,13258,0.9778135849620991
0,13259,0.9972413609651479
0,13260,0.9637729604278921
0,13261,0.992627638249898
0,13262,0.9946317670682407
0,13263,0.9786172717985505
0,13264,0.9808519253917066
0,13265,0.9660722750091828
0,13266,0.9947782156006948
0,13267,0.9938577041105617
0,13268,0.9945605231859358
0,13269,0.990852266201792
0,13270,0.9959622963853699
0,13271,0.98900092480939
0,13272,0.9946682405365631
0,13273,0.9425089496225885
0,13274,0.9872210351424652
0,13275,0.9972504374515717
0,13276,0.9582482875408173
0,13277,0.9498345478454479
0,13278,0.9882285311634792
0,13279,0.9901110071139992
0,13280,0.9973729699643419
0,13281,0.9981368548908758
0,13282,0.9952091232935919
0,13283,0.9870729879709894
0,13284,0.9004456500397391
0,13285,0.9919249726766787
0,13286,0.9907369593996317
0,13287,0.9742309678700312
0,13288,0.9973108702057143
0,13289,0.9876964257298263
0,13290,0.9848385344404549
0,13291,0.9884698413032701
0,13292,0.9180730352177151
0,13293,0.9810709390692042
0,13294,0.9858784143735826
0,13295,0.9878385245620244
0,13296,0.9858513919189865
0,13297,0.9788884574039813
0,13298,0.9867049370011503
0,13299,0.9753971158417362
0,13300,0.988797581842195
0,13301,0.9682458463051996
0,13302,0.959120244815224
0,13303,0.9872009399838967
0,13304,0.9914725068619011
0,13305,0.9930547907155388
0,13306,0.9819541984559883
0,13307,0.991957847983581
0,13308,0.9846087917870977
0,13309,0.9805314972667747
0,13310,0.9970190967151588
0,13311,0.9908516695320447
0,13312,0.9786094562310008
0,13313,0.9841489479236266
0,13314,0.9979964416933728
0,13315,0.9771264762551132
0,13316,0.9839134103507285
0,13317,0.9966875417537778
0,13318,0.9694908423454663
0,13319,0.9936649951290303
0,13320,0.9800726325447761
0,13321,0.9777072889518683
0,13322,0.992594306810657
0,13323,0.9941186304686463
0,13324,0.9937238978063637
0,13325,0.9940123958476899
0,13326,0.9904370502341933
0,13327,0.9927311197663065
0,13328,0.9923606603231159
0,13329,0.9937821180627316
0,13330,0.9618801428684033
0,13331,0.9925834868162086
0,13332,0.9475025367097243
0,13333,0.9787359449188765
0,13334,0.997553037106886
0,13335,0.9776083440325566
0,13336,0.9514504643031765
0,13337,0.8972969414525432
0,13338,0.9961852262570211
0,13339,0.9945863983069438
0,13340,0.9921839030738765
0,13341,0.9820527581981451
0,13342,0.9747710687498478
0,13343,0.9863203276378627
0,13344,0.991935553122889
0,13345,0.9915421459111029
0,13346,0.9917349615963632
0,13347,0.9925310607030465
0,13348,0.9691295387600428
0,13349,0.988048990686011
0,13350,0.9910248299296192
0,13351,0.9753220517275991
0,13352,0.9827034430785322
0,13353,0.9846838114444273
0,13354,0.9868090828934343
0,13355,0.9849522983863701
0,13356,0.9849849277395523
0,13357,0.9941162680363232
0,13358,0.9941779661067189
0,13359,0.9788022080344212
0,13360,0.993951379005493
0,13361,0.989285537457379
0,13362,0.9577209322426523
0,13363,0.9921992270432757
0,13364,0.9845806996617363
0,13365,0.9829739186947403
0,13366,0.9786408519959472
0,13367,0.988589333128558
0,13368,0.9967678316606308
0,13369,0.9965136879352986
0,13370,0.9857044785592309
0,13371,0.9866697053030089
0,13372,0.9895341718558534
0,13373,0.9893767204247899
0,13374,0.9694586025462366
0,13375,0.9775333038539004
0,13376,0.9887513615215592
0,13377,0.9718863810268555
0,13378,0.9670144985045056
0,13379,0.9922034443173815
0,13380,0.9701109643860845
0,13381,0.9957947256993857
0,13382,0.9917847067161448
0,13383,0.9853559717722835
0,13384,0.9911795843094935
0,13385,0.9863777262784558
0,13386,0.9860316672568149
0,13387,0.994524452990198
0,13388,0.9944180495695423
0,13389,0.9802115527293315
0,13390,0.9816725641662652
0,13391,0.994139823843177
0,13392,0.987592236687991
0,13393,0.9884005800818576
0,13394,0.9604051385948393
0,13395,0.9896393331706163
0,13396,0.9914194877750361
0,13397,0.992923024511982
0,13398,0.9724828319681549
0,13399,0.9896702572906617
0,13400,0.9665454355056322
0,13401,0.9724730667802111
0,13402,0.9844109208082897
0,13403,0.9925824973420462
0,13404,0.9787770273354599
0,13405,0.957217424535812
0,13406,0.9962398081843553
0,13407,0.9737595411714897
0,13408,0.9920505926547682
0,13409,0.9782375650927202
0,13410,0.9837747137741778
0,13411,0.9796353619572011
0,13412,0.9929800913780504
0,13413,0.9796042214281123
0,13414,0.998566048353767
0,13415,0.9930004145465867
0,13416,0.9871551129794667
0,13417,0.9650032654444249
0,13418,0.9955601201398507
0,13419,0.9745223755149683
0,13420,0.964235409853331
0,13421,0.9561371475687547
0,13422,0.9874102437210958
0,13423,0.9798938288972499
0,13424,0.9888249647375956
0,13425,0.9886296714220183
0,13426,0.9899345036651925
0,13427,0.9345363568125667
0,13428,0.9966784284256269
0,13429,0.9388470769609325
0,13430,0.9960905801750943
0,13431,0.9494793669948854
0,13432,0.9972382272552747
0,13433,0.9678440858213163
0,13434,0.9781064361747035
0,13435,0.9922014978190169
0,13436,0.9895745502720391
0,13437,0.9934722227750084
0,13438,0.9860756365026957
0,13439,0.9964238728972095
0,13440,0.9990673415219204
0,13441,0.9341487387001676
0,13442,0.9974197399812861
0,13443,0.9682815368333364
0,13444,0.9940669700652233
0,13445,0.9984911342508549
0,13446,0.9950699951059272
0,13447,0.9930009951352038
0,13448,0.9835971474249808
0,13449,0.9981692302491691
0,13450,0.9300306976117156
0,13451,0.9937568897038324
0,13452,0.9921756533255738
0,13453,0.9866116807312936
0,13454,0.9830812589186606
0,13455,0.9914213167617353
0,13456,0.9874080616418396
0,13457,0.993173040377161
0,13458,0.9872639013998853
0,13459,0.9575400796475048
0,13460,0.9955894815379855
0,13461,0.9458656605601317
0,13462,0.9620804609638055
0,13463,0.9965757964926211
0,13464,0.9947359662517528
0,13465,0.9559248008058615
0,13466,0.9505078129860539
0,13467,0.9888134249855152
0,13468,0.9839137845527628
0,13469,0.9849371271737694
0,13470,0.9747853891877895
0,13471,0.9915672399749472
0,13472,0.9899794592774872
0,13473,0.9957812865578084
0,13474,0.9963331163553821
0,13475,0.9746589892155323
0,13476,0.9928279342368745
0,13477,0.9717390267027287
0,13478,0.9737812444066163
0,13479,0.9848233037459606
0,13480,0.9908246970810445
0,13481,0.9781463159042528
0,13482,0.9878378095280795
0,13483,0.9854513660199867
0,13484,0.9923046292996922
0,13485,0.9759783574632558
0,13486,0.9862644737840056
0,13487,0.9606237465095364
0,13488,0.9872372709086292
0,13489,0.9691966616558316
0,13490,0.9793024467880997
0,13491,0.9873904530180061
0,13492,0.9826510511116953
0,13493,0.9895525287798821
0,13494,0.9861495875511203
0,13495,0.9854196989436349
0,13496,0.9888590854705995
0,13497,0.9919494958459885
0,13498,0.9830557069095991
0,13499,0.9821982114486321
0,13500,0.9695998316671173
0,13501,0.983235014352752
0,13502,0.9934674352600508
0,13503,0.9844612443440587
0,13504,0.9874147855960157
0,13505,0.9835599455359585
0,13506,0.99807802372807
0,13507,0.9566323272125365
0,13508,0.9807152491309462
0,13509,0.9852512378478728
0,13510,0.9642111587372155
0,13511,0.9732599146864225
0,13512,0.9902193082983141
0,13513,0.97568008157636
0,13514,0.9881601946666776
0,13515,0.9860259326311198
0,13516,0.9794070722129153
0,13517,0.989991978613493
0,13518,0.9647083676166595
0,13519,0.9842772871787273
0,13520,0.9631778159290284
0,13521,0.959806081401742
0,13522,0.9825025328017318
0,13523,0.9941152093266675
0,13524,0.9881750641894186
0,13525,0.9757887768208354
0,13526,0.9864647512298945
0,13527,0.9824819957126129
0,13528,0.991948673248663
0,13529,0.9910784129982468
0,13530,0.9582175923558688
0,13531,0.9644328577248418
0,13532,0.996513986675862
0,13533,0.9928099389383274
0,13534,0.9745738017971006
0,13535,0.9723220494078747
0,13536,0.9792724388929872
0,13537,0.9881547916311484
0,13538,0.9869035721587659
0,13539,0.9937271471558143
0,13540,0.9901483943762424
0,13541,0.9903391081435143
0,13542,0.9913357546603494
0,13543,0.9583423556676642
0,13544,0.9899570921525481
0,13545,0.975202696376592
0,13546,0.9670738075096711
0,13547,0.9818614258647639
0,13548,0.9813030785983516
0,13549,0.9358026723628216
0,13550,0.976742418763914
0,13551,0.9942952134661173
0,13552,0.9663224900888662
0,13553,0.9862147136523916
0,13554,0.9658418916862721
0,13555,0.9952003421585932
0,13556,0.9650071839900968
0,13557,0.9949738912232444
0,13558,0.9963875250319872
0,13559,0.9941700089199794
0,13560,0.9846041314922185
0,13561,0.9676498433819118
0,13562,0.9927565439511766
0,13563,0.982651434715069
0,13564,0.9715640798974596
0,13565,0.9836330832962691
0,13566,0.9702812799119993
0,13567,0.9616482838459471
0,13568,0.958819965454451
0,13569,0.9900497064575463
0,13570,0.9782298116540615
0,13571,0.9827317505501563
0,13572,0.9782969167900599
0,13573,0.9781987954504059
0,13574,0.9762733546882864
0,13575,0.9915906572398491
0,13576,0.9959817407133508
0,13577,0.9950353798893252
0,13578,0.9745193578574182
0,13579,0.9793126901118782
0,13580,0.9956312314257154
0,13581,0.9925404831564633
0,13582,0.9701995373446353
0,13583,0.9826198378134324
0,13584,0.9851334676852949
0,13585,0.9909674983605254
0,13586,0.9828973070741682
0,13587,0.9866949738583518
0,13588,0.9757939759969564
0,13589,0.9842947967871897
0,13590,0.987145556867407
0,13591,0.9881042924319914
0,13592,0.9698067264249591
0,13593,0.9981318984284421
0,13594,0.982756188668522
0,13595,0.9978193499954433
0,13596,0.983293678222835
0,13597,0.9874420691432171
0,13598,0.9821066004390742
0,13599,0.983709042504541
0,13600,0.989799384478639
0,13601,0.9902634382945368
0,13602,0.9672991310010354
0,13603,0.9937639726238916
0,13604,0.9879013730856613
0,13605,0.9927283654292492
0,13606,0.9582531057899168
0,13607,0.9652913265863162
0,13608,0.9841193456540118
0,13609,0.9911796924402682
0,13610,0.9710790854070428
0,13611,0.9950167836287248
0,13612,0.9932367254648706
0,13613,0.9902345299124827
0,13614,0.98886643534423
0,13615,0.9617482280356806
0,13616,0.9951290731429444
0,13617,0.995330436658782
0,13618,0.989266218650545
0,13619,0.9906643205804155
0,13620,0.9891742592909752
0,13621,0.9895131871641277
0,13622,0.994280628008237
0,13623,0.9914117684937817
0,13624,0.9573282246420033
0,13625,0.9752556742407045
0,13626,0.9912846039654203
0,13627,0.9876333613315045
0,13628,0.9822152035496554
0,13629,0.9755639862543486
0,13630,0.9801200863567737
0,13631,0.9909280129834004
0,13632,0.9796652741452672
0,13633,0.97728932730227
0,13634,0.985698674355464
0,13635,0.9843387439157606
0,13636,0.9806915292476783
0,13637,0.9920026882342269
0,13638,0.9607516258994229
0,13639,0.9940066252774749
0,13640,0.9870854384462023
0,13641,0.9939529263537484
0,13642,0.9920213804267612
0,13643,0.9961487612795242
0,13644,0.9748448227318808
0,13645,0.9951719693294309
0,13646,0.965721220534315
0,13647,0.9964134844878462
0,13648,0.9845810346547116
0,13649,0.992780572610889
0,13650,0.9779288312843462
0,13651,0.9951155508148531
0,13652,0.9802702843127165
0,13653,0.9852900799540826
0,13654,0.9803749806161682
0,13655,0.9884005451772504
0,13656,0.9914977660980993
0,13657,0.9689258620065364
0,13658,0.9953429242046496
0,13659,0.9723436867542884
0,13660,0.979664660802028
0,13661,0.9785967648517765
0,13662,0.9940302411391174
0,13663,0.9942511954348681
0,13664,0.9634929955597626
0,13665,0.9918200290349809
0,13666,0.9923730140938057
0,13667,0.9855185363792249
0,13668,0.9866515459698677
0,13669,0.9825592025208213
0,13670,0.9894642274941378
0,13671,0.9910351288967675
0,13672,0.9832607283747833
0,13673,0.9833980442117995
0,13674,0.9901455594725294
0,13675,0.9974416291911163
0,13676,0.9565790899318953
0,13677,0.9595258488391277
0,13678,0.9861804716132347
0,13679,0.9844393028028687
0,13680,0.9833472875386312
0,13681,0.9923464809482365
0,13682,0.9864621228991766
0,13683,0.9905659747056532
0,13684,0.9893344875984421
0,13685,0.9866598883314527
0,13686,0.9898519765452443
0,13687,0.9699221196370278
0,13688,0.9918106518282569
0,13689,0.9677782323244656
0,13690,0.9916616168064252
0,13691,0.9788638670728083
0,13692,0.9722856656409216
0,13693,0.9748677488509344
0,13694,0.9802856213821801
0,13695,0.9746110659862831
0,13696,0.9826859237735414
0,13697,0.989415619715236
0,13698,0.9923433850557246
0,13699,0.9688802172189821
0,13700,0.9861465884367105
0,13701,0.9796883041934574
0,13702,0.9758895315258723
0,13703,0.9899937112242292
0,13704,0.9685764229666182
0,13705,0.9693525159323841
0,13706,0.9892119334231877
0,13707,0.9929333061472329
0,13708,0.9921390066696335
0,13709,0.984720472601143
0,13710,0.980871330099212
0,13711,0.9831115724729689
0,13712,0.991620696330307
0,13713,0.9903493366444945
0,13714,0.9904724633134254
0,13715,0.983693113728153
0,13716,0.9662993260152001
0,13717,0.9522373500517061
0,13718,0.9673828690100281
0,13719,0.9953617441649776
0,13720,0.99727639504648
0,13721,0.9801386953474429
0,13722,0.9952254518660113
0,13723,0.9605699687913499
0,13724,0.9870954559833328
0,13725,0.9868430693820661
0,13726,0.9796703512823474
0,13727,0.993285434311572
0,13728,0.9643337970745945
0,13729,0.995165444471269
0,13730,0.9789174440781477
0,13731,0.9606271991429115
0,13732,0.9668877213956101
0,13733,0.9776354030674665
0,13734,0.9944374897267846
0,13735,0.984582330497835
0,13736,0.9900826517942213
0,13737,0.9856989047772374
0,13738,0.9934419816098602
0,13739,0.9807757210434631
0,13740,0.9908790333913984
0,13741,0.9989083241067309
0,13742,0.9874384444422557
0,13743,0.9883290001403783
0,13744,0.9664317659463026
0,13745,0.9925441989857444
0,13746,0.9890885675032299
0,13747,0.9722608087851311
0,13748,0.9890677405620194
0,13749,0.9751397686940002
0,13750,0.9888180559364252
0,13751,0.987540507145388
0,13752,0.9850397451455192
0,13753,0.9962260058588459
0,13754,0.9658837028397876
0,13755,0.9841510274422656
0,13756,0.9819112374237626
0,13757,0.9663483033454148
0,13758,0.9136085549781363
0,13759,0.9993237363306433
0,13760,0.9807197919063071
0,13761,0.9969153593167748
0,13762,0.9913894406157733
0,13763,0.9933417289556224
0,13764,0.9626366976448003
0,13765,0.9927369555912906
0,13766,0.9682982270419023
0,13767,0.9862818186067228
0,13768,0.9686463004459326
0,13769,0.9931887657416797
0,13770,0.9890711059727756
0,13771,0.9960911154850718
0,13772,0.9973971455981919
0,13773,0.9802585573692146
0,13774,0.975213119823651
0,13775,0.9922376695753081
0,13776,0.9767514872302333
0,13777,0.9844603893721394
0,13778,0.9629413572096929
0,13779,0.9771483528664946
0,13780,0.9683798787686331
0,13781,0.9800146898261357
0,13782,0.9837353683345375
0,13783,0.9716884736566977
0,13784,0.993474017710279
0,13785,0.9942262086308044
0,13786,0.9810942269964235
0,13787,0.9930642341724591
0,13788,0.9815987967209961
0,13789,0.9942832647052503
0,13790,0.9800628135097051
0,13791,0.9891546190860763
0,13792,0.9893385722763494
0,13793,0.9858168707412495
0,13794,0.9713900499814031
0,13795,0.9958866216399869
0,13796,0.990078970600068
0,13797,0.9742218869891073
0,13798,0.9953464450806786
0,13799,0.9966601079203848
0,13800,0.991943054697604
0,13801,0.981086006183414
0,13802,0.9800783851232244
0,13803,0.9777068713833807
0,13804,0.982259265001311
0,13805,0.9874600041278707
0,13806,0.9553015320586795
0,13807,0.9822786708984961
0,13808,0.9925206900300828
0,13809,0.9657320026449732
0,13810,0.9960623324755986
0,13811,0.9967714852570088
0,13812,0.9785348164803618
0,13813,0.9680788092311267
0,13814,0.9864579967896083
0,13815,0.9865660990942745
0,13816,0.9705131549794801
0,13817,0.9891514974573546
0,13818,0.9858922830134007
0,13819,0.9603901967719825
0,13820,0.9922677946407216
0,13821,0.9798047860420005
0,13822,0.9850306422531565
0,13823,0.9787755922597314
0,13824,0.918574878915538
0,13825,0.984283418380264
0,13826,0.9566084470338782
0,13827,0.9533784021029588
0,13828,0.9555087739479072
0,13829,0.9829487098998034
0,13830,0.9883180853712296
0,13831,0.9772333334330208
0,13832,0.9839742334725577
0,13833,0.9829314720899799
0,13834,0.9936577745459292
0,13835,0.9548794127200991
0,13836,0.953941253702838
0,13837,0.9279628443512614
0,13838,0.9792929058656482
0,13839,0.9897268456415584
0,13840,0.9844608443516802
0,13841,0.9904479600937919
0,13842,0.9807346123502269
0,13843,0.985712093777242
0,13844,0.9768671849483643
0,13845,0.9939831218467311
0,13846,0.9866621394901701
0,13847,0.9884174566280008
0,13848,0.9863387447802142
0,13849,0.9928879958694015
0,13850,0.9876432517503932
0,13851,0.9912372983898567
0,13852,0.9836229235060435
0,13853,0.9903434234912614
0,13854,0.9808185855175081
0,13855,0.9734020566101719
0,13856,0.9743949533953998
0,13857,0.9826506595973221
0,13858,0.9820412556780685
0,13859,0.977131052763972
0,13860,0.9946347401377676
0,13861,0.96883592081855
0,13862,0.9788960178727816
0,13863,0.9863080836757425
0,13864,0.990818722051539
0,13865,0.9798343551072513
0,13866,0.9893247408897416
0,13867,0.9640636119744347
0,13868,0.971438388604912
0,13869,0.9960800679788464
0,13870,0.9936336502173845
0,13871,0.9736628382588443
0,13872,0.9832496662481862
0,13873,0.9710163808551228
0,13874,0.9948282346258204
0,13875,0.9874340956754889
0,13876,0.9944943270976083
0,13877,0.9905684751650381
0,13878,0.9924254661469659
0,13879,0.9944020741134354
0,13880,0.9875717457036745
0,13881,0.9873846398154087
0,13882,0.9895069236053552
0,13883,0.9811848524509534
0,13884,0.9968354016863928
0,13885,0.983889439898738
0,13886,0.9793382206533355
0,13887,0.9880821826184357
0,13888,0.9968208255274538
0,13889,0.9947420942023509
0,13890,0.9888974920782021
0,13891,0.9678758491199853
0,13892,0.9872446512221201
0,13893,0.9911279913140997
0,13894,0.9887657475328421
0,13895,0.9742590613653983
0,13896,0.9852702495270023
0,13897,0.9943739097395521
0,13898,0.9905702367886381
0,13899,0.9848712380047078
0,13900,0.9966052738691409
0,13901,0.9963293708775981
0,13902,0.9967093479705619
0,13903,0.9768479365307124
0,13904,0.9789809188560487
0,13905,0.9704846715305212
0,13906,0.9953029031581082
0,13907,0.9949975298496383
0,13908,0.9553883004754612
0,13909,0.9984069436349732
0,13910,0.9946006323669262
0,13911,0.9842122051275871
0,13912,0.9864738392003779
0,13913,0.9785441602230145
0,13914,0.9709328431517945
0,13915,0.9805761121224735
0,13916,0.9801205831402862
0,13917,0.9637498951919624
0,13918,0.9964342083024266
0,13919,0.9976707939264938
0,13920,0.9560825543106215
0,13921,0.9891627398520648
0,13922,0.9925529725538872
0,13923,0.9961166227407882
0,13924,0.9706986271708676
0,13925,0.9893532111410297
0,13926,0.9797072013999124
0,13927,0.9958212523953843
0,13928,0.878368139578094
0,13929,0.985586953189634
0,13930,0.9751899343690239
0,13931,0.987230045744682
0,13932,0.9964162958557347
0,13933,0.99504734139094
0,13934,0.9597149058918737
0,13935,0.9778411745533558
0,13936,0.979472402316501
0,13937,0.9850672243276039
0,13938,0.9731110263394198
0,13939,0.9826977849458419
0,13940,0.976652502853195
0,13941,0.993650533921284
0,13942,0.9752892164130461
0,13943,0.9763227822957712
0,13944,0.9854151622835133
0,13945,0.9876575779447342
0,13946,0.9725920965571745
0,13947,0.9776907044539832
0,13948,0.9757579242172486
0,13949,0.9843681623480101
0,13950,0.9703801767765913
0,13951,0.9853807665071023
0,13952,0.9897078143942775
0,13953,0.994767018260868
0,13954,0.9784188472454217
0,13955,0.973273764305466
0,13956,0.9779331347891949
0,13957,0.9790673172295292
0,13958,0.9461198105589049
0,13959,0.9941950582465092
0,13960,0.9895376769146198
0,13961,0.969742765594246
0,13962,0.9953328592083828
0,13963,0.9921556312795138
0,13964,0.9883036414067098
0,13965,0.9706574948167086
0,13966,0.9923982439038372
0,13967,0.9764273830384613
0,13968,0.9913451506504093
0,13969,0.9902117917747877
0,13970,0.99393651813367
0,13971,0.9687403370531429
0,13972,0.9844213072858963
0,13973,0.9948098198172002
0,13974,0.9940873613369589
0,13975,0.9923931815362299
0,13976,0.9816972095868999
0,13977,0.9822141855409317
0,13978,0.9842230535859333
0,13979,0.994427488261248
0,13980,0.9629179897563134
0,13981,0.9852688924601166
0,13982,0.963339158718321
0,13983,0.9833660245960596
0,13984,0.9747806595920363
0,13985,0.9957440172089402
0,13986,0.9889902472445581
0,13987,0.988771232175317
0,13988,0.9904205011752625
0,13989,0.9889557867593637
0,13990,0.9821034942648089
0,13991,0.9709647967505215
0,13992,0.9829631539112541
0,13993,0.9891277697871154
0,13994,0.9860507786499498
0,13995,0.9931193148219915
0,13996,0.9922498929755591
0,13997,0.9598083070243496
0,13998,0.9904124158740317
0,13999,0.9660213130961747
0,14000,0.984813344857999
0,14001,0.972733598677266
0,14002,0.9682735295749747
0,14003,0.9756065648294894
0,14004,0.9874086929552233
0,14005,0.9838250702578993
0,14006,0.9957202341887831
0,14007,0.9955717832016794
0,14008,0.9912459754716366
0,14009,0.9912124054903304
0,14010,0.9923582409305723
0,14011,0.9959735825508397
0,14012,0.9800969643017214
0,14013,0.9823344741491965
0,14014,0.9840977283800055
0,14015,0.9288971625751516
0,14016,0.9950074486641166
0,14017,0.9685130908094413
0,14018,0.9408097235609327
0,14019,0.9771838705956063
0,14020,0.9835623716348327
0,14021,0.9835827452022755
0,14022,0.9922709917555795
0,14023,0.9907722072776256
0,14024,0.9529225563897267
0,14025,0.9625900371865419
0,14026,0.9850862173921818
0,14027,0.9829556114390758
0,14028,0.9780911030465141
0,14029,0.9833952817528778
0,14030,0.9923133110740161
0,14031,0.9801944463904073
0,14032,0.9933700052042995
0,14033,0.9960144210209306
0,14034,0.995345071379562
0,14035,0.9907217333598937
0,14036,0.9869571920813296
0,14037,0.9790713354682146
0,14038,0.9948638986893605
0,14039,0.9694904477932327
0,14040,0.9811669400831002
0,14041,0.9859085991216139
0,14042,0.949419573661898
0,14043,0.9404238447529593
0,14044,0.995478803812087
0,14045,0.9698876837207232
0,14046,0.9793397832091174
0,14047,0.9883257898317541
0,14048,0.9841634309701082
0,14049,0.973040895909734
0,14050,0.9825061092752263
0,14051,0.976158397231075
0,14052,0.9992880930894938
0,14053,0.9650692725312685
0,14054,0.9935802971841383
0,14055,0.9857782931859768
0,14056,0.9710021457262924
0,14057,0.9547449183208039
0,14058,0.9846219298003621
0,14059,0.9873509886546861
0,14060,0.9879821490042621
0,14061,0.9595756878859223
0,14062,0.9820612046632617
0,14063,0.9730225033065134
0,14064,0.9812608614535723
0,14065,0.9706043147044943
0,14066,0.9744752697812412
0,14067,0.9873014362886591
0,14068,0.9737969666214781
0,14069,0.9865177171998992
0,14070,0.9922191532270545
0,14071,0.9570783776124653
0,14072,0.9811814093932695
0,14073,0.9636378822783154
0,14074,0.9850426870695184
0,14075,0.9919078443213359
0,14076,0.9861334844758263
0,14077,0.9694726720988911
0,14078,0.9740993141292383
0,14079,0.9917182625355946
0,14080,0.9926183736700761
0,14081,0.9590635406637936
0,14082,0.9646399941397161
0,14083,0.9931142464409659
0,14084,0.989836693511635
0,14085,0.9795255572262948
0,14086,0.9746272272085154
0,14087,0.9825263469758305
0,14088,0.9908931601268204
0,14089,0.9844974899912613
0,14090,0.9810190987167745
0,14091,0.9846656028242495
0,14092,0.9813918745937456
0,14093,0.9928308957199552
0,14094,0.984074556906456
0,14095,0.9706780081944536
0,14096,0.9771574259690208
0,14097,0.9873968842455745
0,14098,0.9780314013366177
0,14099,0.9774407463372745
0,14100,0.9821467070932025
0,14101,0.9508938382617315
0,14102,0.9802901782863013
0,14103,0.992043377497869
0,14104,0.9752386678312646
0,14105,0.991892711586921
0,14106,0.9800852857862921
0,14107,0.9885464232748105
0,14108,0.9811253559221913
0,14109,0.9734267451900867
0,14110,0.9819172711651432
0,14111,0.98241307063477
0,14112,0.9899133534380141
0,14113,0.9763733444411368
0,14114,0.9482685453790964
0,14115,0.9929286422255251
0,14116,0.9961673438092492
0,14117,0.926055536680949
0,14118,0.9964134753070623
0,14119,0.9177120769843629
0,14120,0.9773826627837032
0,14121,0.9864777670782283
0,14122,0.985002117940985
0,14123,0.9843293806556102
0,14124,0.9971556014733767
0,14125,0.9787635519066595
0,14126,0.981963352543098
0,14127,0.9925998097619602
0,14128,0.9553907186608602
0,14129,0.9962862538888333
0,14130,0.9853594740183884
0,14131,0.991348802685448
0,14132,0.9353864567031649
0,14133,0.9221435379089792
0,14134,0.99686630751735394
0,14135,0.9809547753261756
0,14136,0.995354015898792
0,14137,0.9572701059304068
0,14138,0.9906808470786128
0,14139,0.9894740114673617
0,14140,0.9824421195831251
0,14141,0.9827455714032837
0,14142,0.9947362945014087
0,14143,0.9837888683629614
0,14144,0.9707224971069658
0,14145,0.9890201690683209
0,14146,0.9929741520345402
0,14147,0.9904544101802478
0,14148,0.9654589459957894
0,14149,0.9851891019374422
0,14150,0.9832443088162941
0,14151,0.9812125071301065
0,14152,0.9908604628584431
0,14153,0.9811041629428208
0,14154,0.9854745068071117
0,14155,0.983265450766829
0,14156,0.9796936568107363
0,14157,0.9620739194965919
0,14158,0.994985176584617
0,14159,0.9864041034502213
0,14160,0.9795225753382091
0,14161,0.9875772820458635
0,14162,0.9813984467505981
0,14163,0.9804404103127304
0,14164,0.9732992976266371
0,14165,0.9885072101973463
0,14166,0.9919406996647564
0,14167,0.980169389884367
0,14168,0.9703108617123849
0,14169,0.9570794980765496
0,14170,0.9878728833849841
0,14171,0.9902557949621298
0,14172,0.9858571443535197
0,14173,0.9823080233269036
0,14174,0.9870959447817588
0,14175,0.9791602617388009
0,14176,0.9739149912160097
0,14177,0.9850132760313469
0,14178,0.9807837018521551
0,14179,0.9875626583494259
0,14180,0.9920048217175303
0,14181,0.9749122140279909
0,14182,0.9537623681142438
0,14183,0.9927872359472725
0,14184,0.9914722463810376
0,14185,0.9738638743013268
0,14186,0.9913640808795291
0,14187,0.9940818133686595
0,14188,0.996720250564806
0,14189,0.9926095896246467
0,14190,0.9907090753151321
0,14191,0.9749531287971227
0,14192,0.9831476501065579
0,14193,0.9894965924656315
0,14194,0.9895528540881372
0,14195,0.9617274962481223
0,14196,0.9908592377843143
0,14197,0.9819204513757586
0,14198,0.9933800627286766
0,14199,0.950155238297077
0,14200,0.9931940922406424
0,14201,0.969266282403932
0,14202,0.9940703194781794
0,14203,0.8866547519456249
0,14204,0.9245884291620872
0,14205,0.987551156568351
0,14206,0.995091197383417
0,14207,0.9953979143429137
0,14208,0.9784188885999482
0,14209,0.9921970181276388
0,14210,0.9954470822738135
0,14211,0.9644942373123049
0,14212,0.9807978169165128
0,14213,0.9794196930585859
0,14214,0.9858788956113477
0,14215,0.9784479758882639
0,14216,0.9757881672503677
0,14217,0.9710569294994555
0,14218,0.9860156894243237
0,14219,0.9953774612401322
0,14220,0.9845728181365
0,14221,0.9963797150529085
0,14222,0.9772378536093643
0,14223,0.9901974941571148
0,14224,0.9792420077010268
0,14225,0.9886903892076085
0,14226,0.9868757188121908
0,14227,0.9975085314857272
0,14228,0.9923907075230877
0,14229,0.9874653177327857
0,14230,0.9859235874072996
0,14231,0.9661847269484573
0,14232,0.9565276783806385
0,14233,0.9225385376913063
0,14234,0.9276421993593422
0,14235,0.9866926984581644
0,14236,0.9915952472052162
0,14237,0.9938693655533394
0,14238,0.9654693705570718
0,14239,0.9781313041051044
0,14240,0.9938964580827979
0,14241,0.9925117969737399
0,14242,0.9901104430593236
0,14243,0.9921992711503482
0,14244,0.990618964429763
0,14245,0.9567948270717915
0,14246,0.9861788506094591
0,14247,0.9870724321358765
0,14248,0.9868486758253072
0,14249,0.9832104564035833
0,14250,0.9784374218257952
0,14251,0.9792622796844517
0,14252,0.9823347125600863
0,14253,0.9634425966734141
0,14254,0.9600551107050496
0,14255,0.9288039637636419
0,14256,0.9846730794887424
0,14257,0.9729839014240912
0,14258,0.9922904915892873
0,14259,0.965092678544747
0,14260,0.9959486116851245
0,14261,0.9921680056031617
0,14262,0.983437625256782
0,14263,0.9789511272961859
0,14264,0.9920435236341856
0,14265,0.9869092740329091
0,14266,0.9762418537263761
0,14267,0.9913050990097992
0,14268,0.9736124676403584
0,14269,0.9746277183724501
0,14270,0.9842440537713402
0,14271,0.9879744434439405
0,14272,0.9853463646519512
0,14273,0.9807084620005764
0,14274,0.994554761315653
0,14275,0.9062458769214864
0,14276,0.9845223985955958
0,14277,0.9962703982053224
0,14278,0.9976414319411672
0,14279,0.9810442581029248
0,14280,0.996511832358176
0,14281,0.9986971428529053
0,14282,0.9951441031520725
0,14283,0.9937520971373407
0,14284,0.9910749055048951
0,14285,0.997403120542504
0,14286,0.9621817748742293
0,14287,0.9864472542352635
0,14288,0.9867841213647036
0,14289,0.9797477807245194
0,14290,0.8146537200191443
0,14291,0.9914447836519308
0,14292,0.9557899581187385
0,14293,0.9883875611420733
0,14294,0.98792942678743
0,14295,0.9757571453405531
0,14296,0.979749281595618
0,14297,0.9819944318803429
0,14298,0.9777039685565387
0,14299,0.9829866972507375
0,14300,0.9837300985713451
0,14301,0.9850732426823412
0,14302,0.9943832668323107
0,14303,0.9881273037897628
0,14304,0.9490588481431667
0,14305,0.9573816445343984
0,14306,0.9784237144335096
0,14307,0.9871067116655121
0,14308,0.9705520871823987
0,14309,0.9904449753029644
0,14310,0.9888213723147488
0,14311,0.9745822831310952
0,14312,0.9915195981492574
0,14313,0.9695045360467276
0,14314,0.9821705012982305
0,14315,0.9758667839388383
0,14316,0.9765068674892686
0,14317,0.9938087338222567
0,14318,0.99304025918947
0,14319,0.9622742998123048
0,14320,0.9713826048939683
0,14321,0.9948859448980243
0,14322,0.9774905352311023
0,14323,0.9902039612942439
0,14324,0.9895840016593757
0,14325,0.9662636913092366
0,14326,0.9852953864658982
0,14327,0.973545621954789
0,14328,0.987868791515173
0,14329,0.9708771913009994
0,14330,0.9915499832171282
0,14331,0.9947508037686961
0,14332,0.983370810038841
0,14333,0.9933030045704603
0,14334,0.9929714042963483
0,14335,0.9928264122130868
0,14336,0.9710445492571775
0,14337,0.9935669097182673
0,14338,0.98159665279169
0,14339,0.9954174621718563
0,14340,0.9938254593560403
0,14341,0.9933946252933695
0,14342,0.9961049692338285
0,14343,0.9902651115216671
0,14344,0.9950154092963263
0,14345,0.9926526802713947
0,14346,0.9666590433441627
0,14347,0.984550011775535
0,14348,0.9850554373252138
0,14349,0.9735446953238354
0,14350,0.9906136229280638
0,14351,0.9865662288515897
0,14352,0.963636976163534
0,14353,0.9933021390868939
0,14354,0.9919140229687172
0,14355,0.9700273484638788
0,14356,0.9828813067999403
0,14357,0.9582235519196404
0,14358,0.9955508655406636
0,14359,0.9302521194251419
0,14360,0.9796574889389128
0,14361,0.9705122808341429
0,14362,0.9899739455088379
0,14363,0.9897643400593148
0,14364,0.9948150339565995
0,14365,0.9967881562198391
0,14366,0.995124766576805
0,14367,0.9572569077801516
0,14368,0.9817070304868666
0,14369,0.9838733788256302
0,14370,0.984106023264217
0,14371,0.9888205420495982
0,14372,0.9846115700702283
0,14373,0.9870319514256429
0,14374,0.9729771910779546
0,14375,0.9706802214469678
0,14376,0.986694892165685
0,14377,0.9740013619934134
0,14378,0.9783708997868111
0,14379,0.9689497864143907
0,14380,0.9944783039756091
0,14381,0.9915844077507011
0,14382,0.9916189599084029
0,14383,0.9900513458578739
0,14384,0.9877707711446471
0,14385,0.986621061685967
0,14386,0.9866816093381289
0,14387,0.9872095239332536
0,14388,0.9838089949856103
0,14389,0.9957616005880754
0,14390,0.9897486615499739
0,14391,0.9970687526556834
0,14392,0.9908625651319191
0,14393,0.9966222937210873
0,14394,0.9758168074682135
0,14395,0.9973890112752727
0,14396,0.9601762668754044
0,14397,0.9937675535264436
0,14398,0.9739370600514983
0,14399,0.9901593324114795
0,14400,0.9881245749799795
0,14401,0.9815589493604285
0,14402,0.9917676486953052
0,14403,0.9839026079190495
0,14404,0.9629201132460724
0,14405,0.9844395286316272
0,14406,0.9887206425953075
0,14407,0.9881499387197936
0,14408,0.9869763725520365
0,14409,0.9768688349971323
0,14410,0.9775841656363546
0,14411,0.9924690176135941
0,14412,0.9826379489953407
0,14413,0.9823254193223501
0,14414,0.937931479569598
0,14415,0.9870308017100213
0,14416,0.9757533507955077
0,14417,0.9846555117288429
0,14418,0.9914523883932612
0,14419,0.9853941644136849
0,14420,0.9856643178454131
0,14421,0.9776845605444803
0,14422,0.9848505960807816
0,14423,0.9814402775443799
0,14424,0.9892954499167796
0,14425,0.9918434369742061
0,14426,0.9881965505226825
0,14427,0.9869584852061479
0,14428,0.9728646526348211
0,14429,0.9869331911519791
0,14430,0.9925641530918085
0,14431,0.9918519596596016
0,14432,0.9893865463154595
0,14433,0.989015959501267
0,14434,0.9732731646049783
0,14435,0.9856729161222272
0,14436,0.9922023310252849
0,14437,0.9900642228211254
0,14438,0.9841098507803041
0,14439,0.9804484454365834
0,14440,0.9838684707225958
0,14441,0.9793924600493888
0,14442,0.984781469946375
0,14443,0.9819319414799681
0,14444,0.9896436399727256
0,14445,0.9827105349044534
0,14446,0.9924005748127124
0,14447,0.9778541223452117
0,14448,0.9903554219273821
0,14449,0.9858856400021913
0,14450,0.9842406571456185
0,14451,0.9810020023449467
0,14452,0.9877572142259662
0,14453,0.9935960670160313
0,14454,0.9675677757170843
0,14455,0.9823484429861788
0,14456,0.9386604464178538
0,14457,0.9962668392179838
0,14458,0.9842882173555203
0,14459,0.9725966840479807
0,14460,0.9946947969526779
0,14461,0.9789598675744655
0,14462,0.9825447721914251
0,14463,0.982875845089916
0,14464,0.9800846588906897
0,14465,0.985432440939566
0,14466,0.9755906960036731
0,14467,0.9769939450525541
0,14468,0.9626142461872946
0,14469,0.9567174452991737
0,14470,0.9961120605844803
0,14471,0.978518911405661
0,14472,0.9872377402212242
0,14473,0.9908879088773602
0,14474,0.9943760461723368
0,14475,0.9864655337637152
0,14476,0.9774534987028387
0,14477,0.9846084314316806
0,14478,0.9950610316135248
0,14479,0.9933057935205106
0,14480,0.9668575985932981
0,14481,0.9526757248360012
0,14482,0.9811027474008901
0,14483,0.987167764918018
0,14484,0.99432811441774
0,14485,0.992077340904375
0,14486,0.9420215140506724
0,14487,0.9769322016166063
0,14488,0.9739968338374188
0,14489,0.9938466529503757
0,14490,0.9550476927910942
0,14491,0.97835045132935206
0,14492,0.9840465536164863
0,14493,0.9749386852422803
0,14494,0.9767434068854484
0,14495,0.9835216630724863
0,14496,0.981948354889457
0,14497,0.9911186328649169
0,14498,0.9823883301342714
0,14499,0.980497508522992
0,14500,0.9745565461427175
0,14501,0.9850754002007124
0,14502,0.9748599381125025
0,14503,0.9940900917300437
0,14504,0.9914644394838065
0,14505,0.9930730592459066
0,14506,0.9958197873159566
0,14507,0.9843123351857742
0,14508,0.9819625025784312
0,14509,0.9747800365551061
0,14510,0.9893451827251805
0,14511,0.9862528543889323
0,14512,0.9868351810846032
0,14513,0.9951050670929281
0,14514,0.9747973538067983
0,14515,0.9698485106562552
0,14516,0.9740634773825189
0,14517,0.9901624520214818
0,14518,0.976899528725944
0,14519,0.9925483511822254
0,14520,0.9907274828485838
0,14521,0.9670925708188843
0,14522,0.9892080977959041
0,14523,0.98637718087689
0,14524,0.974326435700586
0,14525,0.9949801771693326
0,14526,0.9951577453544336
0,14527,0.9967155584271457
0,14528,0.9799837666489897
0,14529,0.9909647720615942
0,14530,0.9865851329687839
0,14531,0.9749760796447512
0,14532,0.9661297740993485
0,14533,0.9922515700239521
0,14534,0.996183938337464
0,14535,0.9831914280080115
0,14536,0.9861951674691287
0,14537,0.9965630576078602
0,14538,0.9699881772574923
0,14539,0.9674579042468147
0,14540,0.978360719505586
0,14541,0.9879795992984628
0,14542,0.9789973466694971
0,14543,0.9862504493106425
0,14544,0.9878404199755704
0,14545,0.9821254687248812
0,14546,0.9714551170661532
0,14547,0.9881345549400591
0,14548,0.9698267326215978
0,14549,0.9873681926778684
0,14550,0.9912411727109237
0,14551,0.9903314090793064
0,14552,0.9604031967955065
0,14553,0.9865109438817042
0,14554,0.9807390566375185
0,14555,0.9952623957114328
0,14556,0.9839804184823584
0,14557,0.9858540187881538
0,14558,0.9874228710972803
0,14559,0.9833237365804783
0,14560,0.9837068410109449
0,14561,0.9824008703114844
0,14562,0.9917934344807312
0,14563,0.9753755981097516
0,14564,0.9850416996419148
0,14565,0.9796021701372486
0,14566,0.9917990917403942
0,14567,0.9796275790610256
0,14568,0.9906398963455232
0,14569,0.9947102562371862
0,14570,0.979008448712402
0,14571,0.9719687040367722
0,14572,0.9985691583931474
0,14573,0.9834705934145969
0,14574,0.9815321796584359
0,14575,0.9705813272888835
0,14576,0.9910796069541961
0,14577,0.9770574536160903
0,14578,0.9900944984166083
0,14579,0.9844266074908142
0,14580,0.9963429862305211
0,14581,0.9810994720219195
0,14582,0.9775818017345915
0,14583,0.9969361844975204
0,14584,0.9893822917893067
0,14585,0.9868129699115258
0,14586,0.9775553183076143
0,14587,0.9839715232281114
0,14588,0.9373841937456375
0,14589,0.9504588693269861
0,14590,0.9224886358520723
0,14591,0.8645026855786347
0,14592,0.970580435989761
0,14593,0.9847605883033796
0,14594,0.9771832848621584
0,14595,0.9764280626787856
0,14596,0.9820885665632451
0,14597,0.9889798334520499
0,14598,0.9902954967357714
0,14599,0.9891775052162004
0,14600,0.9707314477814338
0,14601,0.990902021056876
0,14602,0.9933426191830337
0,14603,0.99589713446534
0,14604,0.9850742765199316
0,14605,0.9985215097247071
0,14606,0.9806123427731418
0,14607,0.9721678686191076
0,14608,0.9840858585200829
0,14609,0.9622068916738351
0,14610,0.9984786486557654
0,14611,0.9679962087936543
0,14612,0.9683483710251828
0,14613,0.9760100446835769
0,14614,0.9897328449088586
0,14615,0.979110421462492
0,14616,0.9842523164620118
0,14617,0.9718280321430611
0,14618,0.955881347282979
0,14619,0.9987822699683324
0,14620,0.9973546186426991
0,14621,0.9686259806718599
0,14622,0.9923055498223653
0,14623,0.931506904755991
0,14624,0.9947544054537066
0,14625,0.9595967357592312
0,14626,0.9871419473203003
0,14627,0.9884299976866034
0,14628,0.9854891971011995
0,14629,0.9798374111838208
0,14630,0.9923254041448586
0,14631,0.9820911635678617
0,14632,0.9821620530314434
0,14633,0.9781794692268039
0,14634,0.9759007826859358
0,14635,0.9934114191059077
0,14636,0.9507202651916948
0,14637,0.9865098612280648
0,14638,0.975840473958846
0,14639,0.9717579501507904
0,14640,0.9910983200199764
0,14641,0.9942876363918629
0,14642,0.9961109089118839
0,14643,0.9916711921859511
0,14644,0.990795967655779
0,14645,0.9904942978164172
0,14646,0.9919747853340156
0,14647,0.9961606503578038
0,14648,0.9954490138415932
0,14649,0.9793115682540763
0,14650,0.995059221615505
0,14651,0.9863569966357942
0,14652,0.9707436952110655
0,14653,0.9918662046680987
0,14654,0.9789743890922635
0,14655,0.9959097659590072
0,14656,0.9891837994074456
0,14657,0.9917857423759121
0,14658,0.9927067226443372
0,14659,0.9911214039494384
0,14660,0.9958271332971038
0,14661,0.9700934407781434
0,14662,0.9961054708659315
0,14663,0.997405979040039
0,14664,0.9886730123810185
0,14665,0.9758808396307364
0,14666,0.9902256370832425
0,14667,0.9912242826911355
0,14668,0.993625173592202
0,14669,0.9753118514334654
0,14670,0.9833478197082388
0,14671,0.9771422455717288
0,14672,0.9749276310820604
0,14673,0.9981838025178639
0,14674,0.998381516310787
0,14675,0.9132320841802332
0,14676,0.9949606226851101
0,14677,0.9727046598437575
0,14678,0.9808337541526448
0,14679,0.9524266487359673
0,14680,0.9821741709386045
0,14681,0.9886668329204908
0,14682,0.9939679185024762
0,14683,0.993855750638416
0,14684,0.9911519750717079
0,14685,0.991590741961123
0,14686,0.9706540595359812
0,14687,0.9692612242881172
0,14688,0.9853713639321854
0,14689,0.9608028234463435
0,14690,0.9891371792208515
0,14691,0.9713865129799968
0,14692,0.9921621273101859
0,14693,0.9912032277406816
0,14694,0.9916204602370285
0,14695,0.9971941930678927
0,14696,0.981244589750777
0,14697,0.9566247267517956
0,14698,0.974618524919176
0,14699,0.9865203555395814
0,14700,0.9910449231548594
0,14701,0.9900216860518035
0,14702,0.959389907401093
0,14703,0.988698302357276
0,14704,0.986678972698394
0,14705,0.9793635725636247
0,14706,0.9863101002399114
0,14707,0.9794381860956501
0,14708,0.9932423572759599
0,14709,0.9511404902238527
0,14710,0.9956315821496644
0,14711,0.9772860671042086
0,14712,0.9828591398521291
0,14713,0.968800095186463
0,14714,0.9864987220107899
0,14715,0.9773747972551113
0,14716,0.9895035093387617
0,14717,0.9907079674903234
0,14718,0.9882689204417731
0,14719,0.984463539658176
0,14720,0.9879207032511094
0,14721,0.9892311572863425
0,14722,0.9901733501569446
0,14723,0.9845267114398719
0,14724,0.9892848863828347
0,14725,0.99038733136721
0,14726,0.9749728620183016
0,14727,0.9944111437738323
0,14728,0.9910886672349559
0,14729,0.9893471305642791
0,14730,0.9798306790298241
0,14731,0.9848982872186929
0,14732,0.9891324910380116
0,14733,0.996135455510456
0,14734,0.9729255269054059
0,14735,0.9865150299699357
0,14736,0.9859163090703651
0,14737,0.9906914468103691
0,14738,0.9510041565426849
0,14739,0.9966638374259
0,14740,0.9963035690835096
0,14741,0.9969196229710418
0,14742,0.9930928983245219
0,14743,0.9941695985510225
0,14744,0.9784567662644551
0,14745,0.9579952064227972
0,14746,0.9920601005924669
0,14747,0.9917015110882076
0,14748,0.987194135072046
0,14749,0.9943213346170409
0,14750,0.9870735564250869
0,14751,0.9810649640441729
0,14752,0.979005869827183
0,14753,0.993171669824014
0,14754,0.9937792769894478
0,14755,0.9819404527579662
0,14756,0.9890116033310941
0,14757,0.9616953686962942
0,14758,0.9935267128904647
0,14759,0.9829177069214213
0,14760,0.9912794090479796
0,14761,0.9907501329361588
0,14762,0.9824785829000257
0,14763,0.9843421376362772
0,14764,0.9965115957002276
0,14765,0.955418837771953
0,14766,0.9856049308365169
0,14767,0.988075259313779
0,14768,0.9864367054634514
0,14769,0.986920634753638
0,14770,0.9936174627847046
0,14771,0.9913629736199477
0,14772,0.9357179064735954
0,14773,0.9951144592811808
0,14774,0.9575210554102412
0,14775,0.9956950264700808
0,14776,0.9943469950714401
0,14777,0.9925063803032442
0,14778,0.9725316370469778
0,14779,0.9948499614282144
0,14780,0.9760377429501279
0,14781,0.986708129704132
0,14782,0.9862689442567304
0,14783,0.9884102432307298
0,14784,0.9917460332407927
0,14785,0.9978359723212891
0,14786,0.990300163849312
0,14787,0.992871412990433
0,14788,0.9984112714970139
0,14789,0.997025253716779
0,14790,0.9732724880141012
0,14791,0.9937357741707514
0,14792,0.9759339655719648
0,14793,0.9900540285268998
0,14794,0.9902890903601007
0,14795,0.9713421545847098
0,14796,0.9920703668293308
0,14797,0.9814041441366098
0,14798,0.9807884628188526
0,14799,0.9792728946398971
0,14800,0.9952996903841795
0,14801,0.9746915298690509
0,14802,0.9966709595602213
0,14803,0.9819624294461037
0,14804,0.9935068750364824
0,14805,0.9273835406578794
0,14806,0.9966315377107717
0,14807,0.9942658534851248
0,14808,0.9918984458015082
0,14809,0.99272724730849915
0,14810,0.9909601447201385
0,14811,0.9817257074545681
0,14812,0.9775584711733444
0,14813,0.9865703960690296
0,14814,0.9751427798485698
0,14815,0.9852543148173848
0,14816,0.989969827532432
0,14817,0.9918893948812475
0,14818,0.9841044258679245
0,14819,0.9807318509449743
0,14820,0.9979302248482547
0,14821,0.9916424567211838
0,14822,0.9942978494091771
0,14823,0.9968188513627981
0,14824,0.9814274344664324
0,14825,0.990393302504783
0,14826,0.9961726712594831
0,14827,0.9856671494891458
0,14828,0.9868935504757028
0,14829,0.9745047157309414
0,14830,0.9689713033075915
0,14831,0.9896837144446814
0,14832,0.9953876927890136
0,14833,0.9968415711483309
0,14834,0.9863187645822897
0,14835,0.9918193094921208
0,14836,0.9920115392318053
0,14837,0.975162459459532
0,14838,0.9960739063955574
0,14839,0.9976471139367366
0,14840,0.9980418489832502
0,14841,0.9941828505781546
0,14842,0.9936080505119333
0,14843,0.9836693079158035
0,14844,0.9650995135463467
0,14845,0.9942680395929803
0,14846,0.9911299336025854
0,14847,0.9784054004036886
0,14848,0.9924244031488364
0,14849,0.9898950493815822
0,14850,0.949339901149395
0,14851,0.87741504571394
0,14852,0.9248823530652519
0,14853,0.9853146390301445
0,14854,0.9698048995894883
0,14855,0.99068503978878
0,14856,0.986977378337731
0,14857,0.9781320426067204
0,14858,0.9883085090206246
0,14859,0.9547720845120675
0,14860,0.994192192236386
0,14861,0.97687436730329
0,14862,0.9889080333915261
0,14863,0.9622539028641605
0,14864,0.9756231920203654
0,14865,0.9795698561764198
0,14866,0.989714075279589
0,14867,0.9878684219109425
0,14868,0.9928413567670048
0,14869,0.9878979279492321
0,14870,0.9773004118177719
0,14871,0.9886069729157455
0,14872,0.9665004845059703
0,14873,0.9611691298710524
0,14874,0.9856329735312285
0,14875,0.9905444141931823
0,14876,0.9969734765013444
0,14877,0.915511723740042
0,14878,0.9658087153881738
0,14879,0.9809534784227333
0,14880,0.9459533962131402
0,14881,0.9710644922173983
0,14882,0.9873294502425332
0,14883,0.965354184335906
0,14884,0.9899122693233182
0,14885,0.9724569711376099
0,14886,0.9897144354676294
0,14887,0.9882483908360418
0,14888,0.9879756172841173
0,14889,0.9821630949657411
0,14890,0.9966523437078637
0,14891,0.9680201299603455
0,14892,0.9660427712958947
0,14893,0.9616327782486026
0,14894,0.9715883183234081
0,14895,0.9868701187094786
0,14896,0.9468981947141355
0,14897,0.9925744484293499
0,14898,0.9587626392954853
0,14899,0.9906692211554465
0,14900,0.9792389243351947
0,14901,0.9009809929557445
0,14902,0.9935923783964034
0,14903,0.9932997831476522
0,14904,0.9955624630555309
0,14905,0.9929698764232561
0,14906,0.9872297333406702
0,14907,0.9816052756811209
0,14908,0.9850476688710244
0,14909,0.9967823619988407
0,14910,0.9953952233572031
0,14911,0.9789429513172203
0,14912,0.9753525332619505
0,14913,0.9841138052189763
0,14914,0.9731428771091667
0,14915,0.9811895068667305
0,14916,0.9869487722590822
0,14917,0.9747676301272614
0,14918,0.9890858714651649
0,14919,0.9858750461653262
0,14920,0.9804365918755423
0,14921,0.9775106675922633
0,14922,0.9811660502322149
0,14923,0.9925527184339441
0,14924,0.9912694212167923
0,14925,0.9663457088933077
0,14926,0.9936443686882074
0,14927,0.967780603627985
0,14928,0.978460602823077
0,14929,0.9903551147479076
0,14930,0.9776988153949371
0,14931,0.9948598325002356
0,14932,0.9922872548989465
0,14933,0.9877910269600213
0,14934,0.9746869563533153
0,14935,0.9966975123478736
0,14936,0.9963655128438874
0,14937,0.993753302207053
0,14938,0.9795194655045598
0,14939,0.998020155554352
0,14940,0.9536350185320852
0,14941,0.9767351830883914
0,14942,0.9625322018265464
0,14943,0.9903732761017765
0,14944,0.9825880977024153
0,14945,0.991774340685966
0,14946,0.9955075903318775
0,14947,0.9599612418319853
0,14948,0.9826893367347428
0,14949,0.9924436858598731
0,14950,0.9633199046850807
0,14951,0.9875253402027225
0,14952,0.9841268241115136
0,14953,0.9941339908938428
0,14954,0.9891902581808957
0,14955,0.9763495421881522
0,14956,0.9866255813640065
0,14957,0.9916198572225997
0,14958,0.9581835503844649
0,14959,0.9949923243730715
0,14960,0.9874819857697716
0,14961,0.9789353553075026
0,14962,0.9798911307570158
0,14963,0.9881212437869131
0,14964,0.9436220865682364
0,14965,0.9931199785738772
0,14966,0.9822557961394205
0,14967,0.9831681741992319
0,14968,0.983116826941157
0,14969,0.99248969647736
0,14970,0.9795972308501125
0,14971,0.9933366774075306
0,14972,0.9840747644030292
0,14973,0.9500929836628526
0,14974,0.9921651194780976
0,14975,0.9868589623656729
0,14976,0.9880624385571154
0,14977,0.9925728880725698
0,14978,0.9878341054238559
0,14979,0.9889156484312955
0,14980,0.9877818147792468
0,14981,0.9950515933033006
0,14982,0.9521136909599893
0,14983,0.9744968356038655
0,14984,0.9807141006331623
0,14985,0.992778419401407
0,14986,0.9964905719097461
0,14987,0.9911145301033629
0,14988,0.9909300664464122
0,14989,0.9798585180187823
0,14990,0.9893998451294929
0,14991,0.985232449771504
0,14992,0.9946687670169411
0,14993,0.9917618936138457
0,14994,0.9850614343999581
0,14995,0.9931637610352819
0,14996,0.9593309463917767
0,14997,0.9510106586208258
0,14998,0.9566176987798974
0,14999,0.993423022345902
0,15000,0.994585005103459
