fungicide,.draw,value
1,1,0.688029822179827
1,2,0.7405989597719698
1,3,0.8616645858612798
1,4,0.6136648974732312
1,5,0.6110442690280455
1,6,0.6266000440947372
1,7,0.7730654889852767
1,8,0.7681760613584651
1,9,0.7160015109784166
1,10,0.6506529604154057
1,11,0.5559438699302691
1,12,0.5004370878025681
1,13,0.8272960337486943
1,14,0.8337126052175263
1,15,0.8059556003808177
1,16,0.7971790186659246
1,17,0.8544240107146217
1,18,0.8626592177157402
1,19,0.7776273395016986
1,20,0.6944012037518628
1,21,0.6700270596709069
1,22,0.7399968091153709
1,23,0.726448943508272
1,24,0.7240361499770992
1,25,0.8171313588385631
1,26,0.650980824495322
1,27,0.7801453174543611
1,28,0.4181325311204381
1,29,0.5722215850246833
1,30,0.6880896984365508
1,31,0.49050409581061416
1,32,0.6299668559185742
1,33,0.4954359159531801
1,34,0.6822438991679781
1,35,0.8537674827475618
1,36,0.4034943279377593
1,37,0.6252522910744757
1,38,0.7946909289178065
1,39,0.6996077506180248
1,40,0.7344330430815292
1,41,0.74115229624725
1,42,0.6752186019005985
1,43,0.6632214301201463
1,44,0.7736282634262084
1,45,0.8581978803584652
1,46,0.7487452782708814
1,47,0.6694510644080595
1,48,0.7308443477320696
1,49,0.7228513023642127
1,50,0.6548594054689435
1,51,0.8119104200775598
1,52,0.7566650502104327
1,53,0.5338995264878119
1,54,0.7391972301271664
1,55,0.7854618800577426
1,56,0.5673141914897076
1,57,0.6305707657762044
1,58,0.602489845101953
1,59,0.817896679850866
1,60,0.711127855321374
1,61,0.690725739603855
1,62,0.5877959116343732
1,63,0.7824544463306963
1,64,0.4803322750487527
1,65,0.7247622909986823
1,66,0.6700239821121914
1,67,0.5613060874024081
1,68,0.4797472909596032
1,69,0.7568908770203621
1,70,0.7623376834883326
1,71,0.7329230564078685
1,72,0.683804664061257
1,73,0.5562671404858701
1,74,0.6076512053114436
1,75,0.7987432876218364
1,76,0.7606335102229725
1,77,0.8422575952674787
1,78,0.8285219878533883
1,79,0.7490705016362165
1,80,0.8790684101194027
1,81,0.8243609706201974
1,82,0.7264230374804119
1,83,0.9025668117439765
1,84,0.7243026850253002
1,85,0.8492945463284028
1,86,0.6896569024837947
1,87,0.8840096422237478
1,88,0.739594521410807
1,89,0.8918567063825071
1,90,0.8182968444709536
1,91,0.630482949861503
1,92,0.9020753938068259
1,93,0.8877401249378742
1,94,0.8787622454956694
1,95,0.8741775001488709
1,96,0.8549706674450361
1,97,0.738903135414298
1,98,0.6308312345439887
1,99,0.6877990105544249
1,100,0.5413908003821423
1,101,0.5883413342928031
1,102,0.8363296117302762
1,103,0.7111212814171755
1,104,0.8292472835666385
1,105,0.8616288613212048
1,106,0.2894454343095317
1,107,0.8877020925245229
1,108,0.7919387313002497
1,109,0.8190006448947414
1,110,0.7249064964826059
1,111,0.7364845829084309
1,112,0.8845706811991993
1,113,0.7655578244587625
1,114,0.7244134561363925
1,115,0.905327215855764
1,116,0.752454406799052
1,117,0.8329107596694608
1,118,0.708494791667197
1,119,0.7001879417477235
1,120,0.7242258602766976
1,121,0.7094423511645053
1,122,0.7268324304816867
1,123,0.48320882175684926
1,124,0.6974843617696926
1,125,0.714368721480976
1,126,0.7195716851683164
1,127,0.7150991365917322
1,128,0.7979330587237393
1,129,0.8310723450076624
1,130,0.7160647370599821
1,131,0.772073632503279
1,132,0.7136127490864804
1,133,0.7506037851730822
1,134,0.47879726682914175
1,135,0.562996923205795
1,136,0.5712251669556441
1,137,0.7896213544272617
1,138,0.5897918318637817
1,139,0.6370627946126763
1,140,0.6825469576848678
1,141,0.669915160036519
1,142,0.6936315040379102
1,143,0.8180419063895213
1,144,0.6771044504308156
1,145,0.6997858014445875
1,146,0.6339055577455612
1,147,0.8250812558383356
1,148,0.6379379432913567
1,149,0.7904161156619777
1,150,0.8462649692400159
1,151,0.6891628971094883
1,152,0.8458534831512933
1,153,0.7584709274404853
1,154,0.6904441675845935
1,155,0.5377322067720501
1,156,0.7518890409574015
1,157,0.8355696788268785
1,158,0.4422877774027438
1,159,0.6738210813397981
1,160,0.6970269208392059
1,161,0.8912807466853359
1,162,0.7128386597787769
1,163,0.7333978213887098
1,164,0.8344147345625447
1,165,0.6328291569191179
1,166,0.7247243551642534
1,167,0.7725528725961522
1,168,0.8224652353869564
1,169,0.7246719360050897
1,170,0.6672615476229133
1,171,0.7196562944080318
1,172,0.8329588075436721
1,173,0.6109670366585914
1,174,0.7780356472823067
1,175,0.7819453817606152
1,176,0.7280379622495963
1,177,0.6947452488396446
1,178,0.8076772656355973
1,179,0.501096461205841
1,180,0.6554742373000723
1,181,0.6896257397549982
1,182,0.5770660442969481
1,183,0.6558127536880354
1,184,0.7916890969985004
1,185,0.8316457878200468
1,186,0.8373106465405962
1,187,0.7071074443888777
1,188,0.9209372805745809
1,189,0.8425654544247165
1,190,0.788682336155085
1,191,0.5605729739828494
1,192,0.5752960327375942
1,193,0.37283087243570806
1,194,0.5947844140706077
1,195,0.6594812866947813
1,196,0.7874180810413784
1,197,0.6571802088241202
1,198,0.6394661246648933
1,199,0.6562239847794905
1,200,0.7840238049663564
1,201,0.7465379778018053
1,202,0.8222050045262224
1,203,0.7666486999135116
1,204,0.6524067877885791
1,205,0.8146474074294081
1,206,0.7418848932973985
1,207,0.7365855844081347
1,208,0.7183651671226556
1,209,0.789104294353619
1,210,0.5686166257637202
1,211,0.46623446088593573
1,212,0.7837812069249017
1,213,0.6622845619757721
1,214,0.7124949038921496
1,215,0.5833848387523466
1,216,0.8200321048383878
1,217,0.8832388135405529
1,218,0.7309709547018
1,219,0.7757387204416855
1,220,0.7341728187513673
1,221,0.7222725049430408
1,222,0.8108653872013578
1,223,0.7282958515555459
1,224,0.8334852833044313
1,225,0.8259121985755016
1,226,0.7142802432087582
1,227,0.622005657423521
1,228,0.6756883524274319
1,229,0.9076722667869342
1,230,0.47313704221858904
1,231,0.68828128059166
1,232,0.7668911859721483
1,233,0.7752232548461725
1,234,0.7813387540328927
1,235,0.42345707584231124
1,236,0.3745926407937565
1,237,0.7614018409408054
1,238,0.6553699474291723
1,239,0.833065297680351
1,240,0.7083820187750968
1,241,0.8834978247576252
1,242,0.7367206404431992
1,243,0.6149442629590959
1,244,0.8146265195753908
1,245,0.8771309891629044
1,246,0.7000050608148254
1,247,0.7496978528652526
1,248,0.8252750934176472
1,249,0.8506600964841943
1,250,0.7988972210960779
1,251,0.7927723927126078
1,252,0.7736846378477341
1,253,0.8939459708719818
1,254,0.6496134419752626
1,255,0.8097732867654864
1,256,0.6846777166013301
1,257,0.7113144089752771
1,258,0.7395457521740568
1,259,0.6910484912181284
1,260,0.7676648755326627
1,261,0.7084672701057674
1,262,0.888041140154575
1,263,0.8626061790480751
1,264,0.6793632864922913
1,265,0.893928053400421
1,266,0.6994389456974387
1,267,0.7382201545010814
1,268,0.6553795175962284
1,269,0.7084876187719958
1,270,0.7230504824830231
1,271,0.6140564824442893
1,272,0.8488231347231644
1,273,0.8856173651202762
1,274,0.5360867879026229
1,275,0.5690689262144746
1,276,0.8734740172373395
1,277,0.7601414930459386
1,278,0.8635412935627618
1,279,0.6793247708192383
1,280,0.7533713369399615
1,281,0.5870408951173393
1,282,0.5746032530305369
1,283,0.842294828311889
1,284,0.7479554388184225
1,285,0.7650632102951599
1,286,0.5526089631183344
1,287,0.7726497120300078
1,288,0.8852635380215397
1,289,0.7127508649613313
1,290,0.7580353244703251
1,291,0.9596349495361198
1,292,0.96627897091327
1,293,0.9787284627521035
1,294,0.6183270476514747
1,295,0.7881338060414014
1,296,0.6787532429140716
1,297,0.7535687424668297
1,298,0.6805032802557904
1,299,0.7215867424291422
1,300,0.8400710247606114
1,301,0.7706095699107239
1,302,0.7709174937819425
1,303,0.6906771516386779
1,304,0.7039921039347424
1,305,0.5056613716629772
1,306,0.849309711505356
1,307,0.799011715901677
1,308,0.45537357837119746
1,309,0.664518347101349
1,310,0.6356408611941032
1,311,0.6539475221279202
1,312,0.7094299284336797
1,313,0.7401455207391565
1,314,0.8358276610507135
1,315,0.77300382308113
1,316,0.6700764509014397
1,317,0.7872049515874507
1,318,0.5890773830296764
1,319,0.7131931813027231
1,320,0.7173760272764925
1,321,0.8277549601386996
1,322,0.8519445809829257
1,323,0.3877268797999056
1,324,0.6762859284708205
1,325,0.701514691036095
1,326,0.799973889331187
1,327,0.7899018598123951
1,328,0.8700317823852634
1,329,0.6536518156679424
1,330,0.8165935840681564
1,331,0.7219135440399567
1,332,0.7246977874071313
1,333,0.5392175475609531
1,334,0.7127931312496593
1,335,0.8669202244003017
1,336,0.9032213975082715
1,337,0.897862620937664
1,338,0.8722055883757373
1,339,0.7934636198193955
1,340,0.6743894170006629
1,341,0.7911961353635089
1,342,0.7355906007894641
1,343,0.7964689656685852
1,344,0.5070031374649743
1,345,0.5569467979522673
1,346,0.5847525560082653
1,347,0.9261414179880594
1,348,0.8729563213070956
1,349,0.9111522953455151
1,350,0.7623412494903542
1,351,0.5815122475300462
1,352,0.7244621989633514
1,353,0.641368968336611
1,354,0.6996976172009278
1,355,0.8043493501564709
1,356,0.7391898001480935
1,357,0.7880000893422339
1,358,0.8461531453566296
1,359,0.8053197354611298
1,360,0.7697368323015028
1,361,0.6826192177116588
1,362,0.807860718180952
1,363,0.5375860647955463
1,364,0.8391863977502008
1,365,0.8588934077629028
1,366,0.7671906118966156
1,367,0.5672846099926275
1,368,0.6027683580281369
1,369,0.8792579825466864
1,370,0.8151685618459426
1,371,0.6763691905763356
1,372,0.74139419947847085
1,373,0.7278069172329077
1,374,0.8056856986691855
1,375,0.6896741547642241
1,376,0.8054582065431002
1,377,0.7833549150944169
1,378,0.8541130633116066
1,379,0.7003081023545391
1,380,0.7737527699515175
1,381,0.770210378298467
1,382,0.8321697262639577
1,383,0.6881556545997608
1,384,0.6970199055993386
1,385,0.6154586899418187
1,386,0.629872711550258
1,387,0.6291115958768966
1,388,0.7363911348919923
1,389,0.6181341529368647
1,390,0.8102738816652232
1,391,0.6493809400196194
1,392,0.9217732753623715
1,393,0.6596241306829664
1,394,0.7032133762551874
1,395,0.7749027208352142
1,396,0.636737363413644
1,397,0.7665497261829198
1,398,0.7647993005112391
1,399,0.7469752461692942
1,400,0.742425525649104
1,401,0.7441099547300444
1,402,0.6979492419921992
1,403,0.7150996972641688
1,404,0.8404396795711448
1,405,0.81688642408907
1,406,0.7643791383520021
1,407,0.7230969230805686
1,408,0.8102346960937103
1,409,0.8542304098845047
1,410,0.6670775992943915
1,411,0.7432706794557575
1,412,0.7544631031499095
1,413,0.7261788473446759
1,414,0.6631655391761431
1,415,0.6462335747960786
1,416,0.6607144460243625
1,417,0.6923971462998416
1,418,0.602871628422316
1,419,0.833863062114994
1,420,0.7527898902789919
1,421,0.802313195254163
1,422,0.7245291685629373
1,423,0.6664193143464081
1,424,0.5848736043743632
1,425,0.6718131278174223
1,426,0.9238846422743712
1,427,0.9389281862731523
1,428,0.5810056606368329
1,429,0.7434396130929495
1,430,0.7607368995252592
1,431,0.7548978142340405
1,432,0.6761263336908497
1,433,0.8169772951779396
1,434,0.7875178805085448
1,435,0.6955722651484968
1,436,0.47904179052277784
1,437,0.5423345513941854
1,438,0.6819706417077742
1,439,0.7979183419112618
1,440,0.7612960626823417
1,441,0.7760769801997197
1,442,0.8589977404300543
1,443,0.6761598602061726
1,444,0.7220200286735765
1,445,0.6431394420663539
1,446,0.6811838233034693
1,447,0.604983861219264
1,448,0.751094283836225
1,449,0.7317061457301969
1,450,0.8039409563928192
1,451,0.7575480292128307
1,452,0.5270283752796698
1,453,0.6598599669618732
1,454,0.7252213553974954
1,455,0.8519308394468414
1,456,0.695570052674286
1,457,0.7936729734996718
1,458,0.7579536658096899
1,459,0.687788267390005
1,460,0.8060836729726204
1,461,0.7631704559267515
1,462,0.7492453225613107
1,463,0.7521419441080038
1,464,0.8260844940754823
1,465,0.7841280385712325
1,466,0.6276916281043228
1,467,0.6908816697288962
1,468,0.7832654295705245
1,469,0.8129050057906919
1,470,0.7466802329139577
1,471,0.8302295674418849
1,472,0.6674764043074691
1,473,0.8714654622234216
1,474,0.7336804448910698
1,475,0.8125135596860557
1,476,0.7356854674717007
1,477,0.7188975098941741
1,478,0.8721846592377672
1,479,0.6221016766838686
1,480,0.7407969107970118
1,481,0.8103193071325343
1,482,0.844027382414008
1,483,0.6890965135443381
1,484,0.8518526906846842
1,485,0.6960378927713928
1,486,0.6864550294110511
1,487,0.6720276797493785
1,488,0.7838005318721006
1,489,0.7382917206811481
1,490,0.8062128118652592
1,491,0.7578613251525648
1,492,0.7290557177539511
1,493,0.766700092191575
1,494,0.802558298718957
1,495,0.5995507576326747
1,496,0.7984773449840028
1,497,0.7934043736855397
1,498,0.6743109782786012
1,499,0.8749024615748777
1,500,0.7637258958153597
1,501,0.7414978370609983
1,502,0.6595062928758234
1,503,0.6822564437197969
1,504,0.28332060586722646
1,505,0.8316427508084575
1,506,0.9206575452793392
1,507,0.6575972473783112
1,508,0.5590749117959825
1,509,0.5681006038887371
1,510,0.49074302390005786
1,511,0.8321370576688664
1,512,0.8058993759954
1,513,0.5661798027804237
1,514,0.6732034281054119
1,515,0.8079834323237405
1,516,0.7741005578074089
1,517,0.6924407254475557
1,518,0.8672237248708188
1,519,0.8245723235363178
1,520,0.8620761468658873
1,521,0.7340587363231382
1,522,0.8088590822128542
1,523,0.8066732128988662
1,524,0.8198014681244742
1,525,0.9239105997686974
1,526,0.7764971469702413
1,527,0.6099233763880941
1,528,0.6303480616009393
1,529,0.582569642386163
1,530,0.693872782077607
1,531,0.3656432897792389
1,532,0.7276904737988539
1,533,0.8420641369369294
1,534,0.7527910119364133
1,535,0.8217396192912874
1,536,0.6275481370982549
1,537,0.6729284061349062
1,538,0.7108413829727602
1,539,0.6734568704272844
1,540,0.8004417215810946
1,541,0.7140025976236947
1,542,0.744118321504149
1,543,0.7362379120930609
1,544,0.7113705370098112
1,545,0.7675889451867522
1,546,0.6686280922695865
1,547,0.7907649010805603
1,548,0.5650852184051339
1,549,0.5778416405318707
1,550,0.8235224800052838
1,551,0.8304582577879904
1,552,0.7718635017465809
1,553,0.7541413577104009
1,554,0.7544644073814811
1,555,0.7407626295602373
1,556,0.7625165047236319
1,557,0.7797209842975164
1,558,0.8398956001125458
1,559,0.7673098203322222
1,560,0.7992757676812543
1,561,0.5916528967896122
1,562,0.6594509288482788
1,563,0.7846807545387602
1,564,0.8225334876498138
1,565,0.7945223011486844
1,566,0.6281530083296555
1,567,0.8552580342460142
1,568,0.6043387094341596
1,569,0.5886196332473542
1,570,0.7940365429961135
1,571,0.8586127992895053
1,572,0.7561502764807113
1,573,0.526725676144371
1,574,0.5821600967595436
1,575,0.4697772010424026
1,576,0.5503952829147406
1,577,0.5086571227919523
1,578,0.8022824499853075
1,579,0.5080409801171506
1,580,0.8429906487324901
1,581,0.6074639848001753
1,582,0.8622406460373588
1,583,0.3508708303641801
1,584,0.6149598916938989
1,585,0.4975851893620692
1,586,0.7030196745655032
1,587,0.7585827810624222
1,588,0.6688815589343052
1,589,0.6409109048313051
1,590,0.722893685651638
1,591,0.7521598218749406
1,592,0.7318809610407286
1,593,0.7801234568829388
1,594,0.7852538407653821
1,595,0.8481048024647826
1,596,0.7980528187285842
1,597,0.737349033180179
1,598,0.6729063870378936
1,599,0.630082854926298
1,600,0.6270184060261105
1,601,0.5066224707895729
1,602,0.7077193992804343
1,603,0.7419483766003842
1,604,0.7323728927210952
1,605,0.8499227706623098
1,606,0.7687927090891067
1,607,0.8459459501047009
1,608,0.6475855551204495
1,609,0.6787148443267828
1,610,0.4249089935528326
1,611,0.7196466379261514
1,612,0.6599298036088493
1,613,0.5815801134154335
1,614,0.7608545119736512
1,615,0.7723497698818506
1,616,0.7119418401914106
1,617,0.7396051654999185
1,618,0.6449974007799851
1,619,0.8807267856798313
1,620,0.7428384883037086
1,621,0.7705358321880306
1,622,0.6174556611538611
1,623,0.9316274476400032
1,624,0.4748123496586936
1,625,0.7540193296948289
1,626,0.7663095708253812
1,627,0.6491471114499444
1,628,0.7438444377201159
1,629,0.54759447867766875
1,630,0.6403520088459457
1,631,0.567527993800078
1,632,0.7132874343149224
1,633,0.6284924231635046
1,634,0.6655370629976375
1,635,0.7615633718091658
1,636,0.6314471488585354
1,637,0.586181094745465
1,638,0.770886590785851
1,639,0.8331412138673525
1,640,0.6840697464787697
1,641,0.4559177453822436
1,642,0.695441484938195
1,643,0.6382660176673233
1,644,0.6967111850222412
1,645,0.4257052440876155
1,646,0.8068863526743296
1,647,0.6705444343636193
1,648,0.799272005187883
1,649,0.7896956144038291
1,650,0.8442896054823469
1,651,0.7079406961678205
1,652,0.7358320067802331
1,653,0.8586607275108582
1,654,0.6829353593648642
1,655,0.8557259712374048
1,656,0.7445771657031467
1,657,0.6907470902591729
1,658,0.845538944419769
1,659,0.7948426251188047
1,660,0.7765722530426787
1,661,0.6841306819305308
1,662,0.7387517887624218
1,663,0.68267743983578
1,664,0.797550953283027
1,665,0.7268576582428414
1,666,0.6163182817042229
1,667,0.6908905654836558
1,668,0.7604240039386354
1,669,0.8133779645522181
1,670,0.786735968112892
1,671,0.7392227719782345
1,672,0.7091757367511491
1,673,0.5855329169405258
1,674,0.6881900077003378
1,675,0.7123673185196326
1,676,0.6556857402802142
1,677,0.7221504131993233
1,678,0.6981792855679063
1,679,0.7889501016928053
1,680,0.6666003796477044
1,681,0.6717011361461187
1,682,0.6546369886878335
1,683,0.6122355143079254
1,684,0.5546851318313242
1,685,0.7146550735729481
1,686,0.7936120565591974
1,687,0.8265919428237113
1,688,0.6932972037239495
1,689,0.7385895459415718
1,690,0.7171435140864021
1,691,0.7063437889631146
1,692,0.8834931431688812
1,693,0.8849282360424934
1,694,0.6025967211954699
1,695,0.6531651409168133
1,696,0.45491031802767407
1,697,0.4280824518767226
1,698,0.7741320664877152
1,699,0.7798732033075592
1,700,0.7131172035590672
1,701,0.8565008117156631
1,702,0.8217708745195504
1,703,0.7912020142262094
1,704,0.7928910730226636
1,705,0.8315311334776023
1,706,0.7284612866872684
1,707,0.6567822101911848
1,708,0.7377107922874129
1,709,0.7562584047270674
1,710,0.7199569240128589
1,711,0.8262245349922844
1,712,0.7171656508605653
1,713,0.7979220380176102
1,714,0.6582444670648094
1,715,0.7074934394059245
1,716,0.8557879630057256
1,717,0.6623321168328079
1,718,0.7890311149024043
1,719,0.7657253328428104
1,720,0.7415729021630694
1,721,0.7889852964421804
1,722,0.777067214753282
1,723,0.7296134289634358
1,724,0.6454558704011857
1,725,0.7584203731852118
1,726,0.6574092784348771
1,727,0.8353041601576923
1,728,0.7107291243686814
1,729,0.7857678833376914
1,730,0.9311499288877061
1,731,0.6228760945638397
1,732,0.7615307138938114
1,733,0.9302806617003337
1,734,0.7225987397068926
1,735,0.7308516628602735
1,736,0.7780756625683724
1,737,0.8105867649370452
1,738,0.7362847403029624
1,739,0.8410521257775445
1,740,0.6870015503982322
1,741,0.7833524377200093
1,742,0.8047758834551875
1,743,0.7799040063056661
1,744,0.7706096167311113
1,745,0.8672692613776446
1,746,0.33424651438027364
1,747,0.7906006779215733
1,748,0.8389956153818519
1,749,0.8129957084935248
1,750,0.7524074864964314
1,751,0.8646548566161908
1,752,0.2636475753069303
1,753,0.8406068591651711
1,754,0.6915140064634209
1,755,0.8087724010552393
1,756,0.6227458364170804
1,757,0.824275059841064
1,758,0.8124898888226132
1,759,0.7748586581182636
1,760,0.8473007625835968
1,761,0.7023723256736825
1,762,0.7260217209175722
1,763,0.6802856111660401
1,764,0.8373961884011248
1,765,0.8047226845335168
1,766,0.782313938591062
1,767,0.7813571102766665
1,768,0.8607441181748714
1,769,0.7501021788413502
1,770,0.6781638690132786
1,771,0.8175366785613446
1,772,0.6881859396281054
1,773,0.8809900063334198
1,774,0.8380990845571955
1,775,0.9111024123082324
1,776,0.879223520393226
1,777,0.6814702040603222
1,778,0.5581485430787909
1,779,0.8762968420502223
1,780,0.719833953513169
1,781,0.8159980288333363
1,782,0.6340721933296202
1,783,0.8332582459653488
1,784,0.6907240304666342
1,785,0.7561854972199544
1,786,0.748828642359406
1,787,0.6163973186957061
1,788,0.8269366326186475
1,789,0.8130463968315836
1,790,0.8887515738368742
1,791,0.8711553201623172
1,792,0.7709172090898363
1,793,0.7586945013133656
1,794,0.7379650627209541
1,795,0.7566082284161639
1,796,0.677805375071043
1,797,0.6477594661014668
1,798,0.7838288402960296
1,799,0.7935975122263242
1,800,0.7742922828108779
1,801,0.6994399926165793
1,802,0.7342686529160717
1,803,0.5829534303900924
1,804,0.7251538990939689
1,805,0.7788633577848162
1,806,0.6219668146179926
1,807,0.7691473023454701
1,808,0.6193798904348289
1,809,0.7130906828851106
1,810,0.6021342621533073
1,811,0.7293954195278028
1,812,0.798128988321891
1,813,0.6391075439819597
1,814,0.6642589862266081
1,815,0.8025238055085162
1,816,0.8088246317667086
1,817,0.7755334009608513
1,818,0.7502885817683508
1,819,0.8474260873989135
1,820,0.5702231749600672
1,821,0.7554511501491896
1,822,0.9183727538554729
1,823,0.5344102975526205
1,824,0.898414512612247
1,825,0.7976441190373561
1,826,0.7533683739366392
1,827,0.6270750014103058
1,828,0.7482430289065705
1,829,0.6381355527934437
1,830,0.6913446967805129
1,831,0.5644584788431677
1,832,0.7965575275491009
1,833,0.6618990013739768
1,834,0.6746752831252155
1,835,0.7613155629398066
1,836,0.6648507776678486
1,837,0.7293088063214189
1,838,0.7673281360099313
1,839,0.761829919939706
1,840,0.775377064572195
1,841,0.807258330934554
1,842,0.6935720791629334
1,843,0.8357261533880669
1,844,0.6488575906634245
1,845,0.7424888488775733
1,846,0.921278098761248
1,847,0.90124286915577
1,848,0.4680019323002117
1,849,0.7065814381359761
1,850,0.700772650014454
1,851,0.7011688045526148
1,852,0.7655496206515487
1,853,0.6404947834459764
1,854,0.6740456145022413
1,855,0.7769670856415825
1,856,0.7395680965994417
1,857,0.8045519376209204
1,858,0.679288843383383
1,859,0.8026004656608545
1,860,0.6465902400013552
1,861,0.6943512603324553
1,862,0.7538378336593036
1,863,0.7313683095025595
1,864,0.7790493453369486
1,865,0.6805570803297585
1,866,0.5442478626598517
1,867,0.8216606249605798
1,868,0.6848642014665139
1,869,0.6944427639042716
1,870,0.7363186902342733
1,871,0.8230407130851576
1,872,0.9483810169776792
1,873,0.6448826436541139
1,874,0.8310830246203301
1,875,0.8599181476579203
1,876,0.7772514313058018
1,877,0.6470695534704521
1,878,0.5643738648773844
1,879,0.695259997975353
1,880,0.7887082292201387
1,881,0.8423705656102183
1,882,0.7560308622057788
1,883,0.9007382861853229
1,884,0.855811117329383
1,885,0.5638933661537946
1,886,0.43127109529092766
1,887,0.62878508196781
1,888,0.694609631872695
1,889,0.5908968888344281
1,890,0.767705677017796
1,891,0.7206246312070129
1,892,0.7572389830411778
1,893,0.8567143661787703
1,894,0.9170217322540657
1,895,0.5385009905583487
1,896,0.599281334672312
1,897,0.7513892724462331
1,898,0.7501535099187568
1,899,0.7315652672600101
1,900,0.797587455286775
1,901,0.7066237817753981
1,902,0.7928483827317242
1,903,0.7601476554941097
1,904,0.7089723523205151
1,905,0.7030768420829485
1,906,0.7706130185193895
1,907,0.7346125400184615
1,908,0.6374288839897703
1,909,0.5714925990327173
1,910,0.7190935480606332
1,911,0.90548243460296
1,912,0.9134507812804666
1,913,0.5610773283639066
1,914,0.7853062438503661
1,915,0.5112159499500063
1,916,0.793207809950821
1,917,0.6146758788982917
1,918,0.6510530567190577
1,919,0.7242307658260034
1,920,0.8076240062700368
1,921,0.7603883362132251
1,922,0.8610187453929123
1,923,0.776612691717799
1,924,0.6847995102435775
1,925,0.7388150017308743
1,926,0.743541938892149
1,927,0.819786082870373
1,928,0.6671807601259335
1,929,0.8961613504823612
1,930,0.7385383603672502
1,931,0.7836378455670215
1,932,0.7316355019633886
1,933,0.7735220950872213
1,934,0.7917874567994005
1,935,0.8419992254573155
1,936,0.6968462761169097
1,937,0.8517780867207494
1,938,0.5194925158605163
1,939,0.5096114262683663
1,940,0.4826115111322129
1,941,0.7764190024142603
1,942,0.6806346304376586
1,943,0.5629844567955479
1,944,0.39865316190899946
1,945,0.7609345704516477
1,946,0.7278819685681904
1,947,0.8186081512034028
1,948,0.8176529279105683
1,949,0.46466711232262
1,950,0.8002675501344663
1,951,0.6583218804663905
1,952,0.8818792817357433
1,953,0.6330286087616551
1,954,0.7292137555031271
1,955,0.783783440565645
1,956,0.7030401891250552
1,957,0.5759421775976675
1,958,0.7174122517055491
1,959,0.7352998074609914
1,960,0.8576177895523929
1,961,0.6949594830289277
1,962,0.847027414911456
1,963,0.7162858414010866
1,964,0.8108005427209374
1,965,0.8300672970652739
1,966,0.7402992650180896
1,967,0.7786315025901318
1,968,0.6315926284857986
1,969,0.49356465428185853
1,970,0.625583281449884
1,971,0.790964287233912
1,972,0.6418551423651346
1,973,0.7728517726980803
1,974,0.5982940550784381
1,975,0.8224589403059308
1,976,0.8542667795933168
1,977,0.7086633265772548
1,978,0.6686835372876785
1,979,0.6403218468440224
1,980,0.6338036967302046
1,981,0.7821554962284734
1,982,0.7356058370513157
1,983,0.6884488421878743
1,984,0.7063611573568308
1,985,0.7425581045550608
1,986,0.7633867594615951
1,987,0.8079676222659571
1,988,0.7303837850204831
1,989,0.6660738733544765
1,990,0.6599136585224936
1,991,0.46247773887188764
1,992,0.670048542507216
1,993,0.7771161788474273
1,994,0.7071655790840297
1,995,0.5629522678135006
1,996,0.8040776697437888
1,997,0.7227473280964566
1,998,0.8162386191744221
1,999,0.6425070555194546
1,1000,0.8272345384035926
1,1001,0.9023298352145905
1,1002,0.7410423832203393
1,1003,0.7570868985071026
1,1004,0.6674811182211052
1,1005,0.8080006948206702
1,1006,0.7698755573466616
1,1007,0.6822720767670063
1,1008,0.8236025461340049
1,1009,0.7034281258710559
1,1010,0.7610541789552557
1,1011,0.7713086134944707
1,1012,0.6810156660780954
1,1013,0.6081962619766965
1,1014,0.6824322135104262
1,1015,0.6851301871606982
1,1016,0.6475630006972074
1,1017,0.8579841650845663
1,1018,0.5538684277258454
1,1019,0.7456624467161419
1,1020,0.8020075654503098
1,1021,0.6572796498628021
1,1022,0.712611495217476
1,1023,0.764223518156839
1,1024,0.7369443903733928
1,1025,0.828385425263035
1,1026,0.5087197176567053
1,1027,0.714863240619134
1,1028,0.6772205597093658
1,1029,0.7673097334360524
1,1030,0.7048580238266168
1,1031,0.6411655543972772
1,1032,0.8290697049168403
1,1033,0.7557120147937724
1,1034,0.7784531586721535
1,1035,0.7503218993952369
1,1036,0.7811838872021534
1,1037,0.615339832588486
1,1038,0.5150054294366386
1,1039,0.6840159821061044
1,1040,0.7581786549826632
1,1041,0.7373140030416768
1,1042,0.6130681029675659
1,1043,0.47337608244219137
1,1044,0.7464851494721446
1,1045,0.7906857103935085
1,1046,0.781283863652868
1,1047,0.786190023749563
1,1048,0.38316761637280605
1,1049,0.6676549710001796
1,1050,0.6559471727575044
1,1051,0.7288014164179415
1,1052,0.48888934476004425
1,1053,0.7018736033561609
1,1054,0.7991869408999831
1,1055,0.7819006037844496
1,1056,0.8243353496392095
1,1057,0.8069309075059592
1,1058,0.7749412125129661
1,1059,0.7927488987672108
1,1060,0.8258245141571876
1,1061,0.712616101634128
1,1062,0.6344359818017605
1,1063,0.8373935503383513
1,1064,0.73926368723478
1,1065,0.7461233094749082
1,1066,0.6633515849576203
1,1067,0.7849063526494744
1,1068,0.76816634819091
1,1069,0.7600467041858441
1,1070,0.7275514264240739
1,1071,0.7542288257925892
1,1072,0.7930891212999509
1,1073,0.7879726289621094
1,1074,0.6638782909468681
1,1075,0.6398747727586448
1,1076,0.7089241839009017
1,1077,0.7556263974893834
1,1078,0.7498687380048041
1,1079,0.6865969993183498
1,1080,0.8992977613690655
1,1081,0.7328025940564359
1,1082,0.77486629381497
1,1083,0.7450704022631301
1,1084,0.8206346791225041
1,1085,0.7000818737128213
1,1086,0.8105059948679992
1,1087,0.7537638309229842
1,1088,0.8420239073386996
1,1089,0.8478552963867403
1,1090,0.7253955545914978
1,1091,0.7878833245719462
1,1092,0.7435874023129875
1,1093,0.795467655162642
1,1094,0.696622333576617
1,1095,0.5961328228649414
1,1096,0.6540176532704868
1,1097,0.6431123499958293
1,1098,0.7976336206684642
1,1099,0.7872651620452817
1,1100,0.8128392477263127
1,1101,0.6660907501583186
1,1102,0.7640918715738868
1,1103,0.7561730851843663
1,1104,0.8260405987042284
1,1105,0.8324102328876807
1,1106,0.715796085342852
1,1107,0.7442787264053781
1,1108,0.6991506755206072
1,1109,0.8087690590694794
1,1110,0.679613197935837
1,1111,0.7139385473400589
1,1112,0.859762535171018
1,1113,0.5841664471843167
1,1114,0.7003216829166515
1,1115,0.6680629627949366
1,1116,0.7576813084312454
1,1117,0.850216226434857
1,1118,0.7890453632918363
1,1119,0.6816865824039738
1,1120,0.6264675454014644
1,1121,0.6165445321173524
1,1122,0.7199587661257953
1,1123,0.7609401515161125
1,1124,0.7282797714635112
1,1125,0.5811766645260769
1,1126,0.6657535584194564
1,1127,0.5144194471985385
1,1128,0.5308805341325378
1,1129,0.7495864816831947
1,1130,0.7682408989780459
1,1131,0.7455726990253687
1,1132,0.9217067791824911
1,1133,0.844758107497641
1,1134,0.7508255368471988
1,1135,0.62073935429109794
1,1136,0.7448444089009625
1,1137,0.7570068629775136
1,1138,0.8002306844705563
1,1139,0.7553557298562866
1,1140,0.8038963229752566
1,1141,0.8483605570428032
1,1142,0.5946660752007997
1,1143,0.893407903844029
1,1144,0.8998129357887952
1,1145,0.8544859777593791
1,1146,0.9314152774935477
1,1147,0.7245583311079423
1,1148,0.7699911685100153
1,1149,0.7753358246971009
1,1150,0.7669029096749633
1,1151,0.7114791113066998
1,1152,0.3387287606040067
1,1153,0.6147008213769876
1,1154,0.7889449223207755
1,1155,0.6260147059063979
1,1156,0.7924317202075044
1,1157,0.6746438151135221
1,1158,0.6629035233934051
1,1159,0.8090766922627012
1,1160,0.7505023273563644
1,1161,0.7380948220149665
1,1162,0.8567479323286793
1,1163,0.7187791776842276
1,1164,0.8657656643372147
1,1165,0.5623354673845209
1,1166,0.6969316333224304
1,1167,0.6195118190210845
1,1168,0.6999762692683332
1,1169,0.7075225508271129
1,1170,0.7180231076691032
1,1171,0.5974709447319877
1,1172,0.6821680856209389
1,1173,0.5326827871238239
1,1174,0.6432060872594856
1,1175,0.7907564423818696
1,1176,0.7977786985183698
1,1177,0.7061225861717129
1,1178,0.523197908690885
1,1179,0.7322529030071669
1,1180,0.7416319582581631
1,1181,0.7876076680396931
1,1182,0.6783418442080236
1,1183,0.8141830684091127
1,1184,0.8588241441384705
1,1185,0.6032951441424469
1,1186,0.8520920034614837
1,1187,0.7774709999559392
1,1188,0.7964636904283814
1,1189,0.8208341783549618
1,1190,0.6368324730287567
1,1191,0.8972866199684931
1,1192,0.6262839486211534
1,1193,0.9388577180972142
1,1194,0.6594859823408133
1,1195,0.806597145901565
1,1196,0.7920950776789666
1,1197,0.6891319130807877
1,1198,0.8476373318491675
1,1199,0.7228636888248413
1,1200,0.7212240071220233
1,1201,0.7369256906371799
1,1202,0.7384419567680784
1,1203,0.810815734446499
1,1204,0.6107519386405605
1,1205,0.6857201751663061
1,1206,0.8552885433563736
1,1207,0.7879173179626935
1,1208,0.5496733490382377
1,1209,0.6744775341368173
1,1210,0.8405734069252936
1,1211,0.3420211859903483
1,1212,0.7377229955825058
1,1213,0.7943018724341054
1,1214,0.41605444386640633
1,1215,0.8133190742145133
1,1216,0.6992530108156566
1,1217,0.7449036473661977
1,1218,0.788087889525363
1,1219,0.6650810524333947
1,1220,0.6082734998852316
1,1221,0.7707756878687708
1,1222,0.7689074891058592
1,1223,0.881232339323014
1,1224,0.8455361129158621
1,1225,0.8986397828388282
1,1226,0.8234446538179785
1,1227,0.7693250907932316
1,1228,0.7924086618703933
1,1229,0.6743104404523186
1,1230,0.663447091120726
1,1231,0.6583350136294779
1,1232,0.6592906363340946
1,1233,0.7933601247959247
1,1234,0.7748715724304555
1,1235,0.8356290247881801
1,1236,0.7821387154118711
1,1237,0.6979308997985114
1,1238,0.6594819673798836
1,1239,0.5526099727365107
1,1240,0.5174161033918244
1,1241,0.7987628538107201
1,1242,0.5391066066682053
1,1243,0.8220412831591701
1,1244,0.6175679232718295
1,1245,0.676566019513345
1,1246,0.571150524572245
1,1247,0.5853367665739069
1,1248,0.7946256297554001
1,1249,0.7300270433248081
1,1250,0.8238670026848512
1,1251,0.8751488227191367
1,1252,0.7817440529795538
1,1253,0.8520866956512894
1,1254,0.5770904125031141
1,1255,0.7112201261197579
1,1256,0.7756149089371427
1,1257,0.7265314888039952
1,1258,0.7666055945147014
1,1259,0.7364496492299443
1,1260,0.6728402920506991
1,1261,0.5825668602506799
1,1262,0.5436081869614573
1,1263,0.8561692425760505
1,1264,0.5539753978630323
1,1265,0.7197229280494962
1,1266,0.5841081804076843
1,1267,0.6942511471940611
1,1268,0.6971180543464284
1,1269,0.6626536088759986
1,1270,0.696985750063255
1,1271,0.40260268420880657
1,1272,0.7057676409386824
1,1273,0.7420182266344643
1,1274,0.7068382769748561
1,1275,0.6343882923057713
1,1276,0.741368825277076
1,1277,0.7570126682329651
1,1278,0.7463938080691538
1,1279,0.7128072618893299
1,1280,0.5852618874788704
1,1281,0.826149274646818
1,1282,0.8274349353712703
1,1283,0.7112507927623917
1,1284,0.5599970786547285
1,1285,0.6260633162250974
1,1286,0.8271293746442497
1,1287,0.7794412748100609
1,1288,0.6102982576963001
1,1289,0.8142391867597684
1,1290,0.6478834146913298
1,1291,0.6634412663211923
1,1292,0.7757009309490955
1,1293,0.7566948480551727
1,1294,0.8124718396991668
1,1295,0.7028446847805104
1,1296,0.7240951146954598
1,1297,0.6874121808782491
1,1298,0.659795848945553
1,1299,0.7208730234689026
1,1300,0.6296130086510524
1,1301,0.5804692326943429
1,1302,0.7737199867818463
1,1303,0.8004510206913898
1,1304,0.7489853916169434
1,1305,0.7269230978249714
1,1306,0.7904808911208685
1,1307,0.7385374764052313
1,1308,0.7001217642579338
1,1309,0.8664348548108968
1,1310,0.3371877557996736
1,1311,0.6428576800903509
1,1312,0.7702090247565252
1,1313,0.7911829631817656
1,1314,0.6890211890800705
1,1315,0.7007365283779652
1,1316,0.8146777553886515
1,1317,0.7770248713362596
1,1318,0.7773653658953172
1,1319,0.6003251644544465
1,1320,0.6595742935152993
1,1321,0.7885298692389635
1,1322,0.7769516178261759
1,1323,0.6719647404426995
1,1324,0.650592226057279
1,1325,0.6940333956660502
1,1326,0.7805735567347027
1,1327,0.7660888616842342
1,1328,0.7496949608695375
1,1329,0.7067158358058924
1,1330,0.6286115645778898
1,1331,0.6329916154910538
1,1332,0.7034538166434673
1,1333,0.8201074159995022
1,1334,0.7983216335724048
1,1335,0.8542356213012305
1,1336,0.7742467683666133
1,1337,0.6736563159773462
1,1338,0.5834815014141743
1,1339,0.7717970943890361
1,1340,0.7951072130236748
1,1341,0.6101217606561453
1,1342,0.7714857853597625
1,1343,0.6781543581238434
1,1344,0.6353486428371238
1,1345,0.7773089949461534
1,1346,0.6100310047705089
1,1347,0.7233591870684961
1,1348,0.8914949470321363
1,1349,0.8568294925265951
1,1350,0.8684150631192311
1,1351,0.8637985466251366
1,1352,0.3150202492177118
1,1353,0.29235844216226764
1,1354,0.44630467861868983
1,1355,0.829435209226423
1,1356,0.5370130493746273
1,1357,0.5297327462439169
1,1358,0.6112587118498637
1,1359,0.6168449411550495
1,1360,0.7485526339714905
1,1361,0.8637117320749809
1,1362,0.6912328553822472
1,1363,0.7951006878270074
1,1364,0.800617922655682
1,1365,0.6126764294397778
1,1366,0.719403837493641
1,1367,0.7743992817460275
1,1368,0.7452913765534782
1,1369,0.730679250027475
1,1370,0.7249611711466843
1,1371,0.789713959590623
1,1372,0.7385616424941295
1,1373,0.8284018506145994
1,1374,0.7629742962631112
1,1375,0.7725876332194207
1,1376,0.7372552240644992
1,1377,0.8594276681571603
1,1378,0.6373590569755707
1,1379,0.6403074154631117
1,1380,0.8030513070002102
1,1381,0.7483498556544367
1,1382,0.7523225021044204
1,1383,0.746692085651176
1,1384,0.8517709313815993
1,1385,0.6566117135384746
1,1386,0.7808371138753265
1,1387,0.8166304336058865
1,1388,0.8441088957508789
1,1389,0.7434482308205779
1,1390,0.755918937836823
1,1391,0.7962066334394046
1,1392,0.7502417465152788
1,1393,0.674052661619546
1,1394,0.3798442756310336
1,1395,0.48065630564773004
1,1396,0.5406146308080358
1,1397,0.3550804698580698
1,1398,0.5405811920418859
1,1399,0.6755287344104646
1,1400,0.7345595999567175
1,1401,0.7759599269074045
1,1402,0.6365343717180469
1,1403,0.5830455655011728
1,1404,0.8356369672009442
1,1405,0.4432122690551785
1,1406,0.7876147425617518
1,1407,0.6350569100505203
1,1408,0.7079525736562725
1,1409,0.7102716453867646
1,1410,0.7761910712982808
1,1411,0.8695087596222077
1,1412,0.5848709716108927
1,1413,0.8515485427165502
1,1414,0.7676667513551344
1,1415,0.856083835113869
1,1416,0.6199784541365904
1,1417,0.7022510097935467
1,1418,0.8568134245237057
1,1419,0.8257384383111198
1,1420,0.8606747058189977
1,1421,0.8230000551345062
1,1422,0.5842959609427596
1,1423,0.8103215110753941
1,1424,0.748610323513459
1,1425,0.8387776435446591
1,1426,0.6536079334787966
1,1427,0.6974726798955957
1,1428,0.8167206744835971
1,1429,0.5986418948358776
1,1430,0.6377217619263709
1,1431,0.7742640434296408
1,1432,0.33466587908232676
1,1433,0.3830548719857106
1,1434,0.7101431611467367
1,1435,0.8143233180550457
1,1436,0.591404901770965
1,1437,0.5245595296416802
1,1438,0.7199029987748329
1,1439,0.7357093711137626
1,1440,0.7312672155801312
1,1441,0.7845919578864515
1,1442,0.7277355280066192
1,1443,0.6123632585020177
1,1444,0.818095193490652
1,1445,0.702308273670902
1,1446,0.6118966794870883
1,1447,0.6243506607536738
1,1448,0.7977743758602338
1,1449,0.7906085161553278
1,1450,0.8777701185931844
1,1451,0.7353306278260688
1,1452,0.8580447482859384
1,1453,0.7363345721588735
1,1454,0.6505834036232788
1,1455,0.6970784405765241
1,1456,0.8153369439711479
1,1457,0.747750870126735
1,1458,0.6779956254210581
1,1459,0.7263988504164314
1,1460,0.6540504688697693
1,1461,0.83937579563582
1,1462,0.761936292245142
1,1463,0.6752066303856896
1,1464,0.604316034642751
1,1465,0.7963583774645627
1,1466,0.703852323198956
1,1467,0.6861852805034588
1,1468,0.5888543067620251
1,1469,0.5727216951734329
1,1470,0.7961570936405561
1,1471,0.8609497970699603
1,1472,0.8612303469362741
1,1473,0.6974657786538708
1,1474,0.7026758001280189
1,1475,0.7193866733492115
1,1476,0.7642732305657931
1,1477,0.7011795586029999
1,1478,0.8742476715077967
1,1479,0.7903065044776423
1,1480,0.7585105524699232
1,1481,0.8878897198710394
1,1482,0.6197765749988163
1,1483,0.7738621304942372
1,1484,0.6086033230467792
1,1485,0.5870985302833762
1,1486,0.8398706961867429
1,1487,0.7025882978134281
1,1488,0.626054325398199
1,1489,0.8023518168395686
1,1490,0.767142802361141
1,1491,0.6465173768271084
1,1492,0.7471340745076098
1,1493,0.6979395880054932
1,1494,0.5786352440152199
1,1495,0.8761541439557446
1,1496,0.6220832849178616
1,1497,0.7694398096438744
1,1498,0.6706218357538546
1,1499,0.7802053137044815
1,1500,0.6686066692456729
1,1501,0.8465137320920378
1,1502,0.7000989865756743
1,1503,0.6407182480234189
1,1504,0.8919195415872568
1,1505,0.6809635477091709
1,1506,0.8911647628578467
1,1507,0.9056795489465042
1,1508,0.9001036132274662
1,1509,0.6991013805619453
1,1510,0.576942238213037
1,1511,0.7475511001020516
1,1512,0.6404095230393727
1,1513,0.7386534589631347
1,1514,0.7385562035936543
1,1515,0.6319699327911518
1,1516,0.5938476302081889
1,1517,0.6009052775868335
1,1518,0.8099429995756072
1,1519,0.9542913656696637
1,1520,0.9146874548089388
1,1521,0.8070282177689213
1,1522,0.730142513763919
1,1523,0.852190035844206
1,1524,0.8183300784965014
1,1525,0.7061329707273727
1,1526,0.6986723232836004
1,1527,0.6730007873219025
1,1528,0.76171481778451
1,1529,0.6884135534793767
1,1530,0.6465362848286883
1,1531,0.7924163764751375
1,1532,0.5419700453425065
1,1533,0.5919447795463195
1,1534,0.7890115401885597
1,1535,0.733023805999915
1,1536,0.7861049437647477
1,1537,0.6983227727108363
1,1538,0.8550883803122311
1,1539,0.8017465827989975
1,1540,0.8706015353240438
1,1541,0.6806169161607926
1,1542,0.6244861756482715
1,1543,0.7582737507516558
1,1544,0.6391588434304446
1,1545,0.5777383017634025
1,1546,0.7560604398994365
1,1547,0.497606218682313
1,1548,0.7285092091975474
1,1549,0.7674946159137841
1,1550,0.726814264618751
1,1551,0.757925974924088
1,1552,0.7138844336922276
1,1553,0.7846869349850955
1,1554,0.7894571681831124
1,1555,0.8747168080449947
1,1556,0.8125596058169766
1,1557,0.854616878346763
1,1558,0.7092411010669765
1,1559,0.7574315153994028
1,1560,0.7382300245742988
1,1561,0.7050045075886334
1,1562,0.6606642939001229
1,1563,0.8168860173548108
1,1564,0.7482993131366144
1,1565,0.7794884185108854
1,1566,0.7692621240215128
1,1567,0.6668359635885279
1,1568,0.6774533096554991
1,1569,0.7895087374133767
1,1570,0.7713634904999044
1,1571,0.8134616291527967
1,1572,0.856149337499788
1,1573,0.8326232970523547
1,1574,0.726412907697332
1,1575,0.8100794764888983
1,1576,0.7447743417948197
1,1577,0.4038029571286855
1,1578,0.5440516562172358
1,1579,0.8698318278615421
1,1580,0.8948295016477601
1,1581,0.9130465273409598
1,1582,0.7806476632504721
1,1583,0.7201427118385753
1,1584,0.7627839700873463
1,1585,0.9371464624261017
1,1586,0.7207854551177311
1,1587,0.7090285228633755
1,1588,0.47528138676323123
1,1589,0.8279895226892477
1,1590,0.7693491751160293
1,1591,0.7398301543525794
1,1592,0.9385431698317899
1,1593,0.678706843353975
1,1594,0.8611542936409903
1,1595,0.7480647422399198
1,1596,0.58443319909213165
1,1597,0.8037252512023757
1,1598,0.6259046204825586
1,1599,0.7387449364343858
1,1600,0.8345651052121185
1,1601,0.69866925632218
1,1602,0.6364039845323721
1,1603,0.7450508237313498
1,1604,0.6880209107625006
1,1605,0.7316346496562401
1,1606,0.7559784580321423
1,1607,0.7509250331876611
1,1608,0.6491039093019675
1,1609,0.5252643326669498
1,1610,0.5354988897362049
1,1611,0.6149129098563625
1,1612,0.7092410174740341
1,1613,0.7674146833799871
1,1614,0.6437996077788631
1,1615,0.5536911796360023
1,1616,0.6770752510833068
1,1617,0.834498396780392
1,1618,0.7394932900552987
1,1619,0.7942934888020661
1,1620,0.6908513081279476
1,1621,0.8061476770519052
1,1622,0.7586264296476541
1,1623,0.76442929717506225
1,1624,0.8375228145076157
1,1625,0.8473796825638753
1,1626,0.7940057365683593
1,1627,0.6467021611706422
1,1628,0.6921497084085597
1,1629,0.7657417620235581
1,1630,0.7077088341174715
1,1631,0.7893172525495562
1,1632,0.6662727337294654
1,1633,0.6861289516528258
1,1634,0.7384429022214272
1,1635,0.8116505027492774
1,1636,0.7168114368529147
1,1637,0.8305283707784853
1,1638,0.8746507782117157
1,1639,0.7235189305680296
1,1640,0.5894126458140605
1,1641,0.7650428677508896
1,1642,0.7558472256345603
1,1643,0.7457994269965266
1,1644,0.6011308187689638
1,1645,0.756895667536873
1,1646,0.8071695246365682
1,1647,0.7538840081296269
1,1648,0.6061964495264903
1,1649,0.5303265866069241
1,1650,0.4959696829791826
1,1651,0.7560396809038342
1,1652,0.6604155412602478
1,1653,0.657983718886858
1,1654,0.8598098581193044
1,1655,0.7061038594619353
1,1656,0.6880550327999172
1,1657,0.6458483978117782
1,1658,0.6974512413595855
1,1659,0.4667286383050149
1,1660,0.8375122043306369
1,1661,0.7509537571572013
1,1662,0.808131901425112
1,1663,0.833189577559326
1,1664,0.854034632461638
1,1665,0.6534950962056494
1,1666,0.6838623316010639
1,1667,0.578885536981544
1,1668,0.8085676491010361
1,1669,0.6843605393797343
1,1670,0.852707223226894
1,1671,0.7175572048782529
1,1672,0.6681010289356033
1,1673,0.7418009410387978
1,1674,0.643240274856456
1,1675,0.7402934605069337
1,1676,0.8191273235472577
1,1677,0.8086874465810724
1,1678,0.8344958386476368
1,1679,0.7300540791145276
1,1680,0.8735696456931863
1,1681,0.7921054515412044
1,1682,0.9143301885366045
1,1683,0.6399474866596884
1,1684,0.7648365479195455
1,1685,0.8594385673919824
1,1686,0.7115552394871574
1,1687,0.8593536981765006
1,1688,0.8395707790374223
1,1689,0.782910497682718
1,1690,0.583155828572297
1,1691,0.7877825196408287
1,1692,0.7294930870447754
1,1693,0.5520762712602232
1,1694,0.7761641650088756
1,1695,0.8351893361366389
1,1696,0.5443974676971396
1,1697,0.7358039580514304
1,1698,0.7489300430725027
1,1699,0.7158790422024295
1,1700,0.8134903353800561
1,1701,0.6770056400412142
1,1702,0.7623235308664494
1,1703,0.756002029666178
1,1704,0.6654837310326069
1,1705,0.7364632536326583
1,1706,0.6766524086510136
1,1707,0.880372233473215
1,1708,0.5943017683040794
1,1709,0.9216543534314636
1,1710,0.7095091878013295
1,1711,0.515163406671141
1,1712,0.6166820077372704
1,1713,0.6440685479354941
1,1714,0.6872655180316609
1,1715,0.7802713808192124
1,1716,0.5919890183086632
1,1717,0.9239781259428446
1,1718,0.7944774354689745
1,1719,0.6960524600763903
1,1720,0.6748606537677242
1,1721,0.8750826911444943
1,1722,0.5023675654858858
1,1723,0.5808464195653656
1,1724,0.5618435183892659
1,1725,0.549961896855488
1,1726,0.5623363605724375
1,1727,0.8665748158310252
1,1728,0.8120447573102221
1,1729,0.8518485091215895
1,1730,0.8734883617651542
1,1731,0.8601861095713248
1,1732,0.6879107860467202
1,1733,0.7858932635803709
1,1734,0.7083276341274025
1,1735,0.791484116219621
1,1736,0.8113503438616225
1,1737,0.6084911703797508
1,1738,0.757082662987638
1,1739,0.7078728603577417
1,1740,0.7139378799048514
1,1741,0.7125600869714429
1,1742,0.719610972419445
1,1743,0.7438963689203724
1,1744,0.7079118333680802
1,1745,0.7874196603730551
1,1746,0.7518324764195529
1,1747,0.7716021419928847
1,1748,0.725918263487724
1,1749,0.7846003498474081
1,1750,0.5150687046445844
1,1751,0.7260169834163063
1,1752,0.5135939149657177
1,1753,0.7009257991400433
1,1754,0.6626694543523872
1,1755,0.7227720148006608
1,1756,0.7358951680694342
1,1757,0.7152662020375959
1,1758,0.8045768306886073
1,1759,0.6634918257769606
1,1760,0.6526074755596738
1,1761,0.7530870521623687
1,1762,0.7422374210348237
1,1763,0.740440571965505
1,1764,0.7402666871446141
1,1765,0.7148697822421745
1,1766,0.7373948883708651
1,1767,0.6831342898117138
1,1768,0.773184048704981
1,1769,0.7568433533110516
1,1770,0.7520656693630203
1,1771,0.7658496819565488
1,1772,0.8549499217116205
1,1773,0.5436780838773967
1,1774,0.5218111546154474
1,1775,0.4713459636839198
1,1776,0.693439245439368
1,1777,0.6219464389297517
1,1778,0.6835046215278148
1,1779,0.5956147440440129
1,1780,0.6523545842435162
1,1781,0.6380176158056451
1,1782,0.6886445765957633
1,1783,0.7866407810367074
1,1784,0.8325663796163718
1,1785,0.6614907331509673
1,1786,0.7594864712333126
1,1787,0.662594326168683
1,1788,0.7733698226021983
1,1789,0.6957539453801562
1,1790,0.7486172938990153
1,1791,0.737363256859951
1,1792,0.7833683630622762
1,1793,0.6911613868596189
1,1794,0.5616495941775669
1,1795,0.6143700291314373
1,1796,0.8434796824647361
1,1797,0.6476152821463238
1,1798,0.7418486395296371
1,1799,0.6971916955947558
1,1800,0.8525301787995802
1,1801,0.8673676392991307
1,1802,0.8854632625031795
1,1803,0.7781202030917516
1,1804,0.6773395385733654
1,1805,0.782812544248027
1,1806,0.7904178920934621
1,1807,0.8473558378395644
1,1808,0.7727487710771493
1,1809,0.64508378260192345
1,1810,0.8356169983754915
1,1811,0.6477306368892705
1,1812,0.6484671775788816
1,1813,0.8149973901916041
1,1814,0.7309897302043293
1,1815,0.6572183592171185
1,1816,0.7189696799771459
1,1817,0.6723874082780675
1,1818,0.7554735447131947
1,1819,0.7341652010871769
1,1820,0.6746159042715079
1,1821,0.7521678511907327
1,1822,0.733147656478183
1,1823,0.7444485056092633
1,1824,0.737359268646993
1,1825,0.8546389782067773
1,1826,0.677694186790007
1,1827,0.8543264411206292
1,1828,0.6598721056806525
1,1829,0.5054598955493305
1,1830,0.6356619071622275
1,1831,0.780775912671651
1,1832,0.7581232061485693
1,1833,0.8494473511499949
1,1834,0.7120439356627736
1,1835,0.8085463120960337
1,1836,0.8279077979626722
1,1837,0.6299434160145517
1,1838,0.7670299735206484
1,1839,0.7769179054848789
1,1840,0.6768098498556488
1,1841,0.6958684000615428
1,1842,0.8489888769926329
1,1843,0.652456124833956
1,1844,0.5308460701540298
1,1845,0.5358814070296177
1,1846,0.33173802658270146
1,1847,0.4742608212013547
1,1848,0.7124540359372847
1,1849,0.7533209801321856
1,1850,0.6789706040358594
1,1851,0.8254113214723273
1,1852,0.6957473362218435
1,1853,0.6179551030929911
1,1854,0.585916009768216
1,1855,0.7691508309842108
1,1856,0.86522547122005
1,1857,0.86951664511042
1,1858,0.7408669167326595
1,1859,0.627514165468815
1,1860,0.32745860621672623
1,1861,0.8798633506766557
1,1862,0.9066678263319153
1,1863,0.8252359067338914
1,1864,0.6571361475224516
1,1865,0.643866317129736
1,1866,0.6928579381329012
1,1867,0.8056066310997781
1,1868,0.8056025879903392
1,1869,0.7200912601184309
1,1870,0.5267553159774684
1,1871,0.4016543015406715
1,1872,0.45241115293928014
1,1873,0.40677127992877127
1,1874,0.7256631368784374
1,1875,0.7375131393642942
1,1876,0.7446402409000692
1,1877,0.812480118702589
1,1878,0.7837938133240998
1,1879,0.7493295155991738
1,1880,0.7494486952702795
1,1881,0.7965205356042621
1,1882,0.921748801289062
1,1883,0.4387586318803028
1,1884,0.6390326595288964
1,1885,0.5844321942478656
1,1886,0.8124647137673194
1,1887,0.7257911275430589
1,1888,0.8343913666773763
1,1889,0.6794699053498218
1,1890,0.7326049378267608
1,1891,0.7240755780170515
1,1892,0.6979615551852114
1,1893,0.8018121351231791
1,1894,0.90723057958593
1,1895,0.7763455140443379
1,1896,0.8626997077086059
1,1897,0.7239873458532118
1,1898,0.8303019037388975
1,1899,0.8233160681811971
1,1900,0.8648571579638195
1,1901,0.8254867220554434
1,1902,0.7644244455242498
1,1903,0.8176980821034917
1,1904,0.6741833764016399
1,1905,0.7644701270814824
1,1906,0.7031233968221451
1,1907,0.7370738125443408
1,1908,0.6979485637237409
1,1909,0.4999838848270473
1,1910,0.6283340815590482
1,1911,0.6259841138936325
1,1912,0.7192636239027741
1,1913,0.7404977026833086
1,1914,0.717147395150756
1,1915,0.7880666976446611
1,1916,0.8273562769856555
1,1917,0.8108592721437624
1,1918,0.7575487905433658
1,1919,0.7184307431916177
1,1920,0.738472176943362
1,1921,0.6034054178212374
1,1922,0.7885095978714176
1,1923,0.8469336057628412
1,1924,0.7073783211660377
1,1925,0.6619515257949391
1,1926,0.736630310210809
1,1927,0.7810812979125872
1,1928,0.8634279557452672
1,1929,0.7948844925861958
1,1930,0.4331993904429602
1,1931,0.42870652973652273
1,1932,0.5381997422881271
1,1933,0.7633468957505989
1,1934,0.7113629322888941
1,1935,0.5468633911152456
1,1936,0.8846240769985512
1,1937,0.7294235686879799
1,1938,0.6977124829915607
1,1939,0.767931181836662
1,1940,0.7552449087549863
1,1941,0.834640392214169
1,1942,0.6840709392117946
1,1943,0.7272652352243137
1,1944,0.5078452278100362
1,1945,0.6417515761893738
1,1946,0.6322667950976797
1,1947,0.828657939433815
1,1948,0.8411528312790153
1,1949,0.4963625208425625
1,1950,0.6590861846509507
1,1951,0.4666937201143875
1,1952,0.6512746873759645
1,1953,0.8462663506019102
1,1954,0.7756873837819038
1,1955,0.7006792854331415
1,1956,0.7133841209404342
1,1957,0.6133391448750226
1,1958,0.5890235734657006
1,1959,0.7867353428375916
1,1960,0.6102913697048682
1,1961,0.8317949645659078
1,1962,0.7368412533591612
1,1963,0.5572241439720335
1,1964,0.7778121910137992
1,1965,0.6193260588004783
1,1966,0.744125653639925
1,1967,0.6813208700483359
1,1968,0.6991971905425686
1,1969,0.8919887974257686
1,1970,0.7779575762975196
1,1971,0.6495564494106004
1,1972,0.734240325561019
1,1973,0.7274278190092401
1,1974,0.7447368585028588
1,1975,0.8794280528013555
1,1976,0.7273910979633402
1,1977,0.8569386721012197
1,1978,0.6873166169570782
1,1979,0.5373490026846218
1,1980,0.6449846651186089
1,1981,0.710844370765355
1,1982,0.8199622555026276
1,1983,0.5371045834112214
1,1984,0.7420294224565144
1,1985,0.7778103685651206
1,1986,0.8005027042856909
1,1987,0.769551985617891
1,1988,0.6729506526929169
1,1989,0.6810828621263798
1,1990,0.8266712929667124
1,1991,0.6897246806237839
1,1992,0.6319503944372605
1,1993,0.49733035679391524
1,1994,0.7034122146488255
1,1995,0.815655364758524
1,1996,0.6118524382737586
1,1997,0.8138084401826802
1,1998,0.6156682416189597
1,1999,0.8221989091179631
1,2000,0.6837804953847593
1,2001,0.6204737409886373
1,2002,0.924264465936703
1,2003,0.8601496298627289
1,2004,0.8089887637572762
1,2005,0.7524146287599468
1,2006,0.6587063217925252
1,2007,0.762326518165758
1,2008,0.7913809901994893
1,2009,0.6933988898294748
1,2010,0.57484268005206
1,2011,0.6562234481421558
1,2012,0.5898895630697883
1,2013,0.7200667928279304
1,2014,0.8046371886485915
1,2015,0.6700650581437653
1,2016,0.41004963989479276
1,2017,0.45228756469528364
1,2018,0.6004607838380168
1,2019,0.6336293297682377
1,2020,0.7606368174292166
1,2021,0.754598411320062
1,2022,0.7623051621144027
1,2023,0.8346461021734457
1,2024,0.7732766804076485
1,2025,0.8556047896338628
1,2026,0.774669999406563
1,2027,0.7349546145297072
1,2028,0.6937774014995661
1,2029,0.6674614656485588
1,2030,0.7773963264305719
1,2031,0.622304966842131
1,2032,0.6477850970627327
1,2033,0.8423914290675043
1,2034,0.8218637587937656
1,2035,0.8807398087021414
1,2036,0.6805812357144115
1,2037,0.5574608398403221
1,2038,0.9145789923931782
1,2039,0.9099241643754524
1,2040,0.9030550124829595
1,2041,0.9376881634155468
1,2042,0.87816450225801
1,2043,0.8443288018120509
1,2044,0.5042717675933927
1,2045,0.8023323186264238
1,2046,0.7158304097402268
1,2047,0.6239664305389176
1,2048,0.7286213028015136
1,2049,0.6934136732986562
1,2050,0.6985220415998419
1,2051,0.6559563490540828
1,2052,0.8685554420917201
1,2053,0.6674670818666598
1,2054,0.5916447606756753
1,2055,0.873921065457528
1,2056,0.8585487389727678
1,2057,0.8110067975681021
1,2058,0.6220699864530846
1,2059,0.8147023007399558
1,2060,0.7950510613650557
1,2061,0.8328168867325749
1,2062,0.6541991038610672
1,2063,0.6728429565149804
1,2064,0.804316915146534
1,2065,0.7211446282753593
1,2066,0.7756751218094219
1,2067,0.8278578017853594
1,2068,0.7125289520624996
1,2069,0.5925958998319844
1,2070,0.7963793607366825
1,2071,0.6433639824501693
1,2072,0.6167841881875565
1,2073,0.7459586677250482
1,2074,0.7856913643417738
1,2075,0.8244248533557861
1,2076,0.7551661747694546
1,2077,0.6616240924766696
1,2078,0.7808723877946823
1,2079,0.7569196126354548
1,2080,0.797435887572553
1,2081,0.6876023462718683
1,2082,0.6968241396334547
1,2083,0.6684729483067866
1,2084,0.703935259895786
1,2085,0.7199585783996227
1,2086,0.7995144238255766
1,2087,0.8483469790362183
1,2088,0.7651275306135976
1,2089,0.7043648363370885
1,2090,0.8162012849500969
1,2091,0.8408807143754313
1,2092,0.8426794788621361
1,2093,0.8314009487949253
1,2094,0.6419172653683123
1,2095,0.804841671978807
1,2096,0.8167541431754963
1,2097,0.5098286255127336
1,2098,0.7400828540584158
1,2099,0.6714428372515866
1,2100,0.8470300304274156
1,2101,0.8420606749296319
1,2102,0.46994287817749636
1,2103,0.5870806347140082
1,2104,0.8641004455856197
1,2105,0.7454160479213358
1,2106,0.7421390450456605
1,2107,0.7390915282562289
1,2108,0.7880483441838433
1,2109,0.720085933011187
1,2110,0.5738458452186781
1,2111,0.9621737615703824
1,2112,0.5538265956428258
1,2113,0.8103897840633377
1,2114,0.5211614067652399
1,2115,0.6310358418725153
1,2116,0.7605130481153031
1,2117,0.7288235695041346
1,2118,0.7692960060974174
1,2119,0.791509365685481
1,2120,0.7917665003278883
1,2121,0.8912122924241752
1,2122,0.5882885961182323
1,2123,0.7836963021057638
1,2124,0.8327954618478838
1,2125,0.7267276844086492
1,2126,0.7764483449368037
1,2127,0.8350939816716966
1,2128,0.8608092800649547
1,2129,0.8440674580718467
1,2130,0.8518603614860837
1,2131,0.7371332346592996
1,2132,0.7875381957018346
1,2133,0.767094741025924
1,2134,0.7342810754756879
1,2135,0.8423307183590553
1,2136,0.5654535018227546
1,2137,0.6818974139330819
1,2138,0.83258073093885
1,2139,0.8893789886928806
1,2140,0.7888978875074645
1,2141,0.7837707770112021
1,2142,0.7891977716499137
1,2143,0.681947497871378
1,2144,0.8086204943077109
1,2145,0.6595823592559715
1,2146,0.6486702091665065
1,2147,0.8237447006330482
1,2148,0.7301821664426856
1,2149,0.5128381856799215
1,2150,0.6527488871236397
1,2151,0.6726351021185205
1,2152,0.6622444460981101
1,2153,0.6596212167113914
1,2154,0.7840939385208323
1,2155,0.7474530637553857
1,2156,0.6954302189077017
1,2157,0.8574864341029794
1,2158,0.489919982781747
1,2159,0.8344245972907298
1,2160,0.7411096678150182
1,2161,0.6584048761087236
1,2162,0.789294525943802
1,2163,0.68992533076834
1,2164,0.5489255487910186
1,2165,0.6264716959901517
1,2166,0.6565965810784702
1,2167,0.6950394685118687
1,2168,0.7369702400175633
1,2169,0.7084846176851715
1,2170,0.7755322233422747
1,2171,0.8266355543475763
1,2172,0.7612879004836166
1,2173,0.7700520384882071
1,2174,0.8465287757353138
1,2175,0.7977262222321788
1,2176,0.7713271223858118
1,2177,0.7974734549421086
1,2178,0.7317924454553634
1,2179,0.8858932672888203
1,2180,0.8209017464122457
1,2181,0.6786177260286862
1,2182,0.5798162921005737
1,2183,0.8035020643470734
1,2184,0.8207523549095493
1,2185,0.9282563230271939
1,2186,0.6351361068646925
1,2187,0.6503943450034575
1,2188,0.7493300759530782
1,2189,0.7578412172188447
1,2190,0.8916685962230355
1,2191,0.6530350066400947
1,2192,0.751870056544498
1,2193,0.6954956294744296
1,2194,0.7710075627790732
1,2195,0.840066795213669
1,2196,0.7632381434019013
1,2197,0.526089551489924
1,2198,0.8764434795281083
1,2199,0.2872423042374835
1,2200,0.8533288744136736
1,2201,0.7273601854056028
1,2202,0.7307552352652015
1,2203,0.6848507932793122
1,2204,0.6074418749023701
1,2205,0.8080952619152783
1,2206,0.5759356345896712
1,2207,0.5410833238763674
1,2208,0.7001303521037989
1,2209,0.7335468197873414
1,2210,0.8223415237322209
1,2211,0.7920276193972347
1,2212,0.6937346882616549
1,2213,0.8253695217058648
1,2214,0.8560039195175513
1,2215,0.8451933126527411
1,2216,0.7670084884308451
1,2217,0.8139463571111542
1,2218,0.8370607508143839
1,2219,0.8316734487357584
1,2220,0.7542206398830488
1,2221,0.7763298116871458
1,2222,0.6440096168581755
1,2223,0.8163384389823006
1,2224,0.7667861550185624
1,2225,0.8256076017916257
1,2226,0.7102222687682348
1,2227,0.7321280779576274
1,2228,0.7299327146727576
1,2229,0.8077076174244193
1,2230,0.7964045673688509
1,2231,0.8018596933040377
1,2232,0.6925643172894983
1,2233,0.7878433512008939
1,2234,0.7634820970747858
1,2235,0.7282295599120775
1,2236,0.6632389098452254
1,2237,0.8837792846731933
1,2238,0.6387196971370641
1,2239,0.8198499219381711
1,2240,0.7327643552208445
1,2241,0.6655523457002438
1,2242,0.7173028624249184
1,2243,0.6820573051312264
1,2244,0.8616754581568917
1,2245,0.6663390595228469
1,2246,0.4015800698930216
1,2247,0.8061793742380451
1,2248,0.734762699184348
1,2249,0.7082417428836495
1,2250,0.6808201995461691
1,2251,0.7193125552931088
1,2252,0.6823629848373591
1,2253,0.6130996121960525
1,2254,0.67925974473506
1,2255,0.6874044701793158
1,2256,0.6727987538340339
1,2257,0.6002728226333036
1,2258,0.6530069753872371
1,2259,0.6468849626352611
1,2260,0.8316811355544653
1,2261,0.6565804940726758
1,2262,0.7331132210332376
1,2263,0.6633460002945262
1,2264,0.5569602384492544
1,2265,0.7392097510860184
1,2266,0.7431275354459771
1,2267,0.7942815480006212
1,2268,0.7626603046063732
1,2269,0.7646719441750927
1,2270,0.6328628854270671
1,2271,0.7450547349764024
1,2272,0.723535808845361
1,2273,0.8240446167716918
1,2274,0.7149052917704043
1,2275,0.6371841523407251
1,2276,0.719567503892077
1,2277,0.8392713763310934
1,2278,0.8111104087807359
1,2279,0.7479535512416005
1,2280,0.7622418095587187
1,2281,0.6921791554614642
1,2282,0.6221336969666122
1,2283,0.6908634840192921
1,2284,0.8643987677433296
1,2285,0.7734253188476199
1,2286,0.7688933565353874
1,2287,0.5757276678573964
1,2288,0.802370540454818
1,2289,0.7229195574742433
1,2290,0.7835892104314894
1,2291,0.7767268740828669
1,2292,0.8560339604149769
1,2293,0.5732520907704277
1,2294,0.616223171706696
1,2295,0.9056174436707317
1,2296,0.6137494889258519
1,2297,0.8365057053372646
1,2298,0.8050253152719634
1,2299,0.6829106157487452
1,2300,0.8171393657255981
1,2301,0.7809548527067279
1,2302,0.7879857967513224
1,2303,0.6284478249643206
1,2304,0.7368067154464627
1,2305,0.5952083075140469
1,2306,0.4555139003058811
1,2307,0.6273541216436133
1,2308,0.74756260765324
1,2309,0.8170590689589013
1,2310,0.6931687359629898
1,2311,0.7730322759788822
1,2312,0.7808680085511189
1,2313,0.6084053251451566
1,2314,0.7633164584972012
1,2315,0.7961597855048758
1,2316,0.8510838725718751
1,2317,0.819053213234175
1,2318,0.6290971485936039
1,2319,0.7196097850739409
1,2320,0.7306763577334422
1,2321,0.5973824227700354
1,2322,0.7621686198801129
1,2323,0.5547492149723904
1,2324,0.8860066599518663
1,2325,0.43263764069867816
1,2326,0.7900278917856304
1,2327,0.5663309483008488
1,2328,0.8384108847028597
1,2329,0.7866049444328228
1,2330,0.6272637411990871
1,2331,0.8530661971069309
1,2332,0.616258938833693
1,2333,0.8181098060970489
1,2334,0.7663254847164009
1,2335,0.870646057483147
1,2336,0.5330106881893492
1,2337,0.8747117194137676
1,2338,0.755503980992963
1,2339,0.817538971658062
1,2340,0.6852876415223246
1,2341,0.7952124891031584
1,2342,0.836864056984664
1,2343,0.8176158017377654
1,2344,0.8176262977072599
1,2345,0.6030411209932172
1,2346,0.637220904631576
1,2347,0.7390113883907423
1,2348,0.7342549927423676
1,2349,0.7232780819368028
1,2350,0.7815200349200475
1,2351,0.8692165621915143
1,2352,0.7636512551822899
1,2353,0.7504940263756683
1,2354,0.7036559443586675
1,2355,0.8111604359250408
1,2356,0.7263548740323659
1,2357,0.6847271489634945
1,2358,0.887860748427381
1,2359,0.8745803589372827
1,2360,0.6697029651628363
1,2361,0.6162766688715777
1,2362,0.8165906981182521
1,2363,0.5433978498448014
1,2364,0.7728365572324596
1,2365,0.6678749810679161
1,2366,0.6849786699438337
1,2367,0.8462379039911185
1,2368,0.6673775738435826
1,2369,0.7522906083277118
1,2370,0.6413901404700036
1,2371,0.4625601135304422
1,2372,0.7124597505049088
1,2373,0.7352092376381851
1,2374,0.5664064226807957
1,2375,0.7325593209916037
1,2376,0.5668960654466064
1,2377,0.8887339508130544
1,2378,0.6419202468385841
1,2379,0.6797375999711126
1,2380,0.7612090895655258
1,2381,0.6563981672228861
1,2382,0.6618974607756085
1,2383,0.7422858277446341
1,2384,0.6994464197766065
1,2385,0.6623139482935495
1,2386,0.7251196931419172
1,2387,0.7119805278871011
1,2388,0.80475573705241
1,2389,0.6364533189128767
1,2390,0.8009025353231242
1,2391,0.7951249804905292
1,2392,0.7761776298108247
1,2393,0.80343524246622
1,2394,0.7173538378279035
1,2395,0.773114000924419
1,2396,0.7127973736335935
1,2397,0.837919958897007
1,2398,0.888531651481557
1,2399,0.7345278613080488
1,2400,0.7278815017092303
1,2401,0.7840207501020656
1,2402,0.7746820423585017
1,2403,0.8424751205859459
1,2404,0.8081212501798752
1,2405,0.801340353755945
1,2406,0.7980536704694827
1,2407,0.8058821191664101
1,2408,0.7777652784320999
1,2409,0.8229128705727039
1,2410,0.677044245191736
1,2411,0.7777364645271978
1,2412,0.8379388589055587
1,2413,0.705255543875781
1,2414,0.5930184835598231
1,2415,0.7150081763162405
1,2416,0.48228266273642895
1,2417,0.6831114124722012
1,2418,0.9126401329511087
1,2419,0.7515423279977783
1,2420,0.8548975898021529
1,2421,0.6155027348582301
1,2422,0.6072419160084086
1,2423,0.8770738641567927
1,2424,0.8518374406698822
1,2425,0.6965762449981167
1,2426,0.7481298942797716
1,2427,0.7605697303998747
1,2428,0.773644799810084
1,2429,0.8200148533193548
1,2430,0.6783144131730525
1,2431,0.6221982010810458
1,2432,0.6763515993690496
1,2433,0.8046195743328095
1,2434,0.8334238752300331
1,2435,0.8180956539910935
1,2436,0.6788689413269962
1,2437,0.7669127052419455
1,2438,0.8096607298270483
1,2439,0.8123500203381318
1,2440,0.8551225840686305
1,2441,0.7672934698576246
1,2442,0.7953498031527103
1,2443,0.8089926869738324
1,2444,0.694457282498413
1,2445,0.6100060854178595
1,2446,0.746691414854142
1,2447,0.7429606569045748
1,2448,0.6343116728621924
1,2449,0.8143054283243187
1,2450,0.747387940924738
1,2451,0.6157449740106323
1,2452,0.7357252685821751
1,2453,0.774551119409277
1,2454,0.49733436099945916
1,2455,0.6937975241463664
1,2456,0.901643237894979
1,2457,0.8109765618139173
1,2458,0.7860603875512342
1,2459,0.7093329399235442
1,2460,0.7581770250710375
1,2461,0.9288345638766532
1,2462,0.5792513838245441
1,2463,0.4817062656482368
1,2464,0.8386582919381289
1,2465,0.8104057591847842
1,2466,0.8403281240163589
1,2467,0.6347870701121848
1,2468,0.7246559584754434
1,2469,0.8363525598569079
1,2470,0.6195415988331768
1,2471,0.6231923889165955
1,2472,0.3940844623634197
1,2473,0.551487817094546
1,2474,0.584273405460229
1,2475,0.6536983472175893
1,2476,0.7759993584778085
1,2477,0.6514972854131089
1,2478,0.7273653694786827
1,2479,0.6218776564138732
1,2480,0.7338228588126372
1,2481,0.709998768405285
1,2482,0.6769909034572992
1,2483,0.6422439660349806
1,2484,0.8567250351207032
1,2485,0.4621478723235529
1,2486,0.8022073806932706
1,2487,0.7916621112150832
1,2488,0.6722798055779213
1,2489,0.5770733896032358
1,2490,0.7508575590706086
1,2491,0.8190254831828288
1,2492,0.8413088796796125
1,2493,0.7681490652597436
1,2494,0.6194547069370681
1,2495,0.7585762241840188
1,2496,0.8745061341533341
1,2497,0.860139161310844
1,2498,0.8328839771472967
1,2499,0.7669687175156714
1,2500,0.7393710720831534
1,2501,0.7985108259741979
1,2502,0.800359505263835
1,2503,0.7763759730048773
1,2504,0.6987980747802303
1,2505,0.7449120908935317
1,2506,0.7256085725375513
1,2507,0.6784410894327264
1,2508,0.6822819504159224
1,2509,0.7413501498541951
1,2510,0.6958643066693344
1,2511,0.6868876840770151
1,2512,0.7177952912326361
1,2513,0.6736165069887247
1,2514,0.7393242278463126
1,2515,0.7854018838131711
1,2516,0.7759545450454486
1,2517,0.6281562737617405
1,2518,0.7252708051545541
1,2519,0.8079625327512188
1,2520,0.7362023851855123
1,2521,0.7347407176110428
1,2522,0.7002887458039464
1,2523,0.6714912620252809
1,2524,0.7885038684328678
1,2525,0.824300719630055
1,2526,0.5402424282291988
1,2527,0.8580572477427432
1,2528,0.8336191681969125
1,2529,0.7207533230144949
1,2530,0.6568662599078838
1,2531,0.7978228756691105
1,2532,0.733191823242873
1,2533,0.7993072982350898
1,2534,0.7174073106153482
1,2535,0.7961750120107883
1,2536,0.8121848536043108
1,2537,0.795164760493473
1,2538,0.7875092184591381
1,2539,0.7237757477377661
1,2540,0.7031337149672116
1,2541,0.8733772236477291
1,2542,0.820490468522805
1,2543,0.7827566959775017
1,2544,0.7661376689092178
1,2545,0.7276098934682578
1,2546,0.7071311033102335
1,2547,0.729041008121099
1,2548,0.8081851306791823
1,2549,0.73843344597202
1,2550,0.812011747790704
1,2551,0.8308126320104183
1,2552,0.7988026185836896
1,2553,0.821127675538535
1,2554,0.6558891988766365
1,2555,0.6495657345532858
1,2556,0.504577933892034
1,2557,0.46423922453148253
1,2558,0.7359122918964434
1,2559,0.4566220235062843
1,2560,0.9013696241882764
1,2561,0.785660416620616
1,2562,0.8773256043115752
1,2563,0.8854692747710236
1,2564,0.7960306242481813
1,2565,0.7225221046407512
1,2566,0.7335746084776416
1,2567,0.704791590098642
1,2568,0.7214982757588416
1,2569,0.7466484343232592
1,2570,0.6813536112409563
1,2571,0.6572060119645331
1,2572,0.8332652067367675
1,2573,0.8636219728576133
1,2574,0.5367561939668866
1,2575,0.6188464316939631
1,2576,0.625145683449604
1,2577,0.8204577412307134
1,2578,0.8313656405281242
1,2579,0.8119513363724304
1,2580,0.6000815699489634
1,2581,0.6314124396992665
1,2582,0.6521589556067413
1,2583,0.7147944792371012
1,2584,0.668662760017818
1,2585,0.7480160225808914
1,2586,0.8118120974819846
1,2587,0.5982219106791788
1,2588,0.7673432758582984
1,2589,0.7598199463323019
1,2590,0.7919975993853849
1,2591,0.7908769749524671
1,2592,0.6429773710218684
1,2593,0.6767497355628223
1,2594,0.7308986092793693
1,2595,0.7405067451434394
1,2596,0.6173437011426243
1,2597,0.8198062058222592
1,2598,0.7688321292656335
1,2599,0.7377497669621284
1,2600,0.6793860797780733
1,2601,0.6539108740589538
1,2602,0.725505741957976
1,2603,0.6175776712146864
1,2604,0.6532897051191553
1,2605,0.6137448601915332
1,2606,0.7300862826803247
1,2607,0.7170906923532707
1,2608,0.7200026700362243
1,2609,0.77075509114873
1,2610,0.6975837990604519
1,2611,0.6107554751577098
1,2612,0.7917472234924791
1,2613,0.8283063564834954
1,2614,0.7542940733516965
1,2615,0.8259445902406405
1,2616,0.837833962949527
1,2617,0.8390073677628982
1,2618,0.882398188369267
1,2619,0.5787359452275314
1,2620,0.7168013047367505
1,2621,0.6997152688570822
1,2622,0.8899943575361291
1,2623,0.8058060943091688
1,2624,0.826352346326173
1,2625,0.8326494984035546
1,2626,0.7031070281790899
1,2627,0.7313469393642461
1,2628,0.8686631634550858
1,2629,0.6914146501240674
1,2630,0.7685844219912739
1,2631,0.698603861485151
1,2632,0.7870499888648934
1,2633,0.6852457280801009
1,2634,0.5409108103752707
1,2635,0.6000687188947078
1,2636,0.6335911603345702
1,2637,0.731825281481116
1,2638,0.7572147548795151
1,2639,0.6168079903482696
1,2640,0.7659687530695395
1,2641,0.7205124191124037
1,2642,0.6788618347377292
1,2643,0.85433430860449
1,2644,0.8300221884107556
1,2645,0.7750733695215534
1,2646,0.8267987928903129
1,2647,0.6844846636613395
1,2648,0.7901404024973284
1,2649,0.6688052712127441
1,2650,0.8041359559471657
1,2651,0.7666357742411241
1,2652,0.6898180086938702
1,2653,0.6659277506977334
1,2654,0.5480410517342883
1,2655,0.6509650472564725
1,2656,0.8411691210312181
1,2657,0.8622285943843769
1,2658,0.5906383447402166
1,2659,0.7582810788115599
1,2660,0.665188771667277
1,2661,0.796942671883726
1,2662,0.4567007917400225
1,2663,0.812291170575305
1,2664,0.8947324617644388
1,2665,0.6331861841254283
1,2666,0.6527851664776899
1,2667,0.3515052818524457
1,2668,0.26206739605679
1,2669,0.17668061948936245
1,2670,0.32230771463573726
1,2671,0.5627129582609218
1,2672,0.7012927699872316
1,2673,0.8150688950789368
1,2674,0.765920058692751
1,2675,0.6587938509777819
1,2676,0.7517628286401434
1,2677,0.7932707859481303
1,2678,0.3606981861478665
1,2679,0.47900107654187235
1,2680,0.4789259984903984
1,2681,0.7350782457123299
1,2682,0.8271697305423792
1,2683,0.7059673762091219
1,2684,0.6190045214569055
1,2685,0.8827368690876625
1,2686,0.6397714085366774
1,2687,0.44881736563746516
1,2688,0.6619120266318669
1,2689,0.7499095882261632
1,2690,0.7971471509192176
1,2691,0.6818530807577893
1,2692,0.6275561039994833
1,2693,0.7878622588963383
1,2694,0.6679542135629217
1,2695,0.7024571236968978
1,2696,0.8245857941163182
1,2697,0.6066672139363924
1,2698,0.6802689969272935
1,2699,0.5324929620185271
1,2700,0.8020589058013099
1,2701,0.7356279241688903
1,2702,0.5425866417787862
1,2703,0.8621106125717604
1,2704,0.7010666349858495
1,2705,0.7441162709178866
1,2706,0.7858075918856141
1,2707,0.9111669965774887
1,2708,0.919198794503353
1,2709,0.887466014191785
1,2710,0.9017040228569739
1,2711,0.9104173719317112
1,2712,0.8314550172981505
1,2713,0.7407412466343815
1,2714,0.6618178433213657
1,2715,0.6156735458417036
1,2716,0.7204679163022212
1,2717,0.8531175637651096
1,2718,0.749649674209287
1,2719,0.6314547509437654
1,2720,0.7837452543292466
1,2721,0.6967604118086468
1,2722,0.8523197539164117
1,2723,0.6103832383943935
1,2724,0.7903244996894726
1,2725,0.9440917616861163
1,2726,0.85500710851457
1,2727,0.8383277088712586
1,2728,0.8298372828151676
1,2729,0.7336233894000658
1,2730,0.8857645313806559
1,2731,0.6269832950208228
1,2732,0.5047639943355406
1,2733,0.746649831105759
1,2734,0.7690127807465196
1,2735,0.8237309561040184
1,2736,0.7712328261979908
1,2737,0.5284007774926499
1,2738,0.6953393964992448
1,2739,0.6896117778554779
1,2740,0.7526427283310425
1,2741,0.5282798156465303
1,2742,0.40834690916228905
1,2743,0.82603319349165
1,2744,0.600157725901583
1,2745,0.705782800970296
1,2746,0.3941293516577948
1,2747,0.7912516701447586
1,2748,0.48358840433355316
1,2749,0.7631737580934037
1,2750,0.7728277269927812
1,2751,0.8587051244915772
1,2752,0.5645826027145084
1,2753,0.6997428615378924
1,2754,0.7736985504259103
1,2755,0.8416142722920562
1,2756,0.6819514463713804
1,2757,0.6341168057865647
1,2758,0.6957420943028323
1,2759,0.8425128130324987
1,2760,0.7339453476733486
1,2761,0.6097070427600608
1,2762,0.860768764020571
1,2763,0.851140468250027
1,2764,0.6988624350387048
1,2765,0.831685396557713
1,2766,0.7641677320398987
1,2767,0.7191108193915401
1,2768,0.7595264102096502
1,2769,0.748848188761708
1,2770,0.7783575822577197
1,2771,0.777726719461908
1,2772,0.685919266139475
1,2773,0.7433429639684196
1,2774,0.7713554016160947
1,2775,0.6334426128317504
1,2776,0.7326952344257001
1,2777,0.7431125512294728
1,2778,0.7269277235694603
1,2779,0.6759716512876889
1,2780,0.6677984049702268
1,2781,0.8267445427319675
1,2782,0.7837816029227672
1,2783,0.6119154782584798
1,2784,0.7897344245104486
1,2785,0.6937920862184592
1,2786,0.7156920315565579
1,2787,0.736242789463728
1,2788,0.8018577005338525
1,2789,0.8558877632144126
1,2790,0.7416910144571315
1,2791,0.8117842166966388
1,2792,0.7359467061501207
1,2793,0.6361183508754773
1,2794,0.844584359118168
1,2795,0.7894789746801438
1,2796,0.7348661695384857
1,2797,0.6982918219864863
1,2798,0.7924593187093069
1,2799,0.6226573958327247
1,2800,0.8710546613196224
1,2801,0.7811605675932164
1,2802,0.8219312603570847
1,2803,0.7298555927629353
1,2804,0.7045922334800333
1,2805,0.707472547056173
1,2806,0.7764312442905057
1,2807,0.5053197039536633
1,2808,0.8548757412813442
1,2809,0.6753145093876135
1,2810,0.8159647583247381
1,2811,0.7997946143914484
1,2812,0.829289513697678
1,2813,0.8563530562544618
1,2814,0.7314206614230764
1,2815,0.6880301450258433
1,2816,0.7250954266533486
1,2817,0.681738776869748
1,2818,0.7636427019770555
1,2819,0.5975628946457746
1,2820,0.5525675955630345
1,2821,0.8383197672840469
1,2822,0.6591143368983092
1,2823,0.6439473132566573
1,2824,0.640191299148134
1,2825,0.8595686088002386
1,2826,0.6849873270961839
1,2827,0.7393513229995193
1,2828,0.810569704843128
1,2829,0.771919693695366
1,2830,0.6961175302770505
1,2831,0.6635138483724439
1,2832,0.7928069142788633
1,2833,0.659826365804698
1,2834,0.7675209859706917
1,2835,0.7792925317362114
1,2836,0.7502911012770084
1,2837,0.8171145313998833
1,2838,0.5846385895773207
1,2839,0.6908190365271747
1,2840,0.7866948589719026
1,2841,0.8439365910058322
1,2842,0.8434838133034493
1,2843,0.793030288061461
1,2844,0.6464178448102584
1,2845,0.7621415818156497
1,2846,0.699003791197474
1,2847,0.7673293647223454
1,2848,0.7577511517718657
1,2849,0.739071739214529
1,2850,0.6553348156899168
1,2851,0.7898388172212316
1,2852,0.5676630093347572
1,2853,0.604628264251227
1,2854,0.670941112450785
1,2855,0.6751045943393451
1,2856,0.9067783401560173
1,2857,0.9195624211804643
1,2858,0.7565021332811316
1,2859,0.8204444711540556
1,2860,0.8220973680449017
1,2861,0.8409013997746582
1,2862,0.6855090139083475
1,2863,0.6134297892476731
1,2864,0.8012702394579724
1,2865,0.7932894848204884
1,2866,0.76652811599951
1,2867,0.7732075480944818
1,2868,0.793754444356672
1,2869,0.7895874244598728
1,2870,0.7409911062024286
1,2871,0.6763504818043642
1,2872,0.7394984091691212
1,2873,0.8364710773681251
1,2874,0.7783732549180159
1,2875,0.705362591919718
1,2876,0.7100724763752817
1,2877,0.5672646154770312
1,2878,0.5746613799888157
1,2879,0.8269956242497707
1,2880,0.6585463324579199
1,2881,0.5991038015132616
1,2882,0.8099800227778208
1,2883,0.6815551418699481
1,2884,0.7797418673897386
1,2885,0.8046643475399815
1,2886,0.6750126708814904
1,2887,0.808780977858454
1,2888,0.7519465835501876
1,2889,0.7165796026590713
1,2890,0.9223433367255855
1,2891,0.83968012947076065
1,2892,0.5293540621641577
1,2893,0.6424361271926895
1,2894,0.554536020624232
1,2895,0.5694332158957951
1,2896,0.8524916409280552
1,2897,0.8282773890097118
1,2898,0.7745936521212375
1,2899,0.8578938906661234
1,2900,0.8780289959297752
1,2901,0.7513286008726396
1,2902,0.7585861891879371
1,2903,0.7158642593431737
1,2904,0.559285565194913
1,2905,0.9533314060586524
1,2906,0.812285558778342
1,2907,0.6886060516812237
1,2908,0.8529274418598731
1,2909,0.8609907392496677
1,2910,0.8354953890936561
1,2911,0.8073612428151083
1,2912,0.9131061013755902
1,2913,0.8448205152836937
1,2914,0.8577288260866682
1,2915,0.4640409863320092
1,2916,0.485983656083638
1,2917,0.8212464353663811
1,2918,0.6554704709339128
1,2919,0.7861854124679599
1,2920,0.7845444487079012
1,2921,0.8408319578252359
1,2922,0.6434837308872488
1,2923,0.7270722751878349
1,2924,0.655640164519023
1,2925,0.7244416326427636
1,2926,0.15640607442661536
1,2927,0.3589169660979157
1,2928,0.5462021548342689
1,2929,0.6922780541744643
1,2930,0.6718062372365349
1,2931,0.6309634144934586
1,2932,0.5796379113134973
1,2933,0.7726631973942504
1,2934,0.7898617784991461
1,2935,0.7402544926469709
1,2936,0.8054174096849035
1,2937,0.7639540639262925
1,2938,0.6639439377360307
1,2939,0.778432217033536
1,2940,0.7776017616975699
1,2941,0.812869305986058
1,2942,0.78394292659869
1,2943,0.8103208403617808
1,2944,0.8685814139746973
1,2945,0.7549759773185705
1,2946,0.7164433201438264
1,2947,0.7481975722492444
1,2948,0.7391145197893375
1,2949,0.6962475193911468
1,2950,0.7597729865151643
1,2951,0.6516244100313983
1,2952,0.7024521023749044
1,2953,0.745964410068534
1,2954,0.8286353918833236
1,2955,0.6190917278952227
1,2956,0.7551470288381011
1,2957,0.7414688382099917
1,2958,0.6935328596684595
1,2959,0.7980286664570607
1,2960,0.8280137486213108
1,2961,0.8479364737305175
1,2962,0.8335202373277395
1,2963,0.6100318560085664
1,2964,0.5442013156507425
1,2965,0.6990495473875317
1,2966,0.8517169672839701
1,2967,0.6955183221422734
1,2968,0.6649901296896651
1,2969,0.6469115731297478
1,2970,0.5920649206395591
1,2971,0.8383142603869703
1,2972,0.865431077026016
1,2973,0.5742104604339893
1,2974,0.8945495213830631
1,2975,0.5596452075941252
1,2976,0.9196091982425204
1,2977,0.7168942395891155
1,2978,0.7707141191986496
1,2979,0.7102536590894956
1,2980,0.7500776682062178
1,2981,0.8226209294148554
1,2982,0.7944028461261915
1,2983,0.6810488764430076
1,2984,0.6944278766197074
1,2985,0.7272997126082068
1,2986,0.6935048889037848
1,2987,0.5906311154244855
1,2988,0.7742062630675638
1,2989,0.6736361957469209
1,2990,0.6551253902791233
1,2991,0.6537896127753448
1,2992,0.6367189041834915
1,2993,0.7433265667430532
1,2994,0.8011112325080074
1,2995,0.811583070587157
1,2996,0.865684775017243
1,2997,0.7137361319723406
1,2998,0.6801556222445235
1,2999,0.7540379294158587
1,3000,0.7219697484829513
1,3001,0.5670518632716091
1,3002,0.7349821996312986
1,3003,0.8369467065262247
1,3004,0.7663386520055709
1,3005,0.7581273084288852
1,3006,0.7682205072256674
1,3007,0.7317778634504967
1,3008,0.7393719644785256
1,3009,0.8820829939789638
1,3010,0.6971983524951307
1,3011,0.636059083151646
1,3012,0.8921010800778831
1,3013,0.8911803971170846
1,3014,0.7655170018609968
1,3015,0.7817274173228982
1,3016,0.8216591963428682
1,3017,0.868676822758646
1,3018,0.8799229966775144
1,3019,0.8503949274123346
1,3020,0.8205472134084594
1,3021,0.7703668767754264
1,3022,0.7922712931397173
1,3023,0.7239780653822734
1,3024,0.7256749972026374
1,3025,0.8108452437872607
1,3026,0.8440923484198843
1,3027,0.7698918936894046
1,3028,0.789608706360399
1,3029,0.8050772390217797
1,3030,0.7288443242743597
1,3031,0.7559492568459015
1,3032,0.5513894083532777
1,3033,0.7081813470945583
1,3034,0.7031468972969042
1,3035,0.9010586704984195
1,3036,0.7875477076499544
1,3037,0.4790140295714908
1,3038,0.8245633209791676
1,3039,0.7254729819386517
1,3040,0.7604552268729114
1,3041,0.5484575495902182
1,3042,0.4518042768392793
1,3043,0.5854241487726756
1,3044,0.622096640176563
1,3045,0.8237493794230839
1,3046,0.7873558106618541
1,3047,0.7501869041045356
1,3048,0.7563775712023525
1,3049,0.7678999963310899
1,3050,0.8123176384366485
1,3051,0.819897029210098
1,3052,0.7478605575935848
1,3053,0.6695666203656208
1,3054,0.6192525775769973
1,3055,0.6789292584702096
1,3056,0.7579098805188289
1,3057,0.8526351955543636
1,3058,0.6531235682833721
1,3059,0.7346279606172815
1,3060,0.8003216003855588
1,3061,0.818329949508925
1,3062,0.7147321937307347
1,3063,0.6109378064478791
1,3064,0.8070434470554475
1,3065,0.8140731380712948
1,3066,0.79156815352286
1,3067,0.7912610951233322
1,3068,0.7067101491085314
1,3069,0.7628720217788081
1,3070,0.7568402810559548
1,3071,0.7489118347694671
1,3072,0.7670574067698298
1,3073,0.7899466960291494
1,3074,0.8010753616430777
1,3075,0.8204538017862085
1,3076,0.850189323860423
1,3077,0.7078500982458803
1,3078,0.8174705174561055
1,3079,0.8178245839517319
1,3080,0.8084235463875135
1,3081,0.8054205697891209
1,3082,0.7715730070321885
1,3083,0.7197008454631734
1,3084,0.6663140776551663
1,3085,0.8175038428662574
1,3086,0.7890190642457786
1,3087,0.6875834301997615
1,3088,0.717452907167871
1,3089,0.414538246622494
1,3090,0.4553100056558576
1,3091,0.6519952677707346
1,3092,0.7748024545238219
1,3093,0.8532105556609575
1,3094,0.5437108971325062
1,3095,0.6985531349074103
1,3096,0.8003720154406297
1,3097,0.6403696334142865
1,3098,0.7974593793104546
1,3099,0.769833577853313
1,3100,0.6825361815383005
1,3101,0.7896307637652685
1,3102,0.8434165020156399
1,3103,0.719369704576597
1,3104,0.8023444636476961
1,3105,0.9051209026966108
1,3106,0.8919416350963578
1,3107,0.8646587074669615
1,3108,0.8415824529325278
1,3109,0.713381352689296
1,3110,0.8875244846907885
1,3111,0.6799453526972683
1,3112,0.8296368230053893
1,3113,0.8202546811025244
1,3114,0.8124209456367256
1,3115,0.8623838963615348
1,3116,0.646336836111213
1,3117,0.7357229500877236
1,3118,0.6606774399813937
1,3119,0.7222321958741322
1,3120,0.5924958889787906
1,3121,0.7378195538456515
1,3122,0.7540298416991208
1,3123,0.5573301825430962
1,3124,0.8932256896321921
1,3125,0.7562929822340722
1,3126,0.897321557904266
1,3127,0.7952893032014252
1,3128,0.6324856933738209
1,3129,0.6547438908879424
1,3130,0.7205742052201901
1,3131,0.8166732133267959
1,3132,0.6691435690088823
1,3133,0.8648629811916098
1,3134,0.6937244244864343
1,3135,0.8613256774314861
1,3136,0.7730648067669482
1,3137,0.7476982588424492
1,3138,0.7142414411773212
1,3139,0.7999945868031789
1,3140,0.7768107543834918
1,3141,0.778866423288003
1,3142,0.6926231435331378
1,3143,0.8841641280827878
1,3144,0.849629397202629
1,3145,0.6349788537034692
1,3146,0.7383670762644291
1,3147,0.7352417998291549
1,3148,0.700850971239107
1,3149,0.8360826773672304
1,3150,0.6911358306871174
1,3151,0.7682279432839983
1,3152,0.7582899169369445
1,3153,0.5269800619674279
1,3154,0.6515398305289268
1,3155,0.8491662117492541
1,3156,0.6842649528213652
1,3157,0.8122041595425066
1,3158,0.8107913738431698
1,3159,0.9547787213952833
1,3160,0.7164210483504795
1,3161,0.8543804507986904
1,3162,0.8387653360914298
1,3163,0.8209658395761724
1,3164,0.6817344799036484
1,3165,0.832996273621384
1,3166,0.8082245550779523
1,3167,0.810878617628614
1,3168,0.8312040914771325
1,3169,0.8160021371854264
1,3170,0.5839102166189991
1,3171,0.8351387178215645
1,3172,0.7625066152072776
1,3173,0.651975905857661
1,3174,0.9012934496049465
1,3175,0.6672858864103846
1,3176,0.8336838974355079
1,3177,0.7133387287742212
1,3178,0.790674578218089
1,3179,0.6097130908395172
1,3180,0.8053245991006582
1,3181,0.8419156429214241
1,3182,0.42661781235756036
1,3183,0.38939558673162133
1,3184,0.505489902838444
1,3185,0.8218215841916413
1,3186,0.8502147499023242
1,3187,0.6115517585360316
1,3188,0.8339854114133509
1,3189,0.31621288365727857
1,3190,0.42140052223838614
1,3191,0.3838549381393353
1,3192,0.3698114281579308
1,3193,0.8336156702627149
1,3194,0.8374050906832659
1,3195,0.7707764635481851
1,3196,0.5789095035529972
1,3197,0.8336284959527898
1,3198,0.7024170057190449
1,3199,0.6631987191347128
1,3200,0.7757086409033763
1,3201,0.7045600202284691
1,3202,0.6284973017862087
1,3203,0.7035283849122046
1,3204,0.8791387095429521
1,3205,0.69023127362111
1,3206,0.7093914887889989
1,3207,0.6666120633967781
1,3208,0.7735075412919858
1,3209,0.7762305935451695
1,3210,0.70273957619858185
1,3211,0.7677568700809357
1,3212,0.8505456178831935
1,3213,0.6288398663525014
1,3214,0.8089881832823625
1,3215,0.5639879944036827
1,3216,0.622527033343015
1,3217,0.6789691085627535
1,3218,0.7586478232214564
1,3219,0.8315167118698399
1,3220,0.8848904065579543
1,3221,0.9475927955794143
1,3222,0.8905800815802905
1,3223,0.8682761304308219
1,3224,0.44022834169282143
1,3225,0.42159295050177115
1,3226,0.4702020694173247
1,3227,0.8255612218444317
1,3228,0.4886762526668994
1,3229,0.7575138536602186
1,3230,0.776942831875924
1,3231,0.7869917514066483
1,3232,0.7769345117572002
1,3233,0.6061434470657968
1,3234,0.7289196585939008
1,3235,0.7411184609207357
1,3236,0.8014330011544095
1,3237,0.760466250202638
1,3238,0.7552115152380554
1,3239,0.7236263594700659
1,3240,0.7957856547376821
1,3241,0.8114894466070817
1,3242,0.6381425526665244
1,3243,0.7124779206717291
1,3244,0.7851937747206171
1,3245,0.7605133676524857
1,3246,0.7819484180809887
1,3247,0.8065581346802864
1,3248,0.5652483600182308
1,3249,0.7940106747869582
1,3250,0.7620026311167215
1,3251,0.6781907818598569
1,3252,0.566237563974925
1,3253,0.6662046482442878
1,3254,0.6975674997082643
1,3255,0.508599468721428
1,3256,0.6213841406353077
1,3257,0.6661559467840004
1,3258,0.7140896691397782
1,3259,0.821518038186133
1,3260,0.8696406552511479
1,3261,0.7984502432540563
1,3262,0.6716560258056413
1,3263,0.755945757504636
1,3264,0.7831293571889943
1,3265,0.7250600933304058
1,3266,0.8256407112913547
1,3267,0.8134112055370096
1,3268,0.847642669172852
1,3269,0.5351344680916374
1,3270,0.6387007131458743
1,3271,0.776252194561127
1,3272,0.6614178189288376
1,3273,0.5090586849236823
1,3274,0.8469172287338057
1,3275,0.8625414149180021
1,3276,0.5305537890292343
1,3277,0.6073578077561677
1,3278,0.795596573264956
1,3279,0.6976972705392793
1,3280,0.5916878391643303
1,3281,0.8554661527199268
1,3282,0.8563414026922612
1,3283,0.8278326907498703
1,3284,0.6203734692467208
1,3285,0.6243302688700353
1,3286,0.8172240786972376
1,3287,0.69162515551830706
1,3288,0.5848599720789152
1,3289,0.7443340307260234
1,3290,0.7777071384814673
1,3291,0.7592434405241993
1,3292,0.8143889824594674
1,3293,0.728398312115181
1,3294,0.7428520871627865
1,3295,0.6942765684776921
1,3296,0.7751202593869733
1,3297,0.8064496574033025
1,3298,0.7498195613476476
1,3299,0.7848213079321386
1,3300,0.8549489056673691
1,3301,0.7007555648147082
1,3302,0.4562143788176478
1,3303,0.7090379596515018
1,3304,0.7217962399005389
1,3305,0.6852763366226015
1,3306,0.8157343575821501
1,3307,0.6467470527289564
1,3308,0.5935388687896108
1,3309,0.4920394183935861
1,3310,0.7152374662076056
1,3311,0.6244818904118683
1,3312,0.7555297550472901
1,3313,0.552160794917557
1,3314,0.5934174272870795
1,3315,0.8586741585664588
1,3316,0.8160392390666766
1,3317,0.8514649329420292
1,3318,0.654089685638098
1,3319,0.7149486701259332
1,3320,0.649222773252524
1,3321,0.665408406617829
1,3322,0.5927491003325963
1,3323,0.5683589886262227
1,3324,0.7911712259844248
1,3325,0.8169206981618411
1,3326,0.7367728187065913
1,3327,0.7402305371930762
1,3328,0.7671402529044774
1,3329,0.7084612820481107
1,3330,0.7853809407870299
1,3331,0.7691144032752133
1,3332,0.7669422676850912
1,3333,0.7726359472936761
1,3334,0.7662893363687169
1,3335,0.6458982509518665
1,3336,0.6807676627682652
1,3337,0.765461669669373
1,3338,0.7251663638903579
1,3339,0.4345920541247456
1,3340,0.7547362608083833
1,3341,0.6862571104081641
1,3342,0.6213652131726424
1,3343,0.6144665690841464
1,3344,0.8016994037697229
1,3345,0.5369801620085373
1,3346,0.6521596968716248
1,3347,0.7824681781586572
1,3348,0.541110362535723
1,3349,0.7867037492396436
1,3350,0.5456839013648034
1,3351,0.8489289860120836
1,3352,0.6970555323134952
1,3353,0.730588429077901
1,3354,0.8165107186190733
1,3355,0.6997326541429535
1,3356,0.585705935857247
1,3357,0.736924882102991
1,3358,0.8058560107788881
1,3359,0.7097050350717784
1,3360,0.635462620244847
1,3361,0.886154297370488
1,3362,0.8850249371453695
1,3363,0.8201363105221083
1,3364,0.8806839619465797
1,3365,0.7917031859834364
1,3366,0.7481001879926454
1,3367,0.7135809258572305
1,3368,0.7307785381412646
1,3369,0.7098107347224304
1,3370,0.7854858139302281
1,3371,0.8162621502359989
1,3372,0.7829055141751985
1,3373,0.7563652501811622
1,3374,0.7262316864037562
1,3375,0.6067207407739186
1,3376,0.8238554559479486
1,3377,0.7063379856931006
1,3378,0.785410257668248
1,3379,0.7846181343049348
1,3380,0.7382125035482809
1,3381,0.7059014739414086
1,3382,0.8305277930140921
1,3383,0.7330590136209817
1,3384,0.6900778702587643
1,3385,0.8681772970097739
1,3386,0.6481841673627702
1,3387,0.8012680692427876
1,3388,0.6243536725863874
1,3389,0.8411835183812626
1,3390,0.7806665334819822
1,3391,0.6475650901534618
1,3392,0.758903725269473
1,3393,0.6556944018243129
1,3394,0.864868188060814
1,3395,0.7212936450245835
1,3396,0.7490469803531271
1,3397,0.743327053971385
1,3398,0.6749982526180188
1,3399,0.719932437077243
1,3400,0.702471711987314
1,3401,0.7700289797334378
1,3402,0.7849410621186587
1,3403,0.6835619854024788
1,3404,0.7495326900841149
1,3405,0.7129237001718214
1,3406,0.6706416870990077
1,3407,0.7646242124334026
1,3408,0.8137992644238117
1,3409,0.6041433171416444
1,3410,0.805674247381578
1,3411,0.7123979011507993
1,3412,0.6758610874994154
1,3413,0.6126406171616373
1,3414,0.7736414499639722
1,3415,0.7794709860716262
1,3416,0.7488126087741849
1,3417,0.7311275869946953
1,3418,0.7288575948692864
1,3419,0.824697716336255
1,3420,0.6697639270441562
1,3421,0.8406261679799573
1,3422,0.36713912474082144
1,3423,0.876701945460952
1,3424,0.5838760974006593
1,3425,0.6313918160704796
1,3426,0.8300594922141118
1,3427,0.6613231597498042
1,3428,0.7271631955887956
1,3429,0.6728124085859255
1,3430,0.6999916750551326
1,3431,0.7390169880056048
1,3432,0.6483414341457503
1,3433,0.7468548598516644
1,3434,0.7700193737448728
1,3435,0.8004648205349448
1,3436,0.5833835002658396
1,3437,0.783637594895646
1,3438,0.7226250692001462
1,3439,0.6674293017949617
1,3440,0.5645285855220461
1,3441,0.5315894905253533
1,3442,0.6955345861302773
1,3443,0.6340870056631313
1,3444,0.6033811962044495
1,3445,0.888364961472449
1,3446,0.8961757992623621
1,3447,0.8885545569699315
1,3448,0.7985841982250492
1,3449,0.734200071242821
1,3450,0.7800050020787552
1,3451,0.7642974724924976
1,3452,0.7274667093978764
1,3453,0.66571757477246
1,3454,0.7849031886741487
1,3455,0.7726989553293359
1,3456,0.7684810110374714
1,3457,0.6548575772551964
1,3458,0.7878724049558413
1,3459,0.8536825462107814
1,3460,0.7568916809931873
1,3461,0.5797705055555396
1,3462,0.7787801913468084
1,3463,0.8040874341679903
1,3464,0.670430100511008
1,3465,0.6597868164622924
1,3466,0.7604691942195924
1,3467,0.7496982340733686
1,3468,0.778823370623482
1,3469,0.7743780456727312
1,3470,0.5469626267877037
1,3471,0.738411884498871
1,3472,0.5411413126290948
1,3473,0.54188646635423
1,3474,0.5490155673335162
1,3475,0.7705277139347365
1,3476,0.8293427431920697
1,3477,0.6934157560227427
1,3478,0.7437377866322504
1,3479,0.8152162233070771
1,3480,0.9128056510047807
1,3481,0.5580028999051357
1,3482,0.625439209144822
1,3483,0.7519339739615799
1,3484,0.7537151752648753
1,3485,0.7732186279957808
1,3486,0.6712916286447903
1,3487,0.7415504403199721
1,3488,0.862144996543751
1,3489,0.8404439294614485
1,3490,0.6479087902959747
1,3491,0.7445026775448236
1,3492,0.71113665989139
1,3493,0.6252535132515817
1,3494,0.6252740272956817
1,3495,0.8056794837233409
1,3496,0.8500540210016624
1,3497,0.46617071091528267
1,3498,0.7873244327098543
1,3499,0.7577403282409197
1,3500,0.7326093159006085
1,3501,0.8462701823128784
1,3502,0.8925336006111089
1,3503,0.8908187611116019
1,3504,0.8809999164355259
1,3505,0.75717335253587
1,3506,0.7335703542759092
1,3507,0.6062502275502859
1,3508,0.7734032695986276
1,3509,0.5444502275137586
1,3510,0.6169521748390274
1,3511,0.5772826450552958
1,3512,0.6239064572912719
1,3513,0.6375421667696071
1,3514,0.6938759813648143
1,3515,0.6858134261598798
1,3516,0.7023161212060186
1,3517,0.7123089038010195
1,3518,0.5527101314037789
1,3519,0.8330939951412146
1,3520,0.5672323119059961
1,3521,0.5488390361734584
1,3522,0.7992687281548597
1,3523,0.7981911824660566
1,3524,0.8785525020301588
1,3525,0.7468380739603827
1,3526,0.7028794333698946
1,3527,0.7902660379102738
1,3528,0.7336119568719328
1,3529,0.6313326673118872
1,3530,0.7034755741478234
1,3531,0.7880141964516807
1,3532,0.6753208136665972
1,3533,0.7836146874696397
1,3534,0.8751365664054419
1,3535,0.8057032490874448
1,3536,0.5884631976917959
1,3537,0.43154231077455546
1,3538,0.8164481264843995
1,3539,0.7578553602434497
1,3540,0.6253228219266238
1,3541,0.6415315425333837
1,3542,0.8673285792330954
1,3543,0.7109515075116484
1,3544,0.6962337174412927
1,3545,0.7791232298432513
1,3546,0.8554883786421911
1,3547,0.7026847014963344
1,3548,0.7287453512186826
1,3549,0.7093518885625693
1,3550,0.8083174044637599
1,3551,0.3181331666304026
1,3552,0.8046975761449986
1,3553,0.7629332055403482
1,3554,0.5839921423383307
1,3555,0.8893715345364367
1,3556,0.8076600697296147
1,3557,0.808509276549283
1,3558,0.7095520726582365
1,3559,0.7878425101263702
1,3560,0.8241862740021312
1,3561,0.8270924588686691
1,3562,0.8250703717288284
1,3563,0.679130374940238
1,3564,0.701722097960131
1,3565,0.6726462155155829
1,3566,0.8323093767573879
1,3567,0.6158528598586778
1,3568,0.6944882773244597
1,3569,0.7915907616508832
1,3570,0.8238552367298255
1,3571,0.7395474615219022
1,3572,0.6994164164145331
1,3573,0.774867130593918
1,3574,0.7465874912004871
1,3575,0.8300034068689847
1,3576,0.7598079377325786
1,3577,0.5994353108741081
1,3578,0.7796735446304425
1,3579,0.7523843396347074
1,3580,0.8399824055341422
1,3581,0.710653297655139
1,3582,0.6438309906520574
1,3583,0.7567935636271446
1,3584,0.8069879766364347
1,3585,0.6719846497303836
1,3586,0.7264299977861111
1,3587,0.7161900615790611
1,3588,0.8181038277856824
1,3589,0.7906862543439663
1,3590,0.6994467660113556
1,3591,0.7896857869175664
1,3592,0.6263873602087506
1,3593,0.8010212703825935
1,3594,0.7709673335344355
1,3595,0.8911153357086138
1,3596,0.7377176815199191
1,3597,0.7951928896543177
1,3598,0.7801046353060056
1,3599,0.6132415039245586
1,3600,0.6806755282732506
1,3601,0.5740807878729517
1,3602,0.6221536417512159
1,3603,0.5960832659137854
1,3604,0.7592910099033131
1,3605,0.6984834485655276
1,3606,0.7262450842111673
1,3607,0.6968676197806425
1,3608,0.7286958115535382
1,3609,0.7096501248989755
1,3610,0.7528984408997813
1,3611,0.6621586987290836
1,3612,0.7569807299646365
1,3613,0.7859717406409289
1,3614,0.8040931741382789
1,3615,0.8150530103272133
1,3616,0.7411491877037637
1,3617,0.6900299399523063
1,3618,0.5936208375369504
1,3619,0.6500102473643578
1,3620,0.6346704637351027
1,3621,0.8424079748289596
1,3622,0.6667414813194641
1,3623,0.6826664742748412
1,3624,0.5131188896260079
1,3625,0.837196891227033
1,3626,0.7701182368455881
1,3627,0.8832804899983022
1,3628,0.6928399223224423
1,3629,0.8601352569392273
1,3630,0.6734340545479016
1,3631,0.30598898577741046
1,3632,0.6166873542127311
1,3633,0.8321101956091509
1,3634,0.8460955869055489
1,3635,0.7252958113905623
1,3636,0.8276783185175868
1,3637,0.7865820329309618
1,3638,0.759792283020362
1,3639,0.7866201497255612
1,3640,0.6742613801340851
1,3641,0.4649120549487692
1,3642,0.731964042893607
1,3643,0.9120081743858224
1,3644,0.6312784164869548
1,3645,0.7716238754544749
1,3646,0.7475134303444345
1,3647,0.7740409507691728
1,3648,0.7811100313283438
1,3649,0.8467990461517263
1,3650,0.5534812081184183
1,3651,0.6344833491314843
1,3652,0.5563495859465826
1,3653,0.8607856288043559
1,3654,0.8042188668402136
1,3655,0.8126866561792567
1,3656,0.70984972394686
1,3657,0.6555347041616476
1,3658,0.6358763260795721
1,3659,0.8299487123216727
1,3660,0.8369469992290111
1,3661,0.6899439325773444
1,3662,0.8429315648486633
1,3663,0.6419055650463703
1,3664,0.5687176521040875
1,3665,0.8075677858429304
1,3666,0.8236190370073094
1,3667,0.8110658635082602
1,3668,0.7208865575518749
1,3669,0.6046923698060648
1,3670,0.6618753529297167
1,3671,0.4824670984843279
1,3672,0.825992660329018
1,3673,0.7270534408342356
1,3674,0.704493883261725
1,3675,0.5519082268386126
1,3676,0.5206633419219691
1,3677,0.6686144190585946
1,3678,0.634760689224997
1,3679,0.7042686406320492
1,3680,0.6000238003635893
1,3681,0.7478027293286682
1,3682,0.6732405011404667
1,3683,0.961016787844659
1,3684,0.8794808744175099
1,3685,0.7535580743921327
1,3686,0.617942517318066
1,3687,0.6766548645090822
1,3688,0.7141376223212165
1,3689,0.8348281162116101
1,3690,0.8124992943811365
1,3691,0.5895798532611543
1,3692,0.7228008472391202
1,3693,0.5925389583821721
1,3694,0.7045014468490413
1,3695,0.7505568659871025
1,3696,0.5744949729142267
1,3697,0.7116563777857738
1,3698,0.8381334212078467
1,3699,0.8417806247716114
1,3700,0.5772733543918217
1,3701,0.5148420166182002
1,3702,0.7431026782473584
1,3703,0.7650249268315843
1,3704,0.7014993584544407
1,3705,0.7705360938235777
1,3706,0.7138193822019112
1,3707,0.771257077124165
1,3708,0.6850845909511217
1,3709,0.6995033801001361
1,3710,0.705960406137665
1,3711,0.4363390627969626
1,3712,0.7776469396734965
1,3713,0.8372377271294393
1,3714,0.8124864567457136
1,3715,0.7012591531024022
1,3716,0.7358403710546814
1,3717,0.807456670066861
1,3718,0.6780514614912462
1,3719,0.8332383496748502
1,3720,0.7889151776787997
1,3721,0.7187368338646364
1,3722,0.9000108654108133
1,3723,0.8498602791805072
1,3724,0.8652148394646945
1,3725,0.5519747576602331
1,3726,0.7230971463165073
1,3727,0.6112822653888391
1,3728,0.6878988816935594
1,3729,0.8105935130172779
1,3730,0.6841223679005811
1,3731,0.7028046451001034
1,3732,0.7477188417549372
1,3733,0.7877734024365262
1,3734,0.6256609660269496
1,3735,0.7285007912997263
1,3736,0.6096865908804087
1,3737,0.8404482034122489
1,3738,0.7942310200985483
1,3739,0.7139575776070907
1,3740,0.576656525609733
1,3741,0.8915786078953051
1,3742,0.7235086957215445
1,3743,0.5737736680081998
1,3744,0.7014275843248897
1,3745,0.6953025878325346
1,3746,0.860745715271087
1,3747,0.8363995760382266
1,3748,0.4313934688091524
1,3749,0.7047113441084758
1,3750,0.6955358069849243
1,3751,0.7339615735365441
1,3752,0.6416601827082713
1,3753,0.8170560131332737
1,3754,0.8321731001748341
1,3755,0.8797199731158806
1,3756,0.6509165253075149
1,3757,0.7466525231291731
1,3758,0.4867333439230713
1,3759,0.7411123860674805
1,3760,0.7933068617633914
1,3761,0.7650485838632644
1,3762,0.7234884756497966
1,3763,0.787994736883384
1,3764,0.7346252947651766
1,3765,0.7403234448636095
1,3766,0.453508822075949
1,3767,0.888478119645777
1,3768,0.7731643185850281
1,3769,0.6680549359604573
1,3770,0.6624059702705529
1,3771,0.7144139623099897
1,3772,0.7765242133104595
1,3773,0.41619493123488793
1,3774,0.43882992899734363
1,3775,0.8294149188733636
1,3776,0.7986524244318329
1,3777,0.7813703929554456
1,3778,0.7399196808623608
1,3779,0.6168430383847382
1,3780,0.7492751792215857
1,3781,0.6151858003816656
1,3782,0.7475503483506086
1,3783,0.7482067606493735
1,3784,0.8275404908905893
1,3785,0.6127808274867311
1,3786,0.6818554638997745
1,3787,0.7274788826172971
1,3788,0.7910309950526009
1,3789,0.7686402402583649
1,3790,0.8078940387750271
1,3791,0.7039156095826606
1,3792,0.4637957034161568
1,3793,0.4575815412955053
1,3794,0.7386073957825238
1,3795,0.8385804083709745
1,3796,0.7231189600168547
1,3797,0.7670536889749541
1,3798,0.2441025054230581
1,3799,0.8649908254049312
1,3800,0.8344153829828701
1,3801,0.8389454686939662
1,3802,0.8287041461787401
1,3803,0.7050241811246339
1,3804,0.6704118286556525
1,3805,0.6812443262421013
1,3806,0.490281851626378
1,3807,0.8344485455792372
1,3808,0.7703239955906126
1,3809,0.6948225216499246
1,3810,0.7131865975051208
1,3811,0.6021295562430515
1,3812,0.7080782204269153
1,3813,0.7626465742449949
1,3814,0.6776530935386098
1,3815,0.7083007706559722
1,3816,0.7946896945520171
1,3817,0.8433629547556217
1,3818,0.6673911817886192
1,3819,0.7511620764172761
1,3820,0.7925907785755715
1,3821,0.7597663067267465
1,3822,0.7237330560511461
1,3823,0.7329325640687805
1,3824,0.5163524611282833
1,3825,0.8065506162730176
1,3826,0.6392299770028189
1,3827,0.6787926090388838
1,3828,0.6677614170608339
1,3829,0.7464130750402438
1,3830,0.8178308613096951
1,3831,0.7564435182923227
1,3832,0.6668584952990564
1,3833,0.7681226074109088
1,3834,0.6238121227370474
1,3835,0.5960875240184659
1,3836,0.7510192853030063
1,3837,0.8493308985636326
1,3838,0.7030630829197415
1,3839,0.6392804811630131
1,3840,0.6916067302947956
1,3841,0.6251551725661009
1,3842,0.6861462363165378
1,3843,0.8287166365372589
1,3844,0.7329225015706654
1,3845,0.7391379060970629
1,3846,0.5573837478405324
1,3847,0.8762659566092044
1,3848,0.6210750885648221
1,3849,0.9042890076629836
1,3850,0.7933419492341124
1,3851,0.8243981645114156
1,3852,0.7050063823267645
1,3853,0.6060881860552834
1,3854,0.564306920670647
1,3855,0.5249634822103084
1,3856,0.44643041981943005
1,3857,0.8463201043310352
1,3858,0.8336107005199913
1,3859,0.7179350710829746
1,3860,0.8892552664356151
1,3861,0.6822804308723438
1,3862,0.724381329825026
1,3863,0.7664715608580871
1,3864,0.7972500222395388
1,3865,0.6734131184342134
1,3866,0.7476172648646746
1,3867,0.5968885808397693
1,3868,0.7597601309944584
1,3869,0.6904693465750098
1,3870,0.814270591442754
1,3871,0.7324326593674418
1,3872,0.8123244118813454
1,3873,0.9017330137335801
1,3874,0.5425818996837417
1,3875,0.7917434466355001
1,3876,0.6885813739887828
1,3877,0.7630259184720688
1,3878,0.8565743659744497
1,3879,0.7719421611111971
1,3880,0.7640347028098936
1,3881,0.8089624177870962
1,3882,0.6936242907388934
1,3883,0.7013062475649036
1,3884,0.6774098123486636
1,3885,0.6439371637969055
1,3886,0.9249190844017046
1,3887,0.849054583321113
1,3888,0.5863518416760876
1,3889,0.6115398221641367
1,3890,0.5702262277317809
1,3891,0.8026299076428263
1,3892,0.6318495477107728
1,3893,0.5457411763212526
1,3894,0.6550866562222728
1,3895,0.7908722954072919
1,3896,0.7018734551873155
1,3897,0.7805256414093765
1,3898,0.8828602518928506
1,3899,0.8205902961326689
1,3900,0.6080048858147329
1,3901,0.6236621419247441
1,3902,0.7975162784009641
1,3903,0.7996995154070229
1,3904,0.7752816326541754
1,3905,0.8255005419188866
1,3906,0.8021422431090297
1,3907,0.6284209826213485
1,3908,0.5334702275533173
1,3909,0.8226214099966634
1,3910,0.8111796764372519
1,3911,0.8021297123291299
1,3912,0.7248599089749368
1,3913,0.7932796771849533
1,3914,0.63335610280809
1,3915,0.846447764711328
1,3916,0.6039497452407162
1,3917,0.5586513383037318
1,3918,0.8154388242389442
1,3919,0.7229599402102161
1,3920,0.6911038434382241
1,3921,0.7693425032605764
1,3922,0.7623469328977117
1,3923,0.6077141484401123
1,3924,0.8136394767858384
1,3925,0.7695829855793959
1,3926,0.7754983164614745
1,3927,0.714103849923143
1,3928,0.5755397056323206
1,3929,0.5748632791228943
1,3930,0.6938821912629038
1,3931,0.8636923937946854
1,3932,0.800565378887113
1,3933,0.8077546288731436
1,3934,0.803741908063712
1,3935,0.8681695577020265
1,3936,0.8576934998716845
1,3937,0.7587457665214008
1,3938,0.6989621875991058
1,3939,0.8537378669101258
1,3940,0.7741614664716711
1,3941,0.8602636335865821
1,3942,0.6864785603368971
1,3943,0.7133864922703589
1,3944,0.5756395449837745
1,3945,0.5943649867943304
1,3946,0.6908246749414793
1,3947,0.8146019246316984
1,3948,0.5596531127061579
1,3949,0.8087879180569079
1,3950,0.8997036109350316
1,3951,0.964836573780744
1,3952,0.8178357911313069
1,3953,0.9154760691670175
1,3954,0.6972504479780742
1,3955,0.6432207982696654
1,3956,0.752258263429359
1,3957,0.7049801618746436
1,3958,0.7285547975149436
1,3959,0.6965504415883665
1,3960,0.6520579939353468
1,3961,0.7560178075723548
1,3962,0.7600603158747966
1,3963,0.8023566897370333
1,3964,0.6790125654582875
1,3965,0.7594198710523822
1,3966,0.8612319953839519
1,3967,0.821496342729066
1,3968,0.7501962027877562
1,3969,0.5892938345422154
1,3970,0.7098733390410186
1,3971,0.68823392505984
1,3972,0.6716470634290772
1,3973,0.6638259761905688
1,3974,0.568075959989008
1,3975,0.7378477953906641
1,3976,0.694658131671944
1,3977,0.7661072402035333
1,3978,0.8296728220657694
1,3979,0.6726353582990773
1,3980,0.5477019060183032
1,3981,0.6871916125000851
1,3982,0.7360942511012037
1,3983,0.7266495186254146
1,3984,0.7693908096156854
1,3985,0.7683702197335502
1,3986,0.7613727989888086
1,3987,0.6512828664432836
1,3988,0.7717331407650652
1,3989,0.7873918480640009
1,3990,0.7380995802139683
1,3991,0.5332327815643245
1,3992,0.8802724555684682
1,3993,0.6398902184253473
1,3994,0.6358552665699158
1,3995,0.688912712725051
1,3996,0.7053761939199861
1,3997,0.5331286673051708
1,3998,0.716815398360846
1,3999,0.872146813546584
1,4000,0.8309252485149303
1,4001,0.655041372206348
1,4002,0.8100685554636375
1,4003,0.7996060491049248
1,4004,0.7836485429547925
1,4005,0.9429885810471748
1,4006,0.8917114890422
1,4007,0.602263454435566
1,4008,0.7464742835436099
1,4009,0.8140901489444631
1,4010,0.7272022439099877
1,4011,0.7252371553061109
1,4012,0.8484112425146826
1,4013,0.7815769410031725
1,4014,0.7726432205662179
1,4015,0.7314875907770778
1,4016,0.7316987256696976
1,4017,0.8723732517685213
1,4018,0.7415987585258289
1,4019,0.7168091323954254
1,4020,0.8329967522643561
1,4021,0.6624961096159221
1,4022,0.7484649685993332
1,4023,0.5883079502387911
1,4024,0.7785399148156632
1,4025,0.7948421002218183
1,4026,0.7433567110133807
1,4027,0.7548741853518145
1,4028,0.7065477001883512
1,4029,0.7229126114682443
1,4030,0.7510160522183056
1,4031,0.7454232495682389
1,4032,0.6023491865910651
1,4033,0.8759718709238983
1,4034,0.6804056998851908
1,4035,0.7273766615291335
1,4036,0.7408167274363039
1,4037,0.697887942592375
1,4038,0.8557552115727697
1,4039,0.8286411508271535
1,4040,0.5241167687575331
1,4041,0.5445753822638905
1,4042,0.754171265356806
1,4043,0.8584685428358436
1,4044,0.7938316603248415
1,4045,0.836960186212495
1,4046,0.6860650915333733
1,4047,0.7722625510651795
1,4048,0.8422025458681478
1,4049,0.7665537939661148
1,4050,0.8143007635765355
1,4051,0.6503651720013509
1,4052,0.7472765444806835
1,4053,0.7857080790265103
1,4054,0.754979320470188
1,4055,0.6569247863494787
1,4056,0.8202177102991322
1,4057,0.7868210224023766
1,4058,0.7089877720918711
1,4059,0.8310298332878994
1,4060,0.8643686408399213
1,4061,0.77221420364546
1,4062,0.7587796221348814
1,4063,0.6650543481646111
1,4064,0.6944193047448277
1,4065,0.8487256066075641
1,4066,0.6432709670051154
1,4067,0.7505676024703699
1,4068,0.7488141512273052
1,4069,0.5947876179237985
1,4070,0.7445820774823726
1,4071,0.4506943113343262
1,4072,0.6704279514221059
1,4073,0.8270540619243548
1,4074,0.8133876571356111
1,4075,0.7524708467313383
1,4076,0.7202754162759194
1,4077,0.577622420925245
1,4078,0.9100508982513501
1,4079,0.8410886075382814
1,4080,0.6456336449386219
1,4081,0.8422586804123176
1,4082,0.8229562050386681
1,4083,0.8648494819363233
1,4084,0.755213312461139
1,4085,0.7963144873646678
1,4086,0.7951339840988343
1,4087,0.6927002829286912
1,4088,0.8211992510947247
1,4089,0.7969343386122725
1,4090,0.8347639162183321
1,4091,0.7510318191053221
1,4092,0.7141051388689802
1,4093,0.5309511087587224
1,4094,0.7727152870082303
1,4095,0.8774830293426255
1,4096,0.6333622613479069
1,4097,0.6379109363657736
1,4098,0.6949664338068593
1,4099,0.9398926597037485
1,4100,0.4843392267472731
1,4101,0.8224107513494686
1,4102,0.5269480520862537
1,4103,0.4662700429649086
1,4104,0.3943123609270011
1,4105,0.24073452770875026
1,4106,0.753559155568381
1,4107,0.817414208171544
1,4108,0.7494582311991715
1,4109,0.8343495458221947
1,4110,0.8031234993817192
1,4111,0.7498573125367746
1,4112,0.850343674265353
1,4113,0.7992160447603203
1,4114,0.7269190028053226
1,4115,0.7359258595357558
1,4116,0.7035190012780779
1,4117,0.7473385666779595
1,4118,0.35746920403044835
1,4119,0.5696839536307717
1,4120,0.727938449676315
1,4121,0.8405340855237025
1,4122,0.7342143185955616
1,4123,0.6354671786309772
1,4124,0.7539065581356683
1,4125,0.7865273114406331
1,4126,0.6082932491880602
1,4127,0.725232614735951
1,4128,0.7135477194659549
1,4129,0.7980783169901335
1,4130,0.8013503959615019
1,4131,0.7377579478214387
1,4132,0.7078983793538345
1,4133,0.7717192486887631
1,4134,0.6817290143568568
1,4135,0.697161608207526
1,4136,0.7329136978932145
1,4137,0.7970029509711537
1,4138,0.6996012367092853
1,4139,0.7975439860321248
1,4140,0.7526076922807136
1,4141,0.8393942779814718
1,4142,0.546424338245115
1,4143,0.806154828081015
1,4144,0.6403409946962957
1,4145,0.8033335039325822
1,4146,0.8129708545868725
1,4147,0.3859445409742986
1,4148,0.7478612952324557
1,4149,0.6999986458581644
1,4150,0.7901266659552253
1,4151,0.7111668300639331
1,4152,0.5371538852350982
1,4153,0.5801643823614282
1,4154,0.8401814799633285
1,4155,0.729104654401584
1,4156,0.7519002015686779
1,4157,0.7781306394159777
1,4158,0.6513907111714018
1,4159,0.7148871407334437
1,4160,0.4295496071759423
1,4161,0.7032942810252966
1,4162,0.7791252238692783
1,4163,0.6732865529297289
1,4164,0.721286093730105
1,4165,0.7623493092014725
1,4166,0.8047782701662969
1,4167,0.7590483533894886
1,4168,0.7738628121893736
1,4169,0.7954351714867967
1,4170,0.7685372330777261
1,4171,0.6788531079700751
1,4172,0.7180799317953686
1,4173,0.6903813159996046
1,4174,0.7577897707660954
1,4175,0.7500874091963828
1,4176,0.7139011923915051
1,4177,0.5212795736924509
1,4178,0.5240663677093332
1,4179,0.7797235547307615
1,4180,0.5629299138206801
1,4181,0.7196513169648858
1,4182,0.9099433126076223
1,4183,0.8975564473685459
1,4184,0.8512163860742556
1,4185,0.4644443978190431
1,4186,0.8546068076018353
1,4187,0.8317693263794823
1,4188,0.6639251486631617
1,4189,0.8850211401848754
1,4190,0.5663033764585423
1,4191,0.858333915434566
1,4192,0.7739031343782186
1,4193,0.7811090825061713
1,4194,0.6867010162586684
1,4195,0.6308395663771219
1,4196,0.4960435221931591
1,4197,0.8137173694747438
1,4198,0.5803449430748076
1,4199,0.8113324918753064
1,4200,0.7026878419800509
1,4201,0.8579806348245024
1,4202,0.7495045407909036
1,4203,0.7853347906659354
1,4204,0.7135477172682587
1,4205,0.7250243870433107
1,4206,0.7303763914049882
1,4207,0.7349111964054479
1,4208,0.5633031565204119
1,4209,0.7929989589926447
1,4210,0.6528588547422534
1,4211,0.7633602323061126
1,4212,0.7026223681244542
1,4213,0.7960192846098982
1,4214,0.7571709912274484
1,4215,0.8360804444075624
1,4216,0.7612261485955152
1,4217,0.7692193505672343
1,4218,0.5505100573224793
1,4219,0.6359928412208412
1,4220,0.7500208276858468
1,4221,0.7838415085616547
1,4222,0.6016064299114187
1,4223,0.8503937320729107
1,4224,0.8580132376316881
1,4225,0.6926686672120053
1,4226,0.7697254481564736
1,4227,0.7535786042176033
1,4228,0.8633872964783966
1,4229,0.7064719135200114
1,4230,0.6944993055073269
1,4231,0.8706474543069874
1,4232,0.7502172058067663
1,4233,0.780397609459206
1,4234,0.7976226412329216
1,4235,0.800904793203328
1,4236,0.4994930796517107
1,4237,0.5547405972636
1,4238,0.5700628509400225
1,4239,0.7310107795160844
1,4240,0.776607955058179
1,4241,0.7221391384904841
1,4242,0.6855403793607682
1,4243,0.7610452846411965
1,4244,0.7745996136571743
1,4245,0.6298528827855199
1,4246,0.7626634168373453
1,4247,0.8433131867115515
1,4248,0.6615133645721395
1,4249,0.7759123659802875
1,4250,0.8173672039771336
1,4251,0.7718542472189669
1,4252,0.7037637826957212
1,4253,0.6799678845386453
1,4254,0.807767719046199
1,4255,0.8232434141878812
1,4256,0.8310845064422253
1,4257,0.7013663808045332
1,4258,0.6116105435369088
1,4259,0.8101019113991348
1,4260,0.6401661555351549
1,4261,0.752575623673011
1,4262,0.7372374245250254
1,4263,0.8427048085254293
1,4264,0.7577903624558852
1,4265,0.7983247658855056
1,4266,0.794405303208829
1,4267,0.7943601230481241
1,4268,0.8502326222519315
1,4269,0.8430756310289403
1,4270,0.8516059565898105
1,4271,0.7117690694720492
1,4272,0.7665268125923606
1,4273,0.6885122149755489
1,4274,0.6133596103920644
1,4275,0.7846965274570631
1,4276,0.608622316050095
1,4277,0.8831707120619985
1,4278,0.705146526541302
1,4279,0.7913293515599478
1,4280,0.7560739142050839
1,4281,0.8419139609993876
1,4282,0.569723918989341
1,4283,0.5280056500912309
1,4284,0.6155852497654217
1,4285,0.43767453494038216
1,4286,0.4668033738310612
1,4287,0.8569831958047524
1,4288,0.6462360227377159
1,4289,0.9344911990421938
1,4290,0.7165701877831824
1,4291,0.8373360081566602
1,4292,0.7411648301519245
1,4293,0.9005396763912799
1,4294,0.8581535101172628
1,4295,0.8476767821086075
1,4296,0.7651544764655565
1,4297,0.6558156230009583
1,4298,0.8287978021208959
1,4299,0.7385364897348388
1,4300,0.7705637513501857
1,4301,0.8913449132358306
1,4302,0.6317265161209282
1,4303,0.6729423615452758
1,4304,0.7264278820869206
1,4305,0.8766365745922746
1,4306,0.8376132069618616
1,4307,0.7829221651095035
1,4308,0.822794505239337
1,4309,0.578717728966738
1,4310,0.6273622787764087
1,4311,0.4213526204143772
1,4312,0.8018342487455784
1,4313,0.6002097708167502
1,4314,0.8505799640516384
1,4315,0.8425003204946561
1,4316,0.6999290769557281
1,4317,0.44855577650077544
1,4318,0.6314093920540059
1,4319,0.7942439128391459
1,4320,0.6846827932363982
1,4321,0.7523464986423888
1,4322,0.7661267053103029
1,4323,0.7542476981158016
1,4324,0.7451006137798935
1,4325,0.5589950902097285
1,4326,0.7164191632836265
1,4327,0.6104828161327291
1,4328,0.7501149467350628
1,4329,0.8590576542304538
1,4330,0.8528906006985401
1,4331,0.6682909538284203
1,4332,0.7493864359997864
1,4333,0.7256909316445324
1,4334,0.8518190304690555
1,4335,0.708703691573779
1,4336,0.8296400832046937
1,4337,0.8423304644127492
1,4338,0.6881548174745503
1,4339,0.8059951378671898
1,4340,0.7458803867059633
1,4341,0.6493540724357935
1,4342,0.7317761094470911
1,4343,0.6495892337237817
1,4344,0.8336180288294381
1,4345,0.8844615743453419
1,4346,0.7187083074754492
1,4347,0.5594171363139195
1,4348,0.6441377997602321
1,4349,0.7613645394372548
1,4350,0.869680881889592
1,4351,0.8573791511868082
1,4352,0.6098899406646254
1,4353,0.8117964879452162
1,4354,0.5661995339966637
1,4355,0.72168710689803
1,4356,0.7949037559985003
1,4357,0.6347053954719138
1,4358,0.8389586734907513
1,4359,0.7659792650506833
1,4360,0.7878967538702397
1,4361,0.7810851331656095
1,4362,0.6915407148017039
1,4363,0.7353480266758537
1,4364,0.886777483218741
1,4365,0.4582308417136746
1,4366,0.76550624325227
1,4367,0.6852636039551225
1,4368,0.5772714044108859
1,4369,0.6352192540550352
1,4370,0.7807303981077144
1,4371,0.6873456110975539
1,4372,0.834235127246452
1,4373,0.898433213765098
1,4374,0.6657804332534032
1,4375,0.6101855795011668
1,4376,0.7480271760279118
1,4377,0.8628073053130736
1,4378,0.7734749325841171
1,4379,0.6348288260662293
1,4380,0.8606186993102244
1,4381,0.6023171884876344
1,4382,0.7758088049754547
1,4383,0.7537450554975198
1,4384,0.7267466560739225
1,4385,0.5378468890145821
1,4386,0.8477497749899073
1,4387,0.8603765180010425
1,4388,0.778308426557674
1,4389,0.8539676612254881
1,4390,0.6681815073910983
1,4391,0.7998441659394437
1,4392,0.7700227573102405
1,4393,0.6182847903921725
1,4394,0.6017193994366286
1,4395,0.7245240849897214
1,4396,0.7955703777507686
1,4397,0.7709668328012909
1,4398,0.761590364100623
1,4399,0.7103795834976233
1,4400,0.7680982976907267
1,4401,0.6718965942399295
1,4402,0.582322003604174
1,4403,0.8293308096012812
1,4404,0.8309154400489069
1,4405,0.6668387582990897
1,4406,0.49954561946141657
1,4407,0.6370937743105175
1,4408,0.6867451448408699
1,4409,0.7997022990235032
1,4410,0.6409242435205073
1,4411,0.8018180654917694
1,4412,0.7563614350712404
1,4413,0.47729439043309
1,4414,0.7132694647749441
1,4415,0.6846743896953972
1,4416,0.648458429140824
1,4417,0.7198429691963363
1,4418,0.7797454001441383
1,4419,0.5950821053142404
1,4420,0.6330540922288773
1,4421,0.622593738598295
1,4422,0.519501601242709
1,4423,0.6558951058005643
1,4424,0.8753946862349615
1,4425,0.889522055909553
1,4426,0.7736351219686426
1,4427,0.7351251447342033
1,4428,0.7962952099033509
1,4429,0.6015713289590563
1,4430,0.7828562577974033
1,4431,0.8696432849105836
1,4432,0.905880049055346
1,4433,0.8270676606820606
1,4434,0.4515738346851081
1,4435,0.7992321617563755
1,4436,0.7776714804928611
1,4437,0.8261844213972974
1,4438,0.7909587265747118
1,4439,0.8137122749896264
1,4440,0.8266343168290717
1,4441,0.8516108901526284
1,4442,0.8290268631978659
1,4443,0.4874137683578748
1,4444,0.781122242733124
1,4445,0.6306287809462432
1,4446,0.8174585877972206
1,4447,0.6954281636815481
1,4448,0.7170525435434469
1,4449,0.384418529954326
1,4450,0.6304761500437783
1,4451,0.698735612936425
1,4452,0.6536343658119849
1,4453,0.9115788056827139
1,4454,0.9011310882380251
1,4455,0.7354109661225731
1,4456,0.6775626642121089
1,4457,0.7112115029493802
1,4458,0.822192884253452
1,4459,0.8065493119828143
1,4460,0.738836446606231
1,4461,0.7312283918990596
1,4462,0.8229599071612373
1,4463,0.8301985619043462
1,4464,0.7913885042469819
1,4465,0.8505014973063156
1,4466,0.8944452782917629
1,4467,0.5171536979604244
1,4468,0.8069037336657789
1,4469,0.744460111075242
1,4470,0.5969435202088137
1,4471,0.7708148752160373
1,4472,0.637253649176293
1,4473,0.7609928318182724
1,4474,0.8123031350153019
1,4475,0.8200928130106364
1,4476,0.6868006999529025
1,4477,0.8641436910247755
1,4478,0.7407309695246774
1,4479,0.7520384960355277
1,4480,0.5996176808091356
1,4481,0.7585022492816215
1,4482,0.7226284753804672
1,4483,0.7121735080786616
1,4484,0.6764133886380589
1,4485,0.7091334479595938
1,4486,0.7020384695940383
1,4487,0.4803967620145142
1,4488,0.856448466282421
1,4489,0.6808440347287075
1,4490,0.7110029285677419
1,4491,0.8212796327944006
1,4492,0.7819290904075448
1,4493,0.7338146457482578
1,4494,0.788473738178514
1,4495,0.85814129065279
1,4496,0.8443824936307361
1,4497,0.7336697435230565
1,4498,0.7549454344161064
1,4499,0.6605315389661669
1,4500,0.752698100694067
1,4501,0.8342881612951732
1,4502,0.8025051499256752
1,4503,0.7037725140590676
1,4504,0.6616339339073534
1,4505,0.4913892040486678
1,4506,0.44870178471913147
1,4507,0.3901842687676423
1,4508,0.42475389097862093
1,4509,0.6876539371223943
1,4510,0.6610000866976434
1,4511,0.8768576505191213
1,4512,0.9198704038730529
1,4513,0.8405107318247304
1,4514,0.8012136439286062
1,4515,0.5933310237552141
1,4516,0.8258810422153912
1,4517,0.7439781371494651
1,4518,0.8838064726422948
1,4519,0.8849463544543307
1,4520,0.625923157055544
1,4521,0.8496550351185375
1,4522,0.7045213410535354
1,4523,0.7513760764204834
1,4524,0.9255543442168128
1,4525,0.4643016140976091
1,4526,0.7070920150695221
1,4527,0.7501467411510819
1,4528,0.8108516468085387
1,4529,0.5954678156601632
1,4530,0.7790367134637785
1,4531,0.7487013101158042
1,4532,0.8194977476734064
1,4533,0.649385130682664
1,4534,0.7596471616971782
1,4535,0.8250796667367837
1,4536,0.7857696019415457
1,4537,0.8190859081086076
1,4538,0.6624810775581745
1,4539,0.6630307861355981
1,4540,0.7072841316336753
1,4541,0.7653779996023476
1,4542,0.7810659563578263
1,4543,0.7846449272063586
1,4544,0.613150292032604
1,4545,0.7863961862060965
1,4546,0.7056224863956352
1,4547,0.8307900292420023
1,4548,0.7187849441327662
1,4549,0.6139540433473651
1,4550,0.8413080041898143
1,4551,0.8084033098317602
1,4552,0.7521985908245536
1,4553,0.7896046166062743
1,4554,0.7023887924525113
1,4555,0.6659370398000575
1,4556,0.6952556229298454
1,4557,0.7149605334719499
1,4558,0.8434765421845959
1,4559,0.8891799250725799
1,4560,0.640412176591917
1,4561,0.6537744683786418
1,4562,0.7297602844751794
1,4563,0.8647286344616506
1,4564,0.8397518992675621
1,4565,0.8237953859775797
1,4566,0.6209095410542974
1,4567,0.7659427124118674
1,4568,0.7536021697041172
1,4569,0.5752163553426992
1,4570,0.8578190885326591
1,4571,0.668903122937513
1,4572,0.7735318710665159
1,4573,0.6833471123635896
1,4574,0.7392911831743064
1,4575,0.7043489208805573
1,4576,0.5558279120626335
1,4577,0.8497008949774685
1,4578,0.8752683620017025
1,4579,0.755608396001273
1,4580,0.6657931343803644
1,4581,0.7238612642789715
1,4582,0.6905809894207545
1,4583,0.6814809253946249
1,4584,0.791654079560034
1,4585,0.6462478319481437
1,4586,0.4424743875978549
1,4587,0.4922186230982989
1,4588,0.6126511972883095
1,4589,0.8401238724071762
1,4590,0.6768310626793533
1,4591,0.9079997488843629
1,4592,0.8831951101379499
1,4593,0.6337797907963045
1,4594,0.7285933066860262
1,4595,0.6125610944397297
1,4596,0.6774734486927605
1,4597,0.823676338878867
1,4598,0.7729970531308457
1,4599,0.783255281536285
1,4600,0.6695911801241533
1,4601,0.8200739543453018
1,4602,0.816932603304436
1,4603,0.8421492215900412
1,4604,0.690303959630051
1,4605,0.8505112613908994
1,4606,0.8286424905809955
1,4607,0.7741498864555144
1,4608,0.6471035922799374
1,4609,0.5062942493417041
1,4610,0.7095886700938794
1,4611,0.7666002321318248
1,4612,0.7659841019115657
1,4613,0.7451041683178383
1,4614,0.7318772270211055
1,4615,0.6890387524445496
1,4616,0.7117716005976938
1,4617,0.7038122844521322
1,4618,0.7233933151168811
1,4619,0.8812573575837617
1,4620,0.7225889852444435
1,4621,0.7828547148170958
1,4622,0.7871931484394186
1,4623,0.7967985612153689
1,4624,0.5024477150366454
1,4625,0.6314794089724607
1,4626,0.3243152801844719
1,4627,0.7651990990434209
1,4628,0.8486692628914598
1,4629,0.7066142261625007
1,4630,0.7287835083499005
1,4631,0.6313429551590769
1,4632,0.7270159929740753
1,4633,0.7560960340923114
1,4634,0.6430113444082342
1,4635,0.7488346104083863
1,4636,0.7143555545200301
1,4637,0.8904076443047617
1,4638,0.8511330156370808
1,4639,0.9081614393546457
1,4640,0.8355049001569349
1,4641,0.8324724161479874
1,4642,0.501416083544467
1,4643,0.5433938651094623
1,4644,0.8644901842131302
1,4645,0.5959653363300592
1,4646,0.8878361723198793
1,4647,0.6481174710215996
1,4648,0.763850833724037
1,4649,0.6542291450750851
1,4650,0.8756623873094816
1,4651,0.8717747055460353
1,4652,0.8592066305034283
1,4653,0.8774045225318694
1,4654,0.45134597130311865
1,4655,0.5667261946235961
1,4656,0.7086820000354475
1,4657,0.6993005052488279
1,4658,0.664218558038263
1,4659,0.6635734741206766
1,4660,0.6553251011854484
1,4661,0.7548116262660045
1,4662,0.5442500209650529
1,4663,0.5211365634891265
1,4664,0.544543979160244
1,4665,0.6677359427083916
1,4666,0.5588001603995151
1,4667,0.8125610561087229
1,4668,0.7515589788853015
1,4669,0.5890753584833716
1,4670,0.7398321722646067
1,4671,0.762896745082905
1,4672,0.832791476986316
1,4673,0.7758378006209806
1,4674,0.5728171667737093
1,4675,0.8211269216553496
1,4676,0.6644815973411288
1,4677,0.7195774682765912
1,4678,0.8390644778076237
1,4679,0.7835111590163879
1,4680,0.7907099517598922
1,4681,0.7095226435808297
1,4682,0.6081247433973698
1,4683,0.6376353090634335
1,4684,0.8066336317903015
1,4685,0.804339549062955
1,4686,0.7224903697468983
1,4687,0.7852774683805323
1,4688,0.6283501145273163
1,4689,0.8107268886291087
1,4690,0.8298291523530316
1,4691,0.6988354098882011
1,4692,0.6693695775540335
1,4693,0.6287597106535305
1,4694,0.5234703316532701
1,4695,0.48057025108927903
1,4696,0.8889406846857031
1,4697,0.7925454088160121
1,4698,0.7957635279173306
1,4699,0.7899288677111626
1,4700,0.8687887378415553
1,4701,0.8217766917288127
1,4702,0.8031125604791607
1,4703,0.7443226198300765
1,4704,0.805041569339727
1,4705,0.7862304624659424
1,4706,0.5425874412079962
1,4707,0.541251902283705
1,4708,0.7997670843508573
1,4709,0.6770309874256838
1,4710,0.76550663781959
1,4711,0.7788025196703896
1,4712,0.7924821704479671
1,4713,0.7118105286643783
1,4714,0.7599137859190893
1,4715,0.8150654570442544
1,4716,0.7806246491730374
1,4717,0.7410387149994484
1,4718,0.7176022393377192
1,4719,0.7984632962643937
1,4720,0.7782140175961326
1,4721,0.7806435050006004
1,4722,0.834229462360308
1,4723,0.45882863535938345
1,4724,0.9170235636868129
1,4725,0.39994267930892974
1,4726,0.6211197026830338
1,4727,0.8816475053560527
1,4728,0.7833353471950099
1,4729,0.6285371054566401
1,4730,0.8122998818889177
1,4731,0.758263231918557
1,4732,0.724040932772853
1,4733,0.8663297829486346
1,4734,0.8700169548838119
1,4735,0.7715772133759956
1,4736,0.7829526234315086
1,4737,0.829907876675641
1,4738,0.7775947320975762
1,4739,0.8022875487873696
1,4740,0.8407045953699707
1,4741,0.8222423750705027
1,4742,0.686103620767311
1,4743,0.7578067946137442
1,4744,0.750504372463527
1,4745,0.7569819026004823
1,4746,0.7268198794968121
1,4747,0.5663518684946326
1,4748,0.8631316454433818
1,4749,0.8685470970160369
1,4750,0.5385637191017212
1,4751,0.5354539881732451
1,4752,0.5775764335391824
1,4753,0.610050018225107
1,4754,0.6945577303026116
1,4755,0.8598104452338651
1,4756,0.7848828006816264
1,4757,0.7583610456250218
1,4758,0.7852016353910575
1,4759,0.628629684281951
1,4760,0.4674951082897809
1,4761,0.7198530574268901
1,4762,0.7710583440075306
1,4763,0.8257679254783292
1,4764,0.7433868425511468
1,4765,0.8128188056815995
1,4766,0.8065403499139289
1,4767,0.8756985254919768
1,4768,0.7081210697473489
1,4769,0.7730709844289795
1,4770,0.9312586406474351
1,4771,0.6340520529729713
1,4772,0.8110972826831082
1,4773,0.8077109731120786
1,4774,0.8367613710306574
1,4775,0.8328385128331328
1,4776,0.7377329597996236
1,4777,0.7956151840013348
1,4778,0.4524588005188017
1,4779,0.7227621345884163
1,4780,0.6917164869961504
1,4781,0.7204682355247509
1,4782,0.8180328267460673
1,4783,0.7678210179533227
1,4784,0.6280016597721179
1,4785,0.6907350781807364
1,4786,0.7393604510445353
1,4787,0.7740447893770598
1,4788,0.27733493239008167
1,4789,0.3714774914833696
1,4790,0.7498505260999604
1,4791,0.7370536979073676
1,4792,0.8130369128359106
1,4793,0.7637960276724255
1,4794,0.7041853363151341
1,4795,0.8358864709527314
1,4796,0.7093658685549615
1,4797,0.8382115483197721
1,4798,0.7625272830297816
1,4799,0.8727572557290894
1,4800,0.6501821979868765
1,4801,0.8030635026045343
1,4802,0.8056904692252101
1,4803,0.7370842892009799
1,4804,0.7577176335072117
1,4805,0.5586403176406105
1,4806,0.8772851648438844
1,4807,0.6780397991785091
1,4808,0.8749853788732282
1,4809,0.7248813439501928
1,4810,0.6297907348136113
1,4811,0.5919441579047373
1,4812,0.8209644066354314
1,4813,0.8733105961954281
1,4814,0.7828506867541986
1,4815,0.81852154339823735
1,4816,0.7844700356798677
1,4817,0.754494919689331
1,4818,0.809153923472745
1,4819,0.6516281702035812
1,4820,0.7200286389287197
1,4821,0.7230102324426375
1,4822,0.8041388053507097
1,4823,0.8882472549975772
1,4824,0.5309693699750447
1,4825,0.7789970199026944
1,4826,0.7160258951230984
1,4827,0.8143864223113194
1,4828,0.7730882423244443
1,4829,0.6423354090954049
1,4830,0.9000887816649071
1,4831,0.8009175408641797
1,4832,0.6374522664971864
1,4833,0.7954837596401773
1,4834,0.7127392986514192
1,4835,0.7152659114824107
1,4836,0.8048089399571523
1,4837,0.6966447563381731
1,4838,0.7009180933170034
1,4839,0.7664867737047315
1,4840,0.7273441347976441
1,4841,0.7399157821201857
1,4842,0.8551521085669785
1,4843,0.8296224592422412
1,4844,0.8121228421039164
1,4845,0.8335421790955356
1,4846,0.8220289588845628
1,4847,0.8455339317779329
1,4848,0.8439294203691463
1,4849,0.6894443553591775
1,4850,0.7184714208671625
1,4851,0.8192158906161798
1,4852,0.8201798793464627
1,4853,0.5078080840872754
1,4854,0.9391955467084395
1,4855,0.7346773763362845
1,4856,0.6150435256835002
1,4857,0.5044475439576828
1,4858,0.32347504575792546
1,4859,0.7832348262038576
1,4860,0.8044405946620249
1,4861,0.4533958208613589
1,4862,0.41348463815185094
1,4863,0.5025718772222658
1,4864,0.9007553397647646
1,4865,0.6235532125577216
1,4866,0.6253998499128668
1,4867,0.8095238956898219
1,4868,0.5180766459530766
1,4869,0.7476566281728588
1,4870,0.6702954730661175
1,4871,0.7165223843522082
1,4872,0.6275356372633631
1,4873,0.8456816351206672
1,4874,0.8807392509761566
1,4875,0.6056749334667643
1,4876,0.45919043556061745
1,4877,0.7349860446859865
1,4878,0.6372098608738205
1,4879,0.6857986934769007
1,4880,0.5096090438705332
1,4881,0.6336701888271036
1,4882,0.7150747153404977
1,4883,0.7622253985098578
1,4884,0.8619758565500791
1,4885,0.7844576710116266
1,4886,0.7244905068034803
1,4887,0.7726462748789363
1,4888,0.841489666067793
1,4889,0.679897290313579
1,4890,0.7913550666082751
1,4891,0.7640337873878389
1,4892,0.7336295272038411
1,4893,0.6839041835074733
1,4894,0.7078889120289251
1,4895,0.762498711944629
1,4896,0.6367136798775412
1,4897,0.6191161936271001
1,4898,0.6444576528690312
1,4899,0.8139776887222839
1,4900,0.6683769025839541
1,4901,0.7706221700733616
1,4902,0.688523123407158
1,4903,0.7579901289007537
1,4904,0.8257995898653047
1,4905,0.6691859317558145
1,4906,0.8186794188860171
1,4907,0.8004503860351108
1,4908,0.7388448946976
1,4909,0.7645476021939835
1,4910,0.842062207613609
1,4911,0.7816742582636722
1,4912,0.41718583365167106
1,4913,0.6610727396226057
1,4914,0.5994411629221901
1,4915,0.7702155984196605
1,4916,0.8118777515783914
1,4917,0.7294177831602515
1,4918,0.7655301076186661
1,4919,0.7477862165227088
1,4920,0.7300009460332553
1,4921,0.855706206938795
1,4922,0.7686942893522503
1,4923,0.6709073514021924
1,4924,0.9104707504486431
1,4925,0.7514048815225145
1,4926,0.826755517763116
1,4927,0.7586387080331438
1,4928,0.6562203249081734
1,4929,0.7210063981264827
1,4930,0.6247197108470233
1,4931,0.7797302049279652
1,4932,0.7585005241096421
1,4933,0.7917034546099706
1,4934,0.8053906606269549
1,4935,0.35232822905531735
1,4936,0.5918072794871442
1,4937,0.695220655974362
1,4938,0.9356171569118215
1,4939,0.5172508345406115
1,4940,0.6927669334298349
1,4941,0.6769947559711256
1,4942,0.7952553786989218
1,4943,0.7227446778447313
1,4944,0.7866843982634016
1,4945,0.5819106062051236
1,4946,0.48825680773517705
1,4947,0.8981155874759369
1,4948,0.7338997808541754
1,4949,0.5937519444099519
1,4950,0.6510064052317686
1,4951,0.7975229297735232
1,4952,0.7602655406961427
1,4953,0.7166991337741003
1,4954,0.7515648671628409
1,4955,0.8336278730822764
1,4956,0.578524520184477
1,4957,0.691328138864673
1,4958,0.7128590940689061
1,4959,0.5930788311362116
1,4960,0.7437893489790923
1,4961,0.7558940757880352
1,4962,0.6086925011510287
1,4963,0.538958157521277
1,4964,0.6769213813600886
1,4965,0.7088371059843139
1,4966,0.8196190186449991
1,4967,0.6983672582045451
1,4968,0.6006584376684178
1,4969,0.6647446102268364
1,4970,0.7191903942633537
1,4971,0.7180427321744295
1,4972,0.7269967558471876
1,4973,0.7320029653107633
1,4974,0.6302249945507398
1,4975,0.8963441924943112
1,4976,0.7827655996802962
1,4977,0.8667684713758774
1,4978,0.8353744099043142
1,4979,0.7819749187086865
1,4980,0.7960585028133101
1,4981,0.5202482872088834
1,4982,0.7728657118701681
1,4983,0.7948680079208303
1,4984,0.8286084754392911
1,4985,0.5567192644287904
1,4986,0.6569686096175792
1,4987,0.7235684620953465
1,4988,0.7024045329479514
1,4989,0.7125802728534181
1,4990,0.8019702549869384
1,4991,0.6693977472559579
1,4992,0.6911041198952923
1,4993,0.8383451932271744
1,4994,0.6261763300714009
1,4995,0.6064301096334492
1,4996,0.7874781800372039
1,4997,0.43753447216203883
1,4998,0.5321548470021816
1,4999,0.8556537049019992
1,5000,0.7449266479347905
1,5001,0.6089053595208935
1,5002,0.751205656041239
1,5003,0.622690140872401
1,5004,0.7419803333393414
1,5005,0.7013394372825871
1,5006,0.8125840340983963
1,5007,0.6118896345596998
1,5008,0.40936326769515274
1,5009,0.4971329961141212
1,5010,0.6459411238738401
1,5011,0.8917853337404025
1,5012,0.7106081233863769
1,5013,0.853333237781205
1,5014,0.8200204999332212
1,5015,0.8551490641956675
1,5016,0.7626926458182915
1,5017,0.7034585983926386
1,5018,0.8387519744418988
1,5019,0.7736477040645128
1,5020,0.7483017262826365
1,5021,0.7541939147730886
1,5022,0.6719564658529277
1,5023,0.7735442990132521
1,5024,0.8105122491242692
1,5025,0.6914023646902918
1,5026,0.8408407301040342
1,5027,0.8449954790130648
1,5028,0.7112141611555316
1,5029,0.7355908585699076
1,5030,0.7063495694296688
1,5031,0.5554983550093346
1,5032,0.6787931475812832
1,5033,0.7204311675983165
1,5034,0.848465234880019
1,5035,0.7972634579040345
1,5036,0.8084238634811567
1,5037,0.7999619383319335
1,5038,0.783442691657454
1,5039,0.7085701987224396
1,5040,0.7896847450118832
1,5041,0.812692937066111
1,5042,0.8074067854516512
1,5043,0.6755102833593387
1,5044,0.6859691324365312
1,5045,0.8276401356250308
1,5046,0.8436553382954549
1,5047,0.6517698270489365
1,5048,0.8340785519495483
1,5049,0.7285055163732975
1,5050,0.8332554829129447
1,5051,0.7325393816939983
1,5052,0.8182683424264929
1,5053,0.814236872897923
1,5054,0.7351599262480237
1,5055,0.8114440914537127
1,5056,0.8031830210171631
1,5057,0.739319956462232
1,5058,0.8605163872239961
1,5059,0.6539466951762783
1,5060,0.7117633060992921
1,5061,0.7075235278810239
1,5062,0.7897455553744307
1,5063,0.7174450216669401
1,5064,0.7754921936395985
1,5065,0.8222801773964156
1,5066,0.6777179318801679
1,5067,0.7752037629594909
1,5068,0.7221218668210888
1,5069,0.7134483056216662
1,5070,0.7235362340704576
1,5071,0.724828058792315
1,5072,0.8118869924161431
1,5073,0.7469489401338086
1,5074,0.8251654622229161
1,5075,0.8589955205578823
1,5076,0.7854654388373898
1,5077,0.7385689525549806
1,5078,0.7891731574019057
1,5079,0.5542463413693987
1,5080,0.555964302079949
1,5081,0.7250527721722079
1,5082,0.7054548758335893
1,5083,0.8105152118461627
1,5084,0.7621606686599149
1,5085,0.7817960393091378
1,5086,0.5967299493984198
1,5087,0.6828459131750811
1,5088,0.7466043381886023
1,5089,0.8989240086435744
1,5090,0.8803094876840456
1,5091,0.7877132316872093
1,5092,0.5789638570387691
1,5093,0.7897678376182474
1,5094,0.7714745428069
1,5095,0.7521411243025423
1,5096,0.609758385468666
1,5097,0.6288330846255394
1,5098,0.7841204647856439
1,5099,0.5045635298324433
1,5100,0.7931103804387054
1,5101,0.6910415620298419
1,5102,0.7566438597453939
1,5103,0.6760659814784353
1,5104,0.660267326039047
1,5105,0.7796678637888894
1,5106,0.8268104937426821
1,5107,0.6673790701719223
1,5108,0.7148193764468067
1,5109,0.6267245577479859
1,5110,0.6944025082624108
1,5111,0.6897448009056273
1,5112,0.7160292432939264
1,5113,0.6966810739986119
1,5114,0.7337498547470238
1,5115,0.8046029647010284
1,5116,0.7802062266070943
1,5117,0.7395515857130638
1,5118,0.7329903648175169
1,5119,0.7456900994444806
1,5120,0.6927206914128525
1,5121,0.7779947247737595
1,5122,0.8435511209524856
1,5123,0.8098108767091241
1,5124,0.8390193348659877
1,5125,0.7886491493233158
1,5126,0.6243849883201424
1,5127,0.7520116209777571
1,5128,0.6694367686395548
1,5129,0.8298055547681327
1,5130,0.5122067623066671
1,5131,0.8492435218932761
1,5132,0.6615285030079513
1,5133,0.8020091022277733
1,5134,0.899521570999058
1,5135,0.6477650255216233
1,5136,0.7195779419840183
1,5137,0.7757779220054968
1,5138,0.8557228129584981
1,5139,0.7316473661333909
1,5140,0.8369980605270805
1,5141,0.7527189201780572
1,5142,0.7203754900827654
1,5143,0.7392408841118141
1,5144,0.6225283620819324
1,5145,0.8074112743191496
1,5146,0.6559491057383173
1,5147,0.6752464876039841
1,5148,0.7590121617873811
1,5149,0.6451213128730083
1,5150,0.758917578921538
1,5151,0.6485160446827454
1,5152,0.45917947884218685
1,5153,0.5664761881321928
1,5154,0.8166791034847135
1,5155,0.5924721865966976
1,5156,0.6816379347051484
1,5157,0.5966083176356763
1,5158,0.7995853400900499
1,5159,0.8213069146535237
1,5160,0.6519970792781415
1,5161,0.6986747755451127
1,5162,0.805766707025672
1,5163,0.8669464263529311
1,5164,0.7510186949796382
1,5165,0.7175390182653512
1,5166,0.7776089803111008
1,5167,0.8444526830573783
1,5168,0.8129100581453135
1,5169,0.8761015984729362
1,5170,0.8754155426433504
1,5171,0.7502295626963807
1,5172,0.6613769016148903
1,5173,0.7246826990906999
1,5174,0.8461978566960692
1,5175,0.7198335478438348
1,5176,0.8536448755502399
1,5177,0.8873573211236974
1,5178,0.7014749032491828
1,5179,0.5641153757988424
1,5180,0.7529682488498597
1,5181,0.8393959201051606
1,5182,0.746163222004666
1,5183,0.8724880221499817
1,5184,0.8355171475662148
1,5185,0.5004650627929962
1,5186,0.6002799967829278
1,5187,0.538519125707202
1,5188,0.7749063612141046
1,5189,0.8226799048389034
1,5190,0.8511766311390082
1,5191,0.7789383477838805
1,5192,0.7333951624434503
1,5193,0.7066525811976272
1,5194,0.6949723675458824
1,5195,0.7977883237231232
1,5196,0.7866320883390476
1,5197,0.7591870492816866
1,5198,0.8379235397349108
1,5199,0.7791807636213124
1,5200,0.8495828299650884
1,5201,0.6778700366413685
1,5202,0.5912250008429467
1,5203,0.5827641496176774
1,5204,0.6127838351280025
1,5205,0.7572312655191855
1,5206,0.8543334361974786
1,5207,0.7887147731134432
1,5208,0.7374187607303536
1,5209,0.6739771269311606
1,5210,0.7867836983375918
1,5211,0.7014735096810827
1,5212,0.767986421422791
1,5213,0.6952096219932331
1,5214,0.8419132297238668
1,5215,0.7195204496902643
1,5216,0.6931436775219129
1,5217,0.8114669023377065
1,5218,0.8083644014130065
1,5219,0.8727519814074103
1,5220,0.6203418744074021
1,5221,0.6825356516597431
1,5222,0.7072697399263206
1,5223,0.6147181654190245
1,5224,0.6525540045194086
1,5225,0.6726694422330141
1,5226,0.6572151023474266
1,5227,0.6981473047153784
1,5228,0.6004700004540379
1,5229,0.61382214323148
1,5230,0.7130893006748026
1,5231,0.7459795072538321
1,5232,0.7239843801249422
1,5233,0.6110983799275209
1,5234,0.79508503809431
1,5235,0.752585942629623
1,5236,0.47584213477867987
1,5237,0.7098525934601772
1,5238,0.6689967565845427
1,5239,0.6913321298835509
1,5240,0.8413562029040069
1,5241,0.7107757688894646
1,5242,0.5004708384160796
1,5243,0.80725448914251
1,5244,0.8131498788889758
1,5245,0.7045289691533452
1,5246,0.6437902717448262
1,5247,0.6868169779832537
1,5248,0.72656015397046
1,5249,0.7707317597840274
1,5250,0.7383079715978179
1,5251,0.7961545670681284
1,5252,0.8451104809043507
1,5253,0.7228284878731855
1,5254,0.7930033669035214
1,5255,0.8227497416906412
1,5256,0.5646896596767792
1,5257,0.775604382780686
1,5258,0.7517537719992075
1,5259,0.7760677316982721
1,5260,0.6929886577602363
1,5261,0.7626208235867303
1,5262,0.6886679346930792
1,5263,0.5829793936734967
1,5264,0.8364257410545157
1,5265,0.6995386751128995
1,5266,0.784478948086095
1,5267,0.7310588807901991
1,5268,0.8233229656714965
1,5269,0.7527192834464065
1,5270,0.705769170565822
1,5271,0.8029578108406221
1,5272,0.7174952224758289
1,5273,0.8222596979150197
1,5274,0.8667944246131003
1,5275,0.6916658977915597
1,5276,0.70321578121305
1,5277,0.7592190475259653
1,5278,0.7481284311459271
1,5279,0.7977649055483058
1,5280,0.8125983443519124
1,5281,0.7945607004944978
1,5282,0.6244827627347761
1,5283,0.7590723264429484
1,5284,0.7321052981233328
1,5285,0.7090549520573106
1,5286,0.6553610278660686
1,5287,0.5675258542191896
1,5288,0.6544294033052036
1,5289,0.5611213240266748
1,5290,0.5744381313894974
1,5291,0.7075514583476795
1,5292,0.6960737198930471
1,5293,0.8000644536721089
1,5294,0.8113868973966246
1,5295,0.833588901797546
1,5296,0.7418496722396121
1,5297,0.8630854591537376
1,5298,0.8079437338542568
1,5299,0.7449976422529432
1,5300,0.5739061217991107
1,5301,0.46584638152714164
1,5302,0.7814369584689296
1,5303,0.6461354462142255
1,5304,0.6110963983717099
1,5305,0.8618920853915815
1,5306,0.7802695601431838
1,5307,0.5789290628279532
1,5308,0.6960174074232235
1,5309,0.5670784963583106
1,5310,0.8102024341755519
1,5311,0.6325584966362172
1,5312,0.5951186858886367
1,5313,0.6918851270627655
1,5314,0.766486437575932
1,5315,0.841197240879625
1,5316,0.8155266370943748
1,5317,0.6157057234328767
1,5318,0.7227762476062083
1,5319,0.6644390258097838
1,5320,0.7118181896166812
1,5321,0.6530997907717099
1,5322,0.6720016429526112
1,5323,0.8325649303982504
1,5324,0.7964407795074283
1,5325,0.8428904914786742
1,5326,0.762755730753635
1,5327,0.7888534880801066
1,5328,0.8080962403634918
1,5329,0.8306323956484697
1,5330,0.6409955484055011
1,5331,0.8556515862871124
1,5332,0.715689550875361
1,5333,0.7383221805735622
1,5334,0.7573153230155397
1,5335,0.794921598602289
1,5336,0.7560513968673396
1,5337,0.7783154881931402
1,5338,0.7455094778249061
1,5339,0.746987715104692
1,5340,0.5662802734549491
1,5341,0.8083943937261269
1,5342,0.6280783697892895
1,5343,0.46718509441219097
1,5344,0.6238673591475032
1,5345,0.6648720105154907
1,5346,0.7114847392453628
1,5347,0.7351881496430435
1,5348,0.6146963162557102
1,5349,0.5875189712755988
1,5350,0.6577805918090437
1,5351,0.7942610342905089
1,5352,0.7502409518890543
1,5353,0.7425997254103579
1,5354,0.7823861202816721
1,5355,0.8530822902801976
1,5356,0.8672291278196026
1,5357,0.8188946257631085
1,5358,0.8786158074527448
1,5359,0.6832152178948552
1,5360,0.6942812297047034
1,5361,0.803070825604318
1,5362,0.7298177588340372
1,5363,0.8338800800390928
1,5364,0.6719003486186377
1,5365,0.693301243646761
1,5366,0.8666840378033339
1,5367,0.7719716485742952
1,5368,0.9302550624541144
1,5369,0.6796606278792385
1,5370,0.8021142205236271
1,5371,0.6211439990309268
1,5372,0.8267007054960143
1,5373,0.8245711076804871
1,5374,0.8443632175216778
1,5375,0.7381176052196273
1,5376,0.7829074735001548
1,5377,0.7582751484660974
1,5378,0.8444500844625734
1,5379,0.7348524904482847
1,5380,0.8682322182515155
1,5381,0.6911907143829975
1,5382,0.822075742339013
1,5383,0.7955732576138631
1,5384,0.7730022254233871
1,5385,0.8955368756854357
1,5386,0.6260640569948981
1,5387,0.7156415774078937
1,5388,0.7227732968624621
1,5389,0.7389986521220185
1,5390,0.8082635405038717
1,5391,0.8748965214437061
1,5392,0.8188255274373961
1,5393,0.6371870476089153
1,5394,0.8477851400043251
1,5395,0.8567473130507973
1,5396,0.5590230168519611
1,5397,0.8642894069628859
1,5398,0.8460445802021491
1,5399,0.6615913139825851
1,5400,0.782587136659269
1,5401,0.8798540542377846
1,5402,0.6080496956945094
1,5403,0.8111729447401281
1,5404,0.6927056379230154
1,5405,0.8760849878297676
1,5406,0.5915549076313302
1,5407,0.6838244819343726
1,5408,0.7369604742108603
1,5409,0.8004388853950737
1,5410,0.7411544044582309
1,5411,0.7094884632151263
1,5412,0.800957453168552
1,5413,0.6496724472622376
1,5414,0.7540119775553816
1,5415,0.6651181044946136
1,5416,0.733036971124434
1,5417,0.7852349016141922
1,5418,0.7553880056785547
1,5419,0.836631761577891
1,5420,0.8715216240553121
1,5421,0.6849633310280739
1,5422,0.7522200422333218
1,5423,0.580196789389821
1,5424,0.746551619236097
1,5425,0.7180162849240764
1,5426,0.681709166393157
1,5427,0.6155280982481292
1,5428,0.8630001609248017
1,5429,0.848753095379563
1,5430,0.6995636496333147
1,5431,0.8961895630594461
1,5432,0.5647724156204477
1,5433,0.7291002611597212
1,5434,0.7621578087291286
1,5435,0.7301486160004876
1,5436,0.8913124406461631
1,5437,0.8934232189552661
1,5438,0.7679293564532937
1,5439,0.8571590660827589
1,5440,0.6936055811654405
1,5441,0.6927875169746164
1,5442,0.6729618262163946
1,5443,0.7804904931208425
1,5444,0.7583784749440162
1,5445,0.39041010435375606
1,5446,0.7186741524069051
1,5447,0.8119560284399732
1,5448,0.7547213832434213
1,5449,0.5243628952108309
1,5450,0.7606769876253408
1,5451,0.5495032195965932
1,5452,0.6251249812623095
1,5453,0.623277593114446
1,5454,0.38720015796406343
1,5455,0.7223640158436706
1,5456,0.6664586162965092
1,5457,0.8284387636889744
1,5458,0.7678216589255632
1,5459,0.7340977838221684
1,5460,0.7506118267836743
1,5461,0.7620688512500031
1,5462,0.773495412099989
1,5463,0.7179345820689871
1,5464,0.7972235766419407
1,5465,0.8173112095855604
1,5466,0.8591290287655842
1,5467,0.7823062637632984
1,5468,0.6720504678785265
1,5469,0.4391295749152588
1,5470,0.78796515194237
1,5471,0.5472853323891194
1,5472,0.8114886203116701
1,5473,0.6888903449058068
1,5474,0.5355500155515766
1,5475,0.8783449916351875
1,5476,0.7871816044286258
1,5477,0.7805313573793039
1,5478,0.6887058472561888
1,5479,0.8288998984461852
1,5480,0.6544839888067345
1,5481,0.7196035356700213
1,5482,0.7301216355906945
1,5483,0.7167062560699291
1,5484,0.8000250884653783
1,5485,0.7483025059042359
1,5486,0.8862289702544228
1,5487,0.808511593592771
1,5488,0.7780279150504353
1,5489,0.6714450653812923
1,5490,0.6202703477912418
1,5491,0.7085212476270618
1,5492,0.7290381484349169
1,5493,0.5450998717122175
1,5494,0.7814226805359181
1,5495,0.6524775135302809
1,5496,0.6895993380689672
1,5497,0.77625892585661
1,5498,0.7849446798127452
1,5499,0.8115651781222172
1,5500,0.750254146226521
1,5501,0.708376724447328
1,5502,0.7984817584548771
1,5503,0.7381324695465714
1,5504,0.7690389316353827
1,5505,0.7730302237904919
1,5506,0.8132258019047136
1,5507,0.5724050916811169
1,5508,0.8128812047978754
1,5509,0.5154460146893148
1,5510,0.6727090524971112
1,5511,0.6478275676843006
1,5512,0.672247242411919
1,5513,0.6560234265813718
1,5514,0.7747367415163655
1,5515,0.678175166657852
1,5516,0.6356891855529153
1,5517,0.7889545845722669
1,5518,0.8681099818391921
1,5519,0.5940681909193668
1,5520,0.7752581078978753
1,5521,0.43974895062437136
1,5522,0.5991035149073378
1,5523,0.6243492164952354
1,5524,0.6315909257352452
1,5525,0.5501396280539562
1,5526,0.819702530621064
1,5527,0.7728895501598916
1,5528,0.6927787856344276
1,5529,0.5694468218486177
1,5530,0.730816029853797
1,5531,0.5937131612558779
1,5532,0.7661686045240852
1,5533,0.7345367636065852
1,5534,0.7747429557794863
1,5535,0.78096773250435
1,5536,0.5086965371685062
1,5537,0.8121202802588458
1,5538,0.7751666796567575
1,5539,0.4508543900610163
1,5540,0.8862498109714804
1,5541,0.6879443098403383
1,5542,0.7895115991299629
1,5543,0.5774522507341332
1,5544,0.5150690122427365
1,5545,0.6102001372100765
1,5546,0.735086576075008
1,5547,0.823932704906607
1,5548,0.7313461463690528
1,5549,0.7775334573118245
1,5550,0.8180734647884641
1,5551,0.745823031787828
1,5552,0.723437834359226
1,5553,0.7121709515870233
1,5554,0.6617618739006648
1,5555,0.8551074514679952
1,5556,0.8209364615844594
1,5557,0.7829508404320789
1,5558,0.7085157132545773
1,5559,0.6449901710925182
1,5560,0.8035910113070488
1,5561,0.6745760356921319
1,5562,0.74841009769889
1,5563,0.6753827398588179
1,5564,0.8351632565742717
1,5565,0.7673259744810872
1,5566,0.6216300767925773
1,5567,0.6077951568523119
1,5568,0.4336205030334328
1,5569,0.8353219629111307
1,5570,0.7697597624925477
1,5571,0.6951867717025972
1,5572,0.8044765491505885
1,5573,0.7084449794159374
1,5574,0.7113326284150546
1,5575,0.4308197361181947
1,5576,0.5623021493612926
1,5577,0.9142714808555326
1,5578,0.5602774398864525
1,5579,0.4220190064011208
1,5580,0.6639008866209682
1,5581,0.7972891752447396
1,5582,0.8570395871270308
1,5583,0.8523982020240715
1,5584,0.6026743385552398
1,5585,0.6965950634195338
1,5586,0.6982694754825335
1,5587,0.5700126687267484
1,5588,0.6012163443045926
1,5589,0.8672965361554408
1,5590,0.49952833849507355
1,5591,0.7378958422730219
1,5592,0.4617802480470286
1,5593,0.5703667749190948
1,5594,0.4368936118398462
1,5595,0.6236120674434287
1,5596,0.5984668698902558
1,5597,0.5839328618812651
1,5598,0.6279400833439214
1,5599,0.6375629531796392
1,5600,0.67970973120547
1,5601,0.7446092940486928
1,5602,0.6872620302361256
1,5603,0.7080400227243067
1,5604,0.6363068193026136
1,5605,0.6182828791954468
1,5606,0.7478343570247411
1,5607,0.698578601833437
1,5608,0.5948322574789698
1,5609,0.6921655480588911
1,5610,0.7262057321652442
1,5611,0.786428185402662
1,5612,0.6494449604684542
1,5613,0.7406091140365813
1,5614,0.7599971712779885
1,5615,0.7648394191627383
1,5616,0.6949544983942832
1,5617,0.9587027210499907
1,5618,0.7352586293505926
1,5619,0.5735395967541264
1,5620,0.673190994020641
1,5621,0.6919163414845022
1,5622,0.7276509216985878
1,5623,0.7315737659178396
1,5624,0.7288756316426395
1,5625,0.6330327103070843
1,5626,0.7772492452594794
1,5627,0.7352204085178504
1,5628,0.7579111149314074
1,5629,0.7808515933635395
1,5630,0.6288145185117539
1,5631,0.8618455194741975
1,5632,0.8460581274522443
1,5633,0.7424828570892221
1,5634,0.30004900077232693
1,5635,0.6020449567878193
1,5636,0.6205441658050791
1,5637,0.45456197977070206
1,5638,0.7719838330876737
1,5639,0.8366653022265874
1,5640,0.8157004260510917
1,5641,0.5629841795229539
1,5642,0.8951652814428798
1,5643,0.7583744832341945
1,5644,0.8634552573848665
1,5645,0.8083195433558569
1,5646,0.7905929173929774
1,5647,0.8254533935336583
1,5648,0.8343723446245415
1,5649,0.6605928194477101
1,5650,0.7012430926230924
1,5651,0.8010856134340737
1,5652,0.4729892997869258
1,5653,0.6768207793846457
1,5654,0.7405203577855015
1,5655,0.7466640409383899
1,5656,0.7485856039674685
1,5657,0.7644863577505744
1,5658,0.8206848899021798
1,5659,0.8197699699652738
1,5660,0.8083441664881519
1,5661,0.7803518345269073
1,5662,0.7574609934347616
1,5663,0.829253886237069
1,5664,0.6711025496240414
1,5665,0.8327757147566407
1,5666,0.8235439803344317
1,5667,0.771045546811543
1,5668,0.6695111547319132
1,5669,0.5833120279661138
1,5670,0.7252237405707079
1,5671,0.6661562001218381
1,5672,0.8132782341084948
1,5673,0.7746191143124117
1,5674,0.7407569881261413
1,5675,0.8193360617091537
1,5676,0.6254824655002157
1,5677,0.6983302170697239
1,5678,0.7808055890148337
1,5679,0.8032107995073502
1,5680,0.7979666886039719
1,5681,0.8173566361368084
1,5682,0.8196793904015817
1,5683,0.7587183119705804
1,5684,0.864260876167495
1,5685,0.9146920899240262
1,5686,0.854593525112877
1,5687,0.7394890493030318
1,5688,0.5171880175675153
1,5689,0.7710892302196342
1,5690,0.7281380301075062
1,5691,0.7749708987063482
1,5692,0.7696812513009248
1,5693,0.6348260456956205
1,5694,0.7965089316291146
1,5695,0.784466111754259
1,5696,0.6755008277481757
1,5697,0.7050375807481802
1,5698,0.784046244708391
1,5699,0.720861971138959
1,5700,0.6216760187474967
1,5701,0.7218482893986907
1,5702,0.6850260754981494
1,5703,0.8181052598868426
1,5704,0.822410435859293
1,5705,0.6978212475015405
1,5706,0.7332222946695871
1,5707,0.7933712854798339
1,5708,0.4224645257415874
1,5709,0.6941746799696038
1,5710,0.7723357643671447
1,5711,0.6332924349302149
1,5712,0.7198762657206603
1,5713,0.8004289352757546
1,5714,0.5994746510082343
1,5715,0.79783647576919825
1,5716,0.7372420830396401
1,5717,0.7419771308544211
1,5718,0.778467043549
1,5719,0.8069573355578445
1,5720,0.6824076746500114
1,5721,0.7637535289111205
1,5722,0.6304089996323361
1,5723,0.5165434851330625
1,5724,0.7377153419072288
1,5725,0.7389200671875117
1,5726,0.7750312599246711
1,5727,0.6329546992212386
1,5728,0.7660386282340409
1,5729,0.8038269503902141
1,5730,0.9457115684932871
1,5731,0.9411446096734598
1,5732,0.6878480003948682
1,5733,0.8983115056423469
1,5734,0.7573771322537983
1,5735,0.8738269795276847
1,5736,0.8062750868727768
1,5737,0.884870171982303
1,5738,0.8682608205491973
1,5739,0.6319542269715517
1,5740,0.7758099082331625
1,5741,0.5787845249176778
1,5742,0.6683342597794754
1,5743,0.7198538230314381
1,5744,0.7379770247271128
1,5745,0.8335083454762142
1,5746,0.6911992071567932
1,5747,0.7937916823517349
1,5748,0.8089668715737269
1,5749,0.4687496781888279
1,5750,0.5300380175117644
1,5751,0.8879186450946858
1,5752,0.81175363059121175
1,5753,0.7435127088916665
1,5754,0.7023541400479104
1,5755,0.7337141262988206
1,5756,0.8532751785961252
1,5757,0.577518610304906
1,5758,0.6173964643956621
1,5759,0.7445094496755202
1,5760,0.7726416918166694
1,5761,0.7903097244844319
1,5762,0.6695059438402685
1,5763,0.6872956962227315
1,5764,0.8895812980859621
1,5765,0.7389603278559069
1,5766,0.8396968648073633
1,5767,0.6958919258166733
1,5768,0.7031334944622262
1,5769,0.7530241838627622
1,5770,0.7796075143013507
1,5771,0.6671694440794418
1,5772,0.7158171280674617
1,5773,0.7397097263219529
1,5774,0.658497289487411
1,5775,0.6780347290673208
1,5776,0.7772086481653719
1,5777,0.723718075890459
1,5778,0.7580714208382204
1,5779,0.7029697110118198
1,5780,0.7692178168503313
1,5781,0.6267653309981146
1,5782,0.697024464422714
1,5783,0.650085090295488
1,5784,0.7184956799558172
1,5785,0.5799801994794553
1,5786,0.7671806796133255
1,5787,0.7121061109188092
1,5788,0.7809533892484918
1,5789,0.883236023170461
1,5790,0.8332002653756001
1,5791,0.5811404340564319
1,5792,0.6399169956212647
1,5793,0.650372972048818
1,5794,0.6982512857802708
1,5795,0.6705441239332932
1,5796,0.7643788045579268
1,5797,0.7270381741345545
1,5798,0.8102555507620323
1,5799,0.6942926192093708
1,5800,0.7128030573010856
1,5801,0.8397194686825964
1,5802,0.7024865184147158
1,5803,0.8008715335880467
1,5804,0.7336098391636766
1,5805,0.7282216748583044
1,5806,0.741489980557328
1,5807,0.6251106887208304
1,5808,0.7211851759554226
1,5809,0.6516276144982344
1,5810,0.7238565407843368
1,5811,0.7467921832757122
1,5812,0.7834049031539877
1,5813,0.6166930617577631
1,5814,0.7602589327892929
1,5815,0.8163968375433178
1,5816,0.7679002874861222
1,5817,0.7509318204787687
1,5818,0.7054830501759114
1,5819,0.5117444024827387
1,5820,0.7245725335015626
1,5821,0.732958706676706
1,5822,0.6790045693240235
1,5823,0.8142048002179837
1,5824,0.7417859072847125
1,5825,0.6803920241131658
1,5826,0.691051214991555
1,5827,0.8660931823123914
1,5828,0.5726156364098505
1,5829,0.6332860073750292
1,5830,0.7503006832693105
1,5831,0.7690154734919675
1,5832,0.8276591507206287
1,5833,0.8840847185083989
1,5834,0.6440908957820161
1,5835,0.7737075846063184
1,5836,0.7558942482214911
1,5837,0.6313493105271076
1,5838,0.7076746745094534
1,5839,0.6703067134296117
1,5840,0.40834390976197743
1,5841,0.47368302071917046
1,5842,0.5920601583597396
1,5843,0.44163119119122207
1,5844,0.40491887466230386
1,5845,0.5703410993911473
1,5846,0.6047966358215129
1,5847,0.8696122625073612
1,5848,0.7413554716153657
1,5849,0.723510637200166
1,5850,0.7791797761344527
1,5851,0.8569852224052884
1,5852,0.6863318201285773
1,5853,0.7767380027498934
1,5854,0.734902459207963
1,5855,0.7502470079768949
1,5856,0.7446019089444388
1,5857,0.7786829582410097
1,5858,0.7612846391685355
1,5859,0.7963685032512509
1,5860,0.5613490719772309
1,5861,0.4359863703943662
1,5862,0.8170307890127955
1,5863,0.7400020645392605
1,5864,0.5183281175590367
1,5865,0.7087008693159944
1,5866,0.7807953871886173
1,5867,0.7581055937360859
1,5868,0.8371291184314579
1,5869,0.785155042438738
1,5870,0.7655328628895424
1,5871,0.730674872723078
1,5872,0.4289237594854528
1,5873,0.8361656086572807
1,5874,0.7844392991596211
1,5875,0.7786248060179147
1,5876,0.7110299051439385
1,5877,0.5578063306462601
1,5878,0.8425246710832145
1,5879,0.6174858625482489
1,5880,0.7242002743252212
1,5881,0.6308585658727278
1,5882,0.8221018624437192
1,5883,0.9022024421779997
1,5884,0.7462446610427829
1,5885,0.8755956228030762
1,5886,0.5978030320026895
1,5887,0.6725087901698162
1,5888,0.7142780227470245
1,5889,0.7100862217104112
1,5890,0.6792095750581676
1,5891,0.828404478135464
1,5892,0.8033703433750551
1,5893,0.8675625833000795
1,5894,0.8627674457028822
1,5895,0.9236650937986184
1,5896,0.7156152786883054
1,5897,0.779423609659998
1,5898,0.6823634565271469
1,5899,0.5675453385692697
1,5900,0.656227638721301
1,5901,0.5133705883693763
1,5902,0.6106429574731888
1,5903,0.4846231190184209
1,5904,0.8266781976529407
1,5905,0.688150168989308
1,5906,0.6017996357526925
1,5907,0.6608680044431429
1,5908,0.7149416816932321
1,5909,0.779293538194513
1,5910,0.6429546402925449
1,5911,0.7524459910488787
1,5912,0.6039005501160364
1,5913,0.6353586088151068
1,5914,0.7619399150515208
1,5915,0.7241390159615055
1,5916,0.6569924374112853
1,5917,0.6807209395303166
1,5918,0.7830274819195958
1,5919,0.6817025024561486
1,5920,0.6174511809774974
1,5921,0.6881920314255848
1,5922,0.6125865931987969
1,5923,0.6653485133142572
1,5924,0.6582825009165787
1,5925,0.6648791291046763
1,5926,0.8201426366316752
1,5927,0.6172974134451998
1,5928,0.5623985513230875
1,5929,0.6507909977379391
1,5930,0.7000198185161897
1,5931,0.8355996746543348
1,5932,0.598245388972622
1,5933,0.570393632226349
1,5934,0.9151443204291091
1,5935,0.8124374294662358
1,5936,0.847740543815573
1,5937,0.9366202490563627
1,5938,0.7615431737395921
1,5939,0.7313956359459219
1,5940,0.8400102868645732
1,5941,0.8100436076895617
1,5942,0.8411543637631701
1,5943,0.8481078019170213
1,5944,0.7827327232323096
1,5945,0.7790530451098713
1,5946,0.7995186017924908
1,5947,0.8356533166027057
1,5948,0.9198526920282553
1,5949,0.757936239185495
1,5950,0.7873000900089452
1,5951,0.4863384668888157
1,5952,0.5558446854494895
1,5953,0.7678299922396877
1,5954,0.8189755299235829
1,5955,0.8687014320664668
1,5956,0.7284506871727197
1,5957,0.8478408566912952
1,5958,0.7102514077330977
1,5959,0.8755825489133772
1,5960,0.6473827443616448
1,5961,0.7011504029262127
1,5962,0.854117509159932
1,5963,0.9030103427562822
1,5964,0.7922994709117803
1,5965,0.8216861674952042
1,5966,0.624601840036792
1,5967,0.6600151343426417
1,5968,0.7411695213333999
1,5969,0.6806759976365062
1,5970,0.7876085972935717
1,5971,0.794125711187586
1,5972,0.8449689923786479
1,5973,0.8373473417733517
1,5974,0.5932677425621745
1,5975,0.5712106004661455
1,5976,0.6670651897153846
1,5977,0.898562437738084
1,5978,0.6327442556189532
1,5979,0.5143072335101807
1,5980,0.6355897680249524
1,5981,0.7340186240516888
1,5982,0.7969813872220263
1,5983,0.6103817652557552
1,5984,0.7852474506475392
1,5985,0.6881420629586107
1,5986,0.7969734808673111
1,5987,0.7594558653741206
1,5988,0.8106074889684016
1,5989,0.8639434703752913
1,5990,0.7466847494803082
1,5991,0.6330187480946027
1,5992,0.693724443476699
1,5993,0.5707121299538677
1,5994,0.8146791442091108
1,5995,0.7599445802230854
1,5996,0.7296710830590895
1,5997,0.761369432428497
1,5998,0.7675251031352365
1,5999,0.838644669913768
1,6000,0.7904870519801422
1,6001,0.7739952594274656
1,6002,0.7422787544185154
1,6003,0.7976675311146301
1,6004,0.8268359932153472
1,6005,0.48976957736213533
1,6006,0.8366188278844331
1,6007,0.7961883643473971
1,6008,0.5534155869493336
1,6009,0.5376855199163738
1,6010,0.49471124155651613
1,6011,0.3804250394046997
1,6012,0.7272449761885902
1,6013,0.7371657867130501
1,6014,0.7322401810525997
1,6015,0.7266039822251703
1,6016,0.6477867360703554
1,6017,0.5310156793304879
1,6018,0.5184297308011437
1,6019,0.6885149567570403
1,6020,0.5529963614676072
1,6021,0.897400606457509
1,6022,0.7940575820910918
1,6023,0.6833488027167448
1,6024,0.65790930121003
1,6025,0.8613277873276135
1,6026,0.7918191544276965
1,6027,0.47121681520194725
1,6028,0.8721077817345034
1,6029,0.7265252934603248
1,6030,0.6226823457861819
1,6031,0.7075195912034711
1,6032,0.6798723530442649
1,6033,0.6805379023130316
1,6034,0.7566196785135838
1,6035,0.8081941224585509
1,6036,0.7794938537835129
1,6037,0.7074500043723211
1,6038,0.5662298358583784
1,6039,0.8864400310565599
1,6040,0.7422524231186326
1,6041,0.8159489202279361
1,6042,0.7946392567585187
1,6043,0.7761766897807655
1,6044,0.7560213120098661
1,6045,0.7645576339008961
1,6046,0.6900580025700056
1,6047,0.7144493174918863
1,6048,0.7094986084893453
1,6049,0.8378163281239343
1,6050,0.7900818086729733
1,6051,0.8409805461117569
1,6052,0.8187244128005491
1,6053,0.8036083558826039
1,6054,0.7367108424701198
1,6055,0.8554681552229595
1,6056,0.7797172854778971
1,6057,0.7983618794083203
1,6058,0.7992661525290435
1,6059,0.7475566616223139
1,6060,0.7491402977976886
1,6061,0.7820190408529221
1,6062,0.8311918034480277
1,6063,0.8652400299833114
1,6064,0.8358449304894872
1,6065,0.796037662324802
1,6066,0.7908726332122404
1,6067,0.5572691827353949
1,6068,0.7185843894911709
1,6069,0.5203427433720179
1,6070,0.5507322846139788
1,6071,0.6464432527528289
1,6072,0.8407771814971063
1,6073,0.8588598608451674
1,6074,0.9032972354128718
1,6075,0.9233612987159803
1,6076,0.8573277071690086
1,6077,0.7370394137353342
1,6078,0.6118416270669889
1,6079,0.7885920679347608
1,6080,0.5999581882060719
1,6081,0.7167724997838426
1,6082,0.6980458761758792
1,6083,0.7263239093084501
1,6084,0.8429027494205523
1,6085,0.8452970449335249
1,6086,0.8931503682751061
1,6087,0.7336892342293881
1,6088,0.896320809779466
1,6089,0.7045743516870135
1,6090,0.6810581122505308
1,6091,0.6965453113745339
1,6092,0.6873851419761473
1,6093,0.6468080917967687
1,6094,0.7221043685111133
1,6095,0.8452918450158797
1,6096,0.3805305707542161
1,6097,0.6715467090095132
1,6098,0.7080892331419968
1,6099,0.7646092525377741
1,6100,0.8345999388495193
1,6101,0.8225177918494084
1,6102,0.8917525522435675
1,6103,0.7790232878041197
1,6104,0.7708045936219393
1,6105,0.7053201769556888
1,6106,0.6896931130073067
1,6107,0.7159273020987055
1,6108,0.5712971328058829
1,6109,0.6880107290325074
1,6110,0.6215540353627849
1,6111,0.5104331606287207
1,6112,0.6048233551806659
1,6113,0.7251592060253913
1,6114,0.8204048611945074
1,6115,0.7168867550095421
1,6116,0.7714446211349093
1,6117,0.6709010513715479
1,6118,0.8242100695104325
1,6119,0.6471492447374703
1,6120,0.8032934241369799
1,6121,0.8359722207366586
1,6122,0.740529124366019
1,6123,0.8405166164779616
1,6124,0.8280035499377353
1,6125,0.7621375981294912
1,6126,0.747314345762905
1,6127,0.3724131405656421
1,6128,0.7669193752031789
1,6129,0.7085353076335752
1,6130,0.5443987274165871
1,6131,0.613169777954027
1,6132,0.7812295343742868
1,6133,0.7897244012268805
1,6134,0.7941391560809509
1,6135,0.6739154469121266
1,6136,0.7914989527499974
1,6137,0.6035193779744319
1,6138,0.7461106262406386
1,6139,0.8883793455279079
1,6140,0.7863796954829858
1,6141,0.7763946805398603
1,6142,0.612105139297976
1,6143,0.589208278239503
1,6144,0.6954144532393235
1,6145,0.7283660164799081
1,6146,0.7067686605321056
1,6147,0.7838011972803146
1,6148,0.6831158853607878
1,6149,0.7069818531911355
1,6150,0.749599003723705
1,6151,0.7694619744416168
1,6152,0.7294559797068819
1,6153,0.8434932670062224
1,6154,0.7252504340205109
1,6155,0.6906098204422767
1,6156,0.8395403011677331
1,6157,0.8462949353294783
1,6158,0.6749258811930919
1,6159,0.6816436779906375
1,6160,0.8904403786117329
1,6161,0.6878896834626144
1,6162,0.7898378852648376
1,6163,0.7310052974836252
1,6164,0.7048835110422655
1,6165,0.6390561786979371
1,6166,0.6595148478224517
1,6167,0.6903597265170235
1,6168,0.7682222739577721
1,6169,0.5872335551637632
1,6170,0.8173526397717029
1,6171,0.7312445382924176
1,6172,0.7312046954423777
1,6173,0.8923342491569795
1,6174,0.5498838132266877
1,6175,0.515960796325412
1,6176,0.7632224016764512
1,6177,0.7511800281613249
1,6178,0.7228549119899766
1,6179,0.7860794976179962
1,6180,0.7339201150224823
1,6181,0.6785850159474743
1,6182,0.7034439109306412
1,6183,0.6520194579339756
1,6184,0.8214366402055354
1,6185,0.7812003449506003
1,6186,0.6213211316854588
1,6187,0.792922882862977
1,6188,0.7364964540993929
1,6189,0.7014829372463518
1,6190,0.6557753155795003
1,6191,0.7315635906841822
1,6192,0.6323006703679579
1,6193,0.5762358952795736
1,6194,0.8285172476800635
1,6195,0.8094323354301745
1,6196,0.8436732532079128
1,6197,0.7490807625668201
1,6198,0.6127357780617795
1,6199,0.879781550515685
1,6200,0.702646082710958
1,6201,0.797226149411106
1,6202,0.6075844519313385
1,6203,0.720494249208358
1,6204,0.7211636746836027
1,6205,0.6851301279692787
1,6206,0.6506878694183561
1,6207,0.7919937836639073
1,6208,0.752839989043807
1,6209,0.7562320809201905
1,6210,0.7945146213571727
1,6211,0.6882292492429067
1,6212,0.7370078314140245
1,6213,0.65036955461404
1,6214,0.6923179444217031
1,6215,0.7403324841452937
1,6216,0.7755600726464956
1,6217,0.7740372958731496
1,6218,0.6328359002993205
1,6219,0.8738755889211293
1,6220,0.6896958036809211
1,6221,0.8563018306322729
1,6222,0.847501063400715
1,6223,0.6249698225274353
1,6224,0.7535287742403445
1,6225,0.7177507954042034
1,6226,0.8383292080894235
1,6227,0.5896212037958717
1,6228,0.7424670229329523
1,6229,0.6621982647257804
1,6230,0.8023279761340665
1,6231,0.6473342363278274
1,6232,0.8293438931271853
1,6233,0.743714042634487
1,6234,0.6708471843919744
1,6235,0.7170887585973588
1,6236,0.7994534826459654
1,6237,0.6494255219475962
1,6238,0.6761114666641226
1,6239,0.706209534789095
1,6240,0.6391081340013366
1,6241,0.805558247574601
1,6242,0.8539491993504497
1,6243,0.8574979451319997
1,6244,0.7970995625077695
1,6245,0.7717178602960396
1,6246,0.6249529468765228
1,6247,0.474189128429982
1,6248,0.7656860317762542
1,6249,0.7792689305065849
1,6250,0.7087751306970161
1,6251,0.8124997542193187
1,6252,0.5867867156019381
1,6253,0.39739420327046904
1,6254,0.8133223966201121
1,6255,0.7261332446995591
1,6256,0.7092377728620258
1,6257,0.7745918486348797
1,6258,0.7320654101893427
1,6259,0.7337896422150854
1,6260,0.5525116186125623
1,6261,0.59428904588708
1,6262,0.6147321229728692
1,6263,0.7944571347176612
1,6264,0.724219666071232
1,6265,0.7255243718534827
1,6266,0.7080940197988046
1,6267,0.7646361285297263
1,6268,0.6404952478385179
1,6269,0.6448303169686701
1,6270,0.5890407166652593
1,6271,0.5948160087839075
1,6272,0.7202530936717241
1,6273,0.6971823173099034
1,6274,0.6562798400208916
1,6275,0.8658092597353287
1,6276,0.5560851099959088
1,6277,0.6147372294286996
1,6278,0.7948166283338309
1,6279,0.8842055598942196
1,6280,0.7916130053689264
1,6281,0.6664582288875749
1,6282,0.7323436323560045
1,6283,0.7323305252901868
1,6284,0.7635009210298884
1,6285,0.7893579152381157
1,6286,0.8246729094116784
1,6287,0.8319951085715347
1,6288,0.9541579319337319
1,6289,0.8618221753053714
1,6290,0.8356398997887012
1,6291,0.784109782307019
1,6292,0.6488912481970935
1,6293,0.6653800811072178
1,6294,0.7462723562317863
1,6295,0.7320202852469706
1,6296,0.7755003932178474
1,6297,0.6260986960309947
1,6298,0.7478860656780953
1,6299,0.8118519763177621
1,6300,0.8309221490209506
1,6301,0.553829614295841
1,6302,0.7035672600421715
1,6303,0.7064845737590834
1,6304,0.6755787201318142
1,6305,0.696725531087536
1,6306,0.8628625760137337
1,6307,0.8703027000779018
1,6308,0.7016298979369271
1,6309,0.7846720979112349
1,6310,0.7337497936000301
1,6311,0.703004992858295
1,6312,0.6390393664611909
1,6313,0.870810774628034
1,6314,0.6176081238557328
1,6315,0.8218772495608485
1,6316,0.750319197666988
1,6317,0.7737408854731683
1,6318,0.7636374331625572
1,6319,0.714268115424192
1,6320,0.8059121048212121
1,6321,0.8032511575832098
1,6322,0.6477327672283862
1,6323,0.8035133401327121
1,6324,0.7558324510032803
1,6325,0.8344963653527079
1,6326,0.6356112363642387
1,6327,0.8681143203539033
1,6328,0.6853306187005933
1,6329,0.838418099523485
1,6330,0.7851328777290236
1,6331,0.7079342208430884
1,6332,0.6457618823148218
1,6333,0.6142307905329266
1,6334,0.7416066892626981
1,6335,0.8139981868007453
1,6336,0.8525330638171275
1,6337,0.7287354712381442
1,6338,0.7006671795490432
1,6339,0.8101703008812369
1,6340,0.7698353008100018
1,6341,0.9036182623443224
1,6342,0.741402960848251
1,6343,0.7048291591561495
1,6344,0.8910571880965528
1,6345,0.7081828191223033
1,6346,0.7710402711001129
1,6347,0.7661174301011047
1,6348,0.7583387565930282
1,6349,0.7329992208990664
1,6350,0.6889670901891942
1,6351,0.8027189154580457
1,6352,0.8101258925975183
1,6353,0.6418206170656845
1,6354,0.7438973447434173
1,6355,0.8980476816231177
1,6356,0.7196050644871768
1,6357,0.5351687107316458
1,6358,0.7458734301632373
1,6359,0.7237816034013558
1,6360,0.5752399720994329
1,6361,0.6336507176814006
1,6362,0.5479226756094733
1,6363,0.759046211851627
1,6364,0.818862226604415
1,6365,0.8300723996797782
1,6366,0.5601970708209616
1,6367,0.341529937276406
1,6368,0.7463535766811247
1,6369,0.5507032576698798
1,6370,0.753931841908041
1,6371,0.7599188781326482
1,6372,0.6345515926453377
1,6373,0.6746006180035725
1,6374,0.7640467892483211
1,6375,0.7504204366967174
1,6376,0.7257689149083861
1,6377,0.8851524212514424
1,6378,0.7324109075036948
1,6379,0.6455006068259174
1,6380,0.7850507978141841
1,6381,0.7330358780658002
1,6382,0.8107068272824077
1,6383,0.6787144663559492
1,6384,0.5068099935359295
1,6385,0.5699288090893564
1,6386,0.7589295968693932
1,6387,0.6375734399572196
1,6388,0.6073285268831647
1,6389,0.6651646468976975
1,6390,0.7215296668328531
1,6391,0.7362023208363278
1,6392,0.7961074077936607
1,6393,0.7616023028805043
1,6394,0.9064807126586735
1,6395,0.7199550802736451
1,6396,0.7038110135947767
1,6397,0.5356090996268639
1,6398,0.8838685327521996
1,6399,0.8535760402273973
1,6400,0.4501108653549624
1,6401,0.750784620051215
1,6402,0.7979285979064896
1,6403,0.8124283400089845
1,6404,0.6289980473877369
1,6405,0.6938728278033314
1,6406,0.7383485362499478
1,6407,0.7392404456005944
1,6408,0.7169193383392679
1,6409,0.6620481513776626
1,6410,0.8219664986662908
1,6411,0.7257201413535379
1,6412,0.7449701641921888
1,6413,0.8379554952597393
1,6414,0.7797911116346713
1,6415,0.7119033284162823
1,6416,0.6901537710572994
1,6417,0.6491287150266651
1,6418,0.6991944977271787
1,6419,0.9316424547229338
1,6420,0.4999348030707533
1,6421,0.8934398661727171
1,6422,0.8792646798923786
1,6423,0.621700085615959
1,6424,0.6643933044999374
1,6425,0.8415533512062539
1,6426,0.8796371224208025
1,6427,0.6236124994872694
1,6428,0.8099922813690643
1,6429,0.6215870903581829
1,6430,0.4549942766667811
1,6431,0.2553863336481849
1,6432,0.3159522569378162
1,6433,0.723099262515514
1,6434,0.698040986139876
1,6435,0.7545533554498538
1,6436,0.72985062799449
1,6437,0.7537708737886364
1,6438,0.5459099629352322
1,6439,0.7479892376704977
1,6440,0.7535622706765405
1,6441,0.7332744360188325
1,6442,0.652417410411795
1,6443,0.7818554000445376
1,6444,0.7628189905970233
1,6445,0.799788732178442
1,6446,0.638422450622242
1,6447,0.7070260659460161
1,6448,0.7702669444935534
1,6449,0.683410094727944
1,6450,0.5942178849495505
1,6451,0.8554149057647723
1,6452,0.8499952028690491
1,6453,0.7914087773766559
1,6454,0.8364054001610054
1,6455,0.6272348859925359
1,6456,0.8668441401780292
1,6457,0.5231164437462447
1,6458,0.6971529614891759
1,6459,0.7300218588274733
1,6460,0.7382563298659717
1,6461,0.7910059561367874
1,6462,0.768154694555617
1,6463,0.7769085793459676
1,6464,0.8523096695137247
1,6465,0.8447647760577535
1,6466,0.6922235459841147
1,6467,0.8984300593700321
1,6468,0.7767137777362686
1,6469,0.6521242428923948
1,6470,0.8269492863659774
1,6471,0.6614714816606648
1,6472,0.7866833654814825
1,6473,0.8570843579473822
1,6474,0.7297573690002515
1,6475,0.7293835748447032
1,6476,0.8130873565432498
1,6477,0.7450581109953545
1,6478,0.6219923342424887
1,6479,0.9042300095692308
1,6480,0.7450738444194259
1,6481,0.7635754065531355
1,6482,0.7680053284813043
1,6483,0.7320955034313508
1,6484,0.837506868579692
1,6485,0.6819507663531456
1,6486,0.7109575325350977
1,6487,0.7167098290275256
1,6488,0.5816423708565434
1,6489,0.5872332050730772
1,6490,0.5955052550660718
1,6491,0.8298824071072611
1,6492,0.772219764159832
1,6493,0.8568925821914137
1,6494,0.7220128710451214
1,6495,0.8746848403096709
1,6496,0.3647695926517185
1,6497,0.5100170537806975
1,6498,0.6133588509083401
1,6499,0.5415207328823904
1,6500,0.5747864373736447
1,6501,0.8377763549797806
1,6502,0.5036074829732491
1,6503,0.7212794362338386
1,6504,0.7175694705830484
1,6505,0.8075931836003187
1,6506,0.5957815828691005
1,6507,0.6573189389937345
1,6508,0.6182317292645874
1,6509,0.6661060702531161
1,6510,0.6544222643248305
1,6511,0.6230889906303252
1,6512,0.6668060902073658
1,6513,0.6593947604342872
1,6514,0.6846745560020212
1,6515,0.704560424975956
1,6516,0.6929680711125297
1,6517,0.518742361488489
1,6518,0.6216939365879411
1,6519,0.5953588175591547
1,6520,0.8822339753392211
1,6521,0.8853673549210143
1,6522,0.7227972195106063
1,6523,0.6918984325473835
1,6524,0.658777296642056
1,6525,0.7500582233873273
1,6526,0.6756816929709597
1,6527,0.6963423745773566
1,6528,0.7125406000790941
1,6529,0.6003752027954271
1,6530,0.7336229788710498
1,6531,0.7528285476550756
1,6532,0.7057801258217627
1,6533,0.713060677031136
1,6534,0.7114666189995602
1,6535,0.7473209340525752
1,6536,0.7651828506100294
1,6537,0.6863048839350868
1,6538,0.6517032801507593
1,6539,0.6615048107681474
1,6540,0.8109778650715957
1,6541,0.7262446958915643
1,6542,0.5166408315859365
1,6543,0.4786922019437042
1,6544,0.7697892163569626
1,6545,0.7991203391748298
1,6546,0.8722881695190449
1,6547,0.695020325332658
1,6548,0.630115510176246
1,6549,0.7535488705865547
1,6550,0.6633971216780962
1,6551,0.6398688237862487
1,6552,0.641209378701511
1,6553,0.5727664877054297
1,6554,0.7705488078841255
1,6555,0.7209529422268441
1,6556,0.7694137897563839
1,6557,0.7050565198908908
1,6558,0.7527958242265244
1,6559,0.5984883691506884
1,6560,0.6176863223962545
1,6561,0.8452864486761468
1,6562,0.7868623536152719
1,6563,0.5565994717571117
1,6564,0.49551446093338997
1,6565,0.507011365080909
1,6566,0.6707812692575212
1,6567,0.7369736445772274
1,6568,0.6146583755975136
1,6569,0.6294785997915963
1,6570,0.5655151669122371
1,6571,0.8226987528929485
1,6572,0.860432297938794
1,6573,0.8816518466882219
1,6574,0.8495369519907723
1,6575,0.8102891164045865
1,6576,0.7641214882400473
1,6577,0.7431518428894758
1,6578,0.8140769140402538
1,6579,0.7208025467271615
1,6580,0.7030078711320846
1,6581,0.7061366587011175
1,6582,0.9000669362239249
1,6583,0.5892187343046743
1,6584,0.681328537639444
1,6585,0.6910091686422113
1,6586,0.764515155309541
1,6587,0.7507578902495625
1,6588,0.6900002766311764
1,6589,0.8052782177509135
1,6590,0.8176206416760127
1,6591,0.761160338118538
1,6592,0.7564539369865498
1,6593,0.7082468005363892
1,6594,0.7504279670304994
1,6595,0.7522089076945669
1,6596,0.874554279760143
1,6597,0.8096914262021975
1,6598,0.7238236762801262
1,6599,0.8273873602681121
1,6600,0.7155036319182917
1,6601,0.7457709187632395
1,6602,0.7284740244368776
1,6603,0.6613819391731286
1,6604,0.8161790616632951
1,6605,0.7021880671386521
1,6606,0.8698612717846272
1,6607,0.7697900658555
1,6608,0.8851102025139245
1,6609,0.5825332858443774
1,6610,0.6720444350251039
1,6611,0.5908358874813168
1,6612,0.6940552437479395
1,6613,0.7436226344084947
1,6614,0.6678021134899593
1,6615,0.6955833642259859
1,6616,0.899534415244876
1,6617,0.7002296507778426
1,6618,0.6879807083747862
1,6619,0.7617535449749644
1,6620,0.7316392417427524
1,6621,0.8800857584714075
1,6622,0.7968295194582813
1,6623,0.6438214065533076
1,6624,0.598269487956748
1,6625,0.6711585095622349
1,6626,0.8161302690965608
1,6627,0.8242300618804695
1,6628,0.5968308087416981
1,6629,0.7784529434886002
1,6630,0.8029592544382878
1,6631,0.7548099158808083
1,6632,0.7241017577632102
1,6633,0.6654156163202168
1,6634,0.7978343707863065
1,6635,0.7035081572257004
1,6636,0.7121752022328642
1,6637,0.8295931034957668
1,6638,0.647264282255056
1,6639,0.7248923952249607
1,6640,0.5783146951088661
1,6641,0.5679869090608203
1,6642,0.6933975519820889
1,6643,0.6809146974469551
1,6644,0.8721314140394818
1,6645,0.8901248768358108
1,6646,0.5238872549815798
1,6647,0.6950118692881251
1,6648,0.5868384271669639
1,6649,0.7686692474070271
1,6650,0.7977951815093323
1,6651,0.7829754463650548
1,6652,0.7742586025718375
1,6653,0.569591275605423
1,6654,0.6790739817969609
1,6655,0.5917809706201735
1,6656,0.778447113409678
1,6657,0.8562668634417624
1,6658,0.7285392066458168
1,6659,0.781397268644194
1,6660,0.7522286811409347
1,6661,0.5961723183586134
1,6662,0.7538822503994689
1,6663,0.8307491260148557
1,6664,0.8124353096924866
1,6665,0.38519837208637386
1,6666,0.8753696901506958
1,6667,0.6507258442985334
1,6668,0.4824659649125554
1,6669,0.5553137345660513
1,6670,0.7695017913553213
1,6671,0.8158568379797096
1,6672,0.7632609067024582
1,6673,0.7589113376709162
1,6674,0.8498658870980454
1,6675,0.8494336952540972
1,6676,0.8277975016081209
1,6677,0.8120459144698525
1,6678,0.5601424086667467
1,6679,0.7893896927936188
1,6680,0.5953441389254387
1,6681,0.6624299053882748
1,6682,0.6799388642827237
1,6683,0.7696426590504363
1,6684,0.7285220149478847
1,6685,0.5033839378513242
1,6686,0.6521630360824322
1,6687,0.7051114238272526
1,6688,0.7200200673664943
1,6689,0.6984180871055232
1,6690,0.6131584521755618
1,6691,0.71356462287813
1,6692,0.7149568635799849
1,6693,0.6026894246728784
1,6694,0.6392796730452532
1,6695,0.8773989045724114
1,6696,0.8877213877252198
1,6697,0.5847887035974597
1,6698,0.7890554222545847
1,6699,0.8165748250836804
1,6700,0.6766565754656284
1,6701,0.7554748948474471
1,6702,0.6629940164581222
1,6703,0.5937185618230874
1,6704,0.7219376318239173
1,6705,0.7061351477217783
1,6706,0.7110515215492499
1,6707,0.5680987687590704
1,6708,0.37421703724127525
1,6709,0.28344595608558304
1,6710,0.5228058916190919
1,6711,0.804551697278995
1,6712,0.679197570161556
1,6713,0.6652799461316403
1,6714,0.7534169218683094
1,6715,0.6020134898663181
1,6716,0.6028081045086828
1,6717,0.5559854413636806
1,6718,0.7343702272475694
1,6719,0.5694499697330813
1,6720,0.7519178071515165
1,6721,0.8035479906619116
1,6722,0.8024611553472372
1,6723,0.7591504858949362
1,6724,0.6866545980619853
1,6725,0.6391101210261558
1,6726,0.8343922057836695
1,6727,0.5629546968795469
1,6728,0.523059193047283
1,6729,0.5086340822204987
1,6730,0.5303616438131216
1,6731,0.8477211655180228
1,6732,0.771160570817072
1,6733,0.20678741527123684
1,6734,0.21353289627439193
1,6735,0.6625783880803653
1,6736,0.9278536237086181
1,6737,0.897520044233567
1,6738,0.8152443571444672
1,6739,0.6104642294532286
1,6740,0.7052138219184962
1,6741,0.6620878926725399
1,6742,0.7790270517375949
1,6743,0.5752714796321753
1,6744,0.6832144195409409
1,6745,0.5956607579243132
1,6746,0.72048171544551
1,6747,0.8633677919429662
1,6748,0.7928083779469816
1,6749,0.9120502392949215
1,6750,0.7523017068797789
1,6751,0.7439187259668232
1,6752,0.7907511669245266
1,6753,0.6903146495496625
1,6754,0.91814228235921
1,6755,0.5940906564543061
1,6756,0.7319848906779515
1,6757,0.6533771894564735
1,6758,0.7011811990557097
1,6759,0.7157961526520895
1,6760,0.6431473154222255
1,6761,0.851997583073167
1,6762,0.7167353882225042
1,6763,0.7997521024079731
1,6764,0.6562824911430133
1,6765,0.8529775006311151
1,6766,0.6421491731127665
1,6767,0.7090016978966579
1,6768,0.6512411037641386
1,6769,0.6877361002435873
1,6770,0.6738885984441676
1,6771,0.7267256024319152
1,6772,0.7546448547560239
1,6773,0.7706243794036503
1,6774,0.6609720132321595
1,6775,0.8146208305694487
1,6776,0.8354934880177383
1,6777,0.8809394859290643
1,6778,0.6966423459739512
1,6779,0.7385743417750721
1,6780,0.5530466327339694
1,6781,0.8215287352519708
1,6782,0.7535673998825093
1,6783,0.6217482072941612
1,6784,0.7423523678817275
1,6785,0.9144194842861134
1,6786,0.6308399559377246
1,6787,0.8764377088314901
1,6788,0.5608222777168812
1,6789,0.8581865633619188
1,6790,0.39621843754983105
1,6791,0.8093384837697155
1,6792,0.8155876452402461
1,6793,0.7767915881738349
1,6794,0.5109816979575453
1,6795,0.7295318453742577
1,6796,0.8083793294604781
1,6797,0.804254507650629
1,6798,0.7586704897443551
1,6799,0.7134186552498865
1,6800,0.758645256492533
1,6801,0.772014135811065
1,6802,0.7292970610381933
1,6803,0.7177035659535245
1,6804,0.6514572562025185
1,6805,0.7008125147495993
1,6806,0.8126368149709782
1,6807,0.8742044924431372
1,6808,0.7232050716294786
1,6809,0.8303091493643991
1,6810,0.5669220433744896
1,6811,0.8717007328117878
1,6812,0.8469260410694228
1,6813,0.8736718374427884
1,6814,0.8578734466595015
1,6815,0.5512173943750962
1,6816,0.8724808090599688
1,6817,0.8752863239972494
1,6818,0.7721643080447644
1,6819,0.84508475907962
1,6820,0.7561952744640319
1,6821,0.6862612936813368
1,6822,0.6737505725116351
1,6823,0.6749574893881242
1,6824,0.7461505762389995
1,6825,0.7246734011289894
1,6826,0.799763038143773
1,6827,0.8480892338117335
1,6828,0.8125743784559992
1,6829,0.8124637214250314
1,6830,0.6651668739707604
1,6831,0.6471019453227507
1,6832,0.6895736794723748
1,6833,0.7711726223431383
1,6834,0.824520844777253
1,6835,0.8293517618114188
1,6836,0.8465532515848452
1,6837,0.7668300403856697
1,6838,0.8884349961585608
1,6839,0.636256213533685
1,6840,0.7510984270644855
1,6841,0.731944775427686
1,6842,0.755416559444959
1,6843,0.6173706890496066
1,6844,0.887728819620668
1,6845,0.8159352552637297
1,6846,0.7859887399035901
1,6847,0.7714437062693353
1,6848,0.7131575241626339
1,6849,0.7541786213522694
1,6850,0.8825057443313957
1,6851,0.5647773870183963
1,6852,0.7431091603825738
1,6853,0.7950100389010331
1,6854,0.7948530829431557
1,6855,0.8685608449488604
1,6856,0.6180625578514373
1,6857,0.7860146092317306
1,6858,0.8002157235849005
1,6859,0.7346395680543313
1,6860,0.8399897284861267
1,6861,0.8005410657249503
1,6862,0.748605001613807
1,6863,0.5867240110777417
1,6864,0.7353685855276398
1,6865,0.7015049910533855
1,6866,0.737337506071181
1,6867,0.8164979118273593
1,6868,0.7591955086942002
1,6869,0.6578822075611441
1,6870,0.6860362286409909
1,6871,0.6432331787857491
1,6872,0.8720278001210535
1,6873,0.9012166862444053
1,6874,0.4773500866364117
1,6875,0.823773118232822
1,6876,0.7699775040443684
1,6877,0.6430391183150088
1,6878,0.7702261775670208
1,6879,0.7851830588010358
1,6880,0.9165884644428478
1,6881,0.485963186958698
1,6882,0.8425904903740576
1,6883,0.7810834074400044
1,6884,0.6850886580766183
1,6885,0.7999431256450903
1,6886,0.8522081285234132
1,6887,0.7195856016124664
1,6888,0.6433848617004675
1,6889,0.7147877342904525
1,6890,0.7378803390032744
1,6891,0.7314195710814486
1,6892,0.8090579354880862
1,6893,0.8141358014653555
1,6894,0.6837220583350708
1,6895,0.8434289002495763
1,6896,0.7801322792458346
1,6897,0.9203152445887001
1,6898,0.6313803718977405
1,6899,0.684988267039767
1,6900,0.7448996406905695
1,6901,0.5999306515890145
1,6902,0.6500905965762882
1,6903,0.7021921569928093
1,6904,0.679794266440391
1,6905,0.6570998246644528
1,6906,0.8902262077853235
1,6907,0.7724779581943942
1,6908,0.8691747701592025
1,6909,0.6201026815013855
1,6910,0.6848004107475253
1,6911,0.6845756736914127
1,6912,0.6462067687980173
1,6913,0.7107138120814007
1,6914,0.8917962137796515
1,6915,0.886586023983661
1,6916,0.8970666337911969
1,6917,0.7844829996942451
1,6918,0.7954650623787438
1,6919,0.5727777942423843
1,6920,0.7488459443096683
1,6921,0.7388727512903605
1,6922,0.7632200359565309
1,6923,0.8450743717146351
1,6924,0.8306310982885663
1,6925,0.833290571411344
1,6926,0.8111334474688768
1,6927,0.710231674754854
1,6928,0.866976485315867
1,6929,0.8381876342200836
1,6930,0.8437075101765724
1,6931,0.7322537371872561
1,6932,0.7045398309201898
1,6933,0.7742155061966085
1,6934,0.7828872733351117
1,6935,0.7594665336969164
1,6936,0.787652952047132
1,6937,0.8317949773083214
1,6938,0.8496856462456357
1,6939,0.615482932646669
1,6940,0.7084813449413151
1,6941,0.5086864395646785
1,6942,0.6005097208973056
1,6943,0.679161482374362
1,6944,0.5569431194783687
1,6945,0.7425899132818958
1,6946,0.7914491449512219
1,6947,0.732636093477808
1,6948,0.8225627533513087
1,6949,0.7911677334809845
1,6950,0.793737994268032
1,6951,0.8920270183612596
1,6952,0.752331062186215
1,6953,0.7766804252368621
1,6954,0.7106499779282337
1,6955,0.6596639209658998
1,6956,0.7348640589395588
1,6957,0.6880165377411022
1,6958,0.61370216382791
1,6959,0.6075263728313387
1,6960,0.7906287837163228
1,6961,0.8069605803302208
1,6962,0.7597753164131785
1,6963,0.8618204367961819
1,6964,0.6376804009290077
1,6965,0.7209457427684088
1,6966,0.8054400605502134
1,6967,0.7009023027909642
1,6968,0.7334491029584359
1,6969,0.8820863683031869
1,6970,0.7527881370487076
1,6971,0.6689960046174508
1,6972,0.6928136465499057
1,6973,0.7427788049280747
1,6974,0.6702234986204006
1,6975,0.7821080715931961
1,6976,0.7298995135995218
1,6977,0.7705064907078721
1,6978,0.7202915628591532
1,6979,0.76923684838884
1,6980,0.7299909089315125
1,6981,0.8653783948796635
1,6982,0.8074640518968774
1,6983,0.7712898808623078
1,6984,0.6940617877493843
1,6985,0.6941374193854426
1,6986,0.5962126319442973
1,6987,0.7549805649156277
1,6988,0.6806646634555142
1,6989,0.8242303834564509
1,6990,0.8486089573656423
1,6991,0.5923963240723736
1,6992,0.6355191150079915
1,6993,0.7502273075366427
1,6994,0.8123273493009647
1,6995,0.6922521185297369
1,6996,0.7518659852901162
1,6997,0.7528228727225013
1,6998,0.5356898441282886
1,6999,0.6353849237451215
1,7000,0.6665117645219277
1,7001,0.78445422074319
1,7002,0.720789377108734
1,7003,0.8546962379551931
1,7004,0.6177438122161608
1,7005,0.4296992275374914
1,7006,0.42613601160998815
1,7007,0.6573171299885197
1,7008,0.790081172799464
1,7009,0.6865395918677111
1,7010,0.7816592140654026
1,7011,0.7861533364319593
1,7012,0.8522717070582942
1,7013,0.7030921598016121
1,7014,0.7540929636463914
1,7015,0.5507833321720648
1,7016,0.7835405757660194
1,7017,0.7714217416797846
1,7018,0.6418362287764682
1,7019,0.7985635301956298
1,7020,0.5104793787630326
1,7021,0.6982283577731621
1,7022,0.5309640893257614
1,7023,0.7857748732860309
1,7024,0.8580435777899194
1,7025,0.8163005011735459
1,7026,0.6798086766251916
1,7027,0.340341428128545
1,7028,0.7617290811178196
1,7029,0.8069994161287988
1,7030,0.6738016146844045
1,7031,0.5862759145135548
1,7032,0.8173466795605403
1,7033,0.7103981681681708
1,7034,0.7054327914817463
1,7035,0.8357106817244918
1,7036,0.8029081002076168
1,7037,0.8123727800629779
1,7038,0.8914405314053769
1,7039,0.7347346509517794
1,7040,0.8146372492656536
1,7041,0.7395013201605152
1,7042,0.7891462307026202
1,7043,0.8501593292625241
1,7044,0.8787173003298149
1,7045,0.883014809131503
1,7046,0.5427655013005175
1,7047,0.7136360238872098
1,7048,0.8097651465519732
1,7049,0.722827789999543
1,7050,0.755823588824546
1,7051,0.7622087411114506
1,7052,0.7608752258577264
1,7053,0.6058943186611864
1,7054,0.7046798766831218
1,7055,0.8716132512883559
1,7056,0.8019181284545108
1,7057,0.6614981926583252
1,7058,0.7896223057313588
1,7059,0.5733690056201772
1,7060,0.7258314369080034
1,7061,0.786784505515369
1,7062,0.6796887826452548
1,7063,0.7651735284104096
1,7064,0.8273736715644807
1,7065,0.7940519943596867
1,7066,0.7175649997353281
1,7067,0.7675080831542567
1,7068,0.7057949864820053
1,7069,0.7895986396110045
1,7070,0.7814773979501847
1,7071,0.7552114279736705
1,7072,0.9182649718810798
1,7073,0.5858191227761574
1,7074,0.7859681234217858
1,7075,0.808158644017118
1,7076,0.6554511769490565
1,7077,0.6221328761679232
1,7078,0.819924470775562
1,7079,0.8023576376049542
1,7080,0.5894943783313417
1,7081,0.47041285368394137
1,7082,0.48611536763681673
1,7083,0.5435285877154181
1,7084,0.7979514737621348
1,7085,0.8090758159456068
1,7086,0.7129723967826395
1,7087,0.4874803158980998
1,7088,0.8149625825029161
1,7089,0.7718314019283105
1,7090,0.8003363651396932
1,7091,0.714094203318642
1,7092,0.6572665317290524
1,7093,0.8224906461234504
1,7094,0.8150988073066271
1,7095,0.7302344081582499
1,7096,0.8182684254783704
1,7097,0.6285164530621075
1,7098,0.793271988664158
1,7099,0.8163667708086982
1,7100,0.8477531937303429
1,7101,0.721443033445326
1,7102,0.6231642422925253
1,7103,0.6517619633448609
1,7104,0.8248510804843385
1,7105,0.7756173386486817
1,7106,0.7290776949092236
1,7107,0.6817469684534881
1,7108,0.8330999039460102
1,7109,0.795745239525234
1,7110,0.5825455524777163
1,7111,0.5125784540173313
1,7112,0.59230636650085
1,7113,0.6664721600868628
1,7114,0.6891459332723612
1,7115,0.7470222305193935
1,7116,0.7133151609540066
1,7117,0.7968256247539932
1,7118,0.6858001461869027
1,7119,0.7321669591047318
1,7120,0.7771619314465378
1,7121,0.8037210527073151
1,7122,0.3934174848082923
1,7123,0.7396086305566045
1,7124,0.6918927342967155
1,7125,0.5050320247343009
1,7126,0.7359162328914808
1,7127,0.7822794530874748
1,7128,0.7808996439936023
1,7129,0.7245255606623762
1,7130,0.7564722467240258
1,7131,0.7322801386046663
1,7132,0.6958848018885532
1,7133,0.5881543941763424
1,7134,0.6384632005858458
1,7135,0.7529984392645095
1,7136,0.761862999535065
1,7137,0.8148476811165182
1,7138,0.8375545480205225
1,7139,0.729859535140924
1,7140,0.6699110356597551
1,7141,0.6524504143368847
1,7142,0.6581797668950606
1,7143,0.5926550175190106
1,7144,0.8480425943356086
1,7145,0.8137485929831533
1,7146,0.5773553225524996
1,7147,0.6963422393413927
1,7148,0.6421214903293426
1,7149,0.5911609873836698
1,7150,0.6618441878673237
1,7151,0.8890602588559433
1,7152,0.862918016335731
1,7153,0.4453873365743001
1,7154,0.8532944354164258
1,7155,0.8352881530914714
1,7156,0.6006935719306248
1,7157,0.5901161165858453
1,7158,0.5562017997454214
1,7159,0.8205756383864616
1,7160,0.5911817570017575
1,7161,0.7040034091667045
1,7162,0.7299326899547384
1,7163,0.7742690976196954
1,7164,0.7821227283047442
1,7165,0.8522804739830043
1,7166,0.7480558148308298
1,7167,0.662023574296339
1,7168,0.7092919863879936
1,7169,0.6299925220193264
1,7170,0.7513626669766129
1,7171,0.8381298026696737
1,7172,0.8419669967152877
1,7173,0.5877311642307914
1,7174,0.7123707016581418
1,7175,0.4985159499984594
1,7176,0.5967950780547041
1,7177,0.5940822802612731
1,7178,0.8124660445107935
1,7179,0.7930827086315896
1,7180,0.6731851218397289
1,7181,0.8218875056578281
1,7182,0.8642081851136189
1,7183,0.5606850963120716
1,7184,0.7297348484044397
1,7185,0.6439424628985928
1,7186,0.533595082935599
1,7187,0.5612187536595198
1,7188,0.8246237351871112
1,7189,0.8234616078333584
1,7190,0.5590685870075699
1,7191,0.8801596082247168
1,7192,0.7160089692131579
1,7193,0.7176893534409506
1,7194,0.4826113278948941
1,7195,0.8438532924580663
1,7196,0.8185114493440899
1,7197,0.7968971697731614
1,7198,0.7089864721023487
1,7199,0.7953190937787059
1,7200,0.6494191482593719
1,7201,0.7007462207839691
1,7202,0.7062481099528556
1,7203,0.6955545520999233
1,7204,0.702321909921739
1,7205,0.7573921688748748
1,7206,0.8067623550867132
1,7207,0.872485560809065
1,7208,0.6093995952040192
1,7209,0.8580573723030815
1,7210,0.7237934920933121
1,7211,0.7209771726888058
1,7212,0.773278412030352
1,7213,0.7295498788049335
1,7214,0.7597094746517233
1,7215,0.767033459243738
1,7216,0.6700741602039675
1,7217,0.48354743419239976
1,7218,0.7684278266437546
1,7219,0.5351855925657558
1,7220,0.6820366071177153
1,7221,0.4427801142678336
1,7222,0.6642329651982468
1,7223,0.7766387425291962
1,7224,0.757632818685756
1,7225,0.8322005474870374
1,7226,0.7874848406459292
1,7227,0.804508000911998
1,7228,0.7877069026153884
1,7229,0.8937638040681534
1,7230,0.8316592664039694
1,7231,0.39124138782049167
1,7232,0.5938157580198752
1,7233,0.6037058427772146
1,7234,0.4991546357245346
1,7235,0.6727830220540008
1,7236,0.685329974142626
1,7237,0.44477079937615843
1,7238,0.8174684868704689
1,7239,0.6766758684026313
1,7240,0.650885167486419
1,7241,0.6395717032411073
1,7242,0.7567831944433905
1,7243,0.7178163954042311
1,7244,0.762835172339165
1,7245,0.8244288250079107
1,7246,0.8510617240336119
1,7247,0.7457990092864013
1,7248,0.7244526420414419
1,7249,0.846518552046637
1,7250,0.6583139111295384
1,7251,0.7743241763433492
1,7252,0.748190043137488
1,7253,0.869302152990923
1,7254,0.8101656019728394
1,7255,0.7172645176165976
1,7256,0.6026419976906305
1,7257,0.6683638033695867
1,7258,0.7825780395076487
1,7259,0.7475151810559968
1,7260,0.719033904862472
1,7261,0.8658559956490438
1,7262,0.7944087348910526
1,7263,0.7801162043262867
1,7264,0.7011371785018704
1,7265,0.6180321814428349
1,7266,0.6891718842797762
1,7267,0.8366911481501819
1,7268,0.7741909626284774
1,7269,0.8297436974850407
1,7270,0.6721198861933984
1,7271,0.8452813291065406
1,7272,0.7722816440309409
1,7273,0.7588748528170542
1,7274,0.6846330651584882
1,7275,0.6735631515399619
1,7276,0.8684215588047551
1,7277,0.8907238933059786
1,7278,0.8420155721624581
1,7279,0.6472467059570447
1,7280,0.8421080995366054
1,7281,0.662495513793662
1,7282,0.7088933254902436
1,7283,0.7753557054790997
1,7284,0.7028163327202023
1,7285,0.7986673273511558
1,7286,0.8492150096347728
1,7287,0.7121132181629521
1,7288,0.8215890636383653
1,7289,0.8926673814757388
1,7290,0.5471580492075482
1,7291,0.6684807274316337
1,7292,0.652140413675798
1,7293,0.6635921564651321
1,7294,0.6753901807665608
1,7295,0.6866700777684929
1,7296,0.7872676028340807
1,7297,0.7571254572280993
1,7298,0.6770313810546417
1,7299,0.656563464653961
1,7300,0.6848000484050225
1,7301,0.6853638797979539
1,7302,0.6236617973653349
1,7303,0.7223968675582142
1,7304,0.6961892103211057
1,7305,0.5523943916782306
1,7306,0.8237272985919092
1,7307,0.6970178880127709
1,7308,0.8600181130529784
1,7309,0.7764138171826267
1,7310,0.8185958198308986
1,7311,0.8179384261512943
1,7312,0.7750443878772537
1,7313,0.6730137669992766
1,7314,0.7171953397651597
1,7315,0.5998417851685696
1,7316,0.717259960036128
1,7317,0.847221458553975
1,7318,0.7489440913256379
1,7319,0.7805717496308427
1,7320,0.8155716852367569
1,7321,0.7165257587946919
1,7322,0.8112307062129333
1,7323,0.8790747991793503
1,7324,0.8855334098336851
1,7325,0.8678536124250898
1,7326,0.8737142848318626
1,7327,0.7106033524813284
1,7328,0.5316504688929379
1,7329,0.6936055660170574
1,7330,0.7692005006762652
1,7331,0.7919807315167455
1,7332,0.7133137021789971
1,7333,0.7121140791029411
1,7334,0.80495903236547806
1,7335,0.74731275526007
1,7336,0.7069804231741316
1,7337,0.7599168277236089
1,7338,0.7973648097552962
1,7339,0.5947932358837594
1,7340,0.7556384951966436
1,7341,0.6987928789177292
1,7342,0.762565925824536
1,7343,0.7770080902950669
1,7344,0.6253840427229644
1,7345,0.6694003582997778
1,7346,0.6273987463433862
1,7347,0.8592376328297825
1,7348,0.823716457309407
1,7349,0.6010244068977725
1,7350,0.7587443129570648
1,7351,0.7543932458953115
1,7352,0.8232545418937623
1,7353,0.7483873044089561
1,7354,0.7567542794203579
1,7355,0.8708993596254826
1,7356,0.8419195979004626
1,7357,0.8684403598910913
1,7358,0.6534941149422341
1,7359,0.6773781885314245
1,7360,0.6675083013968826
1,7361,0.6991930034351762
1,7362,0.7165860418454768
1,7363,0.7985992002800698
1,7364,0.8616823347677842
1,7365,0.8030587188389335
1,7366,0.7744692009841095
1,7367,0.8255763306207442
1,7368,0.6998750972768784
1,7369,0.5721762851719091
1,7370,0.858952254941794
1,7371,0.5431390377567382
1,7372,0.7741139100828514
1,7373,0.8329828792066237
1,7374,0.6955825664505256
1,7375,0.6442952811592069
1,7376,0.7981751570197011
1,7377,0.7191044209993974
1,7378,0.9421131967682004
1,7379,0.9204216607794807
1,7380,0.7483913778475956
1,7381,0.8838723403428265
1,7382,0.6786404599522828
1,7383,0.7761896941690125
1,7384,0.7279057866145672
1,7385,0.7675646126632469
1,7386,0.7228901949870163
1,7387,0.7198351302453742
1,7388,0.8519243466363337
1,7389,0.7826159308373895
1,7390,0.6234514903840633
1,7391,0.7684585615476142
1,7392,0.8690821257016349
1,7393,0.5374162073444978
1,7394,0.7451549787812267
1,7395,0.537380083396722
1,7396,0.820867517198294
1,7397,0.7088540837173383
1,7398,0.898037100525375
1,7399,0.6695626773723882
1,7400,0.74186668780449
1,7401,0.8481003840307072
1,7402,0.6510283900612402
1,7403,0.6909650573324143
1,7404,0.6088987802719064
1,7405,0.8003173936157166
1,7406,0.5395190971501828
1,7407,0.7276152395412824
1,7408,0.7386644179154688
1,7409,0.7177389347721761
1,7410,0.6700592640387892
1,7411,0.5255941154616162
1,7412,0.5168950651506463
1,7413,0.7436990674784293
1,7414,0.7977496393460896
1,7415,0.7238360932318526
1,7416,0.7340945002759878
1,7417,0.732715393906982
1,7418,0.8216950483983738
1,7419,0.8073835424504572
1,7420,0.9385130623190436
1,7421,0.8607404706518764
1,7422,0.8301086707263381
1,7423,0.8925995925254043
1,7424,0.7400171262818702
1,7425,0.8518913473756488
1,7426,0.7950800418389745
1,7427,0.6808124779400102
1,7428,0.7914071010619431
1,7429,0.7216300506905824
1,7430,0.6834487094949213
1,7431,0.8192297768113903
1,7432,0.8186993966378532
1,7433,0.73511191607043
1,7434,0.8909489283912375
1,7435,0.735452740487035
1,7436,0.7903715517393293
1,7437,0.8392536776559852
1,7438,0.756868240371762
1,7439,0.8843951007988954
1,7440,0.8781462977123876
1,7441,0.8093820798447239
1,7442,0.7724282683266755
1,7443,0.637645536866055
1,7444,0.6601910196052909
1,7445,0.668152497704158
1,7446,0.7798627706052151
1,7447,0.7313858387681832
1,7448,0.8139049491765796
1,7449,0.7878697512741565
1,7450,0.6779377131505547
1,7451,0.7858152839315968
1,7452,0.668308710599502
1,7453,0.7990246849188896
1,7454,0.6228860790800472
1,7455,0.5855461274345976
1,7456,0.5137037364203978
1,7457,0.8073439696152714
1,7458,0.7109296851759562
1,7459,0.3883389705413275
1,7460,0.6496625528108331
1,7461,0.7106184463196659
1,7462,0.6711545079604111
1,7463,0.6543887148246814
1,7464,0.803749293744817
1,7465,0.6476517628392481
1,7466,0.7568493649342433
1,7467,0.6019625950698403
1,7468,0.7311012683352788
1,7469,0.5856280078784377
1,7470,0.7871848159130859
1,7471,0.7604604625109967
1,7472,0.6699309324573895
1,7473,0.7341109744734877
1,7474,0.7525773177922028
1,7475,0.8434910804748783
1,7476,0.8454212072056457
1,7477,0.9208626410441022
1,7478,0.835596474369789
1,7479,0.8134861718286017
1,7480,0.807749904506777
1,7481,0.6464346071990738
1,7482,0.6460168044240318
1,7483,0.725561952982828
1,7484,0.7580062322365183
1,7485,0.4960035642259625
1,7486,0.6166832564103576
1,7487,0.7451410083756859
1,7488,0.6041981816967117
1,7489,0.845130036921477
1,7490,0.776054814203006
1,7491,0.7939362854769265
1,7492,0.74679194193781
1,7493,0.6217616162213648
1,7494,0.5986186422097042
1,7495,0.6835068225893822
1,7496,0.7981778719863714
1,7497,0.8056176033600753
1,7498,0.8090318281393214
1,7499,0.8595228486377293
1,7500,0.6341160867349124
1,7501,0.6771945216161646
1,7502,0.6395431437262248
1,7503,0.7949164103887381
1,7504,0.7858857784662887
1,7505,0.6070685369883843
1,7506,0.8558807578861388
1,7507,0.611813252441796
1,7508,0.6680636798937686
1,7509,0.6681892411156598
1,7510,0.4188773442143059
1,7511,0.8341803601167871
1,7512,0.7565879950142218
1,7513,0.7668443790757057
1,7514,0.7959692656802898
1,7515,0.6675918869681002
1,7516,0.6465946276234612
1,7517,0.6262218342648664
1,7518,0.7607273257907637
1,7519,0.5535277243520539
1,7520,0.7697616793269705
1,7521,0.6653186398714015
1,7522,0.8456141535410349
1,7523,0.6113527527158056
1,7524,0.7260694139292235
1,7525,0.5078397356319811
1,7526,0.6578055849305161
1,7527,0.801473340716809
1,7528,0.692722331002921
1,7529,0.7194453212873485
1,7530,0.5885587277027219
1,7531,0.9150784029485869
1,7532,0.915754739072117
1,7533,0.9151453620161094
1,7534,0.6853874354453499
1,7535,0.8203229287886245
1,7536,0.84583853536037
1,7537,0.49743615235051236
1,7538,0.6802932485458586
1,7539,0.7041395728000878
1,7540,0.7273507652480116
1,7541,0.6937769588447122
1,7542,0.7682519781849658
1,7543,0.7562613715605818
1,7544,0.5853404600054154
1,7545,0.7320798519897593
1,7546,0.7878263536119882
1,7547,0.8215275910393958
1,7548,0.7965617108175054
1,7549,0.7600652466321147
1,7550,0.7644750933451654
1,7551,0.5855458258291811
1,7552,0.8374796942902457
1,7553,0.6952863990971612
1,7554,0.707044938582567
1,7555,0.7616426321403714
1,7556,0.9059074608026622
1,7557,0.7417211637092961
1,7558,0.5554286629331906
1,7559,0.7776175134245269
1,7560,0.6995689735043821
1,7561,0.6559888267464404
1,7562,0.8426504716178828
1,7563,0.6595822475167032
1,7564,0.6838189275767628
1,7565,0.7104794259963122
1,7566,0.8519086611484633
1,7567,0.8821711973496557
1,7568,0.8540921081267916
1,7569,0.6609003556892196
1,7570,0.7845349808053326
1,7571,0.8654316940126731
1,7572,0.8456104884303292
1,7573,0.7363737366778125
1,7574,0.7552323662817388
1,7575,0.7897377257317505
1,7576,0.6228894782599037
1,7577,0.7531719543657639
1,7578,0.7179462470165664
1,7579,0.7744423539330987
1,7580,0.695963435004492
1,7581,0.6051053207865137
1,7582,0.601339051902341
1,7583,0.6064910784220028
1,7584,0.45993020191655315
1,7585,0.8356636194346748
1,7586,0.592178421404818
1,7587,0.6515835236458801
1,7588,0.7673705983189136
1,7589,0.8445132980263567
1,7590,0.7857190823279769
1,7591,0.7407445487490414
1,7592,0.7051316585914925
1,7593,0.7915940739161162
1,7594,0.781054149617097
1,7595,0.8581937172771018
1,7596,0.504985499644018
1,7597,0.537260716996332
1,7598,0.8303651439195854
1,7599,0.8676873033261059
1,7600,0.776961078914111
1,7601,0.39103607118077643
1,7602,0.9013744573656899
1,7603,0.950490396792076
1,7604,0.8329460258602758
1,7605,0.6580051888951074
1,7606,0.6749137076901706
1,7607,0.7953945311192475
1,7608,0.8874783966718072
1,7609,0.8603743221895386
1,7610,0.6651065733239868
1,7611,0.748984556353757
1,7612,0.7528102323875158
1,7613,0.6650661119560681
1,7614,0.8288170904594918
1,7615,0.7757567022816808
1,7616,0.639662285659706
1,7617,0.7785539057190964
1,7618,0.7299383075873384
1,7619,0.7427345757877956
1,7620,0.7482745671165064
1,7621,0.80996015733935
1,7622,0.6849230150853866
1,7623,0.6592258319221501
1,7624,0.868634932933556
1,7625,0.7113083848986556
1,7626,0.6340647106372744
1,7627,0.620775779631192
1,7628,0.7929060738437833
1,7629,0.46523090630435204
1,7630,0.6810821445359
1,7631,0.604170894590819
1,7632,0.5708322409303573
1,7633,0.5919161549591148
1,7634,0.5315452719292711
1,7635,0.6788780267474412
1,7636,0.5457320567724705
1,7637,0.5166591050910327
1,7638,0.868018903697256
1,7639,0.783385515499724
1,7640,0.7521474203929672
1,7641,0.6555342391942389
1,7642,0.6326238159281614
1,7643,0.8327086350740618
1,7644,0.5689287200046502
1,7645,0.6324342955930211
1,7646,0.7914291268724744
1,7647,0.7382968548789125
1,7648,0.7156362064718764
1,7649,0.6122512018530545
1,7650,0.7784493566823236
1,7651,0.6655748612585349
1,7652,0.6201685966179881
1,7653,0.8365999545175187
1,7654,0.7852314710503702
1,7655,0.8247341360106443
1,7656,0.7594054529945461
1,7657,0.785282592050554
1,7658,0.7784452649369218
1,7659,0.3976057252057514
1,7660,0.7064453772954026
1,7661,0.6447376675327489
1,7662,0.8588511354520779
1,7663,0.8130029674187133
1,7664,0.7871506597467076
1,7665,0.7995681805195989
1,7666,0.7317160483130389
1,7667,0.7146440457896392
1,7668,0.7747023803833198
1,7669,0.7738611724277997
1,7670,0.9631867308507723
1,7671,0.7632688508234409
1,7672,0.787559539294329
1,7673,0.7187381153302289
1,7674,0.8048320210300263
1,7675,0.7865498948151722
1,7676,0.6008110499426046
1,7677,0.8253064343172394
1,7678,0.7129714295744257
1,7679,0.757840582318114
1,7680,0.6771014779577934
1,7681,0.8832429975355823
1,7682,0.919579647852176
1,7683,0.8472157789402112
1,7684,0.7365149336380317
1,7685,0.7368507805426104
1,7686,0.8016815685670542
1,7687,0.6190501684992312
1,7688,0.7736815005720846
1,7689,0.7176073506545991
1,7690,0.7226690070942019
1,7691,0.8385064948171217
1,7692,0.7573109642219722
1,7693,0.8810402070416999
1,7694,0.9206678667457704
1,7695,0.8226149751146563
1,7696,0.9491081994473253
1,7697,0.8583042782696365
1,7698,0.88814439543976
1,7699,0.7252490800081842
1,7700,0.8571084647690657
1,7701,0.6804724864728952
1,7702,0.6434179039296432
1,7703,0.7965371234154943
1,7704,0.7083100799437734
1,7705,0.78683204024807
1,7706,0.8125891634379081
1,7707,0.7504488492094322
1,7708,0.7484463844830737
1,7709,0.7377818642306214
1,7710,0.868982421946611
1,7711,0.6174409730533263
1,7712,0.5398534369559871
1,7713,0.8542739032179856
1,7714,0.812192541903127
1,7715,0.4687639505259796
1,7716,0.7390030697846406
1,7717,0.7905646131992807
1,7718,0.7728174512424608
1,7719,0.5652848037462799
1,7720,0.6417584307450984
1,7721,0.6755048644967554
1,7722,0.8681580914179825
1,7723,0.7506676578219018
1,7724,0.9257343687551542
1,7725,0.6841355650512032
1,7726,0.6555612719991815
1,7727,0.5948284273507192
1,7728,0.7907119747244022
1,7729,0.7492404552069776
1,7730,0.6515340274815253
1,7731,0.5919108464926688
1,7732,0.6897754137172968
1,7733,0.6411532691636901
1,7734,0.8848042852444101
1,7735,0.5032856942625634
1,7736,0.6767590180841638
1,7737,0.8441961808985141
1,7738,0.7054884382521076
1,7739,0.7305729164179249
1,7740,0.5930883990416048
1,7741,0.766836663791335
1,7742,0.6414864871247269
1,7743,0.8263424222113296
1,7744,0.8144393210894709
1,7745,0.6872310505580776
1,7746,0.6170474192557668
1,7747,0.5930916719745987
1,7748,0.5614242674023054
1,7749,0.6884359135125351
1,7750,0.7959231099316257
1,7751,0.8127159610084939
1,7752,0.7510607137333337
1,7753,0.8279943975686261
1,7754,0.6737345971818114
1,7755,0.6573252860965542
1,7756,0.5596994323189084
1,7757,0.5068024619969477
1,7758,0.8554721081669939
1,7759,0.8028547293034577
1,7760,0.82721674800231
1,7761,0.6849341560137222
1,7762,0.5571425883472961
1,7763,0.4225129695516741
1,7764,0.7050634070257819
1,7765,0.619873516095814
1,7766,0.666538768935801
1,7767,0.8411244721774337
1,7768,0.9160674500771406
1,7769,0.6810987916972494
1,7770,0.31776323446254034
1,7771,0.32103211527132347
1,7772,0.8991924137762206
1,7773,0.6811159640067889
1,7774,0.8254898131247755
1,7775,0.8444814521422411
1,7776,0.6505529993313751
1,7777,0.614982622845834
1,7778,0.7998167907890342
1,7779,0.7231419633417213
1,7780,0.6695291669796959
1,7781,0.5129529429923781
1,7782,0.7436094121203659
1,7783,0.6917104031752803
1,7784,0.4576262777062718
1,7785,0.5732464015194122
1,7786,0.6942592812479562
1,7787,0.6758561476289798
1,7788,0.5410171015959147
1,7789,0.5729615088775101
1,7790,0.7535608609735273
1,7791,0.7763433304726187
1,7792,0.6924395901177843
1,7793,0.6108653483479067
1,7794,0.6359182099084907
1,7795,0.7486166399375349
1,7796,0.7891907327381622
1,7797,0.5706402136619008
1,7798,0.7745109030217552
1,7799,0.8019067950324242
1,7800,0.7207612645891025
1,7801,0.5590553186815437
1,7802,0.29805724803421146
1,7803,0.5301457672251142
1,7804,0.6499582972589081
1,7805,0.7272044106548496
1,7806,0.7690743488852756
1,7807,0.7192506005470609
1,7808,0.7076756048691829
1,7809,0.6368361968490073
1,7810,0.6870942258027095
1,7811,0.6624304120885286
1,7812,0.6817272147938184
1,7813,0.7273293692963659
1,7814,0.6781527013308611
1,7815,0.7633254428153121
1,7816,0.6768688732588257
1,7817,0.7371933306718534
1,7818,0.5616221602784244
1,7819,0.7889148778635535
1,7820,0.685458980902455
1,7821,0.7234048597466363
1,7822,0.7419286195006723
1,7823,0.6402226316221158
1,7824,0.7700511619178468
1,7825,0.7615039789417559
1,7826,0.7230720676661081
1,7827,0.7173457001275745
1,7828,0.5365185918838442
1,7829,0.7901225099869366
1,7830,0.8101124058165509
1,7831,0.8431467742190406
1,7832,0.8732923806687976
1,7833,0.47965867942083185
1,7834,0.4808575879167367
1,7835,0.7488646321941179
1,7836,0.6936367235122569
1,7837,0.7611631945624031
1,7838,0.8144890015895767
1,7839,0.7065599879232856
1,7840,0.7727757242783266
1,7841,0.8125562660252735
1,7842,0.7681937467162426
1,7843,0.6848270112233725
1,7844,0.8865786656147565
1,7845,0.8039039273636763
1,7846,0.7818446564862923
1,7847,0.669352807035627
1,7848,0.7636350544161451
1,7849,0.7673404998754555
1,7850,0.697662769393855
1,7851,0.7135808004552345
1,7852,0.7233231549963015
1,7853,0.7561171083104046
1,7854,0.8890458162930314
1,7855,0.8504989122435903
1,7856,0.8337054970537903
1,7857,0.8571449351237418
1,7858,0.8608624835283878
1,7859,0.8461547845671281
1,7860,0.8056257558496449
1,7861,0.8191792390402148
1,7862,0.8003973771089805
1,7863,0.7725973550126818
1,7864,0.755013091992174
1,7865,0.30837159359612026
1,7866,0.8283585627590512
1,7867,0.7854626970800359
1,7868,0.5742321719371718
1,7869,0.9256455936598313
1,7870,0.6992826456983219
1,7871,0.6174917476403381
1,7872,0.6971836334050938
1,7873,0.6349040238848419
1,7874,0.590200571317394
1,7875,0.6752826334965256
1,7876,0.66354378195949
1,7877,0.699999841219127
1,7878,0.8255075846581764
1,7879,0.7393999117554421
1,7880,0.7283395543787652
1,7881,0.8595697792651825
1,7882,0.6796245017580959
1,7883,0.7834531524586016
1,7884,0.6225096176985148
1,7885,0.6844454111682204
1,7886,0.7391236781213778
1,7887,0.7148436327441915
1,7888,0.722829958423191
1,7889,0.6871222339365038
1,7890,0.7969636924230862
1,7891,0.6794677953684785
1,7892,0.789032080028509
1,7893,0.8391465988478065
1,7894,0.7022971515997568
1,7895,0.7405326297937836
1,7896,0.7951551401279554
1,7897,0.6884516235468428
1,7898,0.7671140259888681
1,7899,0.7260972117332252
1,7900,0.7927408471453289
1,7901,0.7427096399631196
1,7902,0.7715273851190605
1,7903,0.7831881246785134
1,7904,0.6892126103299057
1,7905,0.7124777597340953
1,7906,0.884369259836423
1,7907,0.7706233520468836
1,7908,0.8031785404901728
1,7909,0.770818651762442
1,7910,0.7987530707900736
1,7911,0.7054793210070606
1,7912,0.41241143793856555
1,7913,0.5080606632667483
1,7914,0.7941737320189858
1,7915,0.8031895500496631
1,7916,0.7693480368975251
1,7917,0.740943513892844
1,7918,0.751672078256008
1,7919,0.7150816291460085
1,7920,0.7048958014955544
1,7921,0.7154367299691293
1,7922,0.6030953585420779
1,7923,0.7999094192373122
1,7924,0.766152361473496
1,7925,0.7016468296807622
1,7926,0.7249316779216982
1,7927,0.7932786159533833
1,7928,0.8169270251786998
1,7929,0.8026137861938138
1,7930,0.7434026703156736
1,7931,0.8248822549392862
1,7932,0.7403010821136511
1,7933,0.7024238216437838
1,7934,0.4705461849723148
1,7935,0.8122267119734028
1,7936,0.7715277191628696
1,7937,0.8335623135072291
1,7938,0.49313664318330525
1,7939,0.530830945743844
1,7940,0.7848094481340934
1,7941,0.7959900698559141
1,7942,0.7576931368425697
1,7943,0.5213228939106698
1,7944,0.6516568954845783
1,7945,0.6778091203978143
1,7946,0.7959713228278855
1,7947,0.7964743584381362
1,7948,0.7527902123259884
1,7949,0.7710490262056092
1,7950,0.6986747664669455
1,7951,0.6493214390127655
1,7952,0.7143064491618296
1,7953,0.778146646402534
1,7954,0.6986800211958273
1,7955,0.6048255332982254
1,7956,0.7603714393165496
1,7957,0.8328303529379498
1,7958,0.6396613641461893
1,7959,0.7930009006647321
1,7960,0.7950107807038981
1,7961,0.6194473479490453
1,7962,0.7143955866620122
1,7963,0.9407942579646238
1,7964,0.9487254230110015
1,7965,0.865911801702444
1,7966,0.7795396049517148
1,7967,0.894049189233173
1,7968,0.8175048301798166
1,7969,0.6283771984136165
1,7970,0.804541255745741
1,7971,0.7455775325129133
1,7972,0.8103092211476647
1,7973,0.844144259718854
1,7974,0.8648491633521032
1,7975,0.5875183310568116
1,7976,0.8699187703917691
1,7977,0.6782191955186478
1,7978,0.7639105232034602
1,7979,0.4948763342180385
1,7980,0.6920872651683964
1,7981,0.6738733325944403
1,7982,0.7342828462002725
1,7983,0.7840884577035786
1,7984,0.8516951845631007
1,7985,0.7359538415302712
1,7986,0.719333796643261
1,7987,0.6213409956470451
1,7988,0.9157213580238728
1,7989,0.7141779431865241
1,7990,0.7082051699211809
1,7991,0.7328597358554866
1,7992,0.8214878589610901
1,7993,0.5738574832501604
1,7994,0.7021530970741565
1,7995,0.8235341994521221
1,7996,0.8286343558333721
1,7997,0.8098443524762109
1,7998,0.7692861124684219
1,7999,0.6058830678113631
1,8000,0.8373438713405293
1,8001,0.8814386815508155
1,8002,0.6204835380393127
1,8003,0.7499925963619354
1,8004,0.8080803148911011
1,8005,0.7737720028604056
1,8006,0.7343471548493432
1,8007,0.7119538197676033
1,8008,0.5573416149308059
1,8009,0.7442150169014689
1,8010,0.6741048865060543
1,8011,0.5895599683121979
1,8012,0.9583528880830284
1,8013,0.7499257491707426
1,8014,0.5262480613087719
1,8015,0.8194686791552914
1,8016,0.7852904082262235
1,8017,0.6326470732477825
1,8018,0.6785825182689236
1,8019,0.5126841035266673
1,8020,0.6771704246863366
1,8021,0.7616886230848716
1,8022,0.7109625085535125
1,8023,0.5708679580848428
1,8024,0.5635048267563559
1,8025,0.44150931794331044
1,8026,0.710766309633583
1,8027,0.7472758987442396
1,8028,0.7998983249318846
1,8029,0.7149482461746964
1,8030,0.7986497040701201
1,8031,0.7437449899721916
1,8032,0.6694700565383899
1,8033,0.7599070508221099
1,8034,0.7845749691134659
1,8035,0.726215817519443
1,8036,0.6732358599348108
1,8037,0.8088038705573484
1,8038,0.8518356043434935
1,8039,0.8654725418455759
1,8040,0.7885996347813778
1,8041,0.8194005909739812
1,8042,0.795659212429009
1,8043,0.6045029972707889
1,8044,0.7833027653974498
1,8045,0.7223572278682073
1,8046,0.8037904817200293
1,8047,0.491553337524396
1,8048,0.7923697214897207
1,8049,0.8810986833332143
1,8050,0.6359799231849536
1,8051,0.49796803203950035
1,8052,0.664491727382618
1,8053,0.6352080598766635
1,8054,0.7334042693932562
1,8055,0.8098066675827631
1,8056,0.8089005906598319
1,8057,0.6903742050534937
1,8058,0.6043626469957925
1,8059,0.51773958591479
1,8060,0.694814433455155
1,8061,0.6938787506185012
1,8062,0.7499169392153188
1,8063,0.640732829109579
1,8064,0.695022924638715
1,8065,0.7195490464123167
1,8066,0.676906310125015
1,8067,0.7237096336457151
1,8068,0.69513778996972575
1,8069,0.8105753809618572
1,8070,0.8137979582130632
1,8071,0.8143317150861676
1,8072,0.7558403364927408
1,8073,0.8119550162448896
1,8074,0.7824641841778345
1,8075,0.5789432899684872
1,8076,0.8584845882197187
1,8077,0.6947891159416679
1,8078,0.8075547281179417
1,8079,0.9214543194891639
1,8080,0.936074600163217
1,8081,0.6157121976628974
1,8082,0.5386805186906275
1,8083,0.8771013507224733
1,8084,0.8207929118670569
1,8085,0.8123691556333732
1,8086,0.8901600399725925
1,8087,0.8651127881765811
1,8088,0.7042359517438344
1,8089,0.7169825983099516
1,8090,0.7432492901600257
1,8091,0.7663826340303044
1,8092,0.7841091403301312
1,8093,0.7837131905237971
1,8094,0.8589810212719496
1,8095,0.7575860720369421
1,8096,0.7210955814718556
1,8097,0.697641270239216
1,8098,0.7941183862910501
1,8099,0.7043356548792745
1,8100,0.8944382223362671
1,8101,0.6105204232771173
1,8102,0.6850578118747208
1,8103,0.7858843671345905
1,8104,0.589607909331285
1,8105,0.5410665905352872
1,8106,0.500849674724746
1,8107,0.822840258498699
1,8108,0.7167396423479985
1,8109,0.5525580182757293
1,8110,0.7486821913735439
1,8111,0.6469983328860307
1,8112,0.7250173224852958
1,8113,0.3793896941420357
1,8114,0.9519417701780251
1,8115,0.5364478880868975
1,8116,0.5300390564077835
1,8117,0.5759176775228116
1,8118,0.8574551682994331
1,8119,0.7039653875580907
1,8120,0.4819499373577803
1,8121,0.5832445684338753
1,8122,0.7992303841786159
1,8123,0.7632157859119746
1,8124,0.6121987981326181
1,8125,0.900342659731431
1,8126,0.8023759793710433
1,8127,0.7032591324888484
1,8128,0.7142247196939905
1,8129,0.828628621613623
1,8130,0.8548826030530137
1,8131,0.7438470081804689
1,8132,0.8096437738811348
1,8133,0.8374971390102051
1,8134,0.7438070826174492
1,8135,0.8478062499271236
1,8136,0.604804924350395
1,8137,0.6943864888686088
1,8138,0.7170811384367607
1,8139,0.7289532534498183
1,8140,0.6464549631522131
1,8141,0.6647724779281378
1,8142,0.7109768146304495
1,8143,0.7047942651657382
1,8144,0.6880108298254702
1,8145,0.6528196112783443
1,8146,0.4761246949680664
1,8147,0.6339994094953882
1,8148,0.7986749537898585
1,8149,0.8452845756642752
1,8150,0.6162467827106405
1,8151,0.721641111959592
1,8152,0.5727614455488224
1,8153,0.7790408281712552
1,8154,0.8345817017109091
1,8155,0.5350323903949045
1,8156,0.5028725982652141
1,8157,0.8616932805464228
1,8158,0.8993517475397224
1,8159,0.7250351659857276
1,8160,0.9166201493143893
1,8161,0.7980077010548118
1,8162,0.7458952422750283
1,8163,0.717130442473732
1,8164,0.7452955727544783
1,8165,0.8681429857534742
1,8166,0.6248395826206415
1,8167,0.7816679939390727
1,8168,0.7816223055702526
1,8169,0.7302375431026262
1,8170,0.7229312564368225
1,8171,0.7357691546866304
1,8172,0.7948065613953486
1,8173,0.7202643124233249
1,8174,0.8662290989514962
1,8175,0.7998176170796444
1,8176,0.890038271314356
1,8177,0.9545492073638433
1,8178,0.705777738071986
1,8179,0.8642051746014774
1,8180,0.6249160607360015
1,8181,0.8293678627324463
1,8182,0.8063165380021604
1,8183,0.8327684409635316
1,8184,0.6374597619737598
1,8185,0.7540413082962627
1,8186,0.5846852729474437
1,8187,0.6328669947544857
1,8188,0.6056238670955619
1,8189,0.8208061514592593
1,8190,0.8333316851111815
1,8191,0.8417757073322523
1,8192,0.7314769914715186
1,8193,0.6536432481180398
1,8194,0.7110887790060046
1,8195,0.8523396093767578
1,8196,0.667815946987077
1,8197,0.7675745393716912
1,8198,0.6516455994845556
1,8199,0.7909657833483431
1,8200,0.8427043619770918
1,8201,0.692492212643121
1,8202,0.7627285743610295
1,8203,0.7940488144757581
1,8204,0.9205689367336212
1,8205,0.6680910054080562
1,8206,0.714404725038738
1,8207,0.7777459070658421
1,8208,0.8003165164073779
1,8209,0.6277713659446325
1,8210,0.8140661819041284
1,8211,0.7416941382263986
1,8212,0.8301615592524515
1,8213,0.5461273142925421
1,8214,0.5339492782450417
1,8215,0.7639302488569096
1,8216,0.729912686375624
1,8217,0.751171838669334
1,8218,0.7291879464905595
1,8219,0.8295834664923876
1,8220,0.6632218758555432
1,8221,0.799342181773118
1,8222,0.5525521266160385
1,8223,0.7040819218925006
1,8224,0.6699496129874806
1,8225,0.8569435582422129
1,8226,0.8478121628973506
1,8227,0.8119154372713268
1,8228,0.6118194284837635
1,8229,0.4724211867046901
1,8230,0.539522953241204
1,8231,0.5753777788804147
1,8232,0.7601733374294213
1,8233,0.681062750165786
1,8234,0.7647539270657437
1,8235,0.7545431765206304
1,8236,0.7412123328407784
1,8237,0.7529432583503625
1,8238,0.891823615659066
1,8239,0.8534150449651141
1,8240,0.8983352255598452
1,8241,0.7543609399571882
1,8242,0.7836371963438566
1,8243,0.595763899297737
1,8244,0.7555836661656294
1,8245,0.7777460727847709
1,8246,0.7258012079408369
1,8247,0.7185821487158723
1,8248,0.7587957590076183
1,8249,0.6555732449750958
1,8250,0.6257752268394915
1,8251,0.7684308492835513
1,8252,0.7016731157345877
1,8253,0.5569332856372851
1,8254,0.8160491523232296
1,8255,0.8422470901317746
1,8256,0.8773277180679949
1,8257,0.9271243364069139
1,8258,0.5933942901610225
1,8259,0.7244616709203079
1,8260,0.7710834835977224
1,8261,0.536632004184578
1,8262,0.70741127946271265
1,8263,0.6909451261660797
1,8264,0.7671224480534025
1,8265,0.7758216111215029
1,8266,0.9001700415620135
1,8267,0.8947118074867753
1,8268,0.7873802851028963
1,8269,0.5466879087878723
1,8270,0.6840646962918255
1,8271,0.7776720259254345
1,8272,0.7922028848465963
1,8273,0.7709858181628385
1,8274,0.7371211445233737
1,8275,0.5810294241735292
1,8276,0.6466092895775134
1,8277,0.6491558529597887
1,8278,0.8119275504044535
1,8279,0.5633131420450617
1,8280,0.5766725812470049
1,8281,0.8403556162052386
1,8282,0.6922642735547894
1,8283,0.9017743151011159
1,8284,0.8594922640659824
1,8285,0.8592734871426998
1,8286,0.779243544689032
1,8287,0.6601286379418422
1,8288,0.7025430623863634
1,8289,0.8655409084324804
1,8290,0.7615558461055069
1,8291,0.806853802837198
1,8292,0.7812872758928915
1,8293,0.722647728450999
1,8294,0.67954436689081
1,8295,0.8051223231138432
1,8296,0.7750801716150204
1,8297,0.7484227617124674
1,8298,0.7211296758758805
1,8299,0.7472997635610432
1,8300,0.5192649673942988
1,8301,0.6400923331001361
1,8302,0.6991963498363765
1,8303,0.669607708420208
1,8304,0.6200242607327249
1,8305,0.6940177756867569
1,8306,0.8206621823366723
1,8307,0.6501986598660634
1,8308,0.7021022899121064
1,8309,0.6464044326702821
1,8310,0.5680304234429521
1,8311,0.7989801218325171
1,8312,0.7160817703154522
1,8313,0.7791957554023454
1,8314,0.6465978086798716
1,8315,0.7669796574808887
1,8316,0.7443407995404786
1,8317,0.761179515582535
1,8318,0.7500977028566133
1,8319,0.6172271088427304
1,8320,0.8549458893153801
1,8321,0.8549910934107418
1,8322,0.8250954302454745
1,8323,0.6667521489307663
1,8324,0.8407270423627232
1,8325,0.8034676780205393
1,8326,0.8325311530848698
1,8327,0.7171917933709413
1,8328,0.9339282183549937
1,8329,0.6706224004243538
1,8330,0.837206038935515
1,8331,0.8113744151307027
1,8332,0.695078188035269
1,8333,0.8131308840551469
1,8334,0.786436004331541
1,8335,0.6814083717532898
1,8336,0.6219831957110582
1,8337,0.7523298880876076
1,8338,0.868800995870073
1,8339,0.8416078355806473
1,8340,0.8697333562651478
1,8341,0.6220406462399507
1,8342,0.8798924680418113
1,8343,0.9713621935463351
1,8344,0.9101907048161363
1,8345,0.8436694798685636
1,8346,0.8906101855361664
1,8347,0.883133296277872
1,8348,0.8911413530533026
1,8349,0.738685020633146
1,8350,0.719950575786886
1,8351,0.4694698341349107
1,8352,0.6527757042942168
1,8353,0.6517682547403324
1,8354,0.8411629712142413
1,8355,0.6256623011184798
1,8356,0.8274912188335893
1,8357,0.657138469029986
1,8358,0.823358098951748
1,8359,0.6844793750125973
1,8360,0.6400442423867406
1,8361,0.7428193637070837
1,8362,0.7205601157757635
1,8363,0.6953335851711415
1,8364,0.7657170313027744
1,8365,0.7419016989523487
1,8366,0.7423368378864573
1,8367,0.7355925097509098
1,8368,0.8053003948954789
1,8369,0.6919159123274848
1,8370,0.7600242210313228
1,8371,0.7759772174486196
1,8372,0.6360619119813528
1,8373,0.6353002798277764
1,8374,0.8044736032215956
1,8375,0.8185154470056343
1,8376,0.6927685604575003
1,8377,0.9013893145049403
1,8378,0.7838248563995259
1,8379,0.7772372198030582
1,8380,0.813072957909025
1,8381,0.6193326655606677
1,8382,0.831989872810649
1,8383,0.681412438758384
1,8384,0.6803849979380736
1,8385,0.648873705375723
1,8386,0.6947558691242287
1,8387,0.8170385929670734
1,8388,0.8161196335388657
1,8389,0.8177719616226554
1,8390,0.802740796880374
1,8391,0.600340520143411
1,8392,0.7652774539982169
1,8393,0.6663951627461986
1,8394,0.7401630949980614
1,8395,0.5270970026994461
1,8396,0.6831626097857512
1,8397,0.8111397838744672
1,8398,0.7875151677238622
1,8399,0.6992819618478796
1,8400,0.6991471945469345
1,8401,0.7540543261977032
1,8402,0.734414553646576
1,8403,0.8004481831345255
1,8404,0.7751163455861151
1,8405,0.7693086019073101
1,8406,0.7501259799149471
1,8407,0.671033918042752
1,8408,0.7081227929414947
1,8409,0.7908459398127705
1,8410,0.6004937650504074
1,8411,0.7871370186190093
1,8412,0.3918349307925515
1,8413,0.5686606244350929
1,8414,0.5093911197758219
1,8415,0.6724503812852464
1,8416,0.7386552758791359
1,8417,0.49389544312637995
1,8418,0.5245610068555725
1,8419,0.5916430219661596
1,8420,0.7519445604023022
1,8421,0.7066741159112379
1,8422,0.7739858611019075
1,8423,0.8077288793211365
1,8424,0.809336357837868
1,8425,0.8223369083681552
1,8426,0.6696943561299591
1,8427,0.6122796577524005
1,8428,0.6606697219986005
1,8429,0.4649530388126016
1,8430,0.7813933770906003
1,8431,0.8299447402250075
1,8432,0.7123201811914344
1,8433,0.8433783652716585
1,8434,0.6351549637830336
1,8435,0.573759223576222
1,8436,0.6544749764293281
1,8437,0.6374034506551538
1,8438,0.8723436174942897
1,8439,0.8648578713525247
1,8440,0.8529255367460601
1,8441,0.7067053429851565
1,8442,0.811196127556876
1,8443,0.8048173928280804
1,8444,0.44402317184528967
1,8445,0.7028028006850656
1,8446,0.6352075161336449
1,8447,0.7514796089502999
1,8448,0.7846563479736347
1,8449,0.7448131774112171
1,8450,0.4339364444683382
1,8451,0.9035282567500826
1,8452,0.8417455734170105
1,8453,0.7809907256449067
1,8454,0.860845983158705
1,8455,0.8012426273296308
1,8456,0.7434171146417062
1,8457,0.6400158211042263
1,8458,0.5795901764714699
1,8459,0.6206832723875859
1,8460,0.59696516721116
1,8461,0.7273729530491275
1,8462,0.6413876764953991
1,8463,0.7670180027941996
1,8464,0.7642668972175967
1,8465,0.7229926366663387
1,8466,0.7312973747289954
1,8467,0.7671393151983985
1,8468,0.6250064246730227
1,8469,0.8550239244869365
1,8470,0.6897718943379959
1,8471,0.851268469011399
1,8472,0.8415399234751928
1,8473,0.6589532451191213
1,8474,0.9287847359397011
1,8475,0.8511743282864911
1,8476,0.7411874035371322
1,8477,0.7105899287307771
1,8478,0.8361737597756635
1,8479,0.6231639915085568
1,8480,0.6130247006378399
1,8481,0.7231407430747765
1,8482,0.7414454981112304
1,8483,0.7581816186042308
1,8484,0.6824618090639343
1,8485,0.5887368265329934
1,8486,0.6381731032738153
1,8487,0.7550148033572588
1,8488,0.7882550884963702
1,8489,0.7814885007322468
1,8490,0.7273639898961886
1,8491,0.6823950445181518
1,8492,0.822432738097405
1,8493,0.6923815269909401
1,8494,0.5383503670964787
1,8495,0.8429860188140724
1,8496,0.6674340309133161
1,8497,0.7569548884735793
1,8498,0.903127902268201
1,8499,0.6341115783810901
1,8500,0.8301916253841894
1,8501,0.7388914021319669
1,8502,0.6895222609174695
1,8503,0.7522451194494979
1,8504,0.8160293264755035
1,8505,0.7587231337506667
1,8506,0.8421600114565087
1,8507,0.7381762523039339
1,8508,0.6370598087691133
1,8509,0.8168858613087489
1,8510,0.7842495450944786
1,8511,0.8609138324489797
1,8512,0.8317372103505267
1,8513,0.7886077275883264
1,8514,0.8080730670288316
1,8515,0.8273655390411833
1,8516,0.6143666371261738
1,8517,0.7592403549912207
1,8518,0.6882851678016354
1,8519,0.730406587132764
1,8520,0.6853118448928806
1,8521,0.7825616872315927
1,8522,0.8835175371606104
1,8523,0.6721214277554758
1,8524,0.7356596711700456
1,8525,0.6886975741978648
1,8526,0.7573837488793247
1,8527,0.7014827793836586
1,8528,0.7085430442981131
1,8529,0.6588357164005487
1,8530,0.8146844543909786
1,8531,0.6449193618855988
1,8532,0.8905401932283213
1,8533,0.7357890332049718
1,8534,0.8382245647220572
1,8535,0.7861210028327871
1,8536,0.8983825756451971
1,8537,0.5829392954077383
1,8538,0.8226896771021813
1,8539,0.7430488396179833
1,8540,0.7653795196635765
1,8541,0.8069870046341295
1,8542,0.7012284942968526
1,8543,0.790133969140125
1,8544,0.6945750493435474
1,8545,0.8064544813635303
1,8546,0.9463642019844222
1,8547,0.8931237364234107
1,8548,0.7012302646088298
1,8549,0.7458690994765658
1,8550,0.737398076539303
1,8551,0.7870230168202171
1,8552,0.8954360331616839
1,8553,0.7975523956040768
1,8554,0.7883639594066483
1,8555,0.7831012811888144
1,8556,0.8038215451348724
1,8557,0.70415400269075
1,8558,0.7874225080168537
1,8559,0.8031734371579351
1,8560,0.7366579328494817
1,8561,0.7301266994676558
1,8562,0.7507009305657157
1,8563,0.7340353054511344
1,8564,0.5622770112284786
1,8565,0.7745536532295048
1,8566,0.7232730186106907
1,8567,0.7624322037642581
1,8568,0.7857967277274372
1,8569,0.7204990303616868
1,8570,0.6673055316804378
1,8571,0.6625327340500348
1,8572,0.6610741389594353
1,8573,0.5812155558836838
1,8574,0.8423680020188556
1,8575,0.8008581160575112
1,8576,0.8291339458059518
1,8577,0.7598561501289005
1,8578,0.6530241266638528
1,8579,0.7995368678656809
1,8580,0.8401949423129568
1,8581,0.701764035922749
1,8582,0.5399762996730919
1,8583,0.652137125602282
1,8584,0.781359404411116
1,8585,0.7091312993897337
1,8586,0.6337801304496026
1,8587,0.8300996526814927
1,8588,0.6735600679461144
1,8589,0.6850526438717797
1,8590,0.6862686761252633
1,8591,0.7299462231417838
1,8592,0.7297185946611634
1,8593,0.663744814532427
1,8594,0.8330207429445591
1,8595,0.6377314940024158
1,8596,0.8079137462222031
1,8597,0.7531246167198544
1,8598,0.7399890603594756
1,8599,0.8375322930510934
1,8600,0.7120451305874324
1,8601,0.7702424766425758
1,8602,0.7521004169146601
1,8603,0.7334603577649151
1,8604,0.5767618887261493
1,8605,0.7305300223580614
1,8606,0.8854926011314752
1,8607,0.6482279769619905
1,8608,0.7813810630500053
1,8609,0.5828439254414274
1,8610,0.7485005431146599
1,8611,0.840824156349506
1,8612,0.9179438355745158
1,8613,0.7336245531641638
1,8614,0.658645982875172
1,8615,0.7661124354531158
1,8616,0.4762431462891964
1,8617,0.6854034123223031
1,8618,0.7504493796240816
1,8619,0.7863374106802156
1,8620,0.6000067096097268
1,8621,0.45354512049611245
1,8622,0.7973205857238619
1,8623,0.7307586591366092
1,8624,0.6924388656620627
1,8625,0.8075561015267603
1,8626,0.7652185720978548
1,8627,0.7049248786252315
1,8628,0.8086977958853433
1,8629,0.7670837816631341
1,8630,0.6031997673227644
1,8631,0.8761501396905348
1,8632,0.6480854828452507
1,8633,0.7901791439615892
1,8634,0.689160694774297
1,8635,0.7745134085766372
1,8636,0.7722008087343947
1,8637,0.7128427958712119
1,8638,0.7818538862622538
1,8639,0.7115068803252187
1,8640,0.7154858302494761
1,8641,0.8058416381475421
1,8642,0.8140990513401226
1,8643,0.7069802009089997
1,8644,0.8866496938526677
1,8645,0.47507921582427104
1,8646,0.7541846054743369
1,8647,0.6142778330659243
1,8648,0.6291887738224874
1,8649,0.8860476361047818
1,8650,0.8516514129774806
1,8651,0.6572306331365999
1,8652,0.8608287543937403
1,8653,0.7747572339455895
1,8654,0.5265316868085371
1,8655,0.7303644829539846
1,8656,0.773005409762412
1,8657,0.6655675850642838
1,8658,0.8725460475142216
1,8659,0.7264370695992001
1,8660,0.8339747929503216
1,8661,0.6186332210043483
1,8662,0.8374340634847308
1,8663,0.6226197911830181
1,8664,0.789890772566218
1,8665,0.7822819376390272
1,8666,0.6940520679276306
1,8667,0.736499830017558
1,8668,0.716315000134453
1,8669,0.6582754072686945
1,8670,0.756146013264384
1,8671,0.7884809258856704
1,8672,0.681690307142575
1,8673,0.5528803191808908
1,8674,0.6395695751497255
1,8675,0.7523007756141253
1,8676,0.631638214872197
1,8677,0.717646449080816
1,8678,0.5764028836486946
1,8679,0.555927205246133
1,8680,0.6763965702872395
1,8681,0.7038863341439652
1,8682,0.8078531134478015
1,8683,0.5798879299596187
1,8684,0.7249581942880702
1,8685,0.8053989014080571
1,8686,0.8369000695388006
1,8687,0.7747370656029335
1,8688,0.7539808663657903
1,8689,0.6964812247111413
1,8690,0.7252191331067692
1,8691,0.7869324326314638
1,8692,0.857913234574917
1,8693,0.6840513217887052
1,8694,0.7346921299297677
1,8695,0.746609475321613
1,8696,0.8859684571775228
1,8697,0.7392290955200553
1,8698,0.7639709609816813
1,8699,0.767759324246193
1,8700,0.6647972922090399
1,8701,0.8184225916269728
1,8702,0.6864896417411138
1,8703,0.7261164781008733
1,8704,0.6073840374831421
1,8705,0.5571710701889722
1,8706,0.7810058524408122
1,8707,0.8662472572719797
1,8708,0.8806008783674026
1,8709,0.8184793389858076
1,8710,0.8865485790919263
1,8711,0.5943233353248791
1,8712,0.36052002448391696
1,8713,0.3867310751994563
1,8714,0.7463050765353818
1,8715,0.8407575132593922
1,8716,0.7262986412321363
1,8717,0.6451708201279386
1,8718,0.7254231547205476
1,8719,0.7165030311318541
1,8720,0.6429977420625835
1,8721,0.8361866453592113
1,8722,0.7280986157353886
1,8723,0.7992001844979412
1,8724,0.701436669683916
1,8725,0.822797011492614
1,8726,0.8372304784265291
1,8727,0.8571800439182533
1,8728,0.9219411487973078
1,8729,0.7791476765735232
1,8730,0.7538772273973251
1,8731,0.8068515970569134
1,8732,0.7554010678204873
1,8733,0.6507464271001412
1,8734,0.6384881718173498
1,8735,0.8038515832859944
1,8736,0.6209035579602139
1,8737,0.7765885438812637
1,8738,0.7665225673706728
1,8739,0.874933899917485
1,8740,0.7372358420281431
1,8741,0.7332337425112418
1,8742,0.7418722076039176
1,8743,0.5848383184588583
1,8744,0.572981429596721
1,8745,0.5189005621834087
1,8746,0.8798480190322645
1,8747,0.934365189479309
1,8748,0.5670248909753032
1,8749,0.8809132020001794
1,8750,0.964672511664211
1,8751,0.9077387460008383
1,8752,0.7262128733691359
1,8753,0.8602446241219261
1,8754,0.7729002688565396
1,8755,0.9062557813698291
1,8756,0.77003175381034
1,8757,0.7912827233275072
1,8758,0.808408193622801
1,8759,0.8374752255770733
1,8760,0.7865176228600612
1,8761,0.7712776598883444
1,8762,0.9343661736483893
1,8763,0.7298790243840036
1,8764,0.726514074866595
1,8765,0.7691497638213246
1,8766,0.8351152314294039
1,8767,0.6932152252445398
1,8768,0.755644873862067
1,8769,0.7870845213923149
1,8770,0.7734023421137984
1,8771,0.7756908681870046
1,8772,0.8169292796687757
1,8773,0.7551488837907241
1,8774,0.7221020795623033
1,8775,0.6935553504474861
1,8776,0.650073023793849
1,8777,0.8840641406530033
1,8778,0.6843383404318331
1,8779,0.7783830383845314
1,8780,0.6884627553963354
1,8781,0.6813973571083006
1,8782,0.6619175564978466
1,8783,0.6438169627839139
1,8784,0.5695134653152998
1,8785,0.7953762258791914
1,8786,0.7993000494430981
1,8787,0.7549041584235976
1,8788,0.5396959536317248
1,8789,0.593501300654246
1,8790,0.6382407844608828
1,8791,0.8027031432935307
1,8792,0.7575736910569243
1,8793,0.5727947790961901
1,8794,0.823916032266153
1,8795,0.8231045008980363
1,8796,0.8746143669236648
1,8797,0.8563872907854755
1,8798,0.8498869891464623
1,8799,0.8412525912421608
1,8800,0.8756247027045677
1,8801,0.7559712087570915
1,8802,0.752171721121128
1,8803,0.7958565972977295
1,8804,0.6342701667985797
1,8805,0.5508159648315469
1,8806,0.5195744081832071
1,8807,0.641233764185534
1,8808,0.5740610859607485
1,8809,0.8197103595594266
1,8810,0.807243266198904
1,8811,0.7725327677455616
1,8812,0.7490122741537183
1,8813,0.8337551325916666
1,8814,0.7786524894928193
1,8815,0.8258364266538597
1,8816,0.5451097185839
1,8817,0.6277505906620234
1,8818,0.8783549168481143
1,8819,0.756180494266604
1,8820,0.8150325606962738
1,8821,0.5927441516481118
1,8822,0.7187890060148947
1,8823,0.5853090298859576
1,8824,0.7156427435461842
1,8825,0.7034629589651608
1,8826,0.707359758059485
1,8827,0.5563031154324255
1,8828,0.5972751598991379
1,8829,0.8543205773374488
1,8830,0.8167476230972373
1,8831,0.8066540285546004
1,8832,0.6608531641497357
1,8833,0.5116514085657013
1,8834,0.7334548219538678
1,8835,0.6736760832800003
1,8836,0.8811190270439797
1,8837,0.9057320809429125
1,8838,0.8174425245061567
1,8839,0.6911754659583631
1,8840,0.7058291516402044
1,8841,0.7082094233052332
1,8842,0.5308550716501014
1,8843,0.6345661674875309
1,8844,0.7903643658153535
1,8845,0.7690225639213728
1,8846,0.4672510319761539
1,8847,0.7866822596014282
1,8848,0.751692853488888
1,8849,0.8633162976067893
1,8850,0.8004787195965232
1,8851,0.8007059160605968
1,8852,0.7387581801463791
1,8853,0.6938215709023254
1,8854,0.7764277551675877
1,8855,0.8360207323021271
1,8856,0.7180946381961599
1,8857,0.5290800433518047
1,8858,0.8351139560313091
1,8859,0.7448396402072057
1,8860,0.6981433841054395
1,8861,0.6196378592225382
1,8862,0.8345320817468049
1,8863,0.838458351572125
1,8864,0.617222716605891
1,8865,0.449054659525958
1,8866,0.6533353989168387
1,8867,0.7955112162132624
1,8868,0.7250193238627533
1,8869,0.8255413844261802
1,8870,0.7274229947540434
1,8871,0.5323413879054699
1,8872,0.7918445810377668
1,8873,0.839055382995133
1,8874,0.760526469245178
1,8875,0.7519289434326882
1,8876,0.6442945042090964
1,8877,0.5280283917464988
1,8878,0.7173351843938733
1,8879,0.7211328003172639
1,8880,0.7459524516592865
1,8881,0.833548663245941
1,8882,0.7150186116400183
1,8883,0.6631884010230197
1,8884,0.6942247215553561
1,8885,0.6914656740529781
1,8886,0.7576752755181918
1,8887,0.8380479970218254
1,8888,0.7614379626648691
1,8889,0.7444026595392814
1,8890,0.6737161451965142
1,8891,0.8154438011153948
1,8892,0.7762303933808603
1,8893,0.6036554186681455
1,8894,0.5744999837127973
1,8895,0.7870618705757069
1,8896,0.7360572409122728
1,8897,0.6345776643525775
1,8898,0.5625557696627924
1,8899,0.6376992224867801
1,8900,0.7917452779976359
1,8901,0.6976601384380118
1,8902,0.7089051542389043
1,8903,0.5808417757935287
1,8904,0.7403771014976395
1,8905,0.7450618138527211
1,8906,0.8026272729629321
1,8907,0.6772557495097171
1,8908,0.7253871771893079
1,8909,0.7653972932691763
1,8910,0.6185607152988676
1,8911,0.6125712170452022
1,8912,0.7873072348402617
1,8913,0.47054933747960687
1,8914,0.7737886694061201
1,8915,0.8363097626839866
1,8916,0.8695795855268245
1,8917,0.8137850030926325
1,8918,0.7907348229884432
1,8919,0.7129664949235802
1,8920,0.8453918591103357
1,8921,0.6705162210793238
1,8922,0.8132317028722167
1,8923,0.7801230086100857
1,8924,0.6989497782517892
1,8925,0.5241116684609834
1,8926,0.25462942498795127
1,8927,0.8708089723549649
1,8928,0.7055874422558819
1,8929,0.7402012046961269
1,8930,0.7289855953039872
1,8931,0.8462049580083589
1,8932,0.7158358284466897
1,8933,0.7428137331628912
1,8934,0.610742674220593
1,8935,0.9073310002466105
1,8936,0.5029308415170273
1,8937,0.8341017403878286
1,8938,0.5794079429355415
1,8939,0.7015963300935736
1,8940,0.738902159108141
1,8941,0.770661390304389
1,8942,0.8494947135103403
1,8943,0.6908427931898309
1,8944,0.6556362541406958
1,8945,0.8005398483677207
1,8946,0.8458310854723954
1,8947,0.7614669725915413
1,8948,0.797226417014522
1,8949,0.473213828661062
1,8950,0.8364862113638314
1,8951,0.7217560623699577
1,8952,0.6903584947706962
1,8953,0.8159212312715516
1,8954,0.5951806863726016
1,8955,0.7263050875015999
1,8956,0.7600716958175316
1,8957,0.5855305499542068
1,8958,0.687885993122585
1,8959,0.6485028315539386
1,8960,0.8635194441507607
1,8961,0.8748321226944253
1,8962,0.8563692073601263
1,8963,0.7873157357530706
1,8964,0.5788966370508388
1,8965,0.5813322122651953
1,8966,0.6931328765301024
1,8967,0.605523276620478
1,8968,0.7625051041745072
1,8969,0.7430218172085058
1,8970,0.7227393136903324
1,8971,0.4009124859064138
1,8972,0.961293575330736
1,8973,0.650044414724666
1,8974,0.7376939468668846
1,8975,0.7478230037333351
1,8976,0.70854753541943
1,8977,0.7516836015412516
1,8978,0.7769033404411265
1,8979,0.6926952158454147
1,8980,0.6951433536218797
1,8981,0.8660527351485319
1,8982,0.8246799080778766
1,8983,0.5630125299895167
1,8984,0.6516435925944174
1,8985,0.5343293841620925
1,8986,0.8633627156389833
1,8987,0.6717936561675296
1,8988,0.6502220305856725
1,8989,0.22880256441062952
1,8990,0.8138233675815137
1,8991,0.6355391759668583
1,8992,0.7213449983971097
1,8993,0.6704367285691993
1,8994,0.8440710869441398
1,8995,0.74931960938999
1,8996,0.7644189317369161
1,8997,0.6730497768953284
1,8998,0.7474276459080569
1,8999,0.5567434986353862
1,9000,0.49904119084205295
1,9001,0.40281147994972144
1,9002,0.6942331591059173
1,9003,0.6004381598156915
1,9004,0.7765626943873175
1,9005,0.7413132530055822
1,9006,0.7804632957633572
1,9007,0.6242280088784782
1,9008,0.7841124997744093
1,9009,0.8128075709967663
1,9010,0.837883405542886
1,9011,0.8317861370622754
1,9012,0.7858139287866751
1,9013,0.6892036272664829
1,9014,0.6631141725724201
1,9015,0.7377094492238239
1,9016,0.7727237008275665
1,9017,0.8008292326153298
1,9018,0.824316794953275
1,9019,0.7119002316494821
1,9020,0.5540506116607125
1,9021,0.8347418489220007
1,9022,0.77492359537822
1,9023,0.7752340993266631
1,9024,0.6683991431213071
1,9025,0.7946386198177618
1,9026,0.5176111668072348
1,9027,0.4764435996182158
1,9028,0.6489983060555385
1,9029,0.7010524203973733
1,9030,0.5696139815889062
1,9031,0.7776517022448232
1,9032,0.621409875890793
1,9033,0.7538889222198333
1,9034,0.7169231440853641
1,9035,0.6400631618839556
1,9036,0.6340587756760943
1,9037,0.5850740970374338
1,9038,0.73276154598864085
1,9039,0.7011551032171525
1,9040,0.6624135282389424
1,9041,0.5427539433924885
1,9042,0.8312111712807286
1,9043,0.9199096143212286
1,9044,0.8369854178907091
1,9045,0.8710667433202879
1,9046,0.8252691738850302
1,9047,0.8514337594614184
1,9048,0.7543471823446861
1,9049,0.5901462779514908
1,9050,0.7488017609858288
1,9051,0.8005385381645905
1,9052,0.753200583312946
1,9053,0.816611646702116
1,9054,0.7666337505647319
1,9055,0.7912624016537111
1,9056,0.7723555591778497
1,9057,0.7377142293846083
1,9058,0.47479791773788227
1,9059,0.789011660170897
1,9060,0.6589992710222505
1,9061,0.7188477312403871
1,9062,0.7075299374060537
1,9063,0.8688642487310967
1,9064,0.7341969456776815
1,9065,0.7121947793033608
1,9066,0.8046504703669878
1,9067,0.8074884879676265
1,9068,0.6522381262352926
1,9069,0.6990849396143118
1,9070,0.8714236057714944
1,9071,0.8572282624854645
1,9072,0.6493027955166569
1,9073,0.7832882396968655
1,9074,0.7134542004881681
1,9075,0.7902679452544327
1,9076,0.8117688604118036
1,9077,0.8956191933266137
1,9078,0.8208586965035067
1,9079,0.7232376903155929
1,9080,0.6961681969138578
1,9081,0.6637105340018352
1,9082,0.7187657727300893
1,9083,0.6851975238759499
1,9084,0.8332616746444577
1,9085,0.5964145634085345
1,9086,0.825328599555566
1,9087,0.687168164693853
1,9088,0.903567868487093
1,9089,0.9210966634156915
1,9090,0.6118652517582536
1,9091,0.8455442963836278
1,9092,0.7315392715195003
1,9093,0.5881745472019415
1,9094,0.7491701296106942
1,9095,0.7965312686910708
1,9096,0.8871136869814245
1,9097,0.8262728556678743
1,9098,0.774275146459594
1,9099,0.8461499375605211
1,9100,0.7801114953561438
1,9101,0.6480206154615976
1,9102,0.704767316169241
1,9103,0.8117100388238557
1,9104,0.7737431335580531
1,9105,0.7211257782345406
1,9106,0.7054333610362673
1,9107,0.837386216045921
1,9108,0.742455492148862
1,9109,0.8366118842665529
1,9110,0.7087894739658095
1,9111,0.6809144893288925
1,9112,0.6843955059555775
1,9113,0.7699474655763131
1,9114,0.6603472876795202
1,9115,0.8149521200909592
1,9116,0.8409369725356408
1,9117,0.7381782673326814
1,9118,0.7883378476174128
1,9119,0.7162401425642415
1,9120,0.8008767086703726
1,9121,0.814255690937071
1,9122,0.784623476647589
1,9123,0.7800896800351319
1,9124,0.6091368218322526
1,9125,0.7031289975386752
1,9126,0.605737478191078
1,9127,0.7708076736401958
1,9128,0.574919410599469
1,9129,0.7794577042194867
1,9130,0.6991329265718238
1,9131,0.7883758416046345
1,9132,0.7899915388197266
1,9133,0.7481711928584819
1,9134,0.7917566627313067
1,9135,0.7270302368286633
1,9136,0.6352502006785956
1,9137,0.7775708885665842
1,9138,0.7437204419225455
1,9139,0.7267587970498302
1,9140,0.8043838243943716
1,9141,0.6465343069021465
1,9142,0.6841940974692895
1,9143,0.8429727234355757
1,9144,0.8079917319400521
1,9145,0.7104638372406402
1,9146,0.705711279229959
1,9147,0.8401827084244999
1,9148,0.7269512415522925
1,9149,0.7751238355686553
1,9150,0.5589458705223366
1,9151,0.6435434502424382
1,9152,0.7785731941854546
1,9153,0.754768262081073
1,9154,0.5336758228387959
1,9155,0.6768669606776229
1,9156,0.8153744583045194
1,9157,0.7906747798789641
1,9158,0.84256688755292
1,9159,0.8068671189267622
1,9160,0.826257851797737
1,9161,0.7644620127649092
1,9162,0.6940354221036957
1,9163,0.7504898702214108
1,9164,0.7984636778846829
1,9165,0.6617778126649658
1,9166,0.742174950011056
1,9167,0.6573561357783402
1,9168,0.836962395253414
1,9169,0.7497581599661581
1,9170,0.8224429582081457
1,9171,0.7779699404368351
1,9172,0.6151315579298787
1,9173,0.6789470052653948
1,9174,0.6412971136948132
1,9175,0.7663940173158291
1,9176,0.8402265759038106
1,9177,0.8481619543147298
1,9178,0.6631333790806303
1,9179,0.8131604733220061
1,9180,0.8314811814736062
1,9181,0.8495688366878948
1,9182,0.7376423716260866
1,9183,0.8850470445262587
1,9184,0.9381180589353667
1,9185,0.7301195356317856
1,9186,0.5879841653833486
1,9187,0.6674633487230519
1,9188,0.7059302122203952
1,9189,0.7105939562089234
1,9190,0.6288889858915115
1,9191,0.801768274019727
1,9192,0.7539500822524086
1,9193,0.8281828831316431
1,9194,0.8171720505751651
1,9195,0.4934490334402373
1,9196,0.4519096407575421
1,9197,0.6909919285337768
1,9198,0.7098230012228086
1,9199,0.7729354709392476
1,9200,0.802824068952548
1,9201,0.802700007052755
1,9202,0.7572469912733141
1,9203,0.6288721926350085
1,9204,0.6513993751340843
1,9205,0.6170356678835167
1,9206,0.7415142712924305
1,9207,0.5982136204265226
1,9208,0.6073902862916295
1,9209,0.7997052552069126
1,9210,0.7563858202403159
1,9211,0.7345574633268509
1,9212,0.6684501823833212
1,9213,0.6598030925681533
1,9214,0.7533938637980103
1,9215,0.5345492171407531
1,9216,0.8246648517593849
1,9217,0.8179892967873872
1,9218,0.9152703645864584
1,9219,0.7248416292444161
1,9220,0.7783290264771328
1,9221,0.8018157421532893
1,9222,0.7842817510905801
1,9223,0.8409759065627618
1,9224,0.801944775924388
1,9225,0.5762150397238447
1,9226,0.7368874510223458
1,9227,0.7248607634394696
1,9228,0.7506825566860275
1,9229,0.746924062152771
1,9230,0.7871628491801114
1,9231,0.6480601907397695
1,9232,0.665284044819728
1,9233,0.7335886753908891
1,9234,0.7001122451500558
1,9235,0.8541230690112452
1,9236,0.7833718181312324
1,9237,0.715107912886298
1,9238,0.7858354080312789
1,9239,0.8260996991261972
1,9240,0.7108710978467162
1,9241,0.786862569928608
1,9242,0.7976413416312648
1,9243,0.6804643663258922
1,9244,0.7887068877279921
1,9245,0.7267113586151398
1,9246,0.6822335791230867
1,9247,0.7874861767831364
1,9248,0.559590389079803
1,9249,0.7220676861321687
1,9250,0.8837940594121332
1,9251,0.8469615960521245
1,9252,0.6826375905501372
1,9253,0.6710528680645199
1,9254,0.7079918587772888
1,9255,0.6972941104535331
1,9256,0.7891298572204481
1,9257,0.8725942225280152
1,9258,0.6512057977505236
1,9259,0.7547495077717428
1,9260,0.5991323811530705
1,9261,0.5638863132261978
1,9262,0.5110905190236121
1,9263,0.7715474833470006
1,9264,0.6894324840061157
1,9265,0.6928758227519055
1,9266,0.5511980647859567
1,9267,0.5720924825383537
1,9268,0.8778618034938332
1,9269,0.6587844875257122
1,9270,0.7467910916907503
1,9271,0.7920061370881321
1,9272,0.7411224087146653
1,9273,0.716434687255004
1,9274,0.689946053988285
1,9275,0.8448156574840857
1,9276,0.6374840167106699
1,9277,0.7949658581133885
1,9278,0.6736201965244761
1,9279,0.8174446421796704
1,9280,0.7154553840768973
1,9281,0.7254046272812734
1,9282,0.7669259679136047
1,9283,0.9170679958450718
1,9284,0.8945464479957542
1,9285,0.7531711645760426
1,9286,0.7249606668736862
1,9287,0.7105199411893439
1,9288,0.7807133561545961
1,9289,0.6622459972596673
1,9290,0.7306447933784797
1,9291,0.5966635489406142
1,9292,0.7531320521162395
1,9293,0.8148248491860965
1,9294,0.5392737498822879
1,9295,0.6181772579220823
1,9296,0.6877397855280837
1,9297,0.6742631237336462
1,9298,0.6698336266030925
1,9299,0.7245209276479925
1,9300,0.8704285831055942
1,9301,0.8544232092695276
1,9302,0.7763700167639359
1,9303,0.6723843341996851
1,9304,0.6697277899499058
1,9305,0.721921028010642
1,9306,0.6909372620407938
1,9307,0.696747852255855
1,9308,0.7293294885969931
1,9309,0.7430221582038629
1,9310,0.8245045237806939
1,9311,0.6770733422915761
1,9312,0.6063366541452617
1,9313,0.7922839460778249
1,9314,0.696799280562979
1,9315,0.7303988862990257
1,9316,0.6295681120403717
1,9317,0.6783827967196246
1,9318,0.520577567545832
1,9319,0.7672702811211352
1,9320,0.6202212361747116
1,9321,0.36796887566744574
1,9322,0.7764327753092513
1,9323,0.7588698114763269
1,9324,0.8690753098383369
1,9325,0.6877197661021421
1,9326,0.6629100961613971
1,9327,0.6874614599734106
1,9328,0.8084154893528328
1,9329,0.6603793683464783
1,9330,0.6719257604692077
1,9331,0.7023880625088473
1,9332,0.7373360965608825
1,9333,0.8389035932263749
1,9334,0.8230319551061683
1,9335,0.8566307824488536
1,9336,0.7769676277166914
1,9337,0.6572060616058424
1,9338,0.7458336938764112
1,9339,0.6803787279440638
1,9340,0.8074643979980338
1,9341,0.4364646563690606
1,9342,0.7194617413681335
1,9343,0.8105484431399418
1,9344,0.7076498013588214
1,9345,0.6751022346281511
1,9346,0.7236284995602417
1,9347,0.7865982577793148
1,9348,0.6706584542484848
1,9349,0.8227271463746801
1,9350,0.7379743617944081
1,9351,0.72202579594543
1,9352,0.8464896028130005
1,9353,0.8216367048734589
1,9354,0.7703278971545755
1,9355,0.879266183766579
1,9356,0.8598734713307387
1,9357,0.7236740859616495
1,9358,0.8635280642546954
1,9359,0.6765261767695148
1,9360,0.7381858862313062
1,9361,0.7545163343715936
1,9362,0.9000663782604031
1,9363,0.6577785186636942
1,9364,0.8859571289306956
1,9365,0.9072970571874204
1,9366,0.8356992026478297
1,9367,0.7514091148233769
1,9368,0.6607143437731157
1,9369,0.7512708194111639
1,9370,0.7382411841360073
1,9371,0.738068668120258
1,9372,0.8324347816750916
1,9373,0.7513042009356964
1,9374,0.7234451015578043
1,9375,0.7791047257764849
1,9376,0.6969518432395951
1,9377,0.7609529048128028
1,9378,0.7532671404208147
1,9379,0.8251918516978963
1,9380,0.6883467872328816
1,9381,0.8261255262260736
1,9382,0.7409112450287619
1,9383,0.7305840367653372
1,9384,0.8898132530659121
1,9385,0.7994082877105116
1,9386,0.81376142840086
1,9387,0.8225762667203358
1,9388,0.7357474224752477
1,9389,0.6030205762013673
1,9390,0.6467532623260195
1,9391,0.7661001320385349
1,9392,0.8056719800528492
1,9393,0.6978674564258238
1,9394,0.6760918539129661
1,9395,0.6622581047728224
1,9396,0.681776575675467
1,9397,0.6509577638489816
1,9398,0.6998902734931968
1,9399,0.8240680596361377
1,9400,0.7541028603917488
1,9401,0.8579327895364822
1,9402,0.8806353271841745
1,9403,0.6770607500088339
1,9404,0.5828778052582215
1,9405,0.6762267620978618
1,9406,0.605457029064875
1,9407,0.8529688459668644
1,9408,0.7897942259734927
1,9409,0.7370690788329708
1,9410,0.7411801047394555
1,9411,0.7433701622875805
1,9412,0.847125451893322
1,9413,0.7350979060326247
1,9414,0.8769946532105942
1,9415,0.831833850098068
1,9416,0.680568587265514
1,9417,0.8276891014088312
1,9418,0.7744504148594259
1,9419,0.7016290475072927
1,9420,0.8376223112850317
1,9421,0.7115938236861392
1,9422,0.780319846667922
1,9423,0.7173577408054109
1,9424,0.8397742369594561
1,9425,0.7307641081497643
1,9426,0.8831817300761404
1,9427,0.8018746348315944
1,9428,0.8682703865006481
1,9429,0.7714926017288419
1,9430,0.6570700208879368
1,9431,0.71836700632876
1,9432,0.8070004790912245
1,9433,0.8589613296855073
1,9434,0.7839622130093113
1,9435,0.7101056728559094
1,9436,0.8252560932406735
1,9437,0.7896897883036809
1,9438,0.6658264848518713
1,9439,0.7840379686353074
1,9440,0.6781588959240328
1,9441,0.7827602808161374
1,9442,0.8588035483366694
1,9443,0.7720675877452162
1,9444,0.8199658771078275
1,9445,0.7099594025023929
1,9446,0.7687850167595012
1,9447,0.7210775767028478
1,9448,0.7073894892041284
1,9449,0.7677076524343516
1,9450,0.7487565124266967
1,9451,0.4076591420100319
1,9452,0.5727579909771756
1,9453,0.5119020072288167
1,9454,0.5042808073520122
1,9455,0.5776288082400023
1,9456,0.4558068853683841
1,9457,0.7620162730000528
1,9458,0.7313295293943098
1,9459,0.7689333538110846
1,9460,0.743579546772022
1,9461,0.8163139837027438
1,9462,0.5949503462268905
1,9463,0.7536341011645389
1,9464,0.7066756825597328
1,9465,0.7868339413499719
1,9466,0.7723051779382475
1,9467,0.6501768177957472
1,9468,0.8183195923423293
1,9469,0.8259073114824467
1,9470,0.6962675590814077
1,9471,0.4679230883531933
1,9472,0.7956910266108813
1,9473,0.7073329065781027
1,9474,0.4858310955847825
1,9475,0.7854983845607977
1,9476,0.7216303960218393
1,9477,0.7644046969104533
1,9478,0.6089068619789639
1,9479,0.7520411958585134
1,9480,0.6362839755861677
1,9481,0.8217823355312761
1,9482,0.664098019426117
1,9483,0.815719232011415
1,9484,0.7678970032461114
1,9485,0.48965788514960545
1,9486,0.7028174401966288
1,9487,0.5793397138857957
1,9488,0.7341431625594835
1,9489,0.6516738848226038
1,9490,0.591721470092928
1,9491,0.7405675636645851
1,9492,0.889127173577708
1,9493,0.5731676729212114
1,9494,0.6625002085034923
1,9495,0.8360859750628982
1,9496,0.7631145972270236
1,9497,0.8344431799990544
1,9498,0.6848125013083006
1,9499,0.7517991036343881
1,9500,0.8985324385159704
1,9501,0.7886368274140169
1,9502,0.7054521512809268
1,9503,0.742182759965139
1,9504,0.749808336174795
1,9505,0.8339007938225353
1,9506,0.8109082090730431
1,9507,0.8117663865831528
1,9508,0.73729202132182
1,9509,0.72548833037402
1,9510,0.7897769510078666
1,9511,0.5801188518476705
1,9512,0.6761832615389559
1,9513,0.7894271628336482
1,9514,0.6225429407118513
1,9515,0.5522121496439125
1,9516,0.6632792510242325
1,9517,0.58440125201962
1,9518,0.6340119505435953
1,9519,0.7991387701792232
1,9520,0.46194564736874566
1,9521,0.6014311062428153
1,9522,0.7890961624717152
1,9523,0.6034094724265981
1,9524,0.7386891676978673
1,9525,0.7472104797577372
1,9526,0.7084573238143994
1,9527,0.8473245957495826
1,9528,0.7218312991369428
1,9529,0.5936831835442472
1,9530,0.8440997338492033
1,9531,0.6726627077400454
1,9532,0.6503148948307584
1,9533,0.7188743541801347
1,9534,0.6609739673007813
1,9535,0.5239694173824492
1,9536,0.682565078095813
1,9537,0.5977389308945933
1,9538,0.8657987491217685
1,9539,0.8110401092293388
1,9540,0.8583996600542103
1,9541,0.5937514180502993
1,9542,0.7808631478212736
1,9543,0.7794378305649078
1,9544,0.6853596874241671
1,9545,0.7521172644300378
1,9546,0.6553784504580663
1,9547,0.4762634997386628
1,9548,0.5431572901651763
1,9549,0.602760248939411
1,9550,0.7139416601442655
1,9551,0.3863832627452702
1,9552,0.9372595089309517
1,9553,0.7591217600194262
1,9554,0.777810527480301
1,9555,0.8297852237137192
1,9556,0.7182162868803516
1,9557,0.8030820366512103
1,9558,0.818025198128684
1,9559,0.8770764942696497
1,9560,0.7429489607357513
1,9561,0.6919255897678319
1,9562,0.7440557983681574
1,9563,0.7023245946773554
1,9564,0.5654646865877349
1,9565,0.6911833833952667
1,9566,0.7757164012827805
1,9567,0.693225586228019
1,9568,0.7777537578013745
1,9569,0.7229985322178404
1,9570,0.8595315551132642
1,9571,0.7565916005619007
1,9572,0.6666390438718346
1,9573,0.7799861185830965
1,9574,0.7748182925120519
1,9575,0.4521349270368469
1,9576,0.7644123826823512
1,9577,0.6282391545920498
1,9578,0.867922070722711
1,9579,0.8687676093838917
1,9580,0.6565883191329669
1,9581,0.6479385979999681
1,9582,0.9031446453545124
1,9583,0.7987930817977389
1,9584,0.7696180505792302
1,9585,0.6896156208837594
1,9586,0.7424246022120747
1,9587,0.8503496518454646
1,9588,0.4516410346608322
1,9589,0.759676228964819
1,9590,0.7246895392568368
1,9591,0.8124184173305131
1,9592,0.8362948243352628
1,9593,0.9598707641418656
1,9594,0.755905778198409
1,9595,0.7955963304387746
1,9596,0.7792955766194789
1,9597,0.7878635674664962
1,9598,0.7951281841396978
1,9599,0.7977134933534769
1,9600,0.5158452709297532
1,9601,0.7750878836237376
1,9602,0.7034932292382879
1,9603,0.7843414464946794
1,9604,0.7255278766011601
1,9605,0.56848639113494015
1,9606,0.759886236931932
1,9607,0.6947478105200965
1,9608,0.6973755931420916
1,9609,0.5323751423125782
1,9610,0.5874220991956519
1,9611,0.6955233417083526
1,9612,0.4851869480073793
1,9613,0.6850460359357151
1,9614,0.7539000263420768
1,9615,0.775850272991587
1,9616,0.7587336726645346
1,9617,0.8307533608293702
1,9618,0.7601442610591924
1,9619,0.789504153532495
1,9620,0.6787538325762392
1,9621,0.7913023633777947
1,9622,0.7204057252841763
1,9623,0.6893272553841508
1,9624,0.7289323757041574
1,9625,0.850865612175845
1,9626,0.81272852632184
1,9627,0.7624895007695508
1,9628,0.7625537011275099
1,9629,0.7116534715279834
1,9630,0.6491205112971158
1,9631,0.8933872628340107
1,9632,0.6977629501352682
1,9633,0.8523418101075787
1,9634,0.7460512455218178
1,9635,0.7179848220794782
1,9636,0.7582787139644873
1,9637,0.7059973641275619
1,9638,0.710668282438277
1,9639,0.7949198071483695
1,9640,0.6831411006182483
1,9641,0.48330534915833356
1,9642,0.6214504299869364
1,9643,0.4615994086781342
1,9644,0.6755715640366762
1,9645,0.7295860790217039
1,9646,0.7482445088886184
1,9647,0.7132745083842493
1,9648,0.5689591896326005
1,9649,0.7189371884841307
1,9650,0.7153559947264312
1,9651,0.6746627642708001
1,9652,0.8141280155102438
1,9653,0.7196648005699527
1,9654,0.7432450008601398
1,9655,0.5664149826104649
1,9656,0.5898390588113479
1,9657,0.6558569483913816
1,9658,0.5355185995193678
1,9659,0.5575189189069298
1,9660,0.769628204990553
1,9661,0.697872723375383
1,9662,0.7784867052251201
1,9663,0.8081560584117138
1,9664,0.7668746273585415
1,9665,0.8609119889230781
1,9666,0.435013291283913
1,9667,0.5374298672919422
1,9668,0.6592600418547147
1,9669,0.7496619473426149
1,9670,0.6881372063532322
1,9671,0.8805815328881511
1,9672,0.7915230174476535
1,9673,0.7714267511475973
1,9674,0.7875298765853448
1,9675,0.6691846015930234
1,9676,0.6280638757333902
1,9677,0.7087698995848767
1,9678,0.6920723758874894
1,9679,0.803496000378014
1,9680,0.7225599463539808
1,9681,0.8314228471334714
1,9682,0.8464152164449792
1,9683,0.6848087482127458
1,9684,0.7943245521602919
1,9685,0.5342754433309537
1,9686,0.6081949627076221
1,9687,0.7622091587501238
1,9688,0.6061240052736316
1,9689,0.7564417719510536
1,9690,0.8148375912136977
1,9691,0.7065617091423476
1,9692,0.6974670271534527
1,9693,0.7414947008886105
1,9694,0.8017466293491362
1,9695,0.7566945159214575
1,9696,0.8025427527543394
1,9697,0.7425410862303782
1,9698,0.8726603355489448
1,9699,0.7408493848804286
1,9700,0.641702764822531
1,9701,0.5686739134163278
1,9702,0.7994395250227357
1,9703,0.5968861622182382
1,9704,0.6435727931215673
1,9705,0.6315399671658019
1,9706,0.7762253931235223
1,9707,0.7158217713217758
1,9708,0.7777806339957971
1,9709,0.7775646092237735
1,9710,0.6854402338988875
1,9711,0.72603186325556
1,9712,0.7496932824567141
1,9713,0.5217077097452673
1,9714,0.8074410068281487
1,9715,0.7527970698147479
1,9716,0.6764177758789456
1,9717,0.7923784228904194
1,9718,0.5893356054341669
1,9719,0.7328499766497888
1,9720,0.8793778786677541
1,9721,0.8293863202312296
1,9722,0.859462108719225
1,9723,0.7630725412461355
1,9724,0.8754354088762565
1,9725,0.6922823975790181
1,9726,0.7542884684357959
1,9727,0.7418693374485325
1,9728,0.5988466943279968
1,9729,0.6422885179174865
1,9730,0.6385077638596031
1,9731,0.6221903118185259
1,9732,0.7686103451224
1,9733,0.6392361112230581
1,9734,0.7837529868376703
1,9735,0.8035804383497418
1,9736,0.8019497081154121
1,9737,0.8484205169952542
1,9738,0.8899917874863784
1,9739,0.8400112371564931
1,9740,0.7729301330044828
1,9741,0.7004098848016633
1,9742,0.7529404296206791
1,9743,0.7314966101058703
1,9744,0.7713018238425173
1,9745,0.6445107930352867
1,9746,0.7408435485628385
1,9747,0.7831715519384479
1,9748,0.8285699335429241
1,9749,0.9024562060740909
1,9750,0.8587887634501319
1,9751,0.8463647964761455
1,9752,0.5798742783496106
1,9753,0.7793032112644906
1,9754,0.7589884138343947
1,9755,0.7475085634194633
1,9756,0.7301385902743013
1,9757,0.6283589668302978
1,9758,0.6368787604637468
1,9759,0.7038020465972431
1,9760,0.734826095314042
1,9761,0.7064572857666271
1,9762,0.694788395120674
1,9763,0.842664762460308
1,9764,0.7952686219429853
1,9765,0.819885707815392
1,9766,0.6804427047176574
1,9767,0.7762137073543671
1,9768,0.5700695526075971
1,9769,0.5901624995856742
1,9770,0.8696272612560623
1,9771,0.7107387063444537
1,9772,0.5938484900902684
1,9773,0.8433348913486518
1,9774,0.7010285726644878
1,9775,0.7121166803649237
1,9776,0.6465339306850406
1,9777,0.7368995879795773
1,9778,0.7734986770130357
1,9779,0.6388999673431096
1,9780,0.7588486049156308
1,9781,0.6385537494370654
1,9782,0.6517987189251869
1,9783,0.8107210172622876
1,9784,0.8687853674926542
1,9785,0.6989796714340222
1,9786,0.6508419176320057
1,9787,0.6564867813738706
1,9788,0.5760353685771263
1,9789,0.7577711780274506
1,9790,0.8646919180367619
1,9791,0.5069271236312932
1,9792,0.6564456860072336
1,9793,0.8370505166564574
1,9794,0.6855055278666468
1,9795,0.876193436827786
1,9796,0.9227398806844369
1,9797,0.7690729705727489
1,9798,0.693033944183098
1,9799,0.6973615798636336
1,9800,0.7855791605965996
1,9801,0.8926127998425987
1,9802,0.8078927892039804
1,9803,0.8031681430087175
1,9804,0.7276548653797175
1,9805,0.7634064455478269
1,9806,0.7816518385890664
1,9807,0.7853348581352656
1,9808,0.6662972809444181
1,9809,0.7898612870089687
1,9810,0.7996349960603206
1,9811,0.7746015027986072
1,9812,0.6813899252644551
1,9813,0.7673015461063935
1,9814,0.7246687258993658
1,9815,0.7737492435669341
1,9816,0.7397125111837154
1,9817,0.6032646011375894
1,9818,0.6671008547054144
1,9819,0.5830549422350743
1,9820,0.7149910278005108
1,9821,0.6453884798220673
1,9822,0.7388958533559176
1,9823,0.6900870888726051
1,9824,0.7621870535853188
1,9825,0.46547525258179195
1,9826,0.7858281747405711
1,9827,0.3878993099090876
1,9828,0.9323274063746303
1,9829,0.6842956736310233
1,9830,0.705618467950235
1,9831,0.7458234056723244
1,9832,0.5703774858649877
1,9833,0.8212564936628767
1,9834,0.7653526938701777
1,9835,0.9536102547824837
1,9836,0.7685689895463198
1,9837,0.7611022890658007
1,9838,0.7670998044699873
1,9839,0.812754080789675
1,9840,0.5917140354087742
1,9841,0.8136266769548194
1,9842,0.8179438788777644
1,9843,0.8385372809729431
1,9844,0.7768642612502957
1,9845,0.7718830647190195
1,9846,0.5971259017566395
1,9847,0.7168984811445
1,9848,0.6783853391597947
1,9849,0.7633841686199259
1,9850,0.6345860557257788
1,9851,0.8006558653022005
1,9852,0.8389680293113118
1,9853,0.5863279146119071
1,9854,0.6811889323194303
1,9855,0.7548642503210726
1,9856,0.8665139324490161
1,9857,0.888485338206222
1,9858,0.6225441587689861
1,9859,0.7516529367296945
1,9860,0.6435233306665864
1,9861,0.8657376014861198
1,9862,0.7011232354209554
1,9863,0.6639184784443609
1,9864,0.8155597945201323
1,9865,0.8356657818867607
1,9866,0.8643883720476554
1,9867,0.8363996961204578
1,9868,0.7737830691676212
1,9869,0.8120631738891297
1,9870,0.7238220379973638
1,9871,0.6564399702026877
1,9872,0.7201485984959194
1,9873,0.5772825091088577
1,9874,0.685571509141651
1,9875,0.671674401358176
1,9876,0.7032555582971285
1,9877,0.7176767694903582
1,9878,0.7342509937180756
1,9879,0.7195201339317885
1,9880,0.7390070000789295
1,9881,0.5695939125179971
1,9882,0.7954793971530031
1,9883,0.7618829420631038
1,9884,0.8135355332310892
1,9885,0.7060818430043866
1,9886,0.6759869102785756
1,9887,0.6163810301157823
1,9888,0.6686020972252747
1,9889,0.6527896202690148
1,9890,0.6727624043439249
1,9891,0.8399389327267367
1,9892,0.7949772415906977
1,9893,0.6980895177894068
1,9894,0.7189518917760692
1,9895,0.8325721864840848
1,9896,0.8054703652088335
1,9897,0.657645051392743
1,9898,0.7516626879254267
1,9899,0.7797561506133025
1,9900,0.7664743098354593
1,9901,0.7507725735906089
1,9902,0.7415176274503847
1,9903,0.8273496493661462
1,9904,0.6673268923649004
1,9905,0.8333055334562082
1,9906,0.8768649743753292
1,9907,0.8256698371844061
1,9908,0.5763451815644582
1,9909,0.7199316846174517
1,9910,0.7907753463794465
1,9911,0.7481534437678551
1,9912,0.7643069230032605
1,9913,0.5409588454150912
1,9914,0.6808167953269337
1,9915,0.7708840955435939
1,9916,0.5521953265728252
1,9917,0.5734753266230624
1,9918,0.7751847364941638
1,9919,0.7864872211540113
1,9920,0.7471867419023146
1,9921,0.7569670558122857
1,9922,0.6850303101782457
1,9923,0.7242176408143487
1,9924,0.7083100119495748
1,9925,0.7391485503477958
1,9926,0.6562299425301672
1,9927,0.6498543772711964
1,9928,0.6395293353277919
1,9929,0.7912220582857148
1,9930,0.7837045398683796
1,9931,0.7435400671725049
1,9932,0.6747623029190554
1,9933,0.8215141789473481
1,9934,0.497473210684452
1,9935,0.5864313650045959
1,9936,0.5607432149664602
1,9937,0.6346400708258497
1,9938,0.7265937389493673
1,9939,0.7724565367343558
1,9940,0.43275630998175246
1,9941,0.7535575706168051
1,9942,0.7390419505387635
1,9943,0.7083574635631811
1,9944,0.6447952919379556
1,9945,0.6490574913311067
1,9946,0.6404262815868521
1,9947,0.5204365895494768
1,9948,0.7296285586614901
1,9949,0.7486163792603676
1,9950,0.8080131703754574
1,9951,0.767177487064939
1,9952,0.8244841049074656
1,9953,0.8528819291894898
1,9954,0.8394495905578959
1,9955,0.7492288245236165
1,9956,0.7563870833677421
1,9957,0.8609701719868172
1,9958,0.8209978410783648
1,9959,0.6933398105502153
1,9960,0.72956427905377
1,9961,0.8797632091492134
1,9962,0.8382746596026389
1,9963,0.8416086996525347
1,9964,0.7240357971409622
1,9965,0.7696062176170606
1,9966,0.8911727672971658
1,9967,0.8251875980733022
1,9968,0.7086034108535267
1,9969,0.6591047324856102
1,9970,0.5727586549450429
1,9971,0.6979614642324389
1,9972,0.8358754922986108
1,9973,0.7240714624977818
1,9974,0.723331508939456
1,9975,0.6329898346908129
1,9976,0.6613058621931013
1,9977,0.7795943476764533
1,9978,0.67274640342088865
1,9979,0.8149093689703919
1,9980,0.6057897632042929
1,9981,0.5394204706868322
1,9982,0.7572478279277878
1,9983,0.7601625885009401
1,9984,0.6411584799376192
1,9985,0.7448631718622368
1,9986,0.892177761045958
1,9987,0.8117360659677116
1,9988,0.7107617837868314
1,9989,0.603673976761477
1,9990,0.6845751369941953
1,9991,0.7564262992589499
1,9992,0.5742070324729914
1,9993,0.5823746504819298
1,9994,0.35822747213678985
1,9995,0.27300224704153037
1,9996,0.4492957135998465
1,9997,0.7494423771146149
1,9998,0.7929468039034995
1,9999,0.8100103774366505
1,10000,0.750155937674943
1,10001,0.6540722490274911
1,10002,0.7889974751411403
1,10003,0.7598330326807877
1,10004,0.6985027488160572
1,10005,0.6689946860868168
1,10006,0.8182429326795866
1,10007,0.6223731758259797
1,10008,0.4963755836437566
1,10009,0.4588186023796625
1,10010,0.6223304233781243
1,10011,0.8117365877242569
1,10012,0.8476988006110816
1,10013,0.880824971914563
1,10014,0.8377773354094262
1,10015,0.8692424330610053
1,10016,0.7607038979794268
1,10017,0.688364898528528
1,10018,0.7551911818445488
1,10019,0.6011566265866308
1,10020,0.6004005233913638
1,10021,0.5681944088854088
1,10022,0.8210566872398056
1,10023,0.7013965704690225
1,10024,0.7137035418702992
1,10025,0.6923852115732951
1,10026,0.8706693240950444
1,10027,0.7434562232062965
1,10028,0.8549705876056605
1,10029,0.7806903902469895
1,10030,0.775764302239657
1,10031,0.7556027103812446
1,10032,0.7462587291491064
1,10033,0.7754655831544606
1,10034,0.7558343384942148
1,10035,0.7243567732874224
1,10036,0.7065545962330078
1,10037,0.774269516734011
1,10038,0.7390556391357394
1,10039,0.7356998978337778
1,10040,0.5555674051006653
1,10041,0.8148009718054385
1,10042,0.7365735870190242
1,10043,0.6592139873625821
1,10044,0.7910615213633247
1,10045,0.5990896669480261
1,10046,0.8280287406372376
1,10047,0.7494148742050669
1,10048,0.8424362306940921
1,10049,0.5301274529599964
1,10050,0.728012088818292
1,10051,0.5183051023417583
1,10052,0.7312463216310204
1,10053,0.7723077035285232
1,10054,0.815067046664784
1,10055,0.8521428159075164
1,10056,0.7793445049049682
1,10057,0.8417479579974261
1,10058,0.7672722940300407
1,10059,0.6236310174634383
1,10060,0.6784343164946968
1,10061,0.6927206889308738
1,10062,0.7395383502805345
1,10063,0.7673198904402246
1,10064,0.6625247291127612
1,10065,0.6237222907790952
1,10066,0.77129283476116
1,10067,0.8212170271808638
1,10068,0.6625150348947788
1,10069,0.5747790818115822
1,10070,0.8198620095320377
1,10071,0.8164738730749985
1,10072,0.7653436863982216
1,10073,0.9618167315294496
1,10074,0.9682710586579183
1,10075,0.7380978301275158
1,10076,0.8430204628281837
1,10077,0.7285660418953933
1,10078,0.6446186385495737
1,10079,0.8264941095323178
1,10080,0.7698912817716516
1,10081,0.7967313836669018
1,10082,0.6841371637213126
1,10083,0.7443083917597056
1,10084,0.7693390556776971
1,10085,0.7998704315716695
1,10086,0.816367255127255
1,10087,0.782562752705108
1,10088,0.717846190526954
1,10089,0.6922609644015651
1,10090,0.686917098371987
1,10091,0.799693031344779
1,10092,0.5833422743790068
1,10093,0.832664480219092
1,10094,0.7016271019287137
1,10095,0.7786208367880586
1,10096,0.7062224588112536
1,10097,0.7119885047050611
1,10098,0.8604503654412592
1,10099,0.901832500471544
1,10100,0.8524330215857001
1,10101,0.45807268871453793
1,10102,0.8828386832993584
1,10103,0.820332488703084
1,10104,0.6438275841210098
1,10105,0.6705611350417447
1,10106,0.619155540505485
1,10107,0.5758848581105631
1,10108,0.8249861984432956
1,10109,0.6784133046870834
1,10110,0.7732982869873342
1,10111,0.7650147313562737
1,10112,0.686155984141449
1,10113,0.5416455005460339
1,10114,0.6260622275998186
1,10115,0.8130227875897877
1,10116,0.6507330033272648
1,10117,0.7550668834413108
1,10118,0.7507909361028545
1,10119,0.8201167106897572
1,10120,0.8651180075795253
1,10121,0.8336395093781509
1,10122,0.7911823818373185
1,10123,0.719103432208458
1,10124,0.7249553484190918
1,10125,0.7242681094154793
1,10126,0.5732604929482185
1,10127,0.7415209261549397
1,10128,0.7023711342374652
1,10129,0.8042293182246117
1,10130,0.73638258657533
1,10131,0.7645331026470809
1,10132,0.7450280831509465
1,10133,0.679697563471774
1,10134,0.8001712947748392
1,10135,0.5056554304936461
1,10136,0.6794614247309135
1,10137,0.6889061387150035
1,10138,0.7604264738080285
1,10139,0.8008621690140384
1,10140,0.6261432597168997
1,10141,0.6454020986164466
1,10142,0.6259069744808954
1,10143,0.6536605915424417
1,10144,0.592013220747549
1,10145,0.7765328023057024
1,10146,0.8466473225194544
1,10147,0.788193131576379
1,10148,0.7837827874081299
1,10149,0.8364166986564842
1,10150,0.8431314279296398
1,10151,0.7275073079232247
1,10152,0.6737228215762028
1,10153,0.7953079972023449
1,10154,0.634150034489369
1,10155,0.6876004750241437
1,10156,0.6894788604549175
1,10157,0.6059133644041418
1,10158,0.7651386796259648
1,10159,0.6575641802483754
1,10160,0.7080398352327675
1,10161,0.508924625695396
1,10162,0.6977888166954359
1,10163,0.8535118520718602
1,10164,0.7887044909808693
1,10165,0.8240471459578786
1,10166,0.8286604332802707
1,10167,0.8170618971543019
1,10168,0.48421227959387364
1,10169,0.7730103451173195
1,10170,0.7951885481445189
1,10171,0.8493207822914368
1,10172,0.7093030834051854
1,10173,0.8539324962145651
1,10174,0.7816057943336828
1,10175,0.8176908486737181
1,10176,0.7453627438011717
1,10177,0.7543983301621278
1,10178,0.7661192245432344
1,10179,0.867922179749541
1,10180,0.6042075985091129
1,10181,0.760416295369193
1,10182,0.7931400490968324
1,10183,0.7834355708367946
1,10184,0.6890760711746191
1,10185,0.7637315040005733
1,10186,0.6022027107820879
1,10187,0.8408644250687796
1,10188,0.8411261208898536
1,10189,0.9443062334002866
1,10190,0.7336297989423993
1,10191,0.8009661632606778
1,10192,0.7180549194098346
1,10193,0.8323849105338561
1,10194,0.7812316926173194
1,10195,0.889900281211664
1,10196,0.8206485563311297
1,10197,0.8633976895689871
1,10198,0.7921277345395732
1,10199,0.6057566617765526
1,10200,0.6550051909919681
1,10201,0.7930042766600359
1,10202,0.7229619271642945
1,10203,0.8176735518459214
1,10204,0.684462717279154
1,10205,0.6927884519690819
1,10206,0.6370503815789226
1,10207,0.605832556516429
1,10208,0.4762664022017336
1,10209,0.7789859470890228
1,10210,0.6805574454382607
1,10211,0.7683472459632118
1,10212,0.5648971260658308
1,10213,0.5749546616312482
1,10214,0.7471346288337093
1,10215,0.7799770875708013
1,10216,0.8288544691909129
1,10217,0.7283892114809033
1,10218,0.6657130040646589
1,10219,0.7318618513611337
1,10220,0.8271242975516103
1,10221,0.6329812586614759
1,10222,0.7989248543056996
1,10223,0.7730016022151056
1,10224,0.8909262778761078
1,10225,0.7775835051168535
1,10226,0.6511264726634656
1,10227,0.7226070077471081
1,10228,0.7604880098959951
1,10229,0.8403839347250338
1,10230,0.6449824866609402
1,10231,0.7285222553415132
1,10232,0.713017045097031
1,10233,0.7118420635963797
1,10234,0.7405326854384073
1,10235,0.680985447473832
1,10236,0.6648385899096716
1,10237,0.6322143910108472
1,10238,0.6656283162501593
1,10239,0.7217158524997392
1,10240,0.6771866614810023
1,10241,0.4855536717211897
1,10242,0.71161485046681
1,10243,0.717681716047691
1,10244,0.6710144349495556
1,10245,0.7366462626373836
1,10246,0.8142667196908381
1,10247,0.8296903246207411
1,10248,0.8376628102746978
1,10249,0.7868217711794769
1,10250,0.7203200626557246
1,10251,0.7361916890434155
1,10252,0.8431085633251284
1,10253,0.8384873024982299
1,10254,0.7768231375661864
1,10255,0.568815395079162
1,10256,0.669535981454679
1,10257,0.8382813222513581
1,10258,0.6795611792543172
1,10259,0.7309350312746619
1,10260,0.787960862811378
1,10261,0.4117405277020678
1,10262,0.6444638312725643
1,10263,0.7487593740159656
1,10264,0.5521021461226546
1,10265,0.7161777607249633
1,10266,0.7162376393129318
1,10267,0.7860457489836546
1,10268,0.7214326066747231
1,10269,0.6473155362202012
1,10270,0.777188559190183
1,10271,0.7686204227723933
1,10272,0.7434886635269791
1,10273,0.7824416537614142
1,10274,0.7612547081192033
1,10275,0.720145189860921
1,10276,0.8654777945063054
1,10277,0.7243626969176603
1,10278,0.7640031204460563
1,10279,0.7028420731165306
1,10280,0.6229307618551966
1,10281,0.6115982925956325
1,10282,0.9382301694434309
1,10283,0.7565812771150446
1,10284,0.594712940806681
1,10285,0.5757610598110452
1,10286,0.5732876316875605
1,10287,0.7477083178549299
1,10288,0.8727304548617313
1,10289,0.853752669903805
1,10290,0.7602929652872049
1,10291,0.7434706288926084
1,10292,0.6232992257990767
1,10293,0.7264726081123748
1,10294,0.7360791558289481
1,10295,0.7434338902725951
1,10296,0.651274032280139
1,10297,0.8017586548610479
1,10298,0.8321343407988352
1,10299,0.7450320974301774
1,10300,0.7382482840655471
1,10301,0.6272891671799508
1,10302,0.735682499647252
1,10303,0.7013069035670823
1,10304,0.5449819318997395
1,10305,0.7444601972792859
1,10306,0.7222846205105224
1,10307,0.8045192344182043
1,10308,0.6766819795242076
1,10309,0.6494156321918144
1,10310,0.6636747496855139
1,10311,0.7404170051114057
1,10312,0.7662770388082919
1,10313,0.7681986327568696
1,10314,0.8895399080424368
1,10315,0.7993923717414955
1,10316,0.7167307025845924
1,10317,0.8486888524388639
1,10318,0.8499357035271661
1,10319,0.8671194395370313
1,10320,0.8298990695891553
1,10321,0.7001107422463897
1,10322,0.7994115567453024
1,10323,0.840822511669207
1,10324,0.7496587315947575
1,10325,0.7949779927273806
1,10326,0.6407978489264151
1,10327,0.7399222247218862
1,10328,0.8154121286290729
1,10329,0.9077205452797118
1,10330,0.895381450071781
1,10331,0.618374595320955
1,10332,0.6665277305924359
1,10333,0.7967618361624171
1,10334,0.9090891708460008
1,10335,0.8714950654653368
1,10336,0.6616251256627803
1,10337,0.6794913656657702
1,10338,0.7510024712459532
1,10339,0.7746844923926796
1,10340,0.8048843942318497
1,10341,0.7058495166468713
1,10342,0.7715663027911174
1,10343,0.7830699877609146
1,10344,0.7366292635692415
1,10345,0.6654010217277961
1,10346,0.8570584728823953
1,10347,0.7183410186356618
1,10348,0.5951800316257454
1,10349,0.5275203260045156
1,10350,0.5701988128936606
1,10351,0.6904874382204749
1,10352,0.7096326160651275
1,10353,0.7559340843489578
1,10354,0.767474005731879
1,10355,0.6942740354658498
1,10356,0.7163144614554121
1,10357,0.7005232970789091
1,10358,0.8314127437952318
1,10359,0.7728515829152355
1,10360,0.83256241663843
1,10361,0.7799106263006093
1,10362,0.7185516370552247
1,10363,0.7052404763399379
1,10364,0.6917436530029316
1,10365,0.7153732369820849
1,10366,0.7948214314745616
1,10367,0.8604977418685303
1,10368,0.7923351813026009
1,10369,0.6459604717291935
1,10370,0.6394942685665146
1,10371,0.598524932319678
1,10372,0.5020630008508581
1,10373,0.8174971211671793
1,10374,0.8352736647815225
1,10375,0.6859434204442578
1,10376,0.6147508769479259
1,10377,0.8525664689355794
1,10378,0.7813240261080043
1,10379,0.73654653205414
1,10380,0.6905779067124117
1,10381,0.8436693551303444
1,10382,0.7379866844843487
1,10383,0.5009047529666629
1,10384,0.7896002277279176
1,10385,0.8010599369882646
1,10386,0.8005109420626171
1,10387,0.6759235680550729
1,10388,0.6034826957168231
1,10389,0.6200706552241183
1,10390,0.8112064517422968
1,10391,0.7884594537356113
1,10392,0.8039902302570027
1,10393,0.650351343840015
1,10394,0.7994797776236109
1,10395,0.9255160221349924
1,10396,0.9085963179968439
1,10397,0.3665280055366185
1,10398,0.4394946987090225
1,10399,0.44919703675884054
1,10400,0.6027065686910619
1,10401,0.3504525654975559
1,10402,0.8523291679202617
1,10403,0.732019089251438
1,10404,0.7469723092075016
1,10405,0.47100364805273026
1,10406,0.5303530542240176
1,10407,0.71633773748664
1,10408,0.6263777518205264
1,10409,0.7363311263435351
1,10410,0.8288978280548116
1,10411,0.6236584593263472
1,10412,0.7486625404275108
1,10413,0.8201765829162849
1,10414,0.6957954161189938
1,10415,0.6739252486946168
1,10416,0.7734940528685749
1,10417,0.7901181947927289
1,10418,0.6783210535907511
1,10419,0.6412586450498274
1,10420,0.808257520016816
1,10421,0.7349502968124122
1,10422,0.7384707286246399
1,10423,0.8406592298120248
1,10424,0.842349955480391
1,10425,0.8027302935544289
1,10426,0.8108704138045117
1,10427,0.7538357077806332
1,10428,0.7766508272724563
1,10429,0.8685309798474068
1,10430,0.7981578730022049
1,10431,0.858095574226367
1,10432,0.7148787545161418
1,10433,0.7703699717075906
1,10434,0.7864175919637347
1,10435,0.841338728864018
1,10436,0.5936592880716773
1,10437,0.765766788482817
1,10438,0.8074489228961305
1,10439,0.8787809857973791
1,10440,0.7992520499686454
1,10441,0.7416180236047523
1,10442,0.8795910605666094
1,10443,0.7757868680090351
1,10444,0.7501273564360723
1,10445,0.7703661114499415
1,10446,0.6892845701252757
1,10447,0.7595767742891312
1,10448,0.7445302579174399
1,10449,0.7634886346796032
1,10450,0.838652591384932
1,10451,0.8225630903458075
1,10452,0.8882755019338512
1,10453,0.669165669005886
1,10454,0.6797787035219299
1,10455,0.815786746335679
1,10456,0.7180282061375216
1,10457,0.7327385880174975
1,10458,0.8628853545024826
1,10459,0.7235122399509715
1,10460,0.8022603863253531
1,10461,0.6962535971516756
1,10462,0.6583244352326655
1,10463,0.7837552119976318
1,10464,0.6436703329690927
1,10465,0.752131775386324
1,10466,0.7648163527718536
1,10467,0.7967181487601765
1,10468,0.6555392513827186
1,10469,0.7846355629587805
1,10470,0.7671727237535811
1,10471,0.7618447395230158
1,10472,0.7005137110158398
1,10473,0.6784883660308912
1,10474,0.7959843581858751
1,10475,0.7637800545787135
1,10476,0.7942072719773741
1,10477,0.7857902409695567
1,10478,0.7512586090090162
1,10479,0.7682500017600388
1,10480,0.7943472043155511
1,10481,0.8479905763297754
1,10482,0.7691464381519315
1,10483,0.6747071638601376
1,10484,0.6301886983842904
1,10485,0.6673775829493014
1,10486,0.6688255782458332
1,10487,0.6426500282360031
1,10488,0.7334681438138676
1,10489,0.7858334420941604
1,10490,0.7039186230453348
1,10491,0.7461071674520278
1,10492,0.7388768144982635
1,10493,0.7267532249951435
1,10494,0.896405003026088
1,10495,0.8298192893523549
1,10496,0.7332125211249165
1,10497,0.8060775805521438
1,10498,0.6226919772631563
1,10499,0.742403466599377
1,10500,0.7454192035364406
1,10501,0.7879336093372203
1,10502,0.6812035855281592
1,10503,0.8791885290085308
1,10504,0.6846348143618273
1,10505,0.5609049402919102
1,10506,0.7366482112692956
1,10507,0.8317549482441695
1,10508,0.6622604796827607
1,10509,0.7977111102145551
1,10510,0.563316731531542
1,10511,0.744156540684227
1,10512,0.7995896704146679
1,10513,0.5617551830980991
1,10514,0.657090826841773
1,10515,0.5105418940599937
1,10516,0.7730827659720079
1,10517,0.7352108967216437
1,10518,0.5798716611439827
1,10519,0.7221479568516609
1,10520,0.765874069821544
1,10521,0.7445248896328651
1,10522,0.8305451696308933
1,10523,0.8412446896207095
1,10524,0.8501122821619962
1,10525,0.8158264549530813
1,10526,0.798471102829773
1,10527,0.6853213625580843
1,10528,0.7730279982262813
1,10529,0.7803466359105417
1,10530,0.8049671541482122
1,10531,0.8018572815192481
1,10532,0.7820537119774242
1,10533,0.7892213780872827
1,10534,0.7378207802628828
1,10535,0.622385241029431
1,10536,0.5211313354952855
1,10537,0.6371013780533551
1,10538,0.8645527201630608
1,10539,0.8128523341908217
1,10540,0.8557709864055908
1,10541,0.7094355274708191
1,10542,0.7897649563823669
1,10543,0.7190156691914013
1,10544,0.6394307821949816
1,10545,0.7870217203760614
1,10546,0.6769489535332543
1,10547,0.8180715465981226
1,10548,0.9015162680285795
1,10549,0.7237094805098341
1,10550,0.5441171788974899
1,10551,0.545568664009909
1,10552,0.7857935259180757
1,10553,0.7509463405806467
1,10554,0.64355298504914
1,10555,0.5399650235165208
1,10556,0.6902511442802858
1,10557,0.7398055991828376
1,10558,0.5672379275809896
1,10559,0.7601962624395433
1,10560,0.6729909036837097
1,10561,0.7769734999795496
1,10562,0.71122767560090006
1,10563,0.8858306807636667
1,10564,0.8460884533604969
1,10565,0.8820766228045032
1,10566,0.4277168843005073
1,10567,0.8845345863510942
1,10568,0.7785792326939569
1,10569,0.7875372284104408
1,10570,0.7860578192476284
1,10571,0.7854395900632068
1,10572,0.6664759370501999
1,10573,0.7320818237516433
1,10574,0.787188951808085
1,10575,0.6356029062030683
1,10576,0.6897226272819305
1,10577,0.7609270240791132
1,10578,0.4602786898064484
1,10579,0.41486691945882764
1,10580,0.6015169221720768
1,10581,0.6289760745862214
1,10582,0.6880485528937138
1,10583,0.6528786975968539
1,10584,0.8190415360957234
1,10585,0.8000707051217565
1,10586,0.5797810408384914
1,10587,0.7660411587509456
1,10588,0.6635384142535055
1,10589,0.8538478336340556
1,10590,0.5348200340885395
1,10591,0.6354104809083805
1,10592,0.6924085727967596
1,10593,0.7456158166757433
1,10594,0.7007469084095889
1,10595,0.86001610008235
1,10596,0.6815319942711584
1,10597,0.5422173312785977
1,10598,0.7050647950037011
1,10599,0.8374572583764205
1,10600,0.7372463316970068
1,10601,0.8453026132133427
1,10602,0.7588845513533727
1,10603,0.6457200371781521
1,10604,0.5668161680798971
1,10605,0.6721935341553563
1,10606,0.6766706709066168
1,10607,0.8539412081511819
1,10608,0.6760482496248704
1,10609,0.6865563087063237
1,10610,0.6819717324611482
1,10611,0.7887945516799665
1,10612,0.826065515235688
1,10613,0.8251944312745283
1,10614,0.6765645073675152
1,10615,0.7066334353814385
1,10616,0.6921034355052835
1,10617,0.7946190878117954
1,10618,0.5624953106884524
1,10619,0.813245248146076
1,10620,0.6861457553391301
1,10621,0.8022797159085538
1,10622,0.7606893099368125
1,10623,0.7617888957471464
1,10624,0.7446725163602036
1,10625,0.8214958261304904
1,10626,0.7909425453784706
1,10627,0.8372828512883592
1,10628,0.751981962184743
1,10629,0.5528296074552309
1,10630,0.7074381891398734
1,10631,0.7393936616152559
1,10632,0.8066676344412418
1,10633,0.7736797155970979
1,10634,0.6750021556640827
1,10635,0.6060729086604755
1,10636,0.5963864415687861
1,10637,0.7096471431166014
1,10638,0.7722590827435548
1,10639,0.6532345267262498
1,10640,0.5476892668556177
1,10641,0.42574536887831954
1,10642,0.42241199791189743
1,10643,0.7603067340946853
1,10644,0.6488939193044544
1,10645,0.7392388942290815
1,10646,0.694819870425172
1,10647,0.7209782589795637
1,10648,0.692215468159927
1,10649,0.7524814164670791
1,10650,0.8450119272355687
1,10651,0.8039239146661824
1,10652,0.8646145325426999
1,10653,0.8107119895237275
1,10654,0.843615157880434
1,10655,0.8617405813090512
1,10656,0.8608388694024632
1,10657,0.6055950239323805
1,10658,0.894563088874003
1,10659,0.7787847328326029
1,10660,0.851949282617798
1,10661,0.9130918454889347
1,10662,0.9302447547239455
1,10663,0.8693363788449109
1,10664,0.7632475101846323
1,10665,0.772060647438629
1,10666,0.8725004348172749
1,10667,0.7935402150309754
1,10668,0.8367298429603469
1,10669,0.7920971059746702
1,10670,0.7782272770136212
1,10671,0.8154900458131336
1,10672,0.8521310456349224
1,10673,0.9345825062900179
1,10674,0.9285968395469413
1,10675,0.71023392840242
1,10676,0.7087298304602164
1,10677,0.8357001241834189
1,10678,0.6822597749082979
1,10679,0.6771969962660267
1,10680,0.8617094202628077
1,10681,0.8286425242601263
1,10682,0.46681135919369415
1,10683,0.7116581451522804
1,10684,0.6842534872035612
1,10685,0.6577485795015947
1,10686,0.6718328171076908
1,10687,0.6103486760094273
1,10688,0.6729302980429447
1,10689,0.6814629092130393
1,10690,0.8522358876296392
1,10691,0.5850425163977856
1,10692,0.7360493671944367
1,10693,0.6044423136400008
1,10694,0.7767359133454176
1,10695,0.5846324579580504
1,10696,0.7716171986852771
1,10697,0.7384639334230034
1,10698,0.6869941685853277
1,10699,0.8056182236178316
1,10700,0.7769884534790884
1,10701,0.6420037332604229
1,10702,0.8711454097427248
1,10703,0.6475549438146787
1,10704,0.7955912258473914
1,10705,0.4650295486515798
1,10706,0.5870192541683632
1,10707,0.669580005547737
1,10708,0.5888775488953211
1,10709,0.551985274484092
1,10710,0.9224384953623728
1,10711,0.805224320154144
1,10712,0.7401542545838175
1,10713,0.9717561584549715
1,10714,0.9401623319102623
1,10715,0.6717026099449405
1,10716,0.7365595284429269
1,10717,0.4888863387633662
1,10718,0.4515078682949376
1,10719,0.5511219292905315
1,10720,0.6889251713674707
1,10721,0.7021677399360784
1,10722,0.7085238665704467
1,10723,0.6908722218147907
1,10724,0.7784221265720734
1,10725,0.7162924367951661
1,10726,0.7143252887688433
1,10727,0.6091437184428695
1,10728,0.7881327963310085
1,10729,0.6958714382738941
1,10730,0.7639691153336234
1,10731,0.7497408903222301
1,10732,0.8453177611371694
1,10733,0.857472006350258
1,10734,0.7233434882731365
1,10735,0.6641605290242679
1,10736,0.7422940653649631
1,10737,0.6472572892315228
1,10738,0.6805102858746258
1,10739,0.6920520118873582
1,10740,0.6906452480446903
1,10741,0.6886531087703769
1,10742,0.7143513894368437
1,10743,0.8011143242906066
1,10744,0.7691144431436207
1,10745,0.6316696144079854
1,10746,0.7005138492899811
1,10747,0.6834079949260194
1,10748,0.6927959004967729
1,10749,0.8374287598549013
1,10750,0.730871369164697
1,10751,0.574000582459986
1,10752,0.5079697935330314
1,10753,0.7109374177741624
1,10754,0.7491380082238694
1,10755,0.7413182298684423
1,10756,0.8553601657022305
1,10757,0.845539856679515
1,10758,0.8144245284462591
1,10759,0.8376959636165606
1,10760,0.8803446359826423
1,10761,0.865089259607266
1,10762,0.8771664333892388
1,10763,0.7514382267781178
1,10764,0.7084161508537107
1,10765,0.8736608055806132
1,10766,0.7818383996473564
1,10767,0.8144435050496717
1,10768,0.7856823977992432
1,10769,0.7868818253049932
1,10770,0.6398671708588712
1,10771,0.57654047931485
1,10772,0.7231685958000749
1,10773,0.6727076034249189
1,10774,0.6658149246635887
1,10775,0.6991338856677711
1,10776,0.8814603914791661
1,10777,0.9252809409294181
1,10778,0.8113353503537521
1,10779,0.8271490501415544
1,10780,0.8170249391471606
1,10781,0.7951562070317222
1,10782,0.8481784871403274
1,10783,0.7619141495147057
1,10784,0.621693829876226
1,10785,0.7670544409719576
1,10786,0.8251904770362134
1,10787,0.7838586547444014
1,10788,0.7423507432403332
1,10789,0.8018517314726883
1,10790,0.7581534626504332
1,10791,0.7631691266117919
1,10792,0.8099602568101799
1,10793,0.8142854647477189
1,10794,0.6681048640174346
1,10795,0.7515358864735857
1,10796,0.7390755145281334
1,10797,0.8202328314920947
1,10798,0.7964639648422234
1,10799,0.7290770542887838
1,10800,0.6370229295267434
1,10801,0.8254721389032196
1,10802,0.8295507938343959
1,10803,0.7347869255941385
1,10804,0.8164029582473263
1,10805,0.8837502578376387
1,10806,0.8496867971680311
1,10807,0.8215507703787155
1,10808,0.8388469220502399
1,10809,0.8945585058521146
1,10810,0.8952575857546148
1,10811,0.7902923733340795
1,10812,0.7596131966861286
1,10813,0.8203470130044491
1,10814,0.8228143123826329
1,10815,0.6314817547454196
1,10816,0.6798411588243016
1,10817,0.7140454463477717
1,10818,0.6883061187207432
1,10819,0.7740543288091466
1,10820,0.8763372637658112
1,10821,0.5312431340960235
1,10822,0.865347522822955
1,10823,0.8205657200211918
1,10824,0.7628383606518626
1,10825,0.8061555614339571
1,10826,0.8030155095593514
1,10827,0.7815239751094063
1,10828,0.8691213383784371
1,10829,0.6676193276151304
1,10830,0.8002801591625335
1,10831,0.6370079818523071
1,10832,0.6539486655605433
1,10833,0.7324760879304965
1,10834,0.5805545382579987
1,10835,0.6711017782446289
1,10836,0.6811368195815746
1,10837,0.706215671249646
1,10838,0.7214603404548873
1,10839,0.594864662132137
1,10840,0.6869889109684847
1,10841,0.57657747378898
1,10842,0.742376481503806
1,10843,0.7413625031825214
1,10844,0.7593846686474366
1,10845,0.7988647175468598
1,10846,0.7385857212907496
1,10847,0.7447389299419258
1,10848,0.7663483833781457
1,10849,0.7870745353719897
1,10850,0.7845140988226823
1,10851,0.7820717330411039
1,10852,0.674335969078792
1,10853,0.7552901859430032
1,10854,0.8358257787477961
1,10855,0.5735950022546984
1,10856,0.8469297943582815
1,10857,0.7353047415450655
1,10858,0.7385572268578512
1,10859,0.7846896136799149
1,10860,0.6894520203233186
1,10861,0.6514631740635579
1,10862,0.7703397561074818
1,10863,0.6577963338822851
1,10864,0.683373227406568
1,10865,0.7362557878099061
1,10866,0.5373294058004888
1,10867,0.7730309647090958
1,10868,0.7273944992841381
1,10869,0.8235634462858487
1,10870,0.659381209987415
1,10871,0.6605275378189089
1,10872,0.7111506081694039
1,10873,0.8196150796730846
1,10874,0.814475228283433
1,10875,0.7883230315867095
1,10876,0.7214920768359833
1,10877,0.8820503303089506
1,10878,0.7879184378626081
1,10879,0.7742766226946098
1,10880,0.85673497855579
1,10881,0.6868990605113163
1,10882,0.7256081212819028
1,10883,0.6520683454874777
1,10884,0.7604822013744776
1,10885,0.7922090363495268
1,10886,0.8788808916322108
1,10887,0.5343947791635131
1,10888,0.8254915141641194
1,10889,0.5106310412463939
1,10890,0.6871698496095313
1,10891,0.752592759999932
1,10892,0.7441812659563846
1,10893,0.7954850724315508
1,10894,0.7260341443077365
1,10895,0.7003880904729399
1,10896,0.752464931688287
1,10897,0.7948245022577064
1,10898,0.7991606242082986
1,10899,0.8505397062584766
1,10900,0.8334618252129296
1,10901,0.833504211105234
1,10902,0.7667392013441992
1,10903,0.7888504420942593
1,10904,0.8472953472875503
1,10905,0.843964251756209
1,10906,0.6401132741221015
1,10907,0.6805846835559478
1,10908,0.883408772096463
1,10909,0.7544829160111386
1,10910,0.6967847102653654
1,10911,0.7310224770221829
1,10912,0.652397920236977
1,10913,0.5786399657940258
1,10914,0.6430370662113123
1,10915,0.7010194918314943
1,10916,0.5494495749568447
1,10917,0.7442231642725459
1,10918,0.7256995835695678
1,10919,0.608736606913834
1,10920,0.6754863732770149
1,10921,0.7673727576904078
1,10922,0.7246102657053192
1,10923,0.7612856675431052
1,10924,0.6736917540928413
1,10925,0.7871859097408141
1,10926,0.8320821423159391
1,10927,0.7767076239191224
1,10928,0.7277536926370142
1,10929,0.7393900592932459
1,10930,0.578997014223225
1,10931,0.7531814181209012
1,10932,0.726372674036317
1,10933,0.6436600433042732
1,10934,0.7164853874794895
1,10935,0.7463277104684849
1,10936,0.7665048008357196
1,10937,0.8230405790249147
1,10938,0.5405454720276929
1,10939,0.678059797258918
1,10940,0.6914472260188624
1,10941,0.7106886849130128
1,10942,0.750841820786021
1,10943,0.7447576414618567
1,10944,0.6484607197607114
1,10945,0.7464299549744529
1,10946,0.805116416555485
1,10947,0.8053395584205801
1,10948,0.7960116137196261
1,10949,0.7244530819363273
1,10950,0.7459386556901589
1,10951,0.7557554073684175
1,10952,0.7165972326479128
1,10953,0.711951155278731
1,10954,0.7758538280508264
1,10955,0.7703867751216306
1,10956,0.6687309827105461
1,10957,0.8275065419168557
1,10958,0.6986750303020587
1,10959,0.8362323644932489
1,10960,0.782092113395985
1,10961,0.6872229564554805
1,10962,0.7216396808225286
1,10963,0.6770421521525367
1,10964,0.754372322998996
1,10965,0.703791491576969
1,10966,0.7276774988751235
1,10967,0.8096176813396598
1,10968,0.815321574661847
1,10969,0.8112830673285852
1,10970,0.811102694016911
1,10971,0.7430815176489659
1,10972,0.8012291705919247
1,10973,0.6493290751036864
1,10974,0.8723431767038002
1,10975,0.8624630268780167
1,10976,0.5642716334574043
1,10977,0.7224274627971351
1,10978,0.633710546207831
1,10979,0.7722763434392604
1,10980,0.7769225998090208
1,10981,0.7702068548351683
1,10982,0.719276477241231
1,10983,0.7107142431278438
1,10984,0.9111621426105301
1,10985,0.7944658993887049
1,10986,0.8738195925702752
1,10987,0.4234237726968884
1,10988,0.48497737916621486
1,10989,0.617954034563636
1,10990,0.5182192921990068
1,10991,0.752652661317339
1,10992,0.747075266366961
1,10993,0.7560630152916799
1,10994,0.7132919603907063
1,10995,0.7831115677662344
1,10996,0.8081414940464384
1,10997,0.5856016295615938
1,10998,0.7189443621385605
1,10999,0.5151840255376083
1,11000,0.6191634382575847
1,11001,0.7642683960160424
1,11002,0.8221080783179764
1,11003,0.8511897334586919
1,11004,0.6661715450915291
1,11005,0.7282342574212528
1,11006,0.472206970262272
1,11007,0.690394690797246
1,11008,0.6023978502943664
1,11009,0.846631688864551
1,11010,0.7093573738565303
1,11011,0.6642077587117917
1,11012,0.7543531577675634
1,11013,0.7002734526641005
1,11014,0.6707331480538903
1,11015,0.41501454789216446
1,11016,0.7553797481670071
1,11017,0.7438711222928263
1,11018,0.8577744812879387
1,11019,0.6892352154452953
1,11020,0.9400202699898386
1,11021,0.8444298496494986
1,11022,0.7518450386978488
1,11023,0.7696883942131663
1,11024,0.7644627638955551
1,11025,0.797026561576301
1,11026,0.7590886182801787
1,11027,0.8404266495678371
1,11028,0.7948181593186546
1,11029,0.8083552987137416
1,11030,0.6753032949290501
1,11031,0.6912141977349701
1,11032,0.5981520080188966
1,11033,0.6673452396142998
1,11034,0.9480770755162938
1,11035,0.8841016418711588
1,11036,0.8451889459433445
1,11037,0.7304730703012932
1,11038,0.6824927232215307
1,11039,0.865466413293766
1,11040,0.845952816656903
1,11041,0.8392936172607931
1,11042,0.6398066105950067
1,11043,0.6930321746349736
1,11044,0.7758006282519635
1,11045,0.6804056047790032
1,11046,0.6436159164104532
1,11047,0.4268734488937953
1,11048,0.8508655192898935
1,11049,0.8288280103311881
1,11050,0.6232809007541288
1,11051,0.5688982170936057
1,11052,0.5227496486156945
1,11053,0.5987864158437489
1,11054,0.7078692690095535
1,11055,0.5710066716866662
1,11056,0.6587121769143243
1,11057,0.5967832516427103
1,11058,0.7210864967949343
1,11059,0.7514935560840116
1,11060,0.5987576428656444
1,11061,0.7714883480357042
1,11062,0.7614256372714673
1,11063,0.8366700890198415
1,11064,0.69757458126078975
1,11065,0.6809305581893573
1,11066,0.6178108671301968
1,11067,0.42148375403596117
1,11068,0.7962083677539702
1,11069,0.7135513055603843
1,11070,0.5653637009596686
1,11071,0.5503922460544245
1,11072,0.7629015575856215
1,11073,0.5462774265243104
1,11074,0.8797000094666092
1,11075,0.8496859373274791
1,11076,0.8933697464834446
1,11077,0.7505410955872132
1,11078,0.6058926884753263
1,11079,0.7452218841222695
1,11080,0.827252219517298
1,11081,0.7309852246019385
1,11082,0.5997336996638684
1,11083,0.8271296451337461
1,11084,0.572529984196968
1,11085,0.4606926590969997
1,11086,0.8264809533992384
1,11087,0.8348561052147178
1,11088,0.7066436048849455
1,11089,0.738554753297811
1,11090,0.7117178460483893
1,11091,0.657492069337969
1,11092,0.8859485753416954
1,11093,0.8793764084244714
1,11094,0.7216896192705871
1,11095,0.9263020242094995
1,11096,0.8953100451354371
1,11097,0.8790268536815795
1,11098,0.8143010859055748
1,11099,0.7984684864781318
1,11100,0.9330067639774484
1,11101,0.7702336102019701
1,11102,0.6836359051014422
1,11103,0.7397231032663935
1,11104,0.6381495208508854
1,11105,0.5481902560567185
1,11106,0.6924739235395386
1,11107,0.7591528594361949
1,11108,0.8476741907878288
1,11109,0.8243868127827548
1,11110,0.6460277926471766
1,11111,0.6686585742419378
1,11112,0.6204293111702857
1,11113,0.6369704915274712
1,11114,0.5258062162413042
1,11115,0.260056026585244
1,11116,0.4602226112129476
1,11117,0.5905866360877536
1,11118,0.4097324181759385
1,11119,0.4133722035327214
1,11120,0.39545680873396144
1,11121,0.7623147640885606
1,11122,0.6242488906011956
1,11123,0.8446487966950941
1,11124,0.6138167172800492
1,11125,0.7784774421350695
1,11126,0.7698359470086241
1,11127,0.5981957601943485
1,11128,0.8046349330978381
1,11129,0.7726087688996387
1,11130,0.8532877225089297
1,11131,0.6854545514250248
1,11132,0.7814536813013184
1,11133,0.7230984502400837
1,11134,0.6448152265153761
1,11135,0.75616730596279
1,11136,0.7708999763454659
1,11137,0.8437120001862437
1,11138,0.7205406132244687
1,11139,0.5494302025815156
1,11140,0.7098121586862943
1,11141,0.8223363826624347
1,11142,0.7147878551905835
1,11143,0.7740434731332473
1,11144,0.7688235711976582
1,11145,0.7804304600520925
1,11146,0.8022404841842246
1,11147,0.8084738699852325
1,11148,0.830675202859043
1,11149,0.6977444935864068
1,11150,0.9025003067246568
1,11151,0.7976315431556286
1,11152,0.6521569426056362
1,11153,0.8747667729489451
1,11154,0.7769878366160228
1,11155,0.8511280084588407
1,11156,0.7044907899831832
1,11157,0.8410768714438643
1,11158,0.7347427359642363
1,11159,0.8016611616897136
1,11160,0.7872226633706843
1,11161,0.7379019267580602
1,11162,0.7196184946718526
1,11163,0.7108774447794576
1,11164,0.8062244808708172
1,11165,0.8184521744321975
1,11166,0.6998315334503454
1,11167,0.7652495657248154
1,11168,0.7538615149117789
1,11169,0.6719626271447039
1,11170,0.6537806960272479
1,11171,0.7670486293576269
1,11172,0.7056048366115949
1,11173,0.4641247257774387
1,11174,0.689880731910943
1,11175,0.6681766527996881
1,11176,0.621269786464716
1,11177,0.7974573847848766
1,11178,0.7603221492503376
1,11179,0.7146436557551368
1,11180,0.7613772104225393
1,11181,0.7713506283565899
1,11182,0.7687018476431902
1,11183,0.7185829765629633
1,11184,0.8199998443082964
1,11185,0.883420122710114
1,11186,0.8501927855722604
1,11187,0.7129918614207164
1,11188,0.611403754068424
1,11189,0.6720379604616792
1,11190,0.7085573849498075
1,11191,0.712687305970374
1,11192,0.7407497438039314
1,11193,0.5195893642199119
1,11194,0.5746971268592881
1,11195,0.612662345633582
1,11196,0.7350161261616445
1,11197,0.7462148425020989
1,11198,0.7534490191706629
1,11199,0.7019905669371259
1,11200,0.6123251607684528
1,11201,0.7682489845837128
1,11202,0.7694859670971866
1,11203,0.8281887077495917
1,11204,0.7793715415618176
1,11205,0.7156874158280254
1,11206,0.7425273995945669
1,11207,0.7697905648492721
1,11208,0.8026610819612048
1,11209,0.8608825068640026
1,11210,0.8778964050973947
1,11211,0.8236321202425514
1,11212,0.8450251854078176
1,11213,0.7397739085156699
1,11214,0.739512131657429
1,11215,0.7313485746743635
1,11216,0.7490280884859725
1,11217,0.6198574428650917
1,11218,0.8086336711076884
1,11219,0.7895611011521307
1,11220,0.8513865579657293
1,11221,0.8086404630548512
1,11222,0.7514919116630813
1,11223,0.6976596009969588
1,11224,0.6525263834140292
1,11225,0.8236391867225911
1,11226,0.7278823676692098
1,11227,0.4503279562471418
1,11228,0.7158587423545985
1,11229,0.7682701953348391
1,11230,0.8547001516479473
1,11231,0.7011738125551447
1,11232,0.7228978308743454
1,11233,0.8834886114999925
1,11234,0.8738006885082115
1,11235,0.8265416854879325
1,11236,0.6590939408180905
1,11237,0.6248768031182294
1,11238,0.7748405895856848
1,11239,0.6718057960646445
1,11240,0.741506052136331
1,11241,0.7595132043147247
1,11242,0.7623764427373613
1,11243,0.7365612461387109
1,11244,0.557280954446564
1,11245,0.7441873966152063
1,11246,0.6982748253898069
1,11247,0.7557725897756451
1,11248,0.7797621388266446
1,11249,0.6558069974979636
1,11250,0.6714555100245235
1,11251,0.7937221308741313
1,11252,0.7523432341267481
1,11253,0.3201986689850858
1,11254,0.3220145653627796
1,11255,0.5225608871786438
1,11256,0.40210633465570933
1,11257,0.5994142985996969
1,11258,0.749387798161654
1,11259,0.6933583665697576
1,11260,0.8635087157987641
1,11261,0.7405504761898004
1,11262,0.7489168240393769
1,11263,0.6193037342544377
1,11264,0.6317911491707192
1,11265,0.716495709452623
1,11266,0.6566831062225199
1,11267,0.88056347326611
1,11268,0.8420229402072296
1,11269,0.7780502783207733
1,11270,0.5402718181276152
1,11271,0.5894792893411388
1,11272,0.8405821265856752
1,11273,0.868458727341491
1,11274,0.7485027684776387
1,11275,0.779054168404026
1,11276,0.8120634145519012
1,11277,0.8031224451480703
1,11278,0.8119935738167279
1,11279,0.8151749048274429
1,11280,0.7116439554367967
1,11281,0.8735962647790082
1,11282,0.8527878068010292
1,11283,0.8826570572265652
1,11284,0.8532528609978319
1,11285,0.8714537374048724
1,11286,0.8582614924584714
1,11287,0.5628594425451331
1,11288,0.6834497797414786
1,11289,0.6446759179168092
1,11290,0.8496381014159957
1,11291,0.7816752413238572
1,11292,0.8145104475491468
1,11293,0.8244624088375885
1,11294,0.38205499396045584
1,11295,0.4590883191588241
1,11296,0.4244394571012991
1,11297,0.42322616862421647
1,11298,0.7146315289957487
1,11299,0.7324934147385912
1,11300,0.8067575074858773
1,11301,0.6749018745418969
1,11302,0.7724994459873749
1,11303,0.8576325221214711
1,11304,0.743120325365967
1,11305,0.8766501398927043
1,11306,0.8574902701587727
1,11307,0.8239738488423493
1,11308,0.7785217080780982
1,11309,0.7679787373697624
1,11310,0.8116527448463864
1,11311,0.6768438789414082
1,11312,0.7498862476558051
1,11313,0.7053043267522209
1,11314,0.6154187441574768
1,11315,0.8891861028216318
1,11316,0.6398752751725527
1,11317,0.8390236984129683
1,11318,0.7119878449052448
1,11319,0.7693854194327037
1,11320,0.7634293173174602
1,11321,0.6250061688452021
1,11322,0.8441949824656046
1,11323,0.7375821204699525
1,11324,0.8187789034143317
1,11325,0.7738698808466906
1,11326,0.6204221091127219
1,11327,0.6333887847167717
1,11328,0.8600356389445634
1,11329,0.7707360547162261
1,11330,0.7554957194241673
1,11331,0.732271987223086
1,11332,0.6615627825584139
1,11333,0.731380387474425
1,11334,0.8621759404248859
1,11335,0.757050277808177
1,11336,0.7183747468695069
1,11337,0.7186616681866331
1,11338,0.7560202755825033
1,11339,0.5774372908081717
1,11340,0.7355147793700924
1,11341,0.7149086525298519
1,11342,0.5815747983373784
1,11343,0.6888799091372049
1,11344,0.6818478184765164
1,11345,0.7869336002600046
1,11346,0.77072486971908
1,11347,0.7307624959167912
1,11348,0.7255018183212653
1,11349,0.6538996455610413
1,11350,0.684373179215101
1,11351,0.7865132307137452
1,11352,0.8989097939972862
1,11353,0.9177039915103244
1,11354,0.9104019344633061
1,11355,0.9214425342051699
1,11356,0.8713595411021366
1,11357,0.595923247798634
1,11358,0.7906999775674123
1,11359,0.85067847113733
1,11360,0.7254478965136433
1,11361,0.7432970092450444
1,11362,0.6462148506827871
1,11363,0.7509319203564551
1,11364,0.7328894481173033
1,11365,0.7958948296585074
1,11366,0.8018546261212252
1,11367,0.7875043965990578
1,11368,0.7751472879307726
1,11369,0.8914581036711133
1,11370,0.7314539868419696
1,11371,0.7735454709090115
1,11372,0.8064214233730269
1,11373,0.614219145849633
1,11374,0.6733147339649307
1,11375,0.7288041880769381
1,11376,0.7904045803961496
1,11377,0.3870382731223524
1,11378,0.6981310216456637
1,11379,0.8073464520234478
1,11380,0.771555610385913
1,11381,0.5627448699665197
1,11382,0.8026360946796746
1,11383,0.7359779745727812
1,11384,0.7654314599403272
1,11385,0.7771740551379985
1,11386,0.7354295165163707
1,11387,0.761451172265794
1,11388,0.7384108156997754
1,11389,0.5812675233657858
1,11390,0.7335784276515787
1,11391,0.8781661429207357
1,11392,0.8834079897926956
1,11393,0.6860813245662911
1,11394,0.6999749248845814
1,11395,0.7438465307581424
1,11396,0.7435078377930562
1,11397,0.6366111017415989
1,11398,0.708482159520034
1,11399,0.8218004383714242
1,11400,0.8866660183158764
1,11401,0.5546213364963389
1,11402,0.8334671997211052
1,11403,0.8424535931652914
1,11404,0.6671141564494392
1,11405,0.5594166695640703
1,11406,0.6096465179335736
1,11407,0.6595757365650528
1,11408,0.5263421987605116
1,11409,0.6629971862681302
1,11410,0.5933935088298099
1,11411,0.5042002198844081
1,11412,0.833451631027732
1,11413,0.5136990640733543
1,11414,0.7277416060623921
1,11415,0.7096905604429773
1,11416,0.8094789908174232
1,11417,0.7431749635916787
1,11418,0.7586866871500431
1,11419,0.7940016355769753
1,11420,0.7687826891505235
1,11421,0.7574068815669659
1,11422,0.8004124179323231
1,11423,0.7984660390066772
1,11424,0.8610784923698602
1,11425,0.8336005766659582
1,11426,0.627506934791271
1,11427,0.69181365199286
1,11428,0.7958297265812955
1,11429,0.8165014868592491
1,11430,0.706121264312927
1,11431,0.8016426118545156
1,11432,0.7999760510682159
1,11433,0.494322727239666
1,11434,0.4759314726194838
1,11435,0.7709021438938118
1,11436,0.7711349003753354
1,11437,0.8563489356164439
1,11438,0.8394469267502781
1,11439,0.65484173932524
1,11440,0.7133245115006456
1,11441,0.8336479832839694
1,11442,0.8327615142328405
1,11443,0.7937645957821466
1,11444,0.796359146038399
1,11445,0.7721183156833329
1,11446,0.7518397913568338
1,11447,0.7380752742698812
1,11448,0.7238246128605356
1,11449,0.7608170240253771
1,11450,0.7821977065567094
1,11451,0.6220625825146167
1,11452,0.6814515164718725
1,11453,0.6806841523495125
1,11454,0.794895335742229
1,11455,0.6843669316014755
1,11456,0.7790606912495259
1,11457,0.7749692807738615
1,11458,0.8521566311517682
1,11459,0.6083842456070964
1,11460,0.6863308698468199
1,11461,0.6059720350890113
1,11462,0.656339286874375
1,11463,0.6829544953664799
1,11464,0.7152143697818159
1,11465,0.6730868596371734
1,11466,0.5964188129798882
1,11467,0.6077350843194421
1,11468,0.7000992006344277
1,11469,0.6878954868346812
1,11470,0.6287206224561734
1,11471,0.766787146195266
1,11472,0.70542646358939
1,11473,0.7480031823672224
1,11474,0.758289880879204
1,11475,0.7922933081128634
1,11476,0.8221479394985666
1,11477,0.651438671813633
1,11478,0.7243457105371941
1,11479,0.5755697959855451
1,11480,0.5290527338287776
1,11481,0.778422474979024
1,11482,0.6828532954337185
1,11483,0.6320253768876926
1,11484,0.6519574350931363
1,11485,0.6655451015684066
1,11486,0.6957718411666315
1,11487,0.6721276245556054
1,11488,0.6908838000517852
1,11489,0.7559336808892857
1,11490,0.6943491745304861
1,11491,0.8442687983167527
1,11492,0.6770837237128163
1,11493,0.56264974375606
1,11494,0.7932954996636775
1,11495,0.7970461998191143
1,11496,0.9222078457908084
1,11497,0.7806690811939923
1,11498,0.8855892167118233
1,11499,0.8605733660805569
1,11500,0.829013501974302
1,11501,0.8816248534602864
1,11502,0.5765420858681434
1,11503,0.5565220164632301
1,11504,0.5125026380044242
1,11505,0.7364397233496504
1,11506,0.65289019786926
1,11507,0.5022341240901349
1,11508,0.46922108304991883
1,11509,0.698734938398446
1,11510,0.7893863045793308
1,11511,0.8608069486105007
1,11512,0.8439600476268155
1,11513,0.8363527018429354
1,11514,0.7716735581726348
1,11515,0.7599299212656263
1,11516,0.7538699801512009
1,11517,0.535808646556581
1,11518,0.7528771422759057
1,11519,0.6943765772553596
1,11520,0.7763877823048645
1,11521,0.5433673222887764
1,11522,0.599171421036287
1,11523,0.7203660701088578
1,11524,0.767843363374035
1,11525,0.7527116128839226
1,11526,0.6606505009159821
1,11527,0.6914732845052242
1,11528,0.8303092885704245
1,11529,0.5731416596272247
1,11530,0.5857887661929272
1,11531,0.6091372962463643
1,11532,0.6851034642106351
1,11533,0.6734334826395981
1,11534,0.6733988008069097
1,11535,0.7159395270876108
1,11536,0.6062899885320324
1,11537,0.7980625782473147
1,11538,0.8332757867238235
1,11539,0.5899981789971233
1,11540,0.8620797381653154
1,11541,0.6556301119430763
1,11542,0.4299251870976773
1,11543,0.679884655061541
1,11544,0.7704584348795752
1,11545,0.7606773135197701
1,11546,0.6881518870393594
1,11547,0.7862226164064343
1,11548,0.7861149613265667
1,11549,0.8140519976706653
1,11550,0.709735274475051
1,11551,0.7130434578509851
1,11552,0.8482914510025948
1,11553,0.7433424442670041
1,11554,0.7557738110318781
1,11555,0.7806258896311558
1,11556,0.677805186235643
1,11557,0.7919965700121512
1,11558,0.6611627205313101
1,11559,0.7222557519453713
1,11560,0.9323281274354525
1,11561,0.9192211032492891
1,11562,0.9129986825656731
1,11563,0.8667620362082271
1,11564,0.7971583613167664
1,11565,0.6871774884341247
1,11566,0.6761101637610047
1,11567,0.6429817529023238
1,11568,0.5772464454027664
1,11569,0.6932085472948317
1,11570,0.6313813814200315
1,11571,0.7502447063455816
1,11572,0.708669561669725
1,11573,0.8329500609081941
1,11574,0.6650154137280065
1,11575,0.7130221541074756
1,11576,0.5895913971207344
1,11577,0.6188687921209296
1,11578,0.7037398784510814
1,11579,0.7492687037880345
1,11580,0.661408368364622
1,11581,0.6784657732351321
1,11582,0.8195808188436485
1,11583,0.788234574852154
1,11584,0.8770119195299232
1,11585,0.7123275608429545
1,11586,0.7425635668919537
1,11587,0.7792135461317358
1,11588,0.415376081245082
1,11589,0.7048579971111165
1,11590,0.910004308710428
1,11591,0.5604061570208325
1,11592,0.76483609497673
1,11593,0.6039768401811401
1,11594,0.7787665746062001
1,11595,0.870160607280101
1,11596,0.7498035084435571
1,11597,0.6774400779390722
1,11598,0.7336060641190403
1,11599,0.8606833351623181
1,11600,0.7253381972854898
1,11601,0.7685437202359113
1,11602,0.7867219492496538
1,11603,0.5968079120520932
1,11604,0.6489169203148935
1,11605,0.5065031310350794
1,11606,0.48421902210785966
1,11607,0.3688448870321048
1,11608,0.5479194108101781
1,11609,0.7926264704868187
1,11610,0.7116845784345596
1,11611,0.8561678363032522
1,11612,0.6209406514799243
1,11613,0.806995799672973
1,11614,0.6591951894494047
1,11615,0.8764008460169894
1,11616,0.6792726627572377
1,11617,0.7996841497344637
1,11618,0.6455324300886985
1,11619,0.7531795447011761
1,11620,0.7122062817633027
1,11621,0.7534368293629096
1,11622,0.7538992287113927
1,11623,0.811974380234912
1,11624,0.8194167806031994
1,11625,0.5058766443206199
1,11626,0.6040764759787735
1,11627,0.7622310669527461
1,11628,0.7456932756805523
1,11629,0.7967150011916057
1,11630,0.6636957399496879
1,11631,0.7957051057897415
1,11632,0.8769670992309994
1,11633,0.6426828308100139
1,11634,0.7851501360240813
1,11635,0.694978752811585
1,11636,0.7935649255413375
1,11637,0.7503361674111787
1,11638,0.6997286717555328
1,11639,0.7963493009025648
1,11640,0.8009139101561131
1,11641,0.6428814694977983
1,11642,0.8491523314808866
1,11643,0.5361802648807061
1,11644,0.6753258893187515
1,11645,0.7161236183495374
1,11646,0.7688834304282467
1,11647,0.7679281853985204
1,11648,0.8115255535241932
1,11649,0.6205863991610345
1,11650,0.8062639617370694
1,11651,0.784017204162306
1,11652,0.8478364020140641
1,11653,0.6437036168368437
1,11654,0.882977498214553
1,11655,0.8912507797769692
1,11656,0.7120169849156853
1,11657,0.7053433256810447
1,11658,0.7124221033116257
1,11659,0.7129945900178396
1,11660,0.5741888164591125
1,11661,0.5854323296644255
1,11662,0.7217832028068445
1,11663,0.6149488722649428
1,11664,0.7798597834055458
1,11665,0.6070588292680815
1,11666,0.778017362079169
1,11667,0.7872141230450312
1,11668,0.7975586582424093
1,11669,0.7528247397285576
1,11670,0.8202068095893779
1,11671,0.7032030168963298
1,11672,0.7782898890634582
1,11673,0.38792532474530905
1,11674,0.30622184076868664
1,11675,0.5138020834431717
1,11676,0.5398093118449033
1,11677,0.6697979604271529
1,11678,0.63665474661801
1,11679,0.7671117886421092
1,11680,0.5404392149641901
1,11681,0.6631233829572384
1,11682,0.688529274149579
1,11683,0.680848833211243
1,11684,0.7308993905585286
1,11685,0.8493854679524262
1,11686,0.6999375604714395
1,11687,0.6234281330714075
1,11688,0.7731473876844996
1,11689,0.6647828861708762
1,11690,0.7862197486167758
1,11691,0.648609932291815
1,11692,0.852598599088626
1,11693,0.7046543234832298
1,11694,0.7689682200103961
1,11695,0.6697272660362745
1,11696,0.6430125997006432
1,11697,0.4280260165576209
1,11698,0.6677180050758147
1,11699,0.669094103931177
1,11700,0.8197584739973862
1,11701,0.7514760928476573
1,11702,0.7374163031151285
1,11703,0.8073393256292184
1,11704,0.8126605550356706
1,11705,0.8330908091295532
1,11706,0.7754587653175937
1,11707,0.6992791998655429
1,11708,0.8149907128746419
1,11709,0.645439221043635
1,11710,0.8385842282846246
1,11711,0.8499137877646796
1,11712,0.6833249857654407
1,11713,0.613619962187646
1,11714,0.8360476334858364
1,11715,0.7522792835644548
1,11716,0.7289502135224182
1,11717,0.8891401518794625
1,11718,0.6526003656596809
1,11719,0.7354181027589612
1,11720,0.6398021013936259
1,11721,0.6837266748191827
1,11722,0.6126423381898313
1,11723,0.77054400266958
1,11724,0.8016427105886657
1,11725,0.8429074243952908
1,11726,0.8793452671162638
1,11727,0.6503103378226113
1,11728,0.6943852649964085
1,11729,0.7495899495911733
1,11730,0.6971114155394954
1,11731,0.8635000431646112
1,11732,0.7740208516352216
1,11733,0.7569725233468301
1,11734,0.6300771208436856
1,11735,0.754434501163027
1,11736,0.7726719871537497
1,11737,0.8689663639659081
1,11738,0.7835418511884478
1,11739,0.716499593542766
1,11740,0.8082118602165443
1,11741,0.7700951638197734
1,11742,0.6999499495058759
1,11743,0.7074963546130335
1,11744,0.7352002255232076
1,11745,0.6972137516844553
1,11746,0.7922825701461047
1,11747,0.7026686475372211
1,11748,0.8122387253552283
1,11749,0.8772087542472047
1,11750,0.8614379873653499
1,11751,0.9144214695109125
1,11752,0.7071604832061724
1,11753,0.7317968824003822
1,11754,0.7837478053629883
1,11755,0.8597740989926553
1,11756,0.7916603573670924
1,11757,0.8164280252861649
1,11758,0.8069922605153182
1,11759,0.8284732665185047
1,11760,0.8354313194489934
1,11761,0.7536354596545761
1,11762,0.6873135896041963
1,11763,0.5948964736715066
1,11764,0.5476053297612564
1,11765,0.6933439737845053
1,11766,0.7595579004584282
1,11767,0.7723772908928129
1,11768,0.40439480595844507
1,11769,0.7741522010685967
1,11770,0.7868389302924031
1,11771,0.9110837718533775
1,11772,0.7393955671982173
1,11773,0.7820553070425117
1,11774,0.8094019642113047
1,11775,0.8608805870645931
1,11776,0.6910968956661833
1,11777,0.7094844546263308
1,11778,0.7004294077026203
1,11779,0.711861476555446
1,11780,0.7192976682035144
1,11781,0.7537748450931678
1,11782,0.7564537530719435
1,11783,0.8114147823550053
1,11784,0.8360341328677245
1,11785,0.6656255999211899
1,11786,0.7422214446097344
1,11787,0.82060963050819
1,11788,0.6890531116833251
1,11789,0.5754032891945693
1,11790,0.29045536040985087
1,11791,0.4244069258922308
1,11792,0.7324699890284869
1,11793,0.6657888277816448
1,11794,0.5790487282564728
1,11795,0.6493033479310522
1,11796,0.6769080146955265
1,11797,0.6292723820104428
1,11798,0.7130072734769242
1,11799,0.8123929703300801
1,11800,0.8164016249558089
1,11801,0.8037563261731632
1,11802,0.753435550910218
1,11803,0.7809011262159152
1,11804,0.8015430473098624
1,11805,0.8538944075273767
1,11806,0.8971164865259665
1,11807,0.7484177747353592
1,11808,0.7889055700863364
1,11809,0.66238401918952
1,11810,0.8559496347589977
1,11811,0.749743036946562
1,11812,0.7213623653483259
1,11813,0.7807425150739905
1,11814,0.8058437395541331
1,11815,0.8202924860985532
1,11816,0.7975499506106287
1,11817,0.7334477401233058
1,11818,0.7773072595106216
1,11819,0.7993385284486196
1,11820,0.7584774252679427
1,11821,0.8836521540386736
1,11822,0.6392791353371315
1,11823,0.5856429370936531
1,11824,0.7086564035253639
1,11825,0.7951480859173201
1,11826,0.7745516910672113
1,11827,0.8133674644455682
1,11828,0.804285762031551
1,11829,0.6699965690791151
1,11830,0.7736564673206783
1,11831,0.6834015958989919
1,11832,0.7466340767196091
1,11833,0.7628690326250687
1,11834,0.7166798086482591
1,11835,0.6617955275514292
1,11836,0.7308405358696777
1,11837,0.7314326438623365
1,11838,0.7792433337212576
1,11839,0.6918925893094604
1,11840,0.7534726743930504
1,11841,0.7756007306890803
1,11842,0.7497781337658108
1,11843,0.8405383227170177
1,11844,0.9004762398321317
1,11845,0.6661451354924083
1,11846,0.6874594424330732
1,11847,0.7932572970327078
1,11848,0.7796475129832748
1,11849,0.7951474724727123
1,11850,0.8226592794679073
1,11851,0.8020816060267694
1,11852,0.8426573230523732
1,11853,0.8165339815992247
1,11854,0.7010860351553018
1,11855,0.6771610437544242
1,11856,0.7877237237907354
1,11857,0.8350920522179054
1,11858,0.7237925619248856
1,11859,0.8493412614405996
1,11860,0.6753743385851185
1,11861,0.6743069826290481
1,11862,0.7286302639481826
1,11863,0.7189317341698837
1,11864,0.8101263860832025
1,11865,0.8335227904750305
1,11866,0.6310365758682757
1,11867,0.7803125178659046
1,11868,0.6471522013500541
1,11869,0.5407175790926808
1,11870,0.8238904583269898
1,11871,0.7895406325232551
1,11872,0.8191288478667955
1,11873,0.7094397637131461
1,11874,0.74147378322665225
1,11875,0.7515156169830453
1,11876,0.7888455141944805
1,11877,0.847935595617856
1,11878,0.6759290728642873
1,11879,0.7946636845873334
1,11880,0.7664730246548827
1,11881,0.7099357730825103
1,11882,0.6150443409855805
1,11883,0.3685990810559588
1,11884,0.7064851948606072
1,11885,0.6726516144001352
1,11886,0.7486511827106146
1,11887,0.891219081906324
1,11888,0.629250485827768
1,11889,0.6010919939232242
1,11890,0.6313915466201258
1,11891,0.7346090337367469
1,11892,0.7534269601535477
1,11893,0.6846054920031227
1,11894,0.7316288341712334
1,11895,0.6839736589170419
1,11896,0.742853421155656
1,11897,0.809651024412068
1,11898,0.7398923369871632
1,11899,0.7225293811233611
1,11900,0.8921401411372033
1,11901,0.8359350008659406
1,11902,0.7009719193616085
1,11903,0.8077591491027891
1,11904,0.5604351314390118
1,11905,0.8365970445291325
1,11906,0.6887147663694239
1,11907,0.680675107068978
1,11908,0.7758127002514741
1,11909,0.7020711714771722
1,11910,0.807610325784074
1,11911,0.6985654761630061
1,11912,0.7545718134721657
1,11913,0.6924176600015965
1,11914,0.6376833684411104
1,11915,0.8320905705109692
1,11916,0.8730136746124743
1,11917,0.6363751190041316
1,11918,0.7833002787472104
1,11919,0.8131446219658311
1,11920,0.7660881494219994
1,11921,0.6303239451641685
1,11922,0.8854853143833031
1,11923,0.6908845344036063
1,11924,0.6918183905320617
1,11925,0.646443269749218
1,11926,0.7043934894377301
1,11927,0.8119368891011856
1,11928,0.690239782117393
1,11929,0.7576291777016645
1,11930,0.7288964144676355
1,11931,0.856318227287836
1,11932,0.8951864352789091
1,11933,0.9420223268802924
1,11934,0.8176889407585443
1,11935,0.4433817071483218
1,11936,0.41984620454715044
1,11937,0.3499751411047751
1,11938,0.7584945127419188
1,11939,0.7534425941664574
1,11940,0.901649431651967
1,11941,0.8981377347269844
1,11942,0.8359598037138077
1,11943,0.9184193669407837
1,11944,0.7884013194717185
1,11945,0.7242335211173866
1,11946,0.7307082627742365
1,11947,0.753203667770917
1,11948,0.739142014627904
1,11949,0.6414546084447494
1,11950,0.749838616964138
1,11951,0.6664585468889468
1,11952,0.6088331663140938
1,11953,0.8453498864555333
1,11954,0.6515629714041404
1,11955,0.7823188386107929
1,11956,0.784741172170955
1,11957,0.7558840449882044
1,11958,0.8784671664001609
1,11959,0.5643409801180129
1,11960,0.2883344947401768
1,11961,0.6935725914770596
1,11962,0.7402791825273854
1,11963,0.8302294437971627
1,11964,0.7297401600409394
1,11965,0.7478441045663556
1,11966,0.835785365933828
1,11967,0.8051239304152527
1,11968,0.6360763261180888
1,11969,0.8878365810848586
1,11970,0.7398940469063536
1,11971,0.8649832233279392
1,11972,0.8205650894990478
1,11973,0.8202087046488958
1,11974,0.6612928002221216
1,11975,0.6750721179633763
1,11976,0.7929048151401392
1,11977,0.8114678172423505
1,11978,0.7570037688425373
1,11979,0.8245561867135354
1,11980,0.6823334071769269
1,11981,0.7579611088384975
1,11982,0.748456031635776
1,11983,0.7027883185697895
1,11984,0.7028446517405671
1,11985,0.6973369471464439
1,11986,0.7543212789693442
1,11987,0.7803298688408068
1,11988,0.6381087122007394
1,11989,0.7537469586518161
1,11990,0.7038185929344563
1,11991,0.7139510555346549
1,11992,0.7857355762024912
1,11993,0.6844205410995033
1,11994,0.7294748898107235
1,11995,0.6965147244635554
1,11996,0.4831298961486391
1,11997,0.4723190134109281
1,11998,0.6446916480396526
1,11999,0.8571818055313399
1,12000,0.8555161537950207
1,12001,0.842077822682412
1,12002,0.7905688152929091
1,12003,0.9255308196357473
1,12004,0.9380946726424935
1,12005,0.8236299991658144
1,12006,0.699006263799667
1,12007,0.7429956202624703
1,12008,0.6455933597082233
1,12009,0.7584261693870328
1,12010,0.8281244334700502
1,12011,0.7144920959085765
1,12012,0.7082531309328796
1,12013,0.7656391733043497
1,12014,0.7012488813431359
1,12015,0.7707494098263603
1,12016,0.6502580754405279
1,12017,0.7615131279930583
1,12018,0.7760423980824676
1,12019,0.8404816485386915
1,12020,0.629096261364506
1,12021,0.7382335842603848
1,12022,0.6535660410208816
1,12023,0.7901610415873211
1,12024,0.7642286033981341
1,12025,0.7766605874725716
1,12026,0.8840511891398964
1,12027,0.8372581671235476
1,12028,0.8303808967688068
1,12029,0.7271498220610731
1,12030,0.893518158964613
1,12031,0.8030970825753222
1,12032,0.778763236575792
1,12033,0.6751477541125986
1,12034,0.7440727980474903
1,12035,0.7353697959985276
1,12036,0.7688929920155192
1,12037,0.8964072197053057
1,12038,0.7681435630094029
1,12039,0.7303469484488664
1,12040,0.7764398181266886
1,12041,0.8000698258466798
1,12042,0.8122065627679063
1,12043,0.7981692593238181
1,12044,0.7323358815376034
1,12045,0.5531146420600541
1,12046,0.5300574024343923
1,12047,0.5473380913284701
1,12048,0.7600686410697771
1,12049,0.6734173736063999
1,12050,0.6803089681080873
1,12051,0.8499376229566671
1,12052,0.8697950663248806
1,12053,0.8183292657558986
1,12054,0.7368288399091896
1,12055,0.7753801614568825
1,12056,0.7738136566708149
1,12057,0.9037217013657268
1,12058,0.7878814871605313
1,12059,0.7171204259790652
1,12060,0.7998211934944196
1,12061,0.6720939933867285
1,12062,0.8277677146595535
1,12063,0.6341905752314272
1,12064,0.649967711700953
1,12065,0.6089319458504191
1,12066,0.7795783674817542
1,12067,0.7835322292732295
1,12068,0.7846926248185295
1,12069,0.7980764606068959
1,12070,0.5078810842462665
1,12071,0.5273889294668864
1,12072,0.5327232350425727
1,12073,0.6483177601368489
1,12074,0.5637501070829972
1,12075,0.7611378083939883
1,12076,0.7915500532060198
1,12077,0.8348985561280219
1,12078,0.6766282841875385
1,12079,0.6266539931981293
1,12080,0.8248647936043466
1,12081,0.6394667529436391
1,12082,0.6414393435945183
1,12083,0.8654823437792288
1,12084,0.7248494776783676
1,12085,0.7423786390000681
1,12086,0.8254351708070669
1,12087,0.6648820462882036
1,12088,0.5752587181217245
1,12089,0.7797816426734524
1,12090,0.6969417351199108
1,12091,0.7910235968819523
1,12092,0.8100978239583194
1,12093,0.9045752677269788
1,12094,0.8679591681521552
1,12095,0.8923529055688284
1,12096,0.7538456657909998
1,12097,0.8206455204959556
1,12098,0.6744548380570352
1,12099,0.639471290586094
1,12100,0.7093926017858923
1,12101,0.7231322067330787
1,12102,0.7437408720385343
1,12103,0.6365674501929182
1,12104,0.7691319679784407
1,12105,0.7579926661310804
1,12106,0.6576254831724676
1,12107,0.6813170567124947
1,12108,0.7294843275051248
1,12109,0.7848557541450015
1,12110,0.8241669079595894
1,12111,0.8189527481366076
1,12112,0.8724497235037884
1,12113,0.7331197041913206
1,12114,0.7531057531518945
1,12115,0.6130875443999758
1,12116,0.7528149382206504
1,12117,0.6374882419253781
1,12118,0.7992833380197858
1,12119,0.7878484592261834
1,12120,0.6718473015459209
1,12121,0.7703391598885104
1,12122,0.584719926344424
1,12123,0.7904133884143939
1,12124,0.6370698637826439
1,12125,0.6397339937998088
1,12126,0.6344916663625799
1,12127,0.8142724230077546
1,12128,0.9043090282215116
1,12129,0.907130226741779
1,12130,0.8689750700165112
1,12131,0.9230342839977234
1,12132,0.8709049372166422
1,12133,0.8196628675129591
1,12134,0.7773879678317545
1,12135,0.5821116802030889
1,12136,0.7346317125861673
1,12137,0.7302289691719985
1,12138,0.7981780433167704
1,12139,0.712064187312772
1,12140,0.7123789817722732
1,12141,0.6908432811350188
1,12142,0.7177063399786892
1,12143,0.8417108961276584
1,12144,0.9040058900847983
1,12145,0.7729009603378062
1,12146,0.7954441411270234
1,12147,0.7142081599613973
1,12148,0.7345606188251799
1,12149,0.6858118213111477
1,12150,0.7260215305723297
1,12151,0.4416614131159071
1,12152,0.5214894058362389
1,12153,0.5134394148801454
1,12154,0.4465574311954518
1,12155,0.5234589783617649
1,12156,0.7395316888742832
1,12157,0.7476891359475235
1,12158,0.8085641982582039
1,12159,0.8255173934629977
1,12160,0.703145211797649
1,12161,0.7014137667209752
1,12162,0.6729049152684375
1,12163,0.7955261488089159
1,12164,0.7937973932261535
1,12165,0.5376712427032097
1,12166,0.5942977254887553
1,12167,0.8090281862874804
1,12168,0.6890416150846131
1,12169,0.6176825770934242
1,12170,0.5111424306676058
1,12171,0.823237705988093
1,12172,0.7908719291813837
1,12173,0.7540411749387074
1,12174,0.7842369028605776
1,12175,0.5843318952626682
1,12176,0.7254751528893604
1,12177,0.8437440237854962
1,12178,0.6406795860936658
1,12179,0.4602807216515194
1,12180,0.7059583055183206
1,12181,0.7187376897511409
1,12182,0.8433404958269961
1,12183,0.5011346942618484
1,12184,0.9194238341752408
1,12185,0.889119251138702
1,12186,0.8350809056921011
1,12187,0.5675008548803904
1,12188,0.7127241238150396
1,12189,0.682969508896258
1,12190,0.6087859537778587
1,12191,0.7144961547844946
1,12192,0.616379523658236
1,12193,0.6722241632873972
1,12194,0.6857133388697443
1,12195,0.6842174372213373
1,12196,0.7235522940969981
1,12197,0.6588161972659502
1,12198,0.7163180158318307
1,12199,0.7269127111293907
1,12200,0.758240274267272
1,12201,0.794200499042867
1,12202,0.7380094081257957
1,12203,0.79916325313993275
1,12204,0.8622343257262497
1,12205,0.5590225273013056
1,12206,0.5241034084348365
1,12207,0.7032547069804171
1,12208,0.7108223905646898
1,12209,0.7054528678601043
1,12210,0.7148255857303458
1,12211,0.6344962807934569
1,12212,0.6564179184898373
1,12213,0.832641979264979
1,12214,0.8729519741252104
1,12215,0.7793652772348344
1,12216,0.7282964786103079
1,12217,0.7227846621292638
1,12218,0.6026573527191647
1,12219,0.6639503473258951
1,12220,0.5902604018063327
1,12221,0.6313797293444994
1,12222,0.751060485699723
1,12223,0.7664313845022533
1,12224,0.7126996570212867
1,12225,0.8036176837373419
1,12226,0.79907311660685
1,12227,0.8757973727959459
1,12228,0.8792684580098878
1,12229,0.8759583231518139
1,12230,0.8480509625354866
1,12231,0.9209671666266717
1,12232,0.9270393080992648
1,12233,0.8626382900252736
1,12234,0.8259109958272247
1,12235,0.72770747890681
1,12236,0.626986899031431
1,12237,0.7527939899367355
1,12238,0.6133409212459202
1,12239,0.8860605767312353
1,12240,0.6961008767814744
1,12241,0.8112513778806996
1,12242,0.7941736078970089
1,12243,0.9284139772525795
1,12244,0.7564056785656897
1,12245,0.6200418758544061
1,12246,0.7025184187482248
1,12247,0.8364937831447856
1,12248,0.8837445274847474
1,12249,0.6986931492599864
1,12250,0.8094458329523283
1,12251,0.8641593408305548
1,12252,0.7711925589170132
1,12253,0.8520629582401533
1,12254,0.8142118001438157
1,12255,0.7462538508142842
1,12256,0.7309891652385447
1,12257,0.7493931761897714
1,12258,0.7458996237643422
1,12259,0.730749567296442
1,12260,0.8132024489234972
1,12261,0.5419077017157568
1,12262,0.7464599777979694
1,12263,0.9197946943335767
1,12264,0.9051595856372789
1,12265,0.7454060138662981
1,12266,0.7699200762761367
1,12267,0.7434116028840824
1,12268,0.7218993108599371
1,12269,0.7641459486403558
1,12270,0.7001675382762712
1,12271,0.7197222613170153
1,12272,0.9009778875743065
1,12273,0.8865173218587139
1,12274,0.879028568030568
1,12275,0.7619105020886279
1,12276,0.6649701210855223
1,12277,0.8573884212343386
1,12278,0.7173724048650363
1,12279,0.7495975433093072
1,12280,0.5693062755871384
1,12281,0.5908630658307564
1,12282,0.6947810080635377
1,12283,0.803037364688426
1,12284,0.7993290841767945
1,12285,0.7957824342877968
1,12286,0.7808421772796521
1,12287,0.8648182697779218
1,12288,0.7550253057102191
1,12289,0.7265255375357683
1,12290,0.6185084613095837
1,12291,0.6698113414348871
1,12292,0.7113416091861712
1,12293,0.8100044515032216
1,12294,0.7482285205341734
1,12295,0.6676860264280878
1,12296,0.7890726510507274
1,12297,0.7748443913422077
1,12298,0.6893071043213627
1,12299,0.6656222134471329
1,12300,0.6722988668667548
1,12301,0.7039597038789127
1,12302,0.6824147846838234
1,12303,0.6328292191175724
1,12304,0.4359784419291477
1,12305,0.7727399485822315
1,12306,0.684473496377484
1,12307,0.8212836405664404
1,12308,0.7149452564590099
1,12309,0.7661981259472178
1,12310,0.7627765160604462
1,12311,0.8597204293952583
1,12312,0.840535667669037
1,12313,0.7270830149121136
1,12314,0.8516272866941414
1,12315,0.8637768923750619
1,12316,0.8241020233508993
1,12317,0.6249043374701315
1,12318,0.819394265238957
1,12319,0.7465718153890915
1,12320,0.5789404819915351
1,12321,0.5714735586590631
1,12322,0.7920504503274634
1,12323,0.7944408624716301
1,12324,0.7259709131225576
1,12325,0.7086428495175747
1,12326,0.696544291171573
1,12327,0.7840540090754549
1,12328,0.6770100332582039
1,12329,0.5177840442103347
1,12330,0.6983826463606305
1,12331,0.6942964101237391
1,12332,0.8132349871289364
1,12333,0.7565260896331718
1,12334,0.6613965133263124
1,12335,0.703161968411833
1,12336,0.8254527054719435
1,12337,0.7889387634275173
1,12338,0.6405630998777009
1,12339,0.6875458480255253
1,12340,0.7367902405249332
1,12341,0.7945594639825148
1,12342,0.7052628308012504
1,12343,0.6823615936115629
1,12344,0.900015041242139
1,12345,0.8842256887644045
1,12346,0.7117590289723659
1,12347,0.8507189805519958
1,12348,0.8461764904607372
1,12349,0.6365499724274906
1,12350,0.7664469949497481
1,12351,0.8938517211886529
1,12352,0.8233057785608313
1,12353,0.8285757323093762
1,12354,0.773949495371416
1,12355,0.7442428621588093
1,12356,0.6944511053536522
1,12357,0.6838790765966194
1,12358,0.6256370210207933
1,12359,0.7475454743534264
1,12360,0.6836080341902324
1,12361,0.716854070746729
1,12362,0.776367308773544
1,12363,0.724223774764139
1,12364,0.7159487323843311
1,12365,0.6671496780350061
1,12366,0.6992012603485517
1,12367,0.7373032246540213
1,12368,0.6945433584705183
1,12369,0.7070828030685291
1,12370,0.41923261389647726
1,12371,0.39417121836076074
1,12372,0.3488261986763312
1,12373,0.3316481404387596
1,12374,0.34629445029799605
1,12375,0.7683713396956238
1,12376,0.7214185033145124
1,12377,0.7027899821554255
1,12378,0.8490188454887639
1,12379,0.6564782583307532
1,12380,0.6408458249248576
1,12381,0.6982395632160003
1,12382,0.7253453301812195
1,12383,0.7050428186839978
1,12384,0.7605199078281911
1,12385,0.821936514529679
1,12386,0.7619025307207618
1,12387,0.7221609149200399
1,12388,0.7480852034191384
1,12389,0.6836426733850226
1,12390,0.8893396078585493
1,12391,0.8628573124703951
1,12392,0.8906418284206709
1,12393,0.6262480321210767
1,12394,0.743338205041964
1,12395,0.8860093034818198
1,12396,0.7855097607462634
1,12397,0.7837642585287968
1,12398,0.6224280426239288
1,12399,0.7081370986324801
1,12400,0.8149524418000463
1,12401,0.8100352677662973
1,12402,0.6725692522757805
1,12403,0.6757988811228575
1,12404,0.8069400355221646
1,12405,0.7099472326666043
1,12406,0.6737665450003779
1,12407,0.7217204079073019
1,12408,0.4141858030157828
1,12409,0.8148564064541846
1,12410,0.8228576332707045
1,12411,0.5978927059566777
1,12412,0.5695972499558282
1,12413,0.7453725812501749
1,12414,0.7251846636192669
1,12415,0.6198842080831916
1,12416,0.7410272003384847
1,12417,0.7072010644426671
1,12418,0.6713957706612923
1,12419,0.7064170264579501
1,12420,0.7379816595338391
1,12421,0.6617863670458247
1,12422,0.5893103361272962
1,12423,0.7358212332689268
1,12424,0.47476051688993826
1,12425,0.6622075964710601
1,12426,0.3879025555565834
1,12427,0.7363443918348844
1,12428,0.7855136936826039
1,12429,0.692521211268983
1,12430,0.8679953401266197
1,12431,0.6923590414927765
1,12432,0.743866402899834
1,12433,0.7222597993084691
1,12434,0.7225324952176635
1,12435,0.6838654220208461
1,12436,0.6922795874840681
1,12437,0.6175210461248303
1,12438,0.5483205475408841
1,12439,0.6771481655055211
1,12440,0.5752542810621658
1,12441,0.6498653673499039
1,12442,0.7493889878028198
1,12443,0.6832569746950906
1,12444,0.8316253468139909
1,12445,0.6672877044483871
1,12446,0.8502357613454995
1,12447,0.7605618410528171
1,12448,0.9607590232540345
1,12449,0.8716893194732702
1,12450,0.8555464118421772
1,12451,0.7530323610233794
1,12452,0.842659687024273
1,12453,0.7275374212627064
1,12454,0.682636951431445
1,12455,0.8607985004762975
1,12456,0.7428838044888655
1,12457,0.8010167503830586
1,12458,0.5728444429574117
1,12459,0.5895553010883281
1,12460,0.7375968160324249
1,12461,0.6212607291234226
1,12462,0.6703086101770892
1,12463,0.8112303084646758
1,12464,0.7807130489522415
1,12465,0.7816431748277227
1,12466,0.7190575454245247
1,12467,0.6526720663989587
1,12468,0.8881915411378021
1,12469,0.8520876845317683
1,12470,0.6721290749522532
1,12471,0.7653912334054261
1,12472,0.6553662020400768
1,12473,0.9314552375227665
1,12474,0.838773825545856
1,12475,0.9148812063777401
1,12476,0.8777476719643721
1,12477,0.8886174259809442
1,12478,0.815331091366656
1,12479,0.7138361240804789
1,12480,0.7452107573072725
1,12481,0.6846134289021103
1,12482,0.6446560002587254
1,12483,0.6460719207900484
1,12484,0.6527728576585307
1,12485,0.8131650336592655
1,12486,0.5902666336129414
1,12487,0.6789847641192427
1,12488,0.8482230254994324
1,12489,0.8034386900973106
1,12490,0.739887809791458
1,12491,0.7497519335037673
1,12492,0.6714150136162838
1,12493,0.7714053839326672
1,12494,0.698591934307687
1,12495,0.7183723609332172
1,12496,0.6681769466385555
1,12497,0.653917616033952
1,12498,0.7836549523745385
1,12499,0.795092595325709
1,12500,0.5882131907112805
1,12501,0.7262558060600542
1,12502,0.4956768212228525
1,12503,0.7030810741761244
1,12504,0.5603355283624019
1,12505,0.5792686542799577
1,12506,0.5802378403329762
1,12507,0.5544113590696474
1,12508,0.7478713624497858
1,12509,0.6403626033612
1,12510,0.6322561421548171
1,12511,0.6494947121300059
1,12512,0.8413106796048277
1,12513,0.45132188675189433
1,12514,0.5570819833687962
1,12515,0.6693629578946871
1,12516,0.7345968322509671
1,12517,0.8363844961871248
1,12518,0.8828610886839173
1,12519,0.6310646514628537
1,12520,0.7492499632140834
1,12521,0.7160371842100974
1,12522,0.8428000696661192
1,12523,0.4309567985230742
1,12524,0.8168438263598108
1,12525,0.7788239061772415
1,12526,0.848023988839965
1,12527,0.8817519353355235
1,12528,0.7925831626766836
1,12529,0.8475409579471116
1,12530,0.8700530939168134
1,12531,0.8344089309360662
1,12532,0.6830752493915122
1,12533,0.7010514735838325
1,12534,0.7311879598043097
1,12535,0.7215692402525806
1,12536,0.6636522003272248
1,12537,0.6113211421125131
1,12538,0.7327769045922629
1,12539,0.5691764828284684
1,12540,0.7012151848775742
1,12541,0.8213228944727796
1,12542,0.7482774516841446
1,12543,0.5830476720007839
1,12544,0.6089188675356111
1,12545,0.6378840752164144
1,12546,0.7516900833860409
1,12547,0.8189584991284492
1,12548,0.9152077015284871
1,12549,0.7805227576767609
1,12550,0.7825263733150535
1,12551,0.8132710825247416
1,12552,0.8351715097699998
1,12553,0.7300339932291054
1,12554,0.7497601001714808
1,12555,0.8022024016217689
1,12556,0.7904095353627415
1,12557,0.7861312900704923
1,12558,0.6800430472901278
1,12559,0.7366462423966584
1,12560,0.7972878394404432
1,12561,0.8043790301065564
1,12562,0.8841243984880698
1,12563,0.8524112596253048
1,12564,0.7940014999319162
1,12565,0.7807973788888237
1,12566,0.7293904772840692
1,12567,0.8749828937934677
1,12568,0.8500646212348679
1,12569,0.797133214332364
1,12570,0.8008839273186512
1,12571,0.8279768257155461
1,12572,0.7141968307944968
1,12573,0.7531454368271663
1,12574,0.9112611279971761
1,12575,0.9115507178183113
1,12576,0.9089688642840157
1,12577,0.5628834725172057
1,12578,0.6356630313682325
1,12579,0.7913885585631635
1,12580,0.5022839476179694
1,12581,0.7963294796321726
1,12582,0.7339989068442099
1,12583,0.6357526134243405
1,12584,0.5680095342474821
1,12585,0.6272536116502708
1,12586,0.43049711267023877
1,12587,0.7859675742279185
1,12588,0.8070491306027058
1,12589,0.803760893469192
1,12590,0.8210229853121629
1,12591,0.8951381097492461
1,12592,0.7306524729302079
1,12593,0.693469687156283
1,12594,0.6181204528636781
1,12595,0.6566066089726601
1,12596,0.6388335868869092
1,12597,0.5129352355264745
1,12598,0.6017900369680937
1,12599,0.8206882067806526
1,12600,0.6678993767481158
1,12601,0.7201217900996795
1,12602,0.7244481540839289
1,12603,0.827883959564611
1,12604,0.7577844263838684
1,12605,0.7661358678240398
1,12606,0.7032792817420671
1,12607,0.8052300212473721
1,12608,0.6523804698382399
1,12609,0.7012969522341453
1,12610,0.7074981665119545
1,12611,0.6193218385351007
1,12612,0.6745529623725655
1,12613,0.7140178638832778
1,12614,0.7486720209425801
1,12615,0.6612005637962122
1,12616,0.66890002652569025
1,12617,0.7586548955226815
1,12618,0.8512015218629354
1,12619,0.7628308413730504
1,12620,0.83526731209455
1,12621,0.5881078491503351
1,12622,0.6641605768633554
1,12623,0.7521979267415556
1,12624,0.7252722258250429
1,12625,0.6430704546697819
1,12626,0.733497604939176
1,12627,0.7666181556323578
1,12628,0.7948653731376106
1,12629,0.7517152759021907
1,12630,0.7614925645244592
1,12631,0.851539577626075
1,12632,0.8204759084257254
1,12633,0.6167289012477051
1,12634,0.8799623898576081
1,12635,0.7865030276686854
1,12636,0.6528274728607251
1,12637,0.7047230222786128
1,12638,0.6268424168735579
1,12639,0.6531426269801869
1,12640,0.7220677491256527
1,12641,0.8233411984577249
1,12642,0.8452627838494834
1,12643,0.840977618625395
1,12644,0.7157838799340198
1,12645,0.5870899321204193
1,12646,0.6977302804035213
1,12647,0.7535834139612143
1,12648,0.6497418248902124
1,12649,0.7593662792141331
1,12650,0.7587580077536213
1,12651,0.7233081429254252
1,12652,0.7381638447393903
1,12653,0.593117882504877
1,12654,0.6255554179479386
1,12655,0.35321578305793394
1,12656,0.538371314823087
1,12657,0.44889387319892793
1,12658,0.6217208483896539
1,12659,0.6940291274121594
1,12660,0.5954728058879504
1,12661,0.6760527910859506
1,12662,0.730196659130544
1,12663,0.7252776480574301
1,12664,0.6506229893984331
1,12665,0.7875616774173744
1,12666,0.768486815703835
1,12667,0.6377206637325038
1,12668,0.7737004970341382
1,12669,0.8194043605072362
1,12670,0.6678954386796271
1,12671,0.5181332758516677
1,12672,0.5367571492516593
1,12673,0.7162399070732044
1,12674,0.6366144024366124
1,12675,0.7436905201477892
1,12676,0.640861463247209
1,12677,0.7790370425526082
1,12678,0.8286307341766587
1,12679,0.6911754631202439
1,12680,0.7948232223742012
1,12681,0.7997097781845411
1,12682,0.5990655894062441
1,12683,0.5466280630239088
1,12684,0.4681965010849146
1,12685,0.6144384468998232
1,12686,0.6573662194932942
1,12687,0.6126060499864509
1,12688,0.6999690787356505
1,12689,0.7659633764021183
1,12690,0.7495752132821052
1,12691,0.5488755492796157
1,12692,0.5360444449930875
1,12693,0.6540772451975216
1,12694,0.7294566729512247
1,12695,0.6863568562844471
1,12696,0.7787583775187854
1,12697,0.8102991436361363
1,12698,0.819055261039711
1,12699,0.7560517937579305
1,12700,0.6977948640423011
1,12701,0.6984801518983969
1,12702,0.5843020616511786
1,12703,0.5919396986188057
1,12704,0.4971431991107319
1,12705,0.5924639678175112
1,12706,0.8575994949275957
1,12707,0.6791656426042371
1,12708,0.760411643745038
1,12709,0.7518301999326685
1,12710,0.760000932142341
1,12711,0.7326670801884868
1,12712,0.7305588037689101
1,12713,0.5869364035607932
1,12714,0.767684140332128
1,12715,0.729230792357416
1,12716,0.6109288561867086
1,12717,0.6047148185843653
1,12718,0.7321499640306518
1,12719,0.874349806100215
1,12720,0.6313878458661464
1,12721,0.41232874558230176
1,12722,0.5417520878201674
1,12723,0.6728351432641281
1,12724,0.7940133722679651
1,12725,0.7414573479878381
1,12726,0.6881671038372573
1,12727,0.6576729658525095
1,12728,0.6681315713025039
1,12729,0.7102731715629038
1,12730,0.6830622737330584
1,12731,0.6383896477257293
1,12732,0.6130907099049815
1,12733,0.7643928702282105
1,12734,0.6438539050373261
1,12735,0.7069952409983684
1,12736,0.7376681124331184
1,12737,0.7973768498396209
1,12738,0.6439078047876186
1,12739,0.7892197649231695
1,12740,0.6710945914670121
1,12741,0.827913930323697
1,12742,0.6609853245091291
1,12743,0.658092021627885
1,12744,0.7382068995593776
1,12745,0.6969267369107105
1,12746,0.743161386880139
1,12747,0.7324172834124676
1,12748,0.7157847638476266
1,12749,0.6340099685059482
1,12750,0.5164950825953615
1,12751,0.435188466668068
1,12752,0.8156192934316318
1,12753,0.8064600104027256
1,12754,0.793990819723384
1,12755,0.7665271750227005
1,12756,0.8446693403240177
1,12757,0.7202206146922678
1,12758,0.7113337715693879
1,12759,0.5792992929039569
1,12760,0.6030045940782758
1,12761,0.6351809656752144
1,12762,0.6649303377369487
1,12763,0.8046255155268317
1,12764,0.824711286077833
1,12765,0.6403015076300289
1,12766,0.8517205002238303
1,12767,0.8487289882164243
1,12768,0.8302739547879631
1,12769,0.6631753342430021
1,12770,0.6983121457980622
1,12771,0.7578977116337653
1,12772,0.7570689939066962
1,12773,0.7267784745862027
1,12774,0.7656595270125758
1,12775,0.724392123156547
1,12776,0.7096127800925878
1,12777,0.6605899148845231
1,12778,0.7160667488499708
1,12779,0.898337450588419
1,12780,0.9258675338848732
1,12781,0.857491563109958
1,12782,0.7310072069325684
1,12783,0.8299939989026486
1,12784,0.7180192759402518
1,12785,0.6846829427826874
1,12786,0.6366219916134083
1,12787,0.7457504340804362
1,12788,0.6192456192516603
1,12789,0.6788779338012891
1,12790,0.5361000645848241
1,12791,0.4765160712909104
1,12792,0.6945216843770466
1,12793,0.6290035654991272
1,12794,0.7291535419995189
1,12795,0.5539964104843489
1,12796,0.6058020423686662
1,12797,0.5405577620655958
1,12798,0.6848173680317197
1,12799,0.6654222169996468
1,12800,0.5912224001048388
1,12801,0.6675960996098381
1,12802,0.6256767417604799
1,12803,0.6054671775552806
1,12804,0.37642122012604756
1,12805,0.4496641161815649
1,12806,0.7800258030327809
1,12807,0.3394471646813451
1,12808,0.31851430364375294
1,12809,0.18248079339100687
1,12810,0.18648431463776702
1,12811,0.7089031510013758
1,12812,0.7483669540505001
1,12813,0.7896249101556682
1,12814,0.2944647165870886
1,12815,0.2398784803272366
1,12816,0.8139893818769219
1,12817,0.7607971063864267
1,12818,0.689094844910384
1,12819,0.5749235739306578
1,12820,0.6781454172892197
1,12821,0.7035567402833585
1,12822,0.7457810802480412
1,12823,0.7841614915052245
1,12824,0.7455692000788813
1,12825,0.7379165659998916
1,12826,0.7329011083261827
1,12827,0.6816377714610978
1,12828,0.7246184778001018
1,12829,0.7019083958810391
1,12830,0.6897509538685147
1,12831,0.7344921386343395
1,12832,0.5903016555810311
1,12833,0.8670816502446969
1,12834,0.6516342755757832
1,12835,0.6770413186674659
1,12836,0.7141447252801484
1,12837,0.694492258738794
1,12838,0.7407471782266538
1,12839,0.690339813872954
1,12840,0.792658732789531
1,12841,0.6782106579249203
1,12842,0.8285241848114331
1,12843,0.5904356886829598
1,12844,0.6381373328596599
1,12845,0.8758647556264698
1,12846,0.7537714992136512
1,12847,0.8120628801390184
1,12848,0.7283946697575271
1,12849,0.5916372364784765
1,12850,0.6504081490213613
1,12851,0.7868398944103497
1,12852,0.8415236626455215
1,12853,0.8288474259208302
1,12854,0.8318359445639542
1,12855,0.7040928107847799
1,12856,0.7599597420334777
1,12857,0.8972656696810425
1,12858,0.6342805063596708
1,12859,0.7283519043328468
1,12860,0.6348705745904496
1,12861,0.6947061135843141
1,12862,0.6912397182215997
1,12863,0.6889854234935534
1,12864,0.6820657534581243
1,12865,0.7383448969842418
1,12866,0.8580242207244744
1,12867,0.8615365035066663
1,12868,0.8297767759230388
1,12869,0.7279984296101618
1,12870,0.7795980910776998
1,12871,0.7756593905817817
1,12872,0.7050375184610956
1,12873,0.8307715056213577
1,12874,0.9050625006576121
1,12875,0.8482357932896747
1,12876,0.7118651566836235
1,12877,0.8336193798889985
1,12878,0.716407489809696
1,12879,0.753632226054961
1,12880,0.7456977884540593
1,12881,0.8339288909427186
1,12882,0.7922782867682553
1,12883,0.7318607215828873
1,12884,0.7442623200816785
1,12885,0.6042275580947175
1,12886,0.7526263250002492
1,12887,0.8572044180028605
1,12888,0.6538911316849875
1,12889,0.5947854234999972
1,12890,0.7862874123709824
1,12891,0.715481922571404
1,12892,0.5088633330764175
1,12893,0.7561675751579798
1,12894,0.7536428261429944
1,12895,0.7055467255278709
1,12896,0.6883058562402935
1,12897,0.7932853857518772
1,12898,0.3967096145710996
1,12899,0.8436185323345492
1,12900,0.6475948776728442
1,12901,0.8009914782354484
1,12902,0.831764454120611
1,12903,0.8917783702676177
1,12904,0.8530207495350912
1,12905,0.875004609101942
1,12906,0.8383271832369193
1,12907,0.6598909986098345
1,12908,0.6480932079687041
1,12909,0.6454075528349579
1,12910,0.7369646488800592
1,12911,0.7494003721532567
1,12912,0.7405139221195923
1,12913,0.8121912659053502
1,12914,0.7943030439600633
1,12915,0.8430504649669712
1,12916,0.8183266976431519
1,12917,0.8591236442351358
1,12918,0.8753259055509174
1,12919,0.6703127146835774
1,12920,0.8313291953821949
1,12921,0.7684602301490533
1,12922,0.6870432922316986
1,12923,0.8420175782653905
1,12924,0.7970690971344343
1,12925,0.754877772941537
1,12926,0.8137449234208456
1,12927,0.6964709770225292
1,12928,0.7570105849297293
1,12929,0.8800695641002504
1,12930,0.6002597168427249
1,12931,0.7919634127064491
1,12932,0.7143588450160006
1,12933,0.7517421701806624
1,12934,0.524956591316361
1,12935,0.5632881501417035
1,12936,0.4706228202595815
1,12937,0.6658754145964895
1,12938,0.6834890633629083
1,12939,0.5571021836093721
1,12940,0.8490833426012377
1,12941,0.7397197682000306
1,12942,0.6630560868672892
1,12943,0.8687637592330583
1,12944,0.7767196515152378
1,12945,0.7106148281839069
1,12946,0.6867251997630965
1,12947,0.6241405531461705
1,12948,0.754443400592613
1,12949,0.7695758129196023
1,12950,0.6456354139261745
1,12951,0.7276484653542693
1,12952,0.7171419364820266
1,12953,0.6342211014154757
1,12954,0.7486122820991244
1,12955,0.5705356564558479
1,12956,0.8427614267395281
1,12957,0.5471944691935803
1,12958,0.7991238238809276
1,12959,0.5656943039718497
1,12960,0.8122601713454222
1,12961,0.754808569334612
1,12962,0.7611305362469164
1,12963,0.6536045437224264
1,12964,0.6098118694334572
1,12965,0.6284577483784922
1,12966,0.655774113720189
1,12967,0.8315975017436005
1,12968,0.7069582983926358
1,12969,0.829177102922046
1,12970,0.868947214867061
1,12971,0.8014597166376974
1,12972,0.7850285760184753
1,12973,0.8112566898831148
1,12974,0.8172373479333505
1,12975,0.86296859945472
1,12976,0.9725153923279878
1,12977,0.9485680195619864
1,12978,0.9546392268136028
1,12979,0.7878926529907806
1,12980,0.9072461653198645
1,12981,0.8107541934885425
1,12982,0.7709608147503222
1,12983,0.7996746183153595
1,12984,0.6097058688758236
1,12985,0.8015601522522774
1,12986,0.790139710203789
1,12987,0.814965026187013
1,12988,0.7827116075305018
1,12989,0.7239089684098181
1,12990,0.6854666213004663
1,12991,0.7147969484286328
1,12992,0.7016125965362311
1,12993,0.7427375072614518
1,12994,0.66566541675365
1,12995,0.7245723723160609
1,12996,0.6234129741936671
1,12997,0.5807456759379523
1,12998,0.5772581696326518
1,12999,0.4298730042083513
1,13000,0.40681592230661895
1,13001,0.6465800074776856
1,13002,0.5411113840152962
1,13003,0.6551497093664931
1,13004,0.7903243675320148
1,13005,0.7680062991110206
1,13006,0.6148516245488973
1,13007,0.5765555101236362
1,13008,0.6813277269612048
1,13009,0.7545639344947768
1,13010,0.5216468552533737
1,13011,0.6149755640825523
1,13012,0.764423944826224
1,13013,0.6322971648418156
1,13014,0.7294045488111233
1,13015,0.6443856634983094
1,13016,0.7477418836853644
1,13017,0.7497741313571822
1,13018,0.8396319419386745
1,13019,0.8518232090503718
1,13020,0.8000026583623612
1,13021,0.777343451852241
1,13022,0.822907277347326
1,13023,0.7354730516217102
1,13024,0.6742383023335664
1,13025,0.7639528954619172
1,13026,0.6249233391183682
1,13027,0.7200207064697093
1,13028,0.7629556118141104
1,13029,0.8806293422910512
1,13030,0.7954660379910508
1,13031,0.6019265595975334
1,13032,0.5669727109876234
1,13033,0.8847115500363002
1,13034,0.8233318881259865
1,13035,0.6155089796110899
1,13036,0.5984631000342044
1,13037,0.812502818408598
1,13038,0.7569761929285292
1,13039,0.6565123909421993
1,13040,0.6563730496785866
1,13041,0.6997935182882431
1,13042,0.7625531911777257
1,13043,0.6433183406926414
1,13044,0.8208073977489209
1,13045,0.8115843083027708
1,13046,0.7877716422237491
1,13047,0.8342483263752397
1,13048,0.47421423112663585
1,13049,0.41363158606316464
1,13050,0.3942717583516314
1,13051,0.4030179773303845
1,13052,0.7701592952665122
1,13053,0.7926384868494156
1,13054,0.8654396951790615
1,13055,0.8624884721564877
1,13056,0.6414075086872504
1,13057,0.6274909682463161
1,13058,0.628445939805497
1,13059,0.7766953736301065
1,13060,0.7889808680421185
1,13061,0.7001791692021015
1,13062,0.6262037589155033
1,13063,0.6604657433305379
1,13064,0.6015390549988914
1,13065,0.5555813616252353
1,13066,0.8904090807135683
1,13067,0.8322630401614334
1,13068,0.7464926377923089
1,13069,0.6431823640634505
1,13070,0.7686392057232566
1,13071,0.6622975954634502
1,13072,0.747890540225275
1,13073,0.7168685271871865
1,13074,0.7320330773193461
1,13075,0.7037754852723764
1,13076,0.8666284153749597
1,13077,0.8414394433493764
1,13078,0.919350997071114
1,13079,0.9143327563387904
1,13080,0.8355651817766431
1,13081,0.833498834743115
1,13082,0.7820178089366391
1,13083,0.5577619658856372
1,13084,0.5909708854873917
1,13085,0.6094950024359675
1,13086,0.5239974001009541
1,13087,0.67870046163305
1,13088,0.47836250111492734
1,13089,0.6451449655838258
1,13090,0.7751394353836977
1,13091,0.7536986201041627
1,13092,0.5813462356646506
1,13093,0.5641585299295597
1,13094,0.5997424137570804
1,13095,0.8732978682121997
1,13096,0.8924940231346274
1,13097,0.7889237319418907
1,13098,0.7123972583893987
1,13099,0.8003915286718731
1,13100,0.7892789712350117
1,13101,0.7692601818786686
1,13102,0.718624908108605
1,13103,0.6956393817747067
1,13104,0.719501672785563
1,13105,0.7471866995396342
1,13106,0.6924009841398748
1,13107,0.9095374383354644
1,13108,0.8051363797002741
1,13109,0.792094831179406
1,13110,0.5652052966848542
1,13111,0.5917627644334201
1,13112,0.6382084953292352
1,13113,0.542725236824859
1,13114,0.7668198067014506
1,13115,0.6661014318972449
1,13116,0.7210420097712852
1,13117,0.7175324858734089
1,13118,0.7160975096269582
1,13119,0.812288930430525
1,13120,0.7515182733788737
1,13121,0.7984377537216139
1,13122,0.8466285057628634
1,13123,0.8127772189346438
1,13124,0.7811983775190674
1,13125,0.6941351476474842
1,13126,0.5030662137426785
1,13127,0.7581576263663484
1,13128,0.6536829249935537
1,13129,0.5974183032622452
1,13130,0.5304531671333461
1,13131,0.7748530828688105
1,13132,0.6066922774504088
1,13133,0.6799686398245158
1,13134,0.8240758062957592
1,13135,0.8236801315630162
1,13136,0.8673852802409068
1,13137,0.8757499955633213
1,13138,0.8617112472251851
1,13139,0.7440731596205422
1,13140,0.7038537373882697
1,13141,0.5933968098005166
1,13142,0.5714639953937999
1,13143,0.6933301776923545
1,13144,0.3859796319817215
1,13145,0.511268579405134
1,13146,0.43216597239266935
1,13147,0.7477066141348476
1,13148,0.6026672343208032
1,13149,0.712042650767255
1,13150,0.6900043925838485
1,13151,0.8481029216997623
1,13152,0.8658129011449206
1,13153,0.7257657115435775
1,13154,0.7389284309884625
1,13155,0.8004469106365356
1,13156,0.7924919311016696
1,13157,0.5842951935354158
1,13158,0.8327283085042975
1,13159,0.4378378996067863
1,13160,0.7484688305429869
1,13161,0.7520647456722785
1,13162,0.6301787965510884
1,13163,0.6863569664216489
1,13164,0.7429752479573706
1,13165,0.7630768348621981
1,13166,0.6130718233773855
1,13167,0.3767562673253107
1,13168,0.32937904386924455
1,13169,0.49995046863732984
1,13170,0.552634597560953
1,13171,0.7039267373672694
1,13172,0.6418274707112764
1,13173,0.6195438090362368
1,13174,0.669296482492412
1,13175,0.6360755778256191
1,13176,0.5831626019905257
1,13177,0.604192748551732
1,13178,0.785856029019059
1,13179,0.8010182407634187
1,13180,0.8839612662112125
1,13181,0.7666918888852581
1,13182,0.7767667047801721
1,13183,0.7488697632195057
1,13184,0.7623635654959584
1,13185,0.7696875847659866
1,13186,0.7993814197604409
1,13187,0.768422345790067
1,13188,0.6975825717582502
1,13189,0.7354844374759404
1,13190,0.6514630880647937
1,13191,0.7829603153164326
1,13192,0.5455362039273223
1,13193,0.7805520696321807
1,13194,0.7997385243161149
1,13195,0.7457725726949987
1,13196,0.7941293394080209
1,13197,0.8586369257272204
1,13198,0.7253740946679432
1,13199,0.7490246664494892
1,13200,0.7964641852420313
1,13201,0.6330417630208107
1,13202,0.6167502071468487
1,13203,0.6597535094491639
1,13204,0.7627969992399097
1,13205,0.5995623117981572
1,13206,0.7738151129903398
1,13207,0.775766254079785
1,13208,0.7654683079530298
1,13209,0.8818561694679734
1,13210,0.3395667223039339
1,13211,0.2135214079882477
1,13212,0.6797797908284964
1,13213,0.7532086888115174
1,13214,0.7627873573886215
1,13215,0.7319264530966928
1,13216,0.6561746900461363
1,13217,0.5293655231737819
1,13218,0.5965115347011174
1,13219,0.5812165529693668
1,13220,0.7165394171335409
1,13221,0.7393778032932778
1,13222,0.8331027266291504
1,13223,0.6988902536492388
1,13224,0.8011322106217054
1,13225,0.8170356107127342
1,13226,0.7563572902789144
1,13227,0.7518380325834851
1,13228,0.7991441434822657
1,13229,0.8402918098598544
1,13230,0.6480832754297492
1,13231,0.7438710609269255
1,13232,0.7952484850298946
1,13233,0.5296835037206563
1,13234,0.8552342425959446
1,13235,0.8345762264084895
1,13236,0.7121238224955264
1,13237,0.689077131713767
1,13238,0.7713992626996059
1,13239,0.7769086064615301
1,13240,0.745709005975653
1,13241,0.8365458848024512
1,13242,0.7481384677558913
1,13243,0.8130569920353493
1,13244,0.6946471547939467
1,13245,0.7557371555733217
1,13246,0.5654700502549613
1,13247,0.6433286357580901
1,13248,0.7293685820573742
1,13249,0.8100914073574769
1,13250,0.6994479612138709
1,13251,0.691066471343681
1,13252,0.7358215589521646
1,13253,0.7240287023917018
1,13254,0.6267321353902713
1,13255,0.7630932900402593
1,13256,0.6526325107574842
1,13257,0.6374044431569631
1,13258,0.5764034016059683
1,13259,0.6757377447434303
1,13260,0.7474039496631675
1,13261,0.5550031682521266
1,13262,0.6462563140881956
1,13263,0.4642037346120068
1,13264,0.8505767267865841
1,13265,0.6881925905130215
1,13266,0.8446415936265229
1,13267,0.8863213314562118
1,13268,0.8061514501851963
1,13269,0.831386200064729
1,13270,0.7291155653620695
1,13271,0.7834695924111972
1,13272,0.6139741948492207
1,13273,0.610823406819412
1,13274,0.5510165666045467
1,13275,0.717747570778129
1,13276,0.767773246830603
1,13277,0.7596938826339352
1,13278,0.8498367080182931
1,13279,0.6942775700671081
1,13280,0.8330058720191469
1,13281,0.8550298125861255
1,13282,0.783857435655208
1,13283,0.793212432767929
1,13284,0.6405740355119394
1,13285,0.6490453233294136
1,13286,0.8745652899205558
1,13287,0.6526847340585658
1,13288,0.8246238235196064
1,13289,0.8303093603691891
1,13290,0.8752592828592174
1,13291,0.7371731800319699
1,13292,0.7002079797256886
1,13293,0.4331800127471839
1,13294,0.6220229050655821
1,13295,0.6404701270807986
1,13296,0.8608204702752356
1,13297,0.894922033513593
1,13298,0.9278815151636788
1,13299,0.7884310758809288
1,13300,0.8481606038853887
1,13301,0.9062712211112627
1,13302,0.915431361090728
1,13303,0.7926479248103961
1,13304,0.5963536981920545
1,13305,0.7546024238971785
1,13306,0.42253731085613977
1,13307,0.674529224112138
1,13308,0.7049818811735696
1,13309,0.8076939353289916
1,13310,0.8065843269984421
1,13311,0.8126349489957759
1,13312,0.7394536923107883
1,13313,0.715880958600145
1,13314,0.5363129238771854
1,13315,0.7159542202550366
1,13316,0.6976032927875161
1,13317,0.7651040679940281
1,13318,0.6580662561860515
1,13319,0.8060815653870946
1,13320,0.7516746461072268
1,13321,0.8117495858949255
1,13322,0.7958981097282026
1,13323,0.8519816702590642
1,13324,0.6749292626363348
1,13325,0.7802218431150441
1,13326,0.6470595219490648
1,13327,0.6277105598869969
1,13328,0.7764416275581794
1,13329,0.7332242225041645
1,13330,0.6974176036562739
1,13331,0.8164805258247712
1,13332,0.7776344415847868
1,13333,0.7402632412151137
1,13334,0.759763380336673
1,13335,0.749541772064799
1,13336,0.8418125126645085
1,13337,0.6704549285538638
1,13338,0.6597432606414824
1,13339,0.672362064169705
1,13340,0.6774578309039104
1,13341,0.6784629424907325
1,13342,0.6540254497331223
1,13343,0.7084269028007422
1,13344,0.7813521806611632
1,13345,0.7244192008772138
1,13346,0.7704767433267016
1,13347,0.8871567849841527
1,13348,0.8781062070930831
1,13349,0.8367687197042024
1,13350,0.34391483374347154
1,13351,0.5139621501165166
1,13352,0.5606043209320206
1,13353,0.6402745144080856
1,13354,0.7005450143702311
1,13355,0.7228758708984673
1,13356,0.7686758970647982
1,13357,0.5491849792324055
1,13358,0.6645638924590321
1,13359,0.6896158284949783
1,13360,0.6887507576636855
1,13361,0.6776330791677537
1,13362,0.8059842512527804
1,13363,0.7279506781086189
1,13364,0.6199070519004257
1,13365,0.6812223280956616
1,13366,0.6892076588693572
1,13367,0.7375359558472576
1,13368,0.869457534270884
1,13369,0.7155850012181804
1,13370,0.6951112788213978
1,13371,0.809343821395175
1,13372,0.8220760126348784
1,13373,0.769472903965331
1,13374,0.7167341001677842
1,13375,0.6778241062571675
1,13376,0.7936709898697755
1,13377,0.7778185381793964
1,13378,0.7690089769841233
1,13379,0.8261925032549184
1,13380,0.7467463582788273
1,13381,0.8679031248940995
1,13382,0.7589385700207688
1,13383,0.7975133303178763
1,13384,0.6311848694976404
1,13385,0.7379668110552784
1,13386,0.8812449016032967
1,13387,0.8537117729596351
1,13388,0.6320744077633358
1,13389,0.5200286113073865
1,13390,0.7268041307857597
1,13391,0.6970598207733126
1,13392,0.7010924572511471
1,13393,0.673139077924751
1,13394,0.6597920336044745
1,13395,0.828471752137051
1,13396,0.7506624916497134
1,13397,0.7773778132130374
1,13398,0.8959947575766252
1,13399,0.8955689302426928
1,13400,0.7191307509573481
1,13401,0.7870284175055404
1,13402,0.768403995762548
1,13403,0.7510825011962688
1,13404,0.7989376088894102
1,13405,0.7776066925209089
1,13406,0.8343428304053093
1,13407,0.8868424818646911
1,13408,0.8700320946176373
1,13409,0.8615290420410198
1,13410,0.8445285173125683
1,13411,0.8333670063310927
1,13412,0.8406932006579925
1,13413,0.7496291629114493
1,13414,0.8544233649185854
1,13415,0.6975319666586612
1,13416,0.8257423159704079
1,13417,0.628334653885774
1,13418,0.924709943431497
1,13419,0.8465768991820904
1,13420,0.8520425161337626
1,13421,0.8555780846867619
1,13422,0.7754875032844469
1,13423,0.7619358450079329
1,13424,0.8636551794098646
1,13425,0.6114315191213794
1,13426,0.6034274450693583
1,13427,0.8125777014703758
1,13428,0.7099066353977401
1,13429,0.6751689800020141
1,13430,0.7072700498467561
1,13431,0.5815165228058948
1,13432,0.7628043240139081
1,13433,0.850219714642512
1,13434,0.7025136311054404
1,13435,0.7831532551638257
1,13436,0.8119694676717056
1,13437,0.5669872094019967
1,13438,0.6100551871262063
1,13439,0.6714476810206288
1,13440,0.5852410901570402
1,13441,0.7824713216482284
1,13442,0.7911310323366022
1,13443,0.7531811466744334
1,13444,0.7376056411336545
1,13445,0.8551105784069427
1,13446,0.866706091157823
1,13447,0.8059544552007026
1,13448,0.5830410366602083
1,13449,0.7941099517076483
1,13450,0.6713390987765736
1,13451,0.8387175387581112
1,13452,0.9234371200777184
1,13453,0.8631952041519422
1,13454,0.8772904970558426
1,13455,0.7699529121711107
1,13456,0.7989497958854028
1,13457,0.7326730831557714
1,13458,0.8081556169818298
1,13459,0.7994288813204128
1,13460,0.6812951010120379
1,13461,0.647392462375477
1,13462,0.5754258025464993
1,13463,0.6615784862495643
1,13464,0.704258117264909
1,13465,0.7193168207549793
1,13466,0.802805075867172
1,13467,0.7542339121105394
1,13468,0.5996084828762513
1,13469,0.6363452263448134
1,13470,0.8853486794607789
1,13471,0.7893803867543514
1,13472,0.7901003540466707
1,13473,0.7675927711852263
1,13474,0.6557318031328181
1,13475,0.6688051324275386
1,13476,0.5370973922680402
1,13477,0.924490590516755
1,13478,0.8274041667351115
1,13479,0.8382701639160599
1,13480,0.8328703487236165
1,13481,0.8003243294239695
1,13482,0.7844211723459156
1,13483,0.5624881465200507
1,13484,0.6144556164966958
1,13485,0.6292934348164434
1,13486,0.8017932744588002
1,13487,0.7969646161560506
1,13488,0.8890004187158191
1,13489,0.7261922712511973
1,13490,0.5835080594407226
1,13491,0.7014886119745699
1,13492,0.758277020470819
1,13493,0.6390891069044786
1,13494,0.6848361569415449
1,13495,0.8758071468960292
1,13496,0.7783964341758782
1,13497,0.6787499455612035
1,13498,0.8975373612272882
1,13499,0.676738622882822
1,13500,0.6576615749813256
1,13501,0.6386631999195964
1,13502,0.6358082386005556
1,13503,0.6564690767913702
1,13504,0.604399727482173
1,13505,0.7896939916025767
1,13506,0.8187242056926117
1,13507,0.8438343170809856
1,13508,0.5763808800257482
1,13509,0.8367046551332395
1,13510,0.9014333189769125
1,13511,0.8146619357005642
1,13512,0.7584262516896108
1,13513,0.8060765035959213
1,13514,0.8204527995710269
1,13515,0.7702859299108489
1,13516,0.8107696812605055
1,13517,0.7937482469294974
1,13518,0.8164640497181938
1,13519,0.7139863333555024
1,13520,0.7534029214011945
1,13521,0.8130624483189514
1,13522,0.7110144662664664
1,13523,0.8575478772979288
1,13524,0.8391613535126061
1,13525,0.6512729369432747
1,13526,0.7379765424788308
1,13527,0.7638328843218447
1,13528,0.7779166359297879
1,13529,0.7283953675950361
1,13530,0.6565422197198617
1,13531,0.6559910993922239
1,13532,0.6609137711590726
1,13533,0.8735123748773438
1,13534,0.66352416844137585
1,13535,0.6826404348339292
1,13536,0.5505811735966042
1,13537,0.724671964768853
1,13538,0.699314631945937
1,13539,0.7261036334616702
1,13540,0.6418650993943257
1,13541,0.7733756602127548
1,13542,0.5159662549523629
1,13543,0.5741876848297855
1,13544,0.8925487256974434
1,13545,0.8061081781237549
1,13546,0.7614777716849797
1,13547,0.7751523973253094
1,13548,0.8000959103218843
1,13549,0.7345793644411647
1,13550,0.8427577180897788
1,13551,0.5956914046528681
1,13552,0.7551696057485225
1,13553,0.5667852294979477
1,13554,0.6950107239133072
1,13555,0.7497467237230483
1,13556,0.5952275931082462
1,13557,0.6042964051638218
1,13558,0.7796763087961616
1,13559,0.790653044644685
1,13560,0.5161835935420273
1,13561,0.6722569408890416
1,13562,0.7061472692467108
1,13563,0.6865180929695582
1,13564,0.8752505618530197
1,13565,0.7924614170522832
1,13566,0.5852794237275935
1,13567,0.7479195174642457
1,13568,0.7576606791963202
1,13569,0.8783424562396611
1,13570,0.32878752975422654
1,13571,0.59892748395358
1,13572,0.6558628235196665
1,13573,0.7549742363872664
1,13574,0.7437618748034036
1,13575,0.7174082372165614
1,13576,0.659978477207789
1,13577,0.5616729950162327
1,13578,0.7242710997383404
1,13579,0.7194617187039847
1,13580,0.7682640192522355
1,13581,0.73385428541316
1,13582,0.6987845977427383
1,13583,0.719454556986396
1,13584,0.5839346963069462
1,13585,0.50254091895833
1,13586,0.4517087906893833
1,13587,0.5104068060002966
1,13588,0.5021946305271545
1,13589,0.6911419824441948
1,13590,0.8150120014046144
1,13591,0.5310395294462483
1,13592,0.6804766528856909
1,13593,0.5621216469731709
1,13594,0.7113183698473843
1,13595,0.8173354261018878
1,13596,0.8775466340834129
1,13597,0.640138307844471
1,13598,0.9330265600152016
1,13599,0.7863074498095179
1,13600,0.7309697374560787
1,13601,0.5994921465198289
1,13602,0.6450432434233767
1,13603,0.5474703716125727
1,13604,0.4649441199737101
1,13605,0.5614041042298685
1,13606,0.8574080597383806
1,13607,0.6840670051098174
1,13608,0.7050405153022268
1,13609,0.8027280265478924
1,13610,0.5690807806913919
1,13611,0.7296496689927343
1,13612,0.6345382666706935
1,13613,0.7747445973040626
1,13614,0.5764326421219532
1,13615,0.779536709381037
1,13616,0.8255530390231532
1,13617,0.8428237594233462
1,13618,0.760467792391562
1,13619,0.6951906113062043
1,13620,0.788045108008151
1,13621,0.698468238561657
1,13622,0.8308255383962874
1,13623,0.7756283338784945
1,13624,0.7574503395052686
1,13625,0.6775253060039044
1,13626,0.7840262325735539
1,13627,0.7946132306082704
1,13628,0.7462674887877968
1,13629,0.9214969224134066
1,13630,0.9735900284878031
1,13631,0.9733538200750862
1,13632,0.9380821103565681
1,13633,0.7285332850653422
1,13634,0.48425497007403984
1,13635,0.6518216833779159
1,13636,0.6593765249517078
1,13637,0.6527140847791717
1,13638,0.7414608251316178
1,13639,0.7525855828070486
1,13640,0.7161669912575158
1,13641,0.6755288348476465
1,13642,0.8562054309703259
1,13643,0.6815505123524251
1,13644,0.6844287559207937
1,13645,0.5576631232469309
1,13646,0.7357074034688017
1,13647,0.8716550708364954
1,13648,0.8351417138601004
1,13649,0.8882060884146535
1,13650,0.9169592050252122
1,13651,0.7078257435191893
1,13652,0.6806321521897795
1,13653,0.5545730324908352
1,13654,0.807314015350633
1,13655,0.791026300918382
1,13656,0.8376287385199107
1,13657,0.6276495353620551
1,13658,0.6312592196232384
1,13659,0.6583974937676096
1,13660,0.6124044437356373
1,13661,0.8050433487522135
1,13662,0.7174053714106566
1,13663,0.7791082758099352
1,13664,0.685048749953379
1,13665,0.769606855853609
1,13666,0.602584801644014
1,13667,0.7407736780757246
1,13668,0.6131477591616337
1,13669,0.6431438381993044
1,13670,0.6956665973074703
1,13671,0.7518290204465338
1,13672,0.7548673339750168
1,13673,0.7949414903369981
1,13674,0.7076829776663269
1,13675,0.6898278590678735
1,13676,0.8041643214833444
1,13677,0.7474150680088022
1,13678,0.7150133770810649
1,13679,0.7133040165272901
1,13680,0.6143308350113594
1,13681,0.7820820237512125
1,13682,0.7664349408563544
1,13683,0.7946521325153308
1,13684,0.7499763483532916
1,13685,0.8405572937900466
1,13686,0.8465119947603715
1,13687,0.8164742479584646
1,13688,0.8759497311947274
1,13689,0.692488124085219
1,13690,0.6548245004093598
1,13691,0.7735044337763393
1,13692,0.6061798789580515
1,13693,0.6121757913630451
1,13694,0.6137316378789236
1,13695,0.7017750774300198
1,13696,0.7736345595048048
1,13697,0.6988906255822751
1,13698,0.6341390169333334
1,13699,0.7003394990908796
1,13700,0.7965039782655536
1,13701,0.7455684892087636
1,13702,0.5967116600176391
1,13703,0.3854038232044056
1,13704,0.6340998595851957
1,13705,0.6789517714678841
1,13706,0.835748624423688
1,13707,0.6928516327759205
1,13708,0.8003884214887831
1,13709,0.7261893533501717
1,13710,0.71414779471296
1,13711,0.7259296366314936
1,13712,0.5617736832341005
1,13713,0.7344504902688209
1,13714,0.6457678868431912
1,13715,0.6536419951259844
1,13716,0.7734552791043855
1,13717,0.7941033132526018
1,13718,0.7816319409071811
1,13719,0.8167952268402154
1,13720,0.8989216173063934
1,13721,0.6390535437179572
1,13722,0.6702319906649029
1,13723,0.6920512810617744
1,13724,0.42476164555703083
1,13725,0.9071359085035472
1,13726,0.8372152856510181
1,13727,0.6554401243469649
1,13728,0.6658420048072065
1,13729,0.6858541851357178
1,13730,0.61422460658492
1,13731,0.6665301374890552
1,13732,0.7054566068320668
1,13733,0.696596187735579
1,13734,0.7288956049183327
1,13735,0.7943590905978322
1,13736,0.6136178585619527
1,13737,0.6654408285738217
1,13738,0.6503741514899165
1,13739,0.7361164750747557
1,13740,0.6635101181889467
1,13741,0.769731646434412
1,13742,0.5143900128619165
1,13743,0.7925121292460776
1,13744,0.7803138507956614
1,13745,0.8912538063319336
1,13746,0.7344710724305844
1,13747,0.5492869863959561
1,13748,0.7355434798693707
1,13749,0.6235362360588754
1,13750,0.7286535525930289
1,13751,0.5430131386441882
1,13752,0.6423572989028005
1,13753,0.6095019411212204
1,13754,0.7194637343182975
1,13755,0.7313385663541443
1,13756,0.8193645904244014
1,13757,0.7829923039998825
1,13758,0.8721143002598067
1,13759,0.7852451950820132
1,13760,0.7882420201684132
1,13761,0.43122824616167116
1,13762,0.7070169470758234
1,13763,0.6684241600045697
1,13764,0.7027232281212165
1,13765,0.7263714047669718
1,13766,0.7301862442542193
1,13767,0.8267512143505886
1,13768,0.7791842249910839
1,13769,0.7773712661888543
1,13770,0.762092858643228
1,13771,0.8796546093400892
1,13772,0.6925191899282589
1,13773,0.614269244915992
1,13774,0.8261922251545158
1,13775,0.791337965837031
1,13776,0.7778475129801179
1,13777,0.7818551757731823
1,13778,0.7913127182463697
1,13779,0.8067010771694253
1,13780,0.8045584652864328
1,13781,0.7600851469010119
1,13782,0.7800706773574255
1,13783,0.8398468335733377
1,13784,0.7798375694805841
1,13785,0.668407240918392
1,13786,0.49036825430079994
1,13787,0.7122172823743109
1,13788,0.7704744444990427
1,13789,0.753474264591805
1,13790,0.7577371571418562
1,13791,0.6196132124583995
1,13792,0.5803798621106823
1,13793,0.7914980073310112
1,13794,0.7436106995238289
1,13795,0.7451398953753975
1,13796,0.6169090956545171
1,13797,0.7643761567827732
1,13798,0.5948376428746537
1,13799,0.6338320840464776
1,13800,0.5724145850020058
1,13801,0.6229418654807286
1,13802,0.7373681003538053
1,13803,0.769479942732809
1,13804,0.8034149086779095
1,13805,0.8116756441628044
1,13806,0.821470027437059
1,13807,0.8275156560507175
1,13808,0.4077467254182041
1,13809,0.7458209767118992
1,13810,0.6174329532757629
1,13811,0.7717002304763236
1,13812,0.7242068700061598
1,13813,0.8294773733508886
1,13814,0.8010647584108032
1,13815,0.8557218985982671
1,13816,0.75158333613624
1,13817,0.8224228711249556
1,13818,0.7387150038812068
1,13819,0.7820100009110569
1,13820,0.5616461424469085
1,13821,0.7486383165656685
1,13822,0.6744944694635674
1,13823,0.7440275907677864
1,13824,0.754255869541879
1,13825,0.6347961335934016
1,13826,0.6361756580347655
1,13827,0.7906242509648621
1,13828,0.7325532199697243
1,13829,0.7515467386234442
1,13830,0.5993597054496442
1,13831,0.5257093020707153
1,13832,0.6692177924980072
1,13833,0.786222693357559
1,13834,0.783818007556276
1,13835,0.6285256057279183
1,13836,0.38353167339647104
1,13837,0.8945700160011438
1,13838,0.7632883093662285
1,13839,0.7918644612138974
1,13840,0.8063502436460517
1,13841,0.8590614641637516
1,13842,0.7098808285087096
1,13843,0.7789374746529023
1,13844,0.7867166378215765
1,13845,0.6967261832217543
1,13846,0.6911211584197748
1,13847,0.7066808077342803
1,13848,0.7928309882758462
1,13849,0.7203382024142171
1,13850,0.8154543776172714
1,13851,0.6606351415348614
1,13852,0.7823304523575035
1,13853,0.7573571768752565
1,13854,0.8425899548958987
1,13855,0.8941833346534106
1,13856,0.9010122648168011
1,13857,0.8824501501754186
1,13858,0.6295076170260749
1,13859,0.7525922566414552
1,13860,0.6404463926165805
1,13861,0.7354513761193222
1,13862,0.8087204217920162
1,13863,0.7184860452308669
1,13864,0.7882950636119714
1,13865,0.7805339924755358
1,13866,0.5491663926087691
1,13867,0.5555178821814429
1,13868,0.6510954395236898
1,13869,0.7063616308010324
1,13870,0.6909584184956502
1,13871,0.7313450650129822
1,13872,0.47543310636733194
1,13873,0.7077638441335447
1,13874,0.7196911393663498
1,13875,0.7860885563659026
1,13876,0.7703891757036184
1,13877,0.7309950416880409
1,13878,0.9006606120430583
1,13879,0.9134872957946844
1,13880,0.659844550781456
1,13881,0.7865232903050907
1,13882,0.8073805599409589
1,13883,0.8580477138738053
1,13884,0.8362274528248616
1,13885,0.5992363297510361
1,13886,0.7376745070101414
1,13887,0.7548032970935405
1,13888,0.8143353237114491
1,13889,0.8649933682617603
1,13890,0.8012717699310886
1,13891,0.6750519945049127
1,13892,0.815913180465652
1,13893,0.7703398987103003
1,13894,0.7799709683090869
1,13895,0.6556954217128202
1,13896,0.736134259716305
1,13897,0.7649379053906513
1,13898,0.7608657090342967
1,13899,0.6618717206072918
1,13900,0.5512360825011927
1,13901,0.5680993303411603
1,13902,0.5560743001866257
1,13903,0.6345913251035826
1,13904,0.6816245601635327
1,13905,0.6403413462881576
1,13906,0.6894637018182557
1,13907,0.7697025928687534
1,13908,0.7561240054060817
1,13909,0.7436591209714213
1,13910,0.7324076449032089
1,13911,0.8831868599884
1,13912,0.750933554086881
1,13913,0.8357978417273411
1,13914,0.802882733269593
1,13915,0.7245108137845808
1,13916,0.5306899917213224
1,13917,0.5675445908418232
1,13918,0.7661732193564466
1,13919,0.7466953054367028
1,13920,0.4995020970724537
1,13921,0.7272029467658669
1,13922,0.6713177932148262
1,13923,0.7147192311966527
1,13924,0.768521283271346
1,13925,0.7995261683127017
1,13926,0.6995991960502086
1,13927,0.6926930256697063
1,13928,0.7857914688284504
1,13929,0.775412524121283
1,13930,0.7635436639672472
1,13931,0.8376790317476155
1,13932,0.8517103425049835
1,13933,0.869933090326039
1,13934,0.7689253042723911
1,13935,0.7575079946747558
1,13936,0.8319894248738441
1,13937,0.635980771810065
1,13938,0.8183245215779706
1,13939,0.7678994189279497
1,13940,0.7645298262858348
1,13941,0.8507728889959087
1,13942,0.8381955336257636
1,13943,0.7940540302938358
1,13944,0.6477298998780482
1,13945,0.7354859359588439
1,13946,0.8425114624571759
1,13947,0.8268704607171674
1,13948,0.8686326503946168
1,13949,0.4815576690235906
1,13950,0.8491893465481095
1,13951,0.8051037120947402
1,13952,0.7352101655240254
1,13953,0.7980003232422106
1,13954,0.6648341806792452
1,13955,0.8249035167873028
1,13956,0.7542796830236632
1,13957,0.6711400607187894
1,13958,0.7662698572441397
1,13959,0.7604095997665644
1,13960,0.8588879986394365
1,13961,0.8190118737756836
1,13962,0.7840054945090232
1,13963,0.6928102087995169
1,13964,0.6947107916522274
1,13965,0.7576622047661904
1,13966,0.5937923768237285
1,13967,0.661219492366594
1,13968,0.6571393061935334
1,13969,0.7473232716484741
1,13970,0.7120931750885033
1,13971,0.7765592017747829
1,13972,0.8163774023696313
1,13973,0.7993741007316023
1,13974,0.7598285266579796
1,13975,0.6854969359902817
1,13976,0.6025109723379026
1,13977,0.8684360382958207
1,13978,0.8470571776461543
1,13979,0.8710557708152014
1,13980,0.709411658583412
1,13981,0.8621798336175747
1,13982,0.6415259405683408
1,13983,0.6408962841775829
1,13984,0.8186952907949695
1,13985,0.8115927969635397
1,13986,0.6047360202796569
1,13987,0.5637451687546355
1,13988,0.7872074285703657
1,13989,0.5672324424302518
1,13990,0.5999122721150025
1,13991,0.5358884778357308
1,13992,0.8006664864285176
1,13993,0.7918617707814168
1,13994,0.7515080981762001
1,13995,0.833659854332597
1,13996,0.7434161647902241
1,13997,0.6636154373493132
1,13998,0.3432008225832027
1,13999,0.6238407855477529
1,14000,0.651078668430762
1,14001,0.6994547011758746
1,14002,0.7388550738642732
1,14003,0.6674424618662507
1,14004,0.675784247170571
1,14005,0.6908577020347125
1,14006,0.7758843949359652
1,14007,0.651151904527545
1,14008,0.8374691038898102
1,14009,0.8514240936474435
1,14010,0.8047537922977445
1,14011,0.8144745468662395
1,14012,0.8803580908335845
1,14013,0.7977881823619131
1,14014,0.7878477104716948
1,14015,0.6912795277580125
1,14016,0.7578474260019081
1,14017,0.6585041229649787
1,14018,0.775960930406915
1,14019,0.7687638867409881
1,14020,0.6059449969488183
1,14021,0.4095899488559011
1,14022,0.8648112689029259
1,14023,0.8376622295799019
1,14024,0.7839269041970504
1,14025,0.6886115779405999
1,14026,0.7479755470540896
1,14027,0.7931402324404644
1,14028,0.7291399652136128
1,14029,0.7709956529301256
1,14030,0.6158087115234643
1,14031,0.7820764986484127
1,14032,0.6246304743328807
1,14033,0.6465185596204674
1,14034,0.6260295254570698
1,14035,0.562983694830572
1,14036,0.6830055533963736
1,14037,0.8504460097507062
1,14038,0.833395262770144
1,14039,0.8349434275102713
1,14040,0.7927355970514222
1,14041,0.7502512730566321
1,14042,0.8244666599567483
1,14043,0.885998155489734
1,14044,0.9179337848050747
1,14045,0.7125102034014589
1,14046,0.6536919557494542
1,14047,0.7715038239664296
1,14048,0.7698839425277177
1,14049,0.7997443365729182
1,14050,0.8462235129355941
1,14051,0.8892707708809622
1,14052,0.7368652633410582
1,14053,0.766346226011408
1,14054,0.8058171953933447
1,14055,0.7737992601588776
1,14056,0.8337565385884876
1,14057,0.5081510551504693
1,14058,0.566710120753831
1,14059,0.8269105350236848
1,14060,0.7644692194393135
1,14061,0.724248139674073
1,14062,0.7163642628803711
1,14063,0.7824637594491102
1,14064,0.5973162169388427
1,14065,0.6162722056830384
1,14066,0.6016584677188954
1,14067,0.7924012427902685
1,14068,0.7140028691568422
1,14069,0.7999114673674134
1,14070,0.7430946695913959
1,14071,0.8394228083682936
1,14072,0.840477665828663
1,14073,0.8448256132114123
1,14074,0.68696081142492
1,14075,0.8444822732420879
1,14076,0.8644443091674986
1,14077,0.7881676336343763
1,14078,0.7805253083026391
1,14079,0.824725021589058
1,14080,0.8424173169662391
1,14081,0.5899160581491221
1,14082,0.8040765821901978
1,14083,0.6949303430305973
1,14084,0.7851187420583225
1,14085,0.6774705235539561
1,14086,0.7133926696986761
1,14087,0.7271170121341042
1,14088,0.7861064040849244
1,14089,0.7487350886585137
1,14090,0.6883558445570652
1,14091,0.6678062529121979
1,14092,0.7018866000977699
1,14093,0.7911786073447444
1,14094,0.6525178958563765
1,14095,0.6793249263181951
1,14096,0.812192931950548
1,14097,0.8514074550524401
1,14098,0.6415180078896848
1,14099,0.8440901574934953
1,14100,0.8118317897591645
1,14101,0.657299150913917
1,14102,0.6497635730655021
1,14103,0.6139591689289969
1,14104,0.6408901715578901
1,14105,0.8229495965190209
1,14106,0.6831442086175794
1,14107,0.6867910211359614
1,14108,0.7257804036802668
1,14109,0.7485496855498126
1,14110,0.8600206408612128
1,14111,0.7692714909796763
1,14112,0.8221037654589639
1,14113,0.7129294317927765
1,14114,0.7785317033312676
1,14115,0.8493260044891711
1,14116,0.8298038144755957
1,14117,0.8105675285721007
1,14118,0.8049738160027681
1,14119,0.8228439093331128
1,14120,0.5258116654545717
1,14121,0.6816519982930586
1,14122,0.6698317724442756
1,14123,0.7134347499111072
1,14124,0.739871710538584
1,14125,0.8182808206425985
1,14126,0.559147224278474
1,14127,0.6153716778967422
1,14128,0.5706617525741473
1,14129,0.6094220159072566
1,14130,0.6321018599959988
1,14131,0.7337710231809358
1,14132,0.6508103054652833
1,14133,0.742724128468833
1,14134,0.7898072119879311
1,14135,0.8107180277140497
1,14136,0.8283700838552819
1,14137,0.7476246852504516
1,14138,0.691216761010731
1,14139,0.7535235485337439
1,14140,0.7191544006587137
1,14141,0.8371530434222475
1,14142,0.7574845436125084
1,14143,0.7386564072321747
1,14144,0.6383458807778919
1,14145,0.42767553645820716
1,14146,0.32417132595331705
1,14147,0.561563430165316
1,14148,0.6504033307575844
1,14149,0.6478706524961532
1,14150,0.656967676259039
1,14151,0.6039027333683095
1,14152,0.6294115185216551
1,14153,0.5764656638626878
1,14154,0.5883372308563686
1,14155,0.3991428026239281
1,14156,0.7784593161875265
1,14157,0.5849074643692356
1,14158,0.861657278789496
1,14159,0.7724253453240518
1,14160,0.7197987509391227
1,14161,0.6391844648878643
1,14162,0.7337044110260487
1,14163,0.762311293004496
1,14164,0.7215991552924651
1,14165,0.604703857694987
1,14166,0.685638122102626
1,14167,0.6471709731543168
1,14168,0.6150297530511624
1,14169,0.6898770394248631
1,14170,0.7772369443416233
1,14171,0.7754040497324995
1,14172,0.6426553620031397
1,14173,0.5635000010168191
1,14174,0.8939931755695405
1,14175,0.8144223186092142
1,14176,0.7843732793905449
1,14177,0.7839256549411816
1,14178,0.7495849626197983
1,14179,0.7943735452668391
1,14180,0.726374093345867
1,14181,0.7438298879672038
1,14182,0.8457722598413041
1,14183,0.740882068984293
1,14184,0.7936629820369586
1,14185,0.8096313300151469
1,14186,0.6226443433645433
1,14187,0.6869089926486428
1,14188,0.8375873889764262
1,14189,0.7924300488351672
1,14190,0.7737816839753296
1,14191,0.6902632107080007
1,14192,0.7737390908582189
1,14193,0.7490056567534819
1,14194,0.7859552681041826
1,14195,0.6659888863248686
1,14196,0.7305419736774884
1,14197,0.7309108061545391
1,14198,0.6546125154560284
1,14199,0.7526153460069697
1,14200,0.7186495045214493
1,14201,0.6313638741724386
1,14202,0.6419768510314469
1,14203,0.7346475477037727
1,14204,0.5209835372131244
1,14205,0.571081171410261
1,14206,0.6140124297550434
1,14207,0.5341384663940136
1,14208,0.6785764576161099
1,14209,0.6921808816437445
1,14210,0.7423885412684049
1,14211,0.70010279674399
1,14212,0.7656684177307226
1,14213,0.8072463316216891
1,14214,0.576629093766651
1,14215,0.6839617011106464
1,14216,0.7636395760020063
1,14217,0.824490532370867
1,14218,0.7647204453177574
1,14219,0.7062216607031654
1,14220,0.714181565171045
1,14221,0.7681180057460427
1,14222,0.6207953211872764
1,14223,0.7543597744873256
1,14224,0.7869438316168544
1,14225,0.5504527288748257
1,14226,0.8663942550300227
1,14227,0.5983759192307521
1,14228,0.7745279238625346
1,14229,0.8239827725607677
1,14230,0.6438949839949436
1,14231,0.8209378784299691
1,14232,0.6695816680058712
1,14233,0.7364682867077105
1,14234,0.6257892779183652
1,14235,0.6586721920957381
1,14236,0.7245148956241639
1,14237,0.6180369106998792
1,14238,0.6349406346557862
1,14239,0.6919175812684123
1,14240,0.5387658643044319
1,14241,0.718055557904999
1,14242,0.7957195763635425
1,14243,0.7253394058616272
1,14244,0.7415313631093922
1,14245,0.6174869157992674
1,14246,0.704372710778326
1,14247,0.7439835672530172
1,14248,0.8193496494599585
1,14249,0.7823457569419037
1,14250,0.7908062973943183
1,14251,0.84444955558784
1,14252,0.8283337984155356
1,14253,0.7765829682289689
1,14254,0.8219663122734757
1,14255,0.6172532366992677
1,14256,0.7419672011813752
1,14257,0.7052121742081776
1,14258,0.7990200316191483
1,14259,0.6256929373732649
1,14260,0.7193648755567469
1,14261,0.6738986358984991
1,14262,0.6763649003589334
1,14263,0.6109137568873133
1,14264,0.6400836730403734
1,14265,0.664052133784588
1,14266,0.7537987700876673
1,14267,0.7924557493773796
1,14268,0.7656840479714359
1,14269,0.7847725700176112
1,14270,0.7026147233442704
1,14271,0.6158406888167406
1,14272,0.6979380474419786
1,14273,0.7415231980682618
1,14274,0.8188672019458185
1,14275,0.879490107219414
1,14276,0.8438484155830628
1,14277,0.8335490911794353
1,14278,0.8135462303586445
1,14279,0.5300669261124649
1,14280,0.7426952773104692
1,14281,0.7397246836509945
1,14282,0.7689342210852815
1,14283,0.727135251368139
1,14284,0.8892203861631522
1,14285,0.6468373077708559
1,14286,0.904611192515803
1,14287,0.7840154464479736
1,14288,0.8409196302411499
1,14289,0.7162905176432595
1,14290,0.7831985821785072
1,14291,0.8218326295680196
1,14292,0.6589330930583807
1,14293,0.7147073901202686
1,14294,0.6510159956818239
1,14295,0.713461534225488
1,14296,0.7626389825885429
1,14297,0.7439722609990834
1,14298,0.7268214377187787
1,14299,0.7108763888820743
1,14300,0.6852102698225286
1,14301,0.8048881851490376
1,14302,0.7995004402693758
1,14303,0.8548691946521666
1,14304,0.8321316559036248
1,14305,0.5985007961131057
1,14306,0.7761938095697872
1,14307,0.7947516766547695
1,14308,0.8649060289378754
1,14309,0.8344618578549614
1,14310,0.8886689834202952
1,14311,0.7035346770950236
1,14312,0.7386545124432022
1,14313,0.8033161115145319
1,14314,0.8641137346976724
1,14315,0.8058095648667949
1,14316,0.7737475258749337
1,14317,0.6647483309855309
1,14318,0.9154194596694467
1,14319,0.8540432481475504
1,14320,0.7724661374555967
1,14321,0.8266597652407427
1,14322,0.6542165157449366
1,14323,0.7662561046262065
1,14324,0.7769507125210474
1,14325,0.820006191844401
1,14326,0.7633437470303263
1,14327,0.7399908759700732
1,14328,0.7448819318556164
1,14329,0.8463036947518794
1,14330,0.8808072035916777
1,14331,0.8358353631452686
1,14332,0.8432480031648252
1,14333,0.8733483209456325
1,14334,0.7539579777370127
1,14335,0.5947470743695776
1,14336,0.6558932939942004
1,14337,0.8326603816237255
1,14338,0.8008504709944241
1,14339,0.8079957980560495
1,14340,0.8081477835566955
1,14341,0.8155303974160312
1,14342,0.7624227338330452
1,14343,0.6463412940997456
1,14344,0.9490871019699442
1,14345,0.9466196231077233
1,14346,0.7284641689979066
1,14347,0.6370657242045906
1,14348,0.8138987546415294
1,14349,0.7416616625887728
1,14350,0.8254430510635412
1,14351,0.7310490637207353
1,14352,0.8801021141538863
1,14353,0.7801970470424662
1,14354,0.7444723907148667
1,14355,0.680250694129883
1,14356,0.7957674099391693
1,14357,0.8487593151305031
1,14358,0.8575937800606354
1,14359,0.6989303901867024
1,14360,0.8071705077294133
1,14361,0.7762923586890703
1,14362,0.8517613433281536
1,14363,0.8867611471409559
1,14364,0.7576770727198784
1,14365,0.6833332213642703
1,14366,0.7763227197535504
1,14367,0.8492648150507806
1,14368,0.8717954696369168
1,14369,0.8529133106099138
1,14370,0.785954750808027
1,14371,0.7805969018322582
1,14372,0.7784455936078643
1,14373,0.7289756763931508
1,14374,0.7924472478236609
1,14375,0.8433506716682115
1,14376,0.8512618481029699
1,14377,0.6800923843360925
1,14378,0.787529748348503
1,14379,0.6665114267528705
1,14380,0.7887460603281987
1,14381,0.8290776032058913
1,14382,0.4591925262030836
1,14383,0.7622283665353592
1,14384,0.7608585249211846
1,14385,0.6641868542466394
1,14386,0.7796836148956604
1,14387,0.783808491579353
1,14388,0.7786654008969428
1,14389,0.5912927242546261
1,14390,0.8391795705902144
1,14391,0.8922949793167116
1,14392,0.9182924901338988
1,14393,0.81830615517275
1,14394,0.7808770534338149
1,14395,0.7923374148073921
1,14396,0.7690491294053338
1,14397,0.7269790597320969
1,14398,0.6656802219809943
1,14399,0.6613366288417745
1,14400,0.7027128332425433
1,14401,0.7617640823680756
1,14402,0.719061031637119
1,14403,0.7854332476862984
1,14404,0.8448776883382992
1,14405,0.8352506931167218
1,14406,0.6719216735833909
1,14407,0.6477457802368568
1,14408,0.7102369240969513
1,14409,0.7811358428075929
1,14410,0.41481185382457897
1,14411,0.6936504302394122
1,14412,0.7991085789455962
1,14413,0.6981461747439884
1,14414,0.7824730355283479
1,14415,0.6986557124182194
1,14416,0.6431125077908361
1,14417,0.7043500602564344
1,14418,0.6910934752322653
1,14419,0.8068221980686082
1,14420,0.8608684855636224
1,14421,0.8760901189298367
1,14422,0.545024265781121
1,14423,0.4965488874141984
1,14424,0.7200733747904423
1,14425,0.5751793786930356
1,14426,0.6643984873628905
1,14427,0.7494789832092501
1,14428,0.6998908591786323
1,14429,0.7107849162248907
1,14430,0.7136167740240439
1,14431,0.7145338882369128
1,14432,0.6722266796762603
1,14433,0.7473678455622683
1,14434,0.5692745270503831
1,14435,0.7292179385243321
1,14436,0.7710584320752096
1,14437,0.7657514829239356
1,14438,0.7536677659279362
1,14439,0.7434954613064098
1,14440,0.715341418822657
1,14441,0.7253299933123808
1,14442,0.6452092940620773
1,14443,0.6714481508290151
1,14444,0.7086528557028184
1,14445,0.9211619008802068
1,14446,0.6018797330310472
1,14447,0.6039054404773859
1,14448,0.6132179251750528
1,14449,0.8313876492682952
1,14450,0.8467268266682774
1,14451,0.6789526516618614
1,14452,0.7160574017863914
1,14453,0.5123396579320233
1,14454,0.8594882889469125
1,14455,0.8268064523391611
1,14456,0.8480317470599219
1,14457,0.8533292503395093
1,14458,0.707456640919974
1,14459,0.7421210756476203
1,14460,0.8356426147684134
1,14461,0.7329755540722566
1,14462,0.8298867223127384
1,14463,0.42015594142088003
1,14464,0.47181989923536183
1,14465,0.434604735860233
1,14466,0.5912541015997832
1,14467,0.8635172742666483
1,14468,0.8723334699877031
1,14469,0.7290655640799053
1,14470,0.601552916825919
1,14471,0.5571962664206631
1,14472,0.6031151002325282
1,14473,0.589375592565558
1,14474,0.6641397374896981
1,14475,0.6920023982469115
1,14476,0.7459181701992046
1,14477,0.7929475906362132
1,14478,0.6639851308121532
1,14479,0.6290513229774763
1,14480,0.7910593882916771
1,14481,0.8776209326427266
1,14482,0.8305433484891221
1,14483,0.8924341682200029
1,14484,0.8416220380823265
1,14485,0.8776112491635503
1,14486,0.5635190312546475
1,14487,0.7608265631225591
1,14488,0.7627942483468371
1,14489,0.7209082926989393
1,14490,0.7881640488005294
1,14491,0.8165257941677291
1,14492,0.7385529075024956
1,14493,0.6447886120230943
1,14494,0.5345691270603167
1,14495,0.8097565319862096
1,14496,0.7356208282540548
1,14497,0.7772302039542976
1,14498,0.8196614940972534
1,14499,0.7979827713982475
1,14500,0.5970957736327018
1,14501,0.46047595920947654
1,14502,0.6440961134244826
1,14503,0.6139995843024725
1,14504,0.8034860725900078
1,14505,0.7396672212336082
1,14506,0.7241461586907783
1,14507,0.7693017500153776
1,14508,0.6483430195698876
1,14509,0.9266537018314299
1,14510,0.8339481485578472
1,14511,0.6747128526166183
1,14512,0.6706636332560061
1,14513,0.6692825869122639
1,14514,0.6845182841785601
1,14515,0.741347262741083
1,14516,0.7141973448642678
1,14517,0.7510593207089749
1,14518,0.8784847844769296
1,14519,0.7745105826644489
1,14520,0.6442939108636356
1,14521,0.7346872128174728
1,14522,0.7354824367423571
1,14523,0.8931258955452044
1,14524,0.789117837316232
1,14525,0.7528338668095759
1,14526,0.7404347430243251
1,14527,0.42443228640240627
1,14528,0.7954137550777303
1,14529,0.5914485187368225
1,14530,0.6126500914855598
1,14531,0.6352115930535562
1,14532,0.6972923039737378
1,14533,0.748633958353076
1,14534,0.7014325345885648
1,14535,0.7874750472501207
1,14536,0.8074340563403964
1,14537,0.8644973499476959
1,14538,0.7110858876490606
1,14539,0.8228757255145912
1,14540,0.6831779851244975
1,14541,0.6987324064382665
1,14542,0.6477057590453721
1,14543,0.767869162555374
1,14544,0.7457652561711642
1,14545,0.8357378307968071
1,14546,0.8641666035150788
1,14547,0.7939245201058914
1,14548,0.785778780948553
1,14549,0.798961106496808
1,14550,0.8161577860553468
1,14551,0.7009557459613939
1,14552,0.8217778860379611
1,14553,0.8405339409521971
1,14554,0.7840755186548112
1,14555,0.8354285497839992
1,14556,0.5205576823893469
1,14557,0.6085997283815647
1,14558,0.6308724684668312
1,14559,0.665486478522407
1,14560,0.6407175451808542
1,14561,0.7493603345348787
1,14562,0.7136759326663902
1,14563,0.7864909759434399
1,14564,0.7027504021435468
1,14565,0.6074470202522115
1,14566,0.7405276803681934
1,14567,0.8097441754918925
1,14568,0.8448988403759204
1,14569,0.6708572860516453
1,14570,0.6619683460900498
1,14571,0.4029841932475587
1,14572,0.6881402814475451
1,14573,0.5474889365172986
1,14574,0.7183735293916169
1,14575,0.4323548997067153
1,14576,0.5283922262615548
1,14577,0.7968209084359553
1,14578,0.7843625367446944
1,14579,0.7161647194915245
1,14580,0.6544976932965028
1,14581,0.620694060205588
1,14582,0.7435413432135894
1,14583,0.7106064072149333
1,14584,0.6240871299733646
1,14585,0.7348645560773392
1,14586,0.9079250185309532
1,14587,0.8222125945924832
1,14588,0.8450823660125059
1,14589,0.87626733590634
1,14590,0.518146428460768
1,14591,0.8084998261965358
1,14592,0.5630190640145321
1,14593,0.7022214315419575
1,14594,0.8928145469278459
1,14595,0.8211908025245287
1,14596,0.9083730265696949
1,14597,0.8350085490874667
1,14598,0.8131758620255094
1,14599,0.7578430730427973
1,14600,0.8035240550326755
1,14601,0.7559702190304984
1,14602,0.8355716147865484
1,14603,0.6977802663865396
1,14604,0.7048671892753532
1,14605,0.8141984384019383
1,14606,0.8147530182111417
1,14607,0.7342480636333182
1,14608,0.6638781182554535
1,14609,0.7942079796459045
1,14610,0.6550962689779073
1,14611,0.7444433302704975
1,14612,0.767875616605573
1,14613,0.7462951342520283
1,14614,0.7092469809094596
1,14615,0.7868037413569084
1,14616,0.8016046091682606
1,14617,0.8613816928200255
1,14618,0.8622841859874687
1,14619,0.6309958625675584
1,14620,0.6278335902817331
1,14621,0.6409086173270799
1,14622,0.7412643289533499
1,14623,0.7852083749289664
1,14624,0.5173038211586547
1,14625,0.6101634909640441
1,14626,0.8150269990211924
1,14627,0.7563354805145716
1,14628,0.8178110210110224
1,14629,0.8179451843338906
1,14630,0.7186968449193366
1,14631,0.6827626628682056
1,14632,0.5317950953519948
1,14633,0.6540883302320356
1,14634,0.6800823080747046
1,14635,0.812410529501817
1,14636,0.6829153405054587
1,14637,0.7264368401208362
1,14638,0.9245133166000792
1,14639,0.7662290354615489
1,14640,0.8461722428329894
1,14641,0.7650952442920049
1,14642,0.6669029396672779
1,14643,0.6816755805629802
1,14644,0.6536115274634144
1,14645,0.7863637391741077
1,14646,0.7344751408847113
1,14647,0.8089590293183769
1,14648,0.6124067864782738
1,14649,0.6951474030122334
1,14650,0.6947896166179037
1,14651,0.620045662919635
1,14652,0.5737118963438881
1,14653,0.5130089690467986
1,14654,0.8477327905270857
1,14655,0.807223355706906
1,14656,0.6761631263798545
1,14657,0.6989551849141479
1,14658,0.6962428179791913
1,14659,0.7240120514214332
1,14660,0.665774551750503
1,14661,0.6750272241894963
1,14662,0.714178366525949
1,14663,0.7190933881297141
1,14664,0.6482753052264482
1,14665,0.5884896746742436
1,14666,0.6944052354046855
1,14667,0.7241840819195511
1,14668,0.8174506652089256
1,14669,0.8868345679508237
1,14670,0.5249611444479263
1,14671,0.8785846614261213
1,14672,0.8972423891047828
1,14673,0.910070626386789
1,14674,0.740783589761229
1,14675,0.7669291110585823
1,14676,0.6572369307769287
1,14677,0.6833580003810692
1,14678,0.7680528917623863
1,14679,0.8249518791247009
1,14680,0.64873868014228
1,14681,0.7101568533899432
1,14682,0.7680211089046151
1,14683,0.6932344647047588
1,14684,0.6701876718391236
1,14685,0.6830819733010409
1,14686,0.9439351741586381
1,14687,0.9099216981776127
1,14688,0.8430365819497537
1,14689,0.8122225082303302
1,14690,0.8006285101438867
1,14691,0.7491796243393366
1,14692,0.7061586907770819
1,14693,0.6653562592978242
1,14694,0.7468587271991157
1,14695,0.7983277717810666
1,14696,0.7208697834370917
1,14697,0.6836053027185538
1,14698,0.8275853894898925
1,14699,0.7616006300443727
1,14700,0.6603924240679034
1,14701,0.703373562333516
1,14702,0.6933794229366889
1,14703,0.5150623833167459
1,14704,0.8558927733818356
1,14705,0.8931023026641555
1,14706,0.8488395307711118
1,14707,0.8464749872728989
1,14708,0.7631960666820182
1,14709,0.715178875186091
1,14710,0.7088294893979304
1,14711,0.827997177598101
1,14712,0.8138070759766272
1,14713,0.7576587445318069
1,14714,0.7619236265664471
1,14715,0.8031488278054246
1,14716,0.7363970753177684
1,14717,0.7247728539636474
1,14718,0.6805504989310022
1,14719,0.6716561555770265
1,14720,0.7302101941872111
1,14721,0.6389075672300408
1,14722,0.8581165255427898
1,14723,0.8162977030684713
1,14724,0.7404620447622634
1,14725,0.6816630509105305
1,14726,0.684926927171846
1,14727,0.7634391755087836
1,14728,0.9093110970697158
1,14729,0.8213167482655218
1,14730,0.7768428963289303
1,14731,0.8262218042641398
1,14732,0.4987388681522957
1,14733,0.7860542079935993
1,14734,0.7472134918934907
1,14735,0.7869773828865673
1,14736,0.7294439614202817
1,14737,0.6265522148981452
1,14738,0.6220589103530019
1,14739,0.848550262946118
1,14740,0.778095301444689
1,14741,0.5144650623194656
1,14742,0.884232899600142
1,14743,0.6509703330564143
1,14744,0.6255295485713669
1,14745,0.5748913248227001
1,14746,0.6315461084038041
1,14747,0.6091456941375538
1,14748,0.5032465944142942
1,14749,0.8069609916404891
1,14750,0.8701204703262533
1,14751,0.7066130144312505
1,14752,0.7185476041607008
1,14753,0.7595406010490479
1,14754,0.7575139565861712
1,14755,0.7193108732240394
1,14756,0.611226396511058
1,14757,0.7664419225148585
1,14758,0.7225952222198084
1,14759,0.8074873877311132
1,14760,0.7281974285375215
1,14761,0.7685239573376902
1,14762,0.742078423683478
1,14763,0.7501786259154494
1,14764,0.5370472825940646
1,14765,0.6779517979741688
1,14766,0.5606717581498454
1,14767,0.60765977186286535
1,14768,0.7744519415240076
1,14769,0.8098870293802968
1,14770,0.7124371589164165
1,14771,0.8059792047295515
1,14772,0.6033293307952002
1,14773,0.8807784532328917
1,14774,0.7918456935239403
1,14775,0.5969267449846993
1,14776,0.6665179722334394
1,14777,0.8298547656715939
1,14778,0.657164847236316
1,14779,0.6306233636197714
1,14780,0.658164604638192
1,14781,0.8274566911184651
1,14782,0.7499426210034099
1,14783,0.7702196216395818
1,14784,0.8232131469380707
1,14785,0.6973565333390057
1,14786,0.715527204774069
1,14787,0.7336024729468043
1,14788,0.8363609413679859
1,14789,0.7932363223117329
1,14790,0.8897219556656332
1,14791,0.6043121672252555
1,14792,0.56463731142127
1,14793,0.6989519342218063
1,14794,0.7852789011245539
1,14795,0.886591330018092
1,14796,0.9018955291623567
1,14797,0.8425801463310097
1,14798,0.826293492644142
1,14799,0.7781179508416226
1,14800,0.7843143802925658
1,14801,0.759352887536373
1,14802,0.6588298004005754
1,14803,0.650140207391566
1,14804,0.5923420952164511
1,14805,0.5712438869303297
1,14806,0.6320518347579024
1,14807,0.9027502230063029
1,14808,0.5935482974579035
1,14809,0.7860436382622137
1,14810,0.6726408968124888
1,14811,0.8185744351505352
1,14812,0.6846955394342821
1,14813,0.634131485141123
1,14814,0.49298295067034875
1,14815,0.8545580555240642
1,14816,0.7991318035980268
1,14817,0.7378423335207972
1,14818,0.6608659316673073
1,14819,0.8501727969403517
1,14820,0.8831544287079642
1,14821,0.8382126972676176
1,14822,0.9275016793937388
1,14823,0.9290278472622918
1,14824,0.931934874113093
1,14825,0.6869958431232126
1,14826,0.7677650014997245
1,14827,0.7512000680657172
1,14828,0.7487933084712525
1,14829,0.6883252781977389
1,14830,0.8068529621992021
1,14831,0.6869227311633539
1,14832,0.7868363281624223
1,14833,0.7681030247300771
1,14834,0.7772873312514547
1,14835,0.7915909926002124
1,14836,0.8111208370209954
1,14837,0.8435099324384452
1,14838,0.7071479043769865
1,14839,0.7340402379042591
1,14840,0.5721129950390778
1,14841,0.8061782100865053
1,14842,0.7857261345226264
1,14843,0.7759124257803586
1,14844,0.7011595956837292
1,14845,0.8154804194082468
1,14846,0.7526430286313696
1,14847,0.6654016917795703
1,14848,0.7184910234588667
1,14849,0.6933591733301742
1,14850,0.6275746679665162
1,14851,0.7388551425815778
1,14852,0.6116325683629896
1,14853,0.7030366786954123
1,14854,0.7731714109870556
1,14855,0.7566612600382041
1,14856,0.8065038619754672
1,14857,0.7681818316169705
1,14858,0.7177548086396447
1,14859,0.8605822850703009
1,14860,0.8574428293230704
1,14861,0.8732581260785242
1,14862,0.6258559756719944
1,14863,0.7958122782217678
1,14864,0.7180530686879618
1,14865,0.8899692378281872
1,14866,0.8375465684648268
1,14867,0.5972532902031803
1,14868,0.7544087804431356
1,14869,0.7827259668745098
1,14870,0.7795004713616573
1,14871,0.8413426612321391
1,14872,0.5927526116153005
1,14873,0.7934119777375817
1,14874,0.6477297214845464
1,14875,0.8232283384933036
1,14876,0.8264936582913742
1,14877,0.6289473162958595
1,14878,0.7758874857377532
1,14879,0.8457109531659711
1,14880,0.8329973920993394
1,14881,0.7383753511452893
1,14882,0.8283687935680442
1,14883,0.7053448411227404
1,14884,0.7756654109186928
1,14885,0.8566444056825943
1,14886,0.8007861512332297
1,14887,0.8230393765738283
1,14888,0.7116628608827251
1,14889,0.821385893708274
1,14890,0.7398276225656953
1,14891,0.6278477671488369
1,14892,0.5332198820457239
1,14893,0.7376295611124496
1,14894,0.6944226945198061
1,14895,0.7509237523068121
1,14896,0.5146398015111546
1,14897,0.6835375741941851
1,14898,0.8116334106198003
1,14899,0.8634152471187787
1,14900,0.8829223762584963
1,14901,0.7536794889317009
1,14902,0.8548685990136038
1,14903,0.7543522937993484
1,14904,0.618218628180019
1,14905,0.7676480439677376
1,14906,0.8174505710088533
1,14907,0.6388879045831642
1,14908,0.8228762832470876
1,14909,0.8200736402840351
1,14910,0.7067351540514403
1,14911,0.6444942153068881
1,14912,0.644477360981159
1,14913,0.641049310633447
1,14914,0.6876277565645111
1,14915,0.6659903884945724
1,14916,0.7863289568710402
1,14917,0.8022274104317404
1,14918,0.8317507437192597
1,14919,0.8264254126210665
1,14920,0.7450177164486382
1,14921,0.8548378721101084
1,14922,0.6386935361325666
1,14923,0.8130684145380839
1,14924,0.7122548942410047
1,14925,0.7855256534923463
1,14926,0.4535720573691639
1,14927,0.8345260646574456
1,14928,0.8174290182409796
1,14929,0.8298695163100605
1,14930,0.7372819909945625
1,14931,0.742958257908397
1,14932,0.7814484762101328
1,14933,0.7879164579107828
1,14934,0.6784118939936216
1,14935,0.7278741863651794
1,14936,0.6350684836513979
1,14937,0.6909979041231897
1,14938,0.7504233222126615
1,14939,0.7683272566467841
1,14940,0.807398277750968
1,14941,0.8250159804770221
1,14942,0.8803259352415596
1,14943,0.529718706986176
1,14944,0.5395122268963066
1,14945,0.7143665377992292
1,14946,0.7927485935128085
1,14947,0.7687114087175624
1,14948,0.6675735780884062
1,14949,0.6090714592617701
1,14950,0.5527011854753974
1,14951,0.8005270264051774
1,14952,0.7585011267127006
1,14953,0.7739015993294184
1,14954,0.73173196311967
1,14955,0.7142462252114068
1,14956,0.7850729931454041
1,14957,0.5530494842799786
1,14958,0.6581743477926982
1,14959,0.6092021020243465
1,14960,0.5670857763711409
1,14961,0.7750591109232928
1,14962,0.7658086865463487
1,14963,0.6346949846189874
1,14964,0.8134118054551152
1,14965,0.7393142084049218
1,14966,0.522069348638011
1,14967,0.5863947130512407
1,14968,0.3884427776695375
1,14969,0.67692144449715
1,14970,0.7369198826514561
1,14971,0.871879881939285
1,14972,0.7835906944390569
1,14973,0.6298282093376742
1,14974,0.6822237811705402
1,14975,0.6815043526171464
1,14976,0.6070238927668952
1,14977,0.4941406000192364
1,14978,0.5694648976732144
1,14979,0.6461741573002683
1,14980,0.6396143817920005
1,14981,0.8528550339916334
1,14982,0.6491499809814019
1,14983,0.7054456415693083
1,14984,0.6049238388241671
1,14985,0.8030360819009913
1,14986,0.8302060947663137
1,14987,0.8941860789580377
1,14988,0.8671148299847831
1,14989,0.6942228761593288
1,14990,0.5636966145240048
1,14991,0.6357801208645608
1,14992,0.6787621547167851
1,14993,0.8764049626711211
1,14994,0.7345758471020948
1,14995,0.7391295358503145
1,14996,0.9052632567148939
1,14997,0.8671070942937293
1,14998,0.7998043279514693
1,14999,0.8660486521403505
1,15000,0.7619875138744716
0,1,0.5702949857018741
0,2,0.8160847205227937
0,3,0.6763887471683088
0,4,0.5999845241674098
0,5,0.586152055917947
0,6,0.6245279379049846
0,7,0.7201141046905636
0,8,0.7448299462196208
0,9,0.6457124625588111
0,10,0.614454370559736
0,11,0.5959060370581571
0,12,0.5085706476036158
0,13,0.7134386434003103
0,14,0.7125928345644891
0,15,0.653512437866236
0,16,0.6589229983557544
0,17,0.6921672678477181
0,18,0.6470922068485732
0,19,0.6342908873356738
0,20,0.5902654741711049
0,21,0.5747015109539879
0,22,0.6165855049192165
0,23,0.6905495973291751
0,24,0.6439694449154523
0,25,0.7935186375923459
0,26,0.4195249516385409
0,27,0.6194372130340368
0,28,0.3476100274553385
0,29,0.5976059295073741
0,30,0.509978722820117
0,31,0.38305572573783364
0,32,0.7209339512383568
0,33,0.6819265735206218
0,34,0.5588302002005605
0,35,0.8207015587885824
0,36,0.3010010237483443
0,37,0.8129084279181977
0,38,0.6226282157682962
0,39,0.677075797626354
0,40,0.7355050446782624
0,41,0.6540116506233709
0,42,0.7185058605809403
0,43,0.6404607251493577
0,44,0.6225549733754205
0,45,0.7170319203938106
0,46,0.609894123457773
0,47,0.6601551509992025
0,48,0.6209899956286054
0,49,0.4786709613946407
0,50,0.6462170018111072
0,51,0.7359500871793732
0,52,0.6249176517560547
0,53,0.42123430877802703
0,54,0.7145693110874203
0,55,0.6724073809340351
0,56,0.6151526771999045
0,57,0.7341139668713067
0,58,0.36956627952331683
0,59,0.7645743463815042
0,60,0.5720550596321498
0,61,0.5488783933548391
0,62,0.7042350185115089
0,63,0.6010700923004488
0,64,0.6167516952231059
0,65,0.7106191719536474
0,66,0.6715008679542401
0,67,0.5523593172843161
0,68,0.528987949941017
0,69,0.6522762228122438
0,70,0.6143937622572463
0,71,0.6698017485176547
0,72,0.6651845980327158
0,73,0.6669558038915648
0,74,0.7149533200368401
0,75,0.7512316614694343
0,76,0.6271274364345677
0,77,0.5676184076816974
0,78,0.5353532896627162
0,79,0.5930266547053235
0,80,0.7315474417502824
0,81,0.7614259760731196
0,82,0.7088314525898965
0,83,0.6702312635445711
0,84,0.6931657184053324
0,85,0.5190861809114654
0,86,0.560353273950964
0,87,0.8566661703823661
0,88,0.6103091246974136
0,89,0.7753338324883513
0,90,0.6839154330448753
0,91,0.7027051552322726
0,92,0.7034112713179015
0,93,0.7840243077477729
0,94,0.8391428937343545
0,95,0.8170871166458089
0,96,0.7908123378876118
0,97,0.552786890759338
0,98,0.6539553003552999
0,99,0.6940720444098634
0,100,0.6601200627312548
0,101,0.6766468555554559
0,102,0.7879674908011471
0,103,0.7102461205052882
0,104,0.579224047669305
0,105,0.6543926717081187
0,106,0.3864815894688625
0,107,0.7828064218341337
0,108,0.8226669409710604
0,109,0.6125763892373747
0,110,0.7440596591818756
0,111,0.6362290224103015
0,112,0.8871441408168762
0,113,0.47722623348880594
0,114,0.809520770501581
0,115,0.6136081721995453
0,116,0.44293487812273463
0,117,0.5142535413218906
0,118,0.7653287481105145
0,119,0.6117643501928096
0,120,0.7668924042363465
0,121,0.6187558836414714
0,122,0.7594407129323977
0,123,0.46442432943543954
0,124,0.7224614200479031
0,125,0.6413585574869108
0,126,0.5124127604300156
0,127,0.8025670714693265
0,128,0.6068280783878935
0,129,0.7635391780843853
0,130,0.5825735304790653
0,131,0.6332541672885922
0,132,0.750721002307439
0,133,0.7263308079671548
0,134,0.45349030262272577
0,135,0.48140086898303275
0,136,0.4912007438090367
0,137,0.8154877431592406
0,138,0.5043606533393657
0,139,0.6887779834233356
0,140,0.6432345939928776
0,141,0.8064968073667804
0,142,0.7896825539022935
0,143,0.7716762979810585
0,144,0.6100598485407751
0,145,0.6795200302821638
0,146,0.5735129005592824
0,147,0.7479172925703698
0,148,0.5094049262180126
0,149,0.7478795134846332
0,150,0.6669630878806148
0,151,0.6786735611616161
0,152,0.6142006756567688
0,153,0.5412579782747761
0,154,0.7411696778027943
0,155,0.5836422251046092
0,156,0.7391723663289576
0,157,0.7344162472031279
0,158,0.34644055734689666
0,159,0.6009662233312754
0,160,0.7615167360314152
0,161,0.6271058732744924
0,162,0.6949374598042044
0,163,0.7471948945350001
0,164,0.7856872708434011
0,165,0.5477990918323671
0,166,0.6823271052491435
0,167,0.6540164915693144
0,168,0.8361364821316479
0,169,0.7268231868754692
0,170,0.6779489541207355
0,171,0.5925459637239935
0,172,0.7820943561852991
0,173,0.7380975216224392
0,174,0.7440504263349017
0,175,0.630972401615844
0,176,0.6614826634559025
0,177,0.7773361585702184
0,178,0.7665543560508908
0,179,0.4889852155548497
0,180,0.7566444101159818
0,181,0.7748235541077532
0,182,0.5093932126776697
0,183,0.677764262909589
0,184,0.7101588316580906
0,185,0.708951714301092
0,186,0.75319776141202
0,187,0.5707854840517573
0,188,0.8513082855721864
0,189,0.7266103880724586
0,190,0.6999884061734754
0,191,0.598966776153191
0,192,0.4449827910104671
0,193,0.39019143510443116
0,194,0.4576562116774211
0,195,0.5156845454321465
0,196,0.764731469642573
0,197,0.7576714346768068
0,198,0.7283084859496088
0,199,0.6633317459246395
0,200,0.7382994495797416
0,201,0.7573393487574915
0,202,0.824026287087779
0,203,0.6362588058594555
0,204,0.5238956269849219
0,205,0.6016997350209241
0,206,0.762206992303241
0,207,0.6860373008518253
0,208,0.6237960728467992
0,209,0.8158742688836258
0,210,0.53531998613999
0,211,0.4018928636300896
0,212,0.7995368905933948
0,213,0.5211979590836017
0,214,0.5645266286843973
0,215,0.5554588357950486
0,216,0.6278184281617161
0,217,0.762969379921707
0,218,0.6782442340897746
0,219,0.6190943043620694
0,220,0.6155062323641608
0,221,0.7033176368353165
0,222,0.5862128513721429
0,223,0.6203305163085246
0,224,0.7292534310398786
0,225,0.7689488484937126
0,226,0.5931711453955176
0,227,0.5125867768733865
0,228,0.5693495988100434
0,229,0.8154677025763963
0,230,0.6187266225232729
0,231,0.37165464810699633
0,232,0.6564410326235767
0,233,0.8127097884477723
0,234,0.7430439438054559
0,235,0.38293052132075556
0,236,0.25915527668706273
0,237,0.6787271381366696
0,238,0.5587831323244355
0,239,0.6049602638660494
0,240,0.6078414928206086
0,241,0.70558345329446
0,242,0.6286225037035477
0,243,0.6969436866234516
0,244,0.6300692570110794
0,245,0.6672813050095128
0,246,0.7158413192255813
0,247,0.5863162870865931
0,248,0.8586391308858465
0,249,0.7706011915457885
0,250,0.7774409205793096
0,251,0.8610333628278214
0,252,0.8023745116452977
0,253,0.7465654781871806
0,254,0.6723731429020389
0,255,0.7819785442721533
0,256,0.762988263424514
0,257,0.560358423049305
0,258,0.6110931676768232
0,259,0.6795695165073236
0,260,0.6903873753559748
0,261,0.7145568415916287
0,262,0.7961331231680171
0,263,0.8501928511247718
0,264,0.6524520774222236
0,265,0.8162416883081898
0,266,0.6289233183150212
0,267,0.6935309613903341
0,268,0.7023701268562647
0,269,0.6065119742076194
0,270,0.6951472709248561
0,271,0.6713587796642334
0,272,0.7442866895804073
0,273,0.7375956303971103
0,274,0.5541854940702706
0,275,0.5448276765488862
0,276,0.8144534852042613
0,277,0.7633183132162263
0,278,0.7997784308413385
0,279,0.6183464072997704
0,280,0.693464961148772
0,281,0.6265317462212289
0,282,0.5944691903580848
0,283,0.802478514467807
0,284,0.7596744469276216
0,285,0.5203097497214774
0,286,0.6788079258025358
0,287,0.5669787973505467
0,288,0.6949656126520926
0,289,0.6770336089506638
0,290,0.7642379823036924
0,291,0.8947276975974413
0,292,0.9206898463799645
0,293,0.9421547466940444
0,294,0.6434592267923003
0,295,0.5574575291469777
0,296,0.679033818144614
0,297,0.6211163994515754
0,298,0.4273041187171047
0,299,0.738667285372243
0,300,0.7785213554416246
0,301,0.6872219620762685
0,302,0.7901788722277168
0,303,0.7543693586789199
0,304,0.7252714667517599
0,305,0.718423500841534
0,306,0.5383334054527941
0,307,0.5765991415773289
0,308,0.6211778666862676
0,309,0.5919918531631474
0,310,0.5489479362593338
0,311,0.6610235115811285
0,312,0.6694475396431396
0,313,0.6212227736553537
0,314,0.7047481195471028
0,315,0.6498922670670709
0,316,0.7136914194421171
0,317,0.6353345610217769
0,318,0.678733505367928
0,319,0.6265545013546363
0,320,0.6169524304312766
0,321,0.6716688935257263
0,322,0.7424288804979556
0,323,0.41145940334337305
0,324,0.6777628576591231
0,325,0.6596892670237231
0,326,0.7534370425629358
0,327,0.7194776380427131
0,328,0.7506499364769703
0,329,0.30783295047651354
0,330,0.7777851364776927
0,331,0.7748085861149786
0,332,0.7562696592982109
0,333,0.4593537511841016
0,334,0.6744921350774683
0,335,0.7483941140957185
0,336,0.8219230074908415
0,337,0.8109426666892594
0,338,0.8253417742740857
0,339,0.7881858591686596
0,340,0.5746766651653613
0,341,0.715705897280812
0,342,0.6184706889266811
0,343,0.6627112177059348
0,344,0.4758291027861325
0,345,0.5030262543015466
0,346,0.6083033072263337
0,347,0.9180226682782917
0,348,0.8072320826310463
0,349,0.8685777782841305
0,350,0.7075423158979132
0,351,0.607758578431209
0,352,0.6298856773630577
0,353,0.6526784327152101
0,354,0.6395509018998622
0,355,0.6284533858329786
0,356,0.7158195832859205
0,357,0.739807707199909
0,358,0.6461252959319781
0,359,0.6189570548391395
0,360,0.7235663501327387
0,361,0.594590648315348
0,362,0.7651168499974438
0,363,0.4791711630899395
0,364,0.7848412943216047
0,365,0.7017241176573993
0,366,0.7573511133804236
0,367,0.6726965696264143
0,368,0.4913865734853089
0,369,0.7331221148402732
0,370,0.7130390488617419
0,371,0.7258641451319952
0,372,0.683650033439612
0,373,0.6648645305743676
0,374,0.6729312242950216
0,375,0.6623958552627695
0,376,0.7137880988627725
0,377,0.8061714933830028
0,378,0.5863471949417982
0,379,0.4611627373564537
0,380,0.5773952003930843
0,381,0.7680729184045344
0,382,0.5904591595670794
0,383,0.6422044077381162
0,384,0.5780026628545809
0,385,0.6047709239381911
0,386,0.6026197839839419
0,387,0.4990342427999297
0,388,0.7024240071033412
0,389,0.5400523041244585
0,390,0.7386274403358412
0,391,0.5892138417110933
0,392,0.8168777521076608
0,393,0.7436424193555022
0,394,0.5672731549186657
0,395,0.7207276940202147
0,396,0.5880773342995097
0,397,0.6999894148175148
0,398,0.5767073015170551
0,399,0.8080339360844779
0,400,0.7572291889253767
0,401,0.7555955385906771
0,402,0.6694167598091378
0,403,0.7220606092129915
0,404,0.68942788563119894
0,405,0.7538706609710122
0,406,0.8412891931607227
0,407,0.6340985576605848
0,408,0.7740891433908424
0,409,0.7405016250917783
0,410,0.6691113227888201
0,411,0.6543378928749753
0,412,0.7703618897191675
0,413,0.7884627456992137
0,414,0.7163947439760738
0,415,0.43134717189736527
0,416,0.7525569489556825
0,417,0.7617755862359175
0,418,0.5375124167245893
0,419,0.7563058006229247
0,420,0.6337400331813083
0,421,0.7043248904773882
0,422,0.6325245579216424
0,423,0.4692129747402888
0,424,0.711338554405953
0,425,0.7396789545903069
0,426,0.9478633042072303
0,427,0.9481365028248027
0,428,0.32238992490510093
0,429,0.5710971854965603
0,430,0.4539000238492725
0,431,0.5032483740914862
0,432,0.48943660964329583
0,433,0.5167043361520932
0,434,0.825640364231148
0,435,0.48424123733808355
0,436,0.43978686174790654
0,437,0.4882539553322677
0,438,0.47017289470816814
0,439,0.6911116426802354
0,440,0.4764425465089714
0,441,0.5781146247367159
0,442,0.5243521989014316
0,443,0.6609702843200815
0,444,0.6284149637635529
0,445,0.5764221834656925
0,446,0.5254714414216658
0,447,0.4808468549912034
0,448,0.8537872623573552
0,449,0.7527065195928736
0,450,0.7614615223679932
0,451,0.6669722884720221
0,452,0.69571476810619
0,453,0.7374361447445897
0,454,0.5925962749536356
0,455,0.787581595681867
0,456,0.6976237524498247
0,457,0.74136290120205806
0,458,0.6394416594093018
0,459,0.6577192628992209
0,460,0.7036922020561214
0,461,0.5554552812538303
0,462,0.7089947669146518
0,463,0.547134857231244
0,464,0.7985330344979444
0,465,0.752862237852444
0,466,0.4205713485862467
0,467,0.6503835496343788
0,468,0.5440185833875701
0,469,0.7030828330893258
0,470,0.7006829671922846
0,471,0.6553378366645174
0,472,0.5642096893416626
0,473,0.6513286121188973
0,474,0.6447845500728503
0,475,0.6823199208079693
0,476,0.7687303474434979
0,477,0.770735362469243
0,478,0.6759788378832183
0,479,0.5675110423342856
0,480,0.6685618789536553
0,481,0.8086091723842087
0,482,0.841537732911479
0,483,0.6120513055904578
0,484,0.8330597211364288
0,485,0.6615810550671508
0,486,0.7203251256409117
0,487,0.4351494556226699
0,488,0.7618092128695871
0,489,0.6139555100187106
0,490,0.5218147573814287
0,491,0.6192902971358167
0,492,0.6206344883096421
0,493,0.7707202727396041
0,494,0.5858620065819989
0,495,0.6814552865883533
0,496,0.7020879122624946
0,497,0.6858604219542827
0,498,0.6411481446496742
0,499,0.7954829325736645
0,500,0.6701694861996867
0,501,0.6818093949789542
0,502,0.7750970047103067
0,503,0.7354581622064121
0,504,0.3629015692954283
0,505,0.7687186136535298
0,506,0.812058060264613
0,507,0.7052138764218076
0,508,0.7119628065705144
0,509,0.537806004510449
0,510,0.3629981155637441
0,511,0.6031520300829489
0,512,0.8051985335434737
0,513,0.5986839258801666
0,514,0.6778861114918306
0,515,0.7266090167045707
0,516,0.7263159007349147
0,517,0.6377691414932082
0,518,0.7657987744898908
0,519,0.7518327676305204
0,520,0.7434149535417713
0,521,0.45940338242590095
0,522,0.6926240846223053
0,523,0.6096469612691489
0,524,0.7209749210226818
0,525,0.8101832320006166
0,526,0.708213681720327
0,527,0.5222137828254568
0,528,0.6167960222162184
0,529,0.6152480647392703
0,530,0.6578100620501764
0,531,0.41968805491765016
0,532,0.5764134716720851
0,533,0.6976187367526849
0,534,0.6543692362275941
0,535,0.6523080781745626
0,536,0.6581429712224958
0,537,0.6565781993472264
0,538,0.657059832269296
0,539,0.682232627256086
0,540,0.744251417388738
0,541,0.6294300923253004
0,542,0.7782142499294064
0,543,0.744426916752211
0,544,0.5174751765785182
0,545,0.6572660432065585
0,546,0.5569403510605979
0,547,0.6528132355733557
0,548,0.5119277750947392
0,549,0.5414897995526154
0,550,0.6406435219896666
0,551,0.635740131297557
0,552,0.5212111520791733
0,553,0.5322648117100678
0,554,0.4778448800104778
0,555,0.5728883896408796
0,556,0.5488618471324234
0,557,0.6621576692114501
0,558,0.6937720441942727
0,559,0.6768928548276149
0,560,0.7510082053568361
0,561,0.6210231979342963
0,562,0.6531802112880132
0,563,0.7255372976488969
0,564,0.5461085270383981
0,565,0.49247755549721334
0,566,0.7341238516536962
0,567,0.7956198009059879
0,568,0.3972990716701743
0,569,0.4308527983420423
0,570,0.6359586932790939
0,571,0.7542652201285056
0,572,0.6888034542214209
0,573,0.630979692399484
0,574,0.5390665511837982
0,575,0.4028978528381462
0,576,0.4065129893246093
0,577,0.3943946304439892
0,578,0.6773467222576106
0,579,0.5475133361926533
0,580,0.7366662752290617
0,581,0.7558783124665182
0,582,0.8399947733166782
0,583,0.3134327405759865
0,584,0.48015068327247823
0,585,0.5925377758248678
0,586,0.7268678962384509
0,587,0.6715836221624766
0,588,0.5795084425256968
0,589,0.670088093468122
0,590,0.569821310516875
0,591,0.6650281683592835
0,592,0.8096357433069664
0,593,0.6540590222288905
0,594,0.8036417896191836
0,595,0.5547128816718057
0,596,0.5666730422412434
0,597,0.7068099572080226
0,598,0.6256142984956671
0,599,0.6723210115488282
0,600,0.7507370886825645
0,601,0.5418860802760953
0,602,0.6639717373941793
0,603,0.6816967218020592
0,604,0.8141037961384682
0,605,0.7358128905917098
0,606,0.6439506812113732
0,607,0.6973275154931744
0,608,0.7368713332174948
0,609,0.558063478135373
0,610,0.6500253067563263
0,611,0.6501375122323951
0,612,0.7990551329900714
0,613,0.4061443638331917
0,614,0.6841959407507786
0,615,0.6013490971154227
0,616,0.4382734399865685
0,617,0.49464035057853956
0,618,0.6672538798470163
0,619,0.8492647737317918
0,620,0.6610805778114183
0,621,0.7963703665386854
0,622,0.45974032973526996
0,623,0.7687435656850921
0,624,0.5546351757666343
0,625,0.6495996087902858
0,626,0.6930949503351698
0,627,0.5284517456500095
0,628,0.6699126511176875
0,629,0.5064320250569673
0,630,0.4322715211291509
0,631,0.49842261863515575
0,632,0.5592817786330128
0,633,0.5749476924564122
0,634,0.6319441610217601
0,635,0.5453226883112888
0,636,0.7206005581600807
0,637,0.38681144734900363
0,638,0.7239270733922276
0,639,0.7443884545405451
0,640,0.7321736776353478
0,641,0.6287709176388755
0,642,0.7892039771084359
0,643,0.5580167877708702
0,644,0.4536058139188627
0,645,0.4531171018280131
0,646,0.7433820821396591
0,647,0.7156740845277836
0,648,0.6163639499823891
0,649,0.4973529318995274
0,650,0.8187676311855544
0,651,0.3981766075879727
0,652,0.6714148844589081
0,653,0.6410513749083072
0,654,0.6318238112794536
0,655,0.7014281636744236
0,656,0.6914811570591124
0,657,0.4995236241683109
0,658,0.7807107438974047
0,659,0.6595692386168005
0,660,0.7009456588546733
0,661,0.6861927115321718
0,662,0.7457131367506104
0,663,0.4252125555145221
0,664,0.5059088931080843
0,665,0.6075061152811422
0,666,0.7466395173979244
0,667,0.6399441506585865
0,668,0.7315667277909123
0,669,0.6785804929444669
0,670,0.8346142500585422
0,671,0.6184894542604196
0,672,0.5159123618638741
0,673,0.6216198043223905
0,674,0.5151348461891494
0,675,0.5708564989273642
0,676,0.5702572132896748
0,677,0.678890016435061
0,678,0.5571118372962888
0,679,0.7651733363473062
0,680,0.7416650739803922
0,681,0.6314960348775971
0,682,0.5758289078880285
0,683,0.5207838887385373
0,684,0.5190731799830259
0,685,0.4534202901138589
0,686,0.6292771825931777
0,687,0.5406674706697063
0,688,0.6806303877530301
0,689,0.6162866009639202
0,690,0.6919899263381619
0,691,0.5283517880572461
0,692,0.7723806433407789
0,693,0.8142869954470702
0,694,0.6254336057986084
0,695,0.5045961153158193
0,696,0.4919253390028949
0,697,0.5109805824302716
0,698,0.6352161804702257
0,699,0.6931719654368926
0,700,0.535839948514167
0,701,0.6001079000104155
0,702,0.7916654489924798
0,703,0.7661607059873344
0,704,0.6303461260717484
0,705,0.7619118899486355
0,706,0.8223836936490667
0,707,0.6742736478911833
0,708,0.6030670828530467
0,709,0.7001450692779403
0,710,0.6469757176422712
0,711,0.7102942347866127
0,712,0.4269860192166415
0,713,0.7510331953387571
0,714,0.6634022229633724
0,715,0.61559115186231
0,716,0.6135579894752485
0,717,0.7053958050323619
0,718,0.6656875263101385
0,719,0.7071376488528129
0,720,0.6339158336294829
0,721,0.7439760922057601
0,722,0.755594672170808
0,723,0.6790738794858231
0,724,0.6087670769371729
0,725,0.6739501528388436
0,726,0.6138996681701214
0,727,0.7812790936790444
0,728,0.6775480818839466
0,729,0.8501505589686746
0,730,0.928162269880116
0,731,0.5231114598537469
0,732,0.8119429615339175
0,733,0.8863208027661027
0,734,0.8071644418826692
0,735,0.6987054699320605
0,736,0.7444059515445361
0,737,0.7465233893184919
0,738,0.746554470111101
0,739,0.7105515597672265
0,740,0.6551612326761714
0,741,0.693844984809125
0,742,0.6791889603321594
0,743,0.6781027442248043
0,744,0.6584963239805718
0,745,0.7449655324333695
0,746,0.3609290458172072
0,747,0.7054445038248535
0,748,0.7126047389705504
0,749,0.7689234925389166
0,750,0.6890878912688866
0,751,0.8086307211526622
0,752,0.19051780700619456
0,753,0.816663280954472
0,754,0.5381950912203569
0,755,0.8014395707006485
0,756,0.7708914053677356
0,757,0.704482030312754
0,758,0.701551379347567
0,759,0.7913767517601776
0,760,0.8415131701520617
0,761,0.6314143229747934
0,762,0.7479253718519189
0,763,0.6764872776891176
0,764,0.5528701389833717
0,765,0.7812657392203012
0,766,0.6803342358949889
0,767,0.7422464242829324
0,768,0.750823485606752
0,769,0.6515094593851309
0,770,0.5530116558750106
0,771,0.6448474895214563
0,772,0.6153115546240581
0,773,0.6516929203182971
0,774,0.76765953815505406
0,775,0.8134426350315163
0,776,0.8095103033526883
0,777,0.6326820862064413
0,778,0.6510518977298222
0,779,0.8180196444336507
0,780,0.6459705777280375
0,781,0.7195119578833846
0,782,0.6975728363619944
0,783,0.7937062554827446
0,784,0.6965506526670274
0,785,0.5553104147932322
0,786,0.6290225485332291
0,787,0.5647321379418669
0,788,0.6960285912956674
0,789,0.4400836142412463
0,790,0.6802666961348677
0,791,0.770176812894846
0,792,0.5972101482515517
0,793,0.727505807694835
0,794,0.6038613997803077
0,795,0.5386938436519153
0,796,0.6977348822942591
0,797,0.5780021664804942
0,798,0.7793301379611732
0,799,0.5968646798019146
0,800,0.634009797688313
0,801,0.718281946742009
0,802,0.5646939286018766
0,803,0.5952867450750144
0,804,0.5621163021395713
0,805,0.7333793411894003
0,806,0.7382919708973195
0,807,0.7099431462037791
0,808,0.732582206950375
0,809,0.7108842502350838
0,810,0.6772681631813008
0,811,0.6728684310821768
0,812,0.7091035342442172
0,813,0.8390481747247386
0,814,0.8511079074066571
0,815,0.6427671493649204
0,816,0.7739928908216164
0,817,0.5805170048240222
0,818,0.6757747480229374
0,819,0.7092014495087031
0,820,0.5917373794824876
0,821,0.7837825737076672
0,822,0.7762909814757505
0,823,0.38541996912554594
0,824,0.7945597651563835
0,825,0.8429323142324546
0,826,0.6821393981920252
0,827,0.5740621104798036
0,828,0.6504173516546973
0,829,0.5736125234012774
0,830,0.7592086602048742
0,831,0.4823346204765232
0,832,0.6891490591403705
0,833,0.7119849505913334
0,834,0.5719587723606204
0,835,0.7513636657024849
0,836,0.7292317695032654
0,837,0.7038921975264857
0,838,0.7766716279743302
0,839,0.816612415449753
0,840,0.7088138118091262
0,841,0.686186942105712
0,842,0.5222001756988323
0,843,0.7768096670463176
0,844,0.5508323702986127
0,845,0.6896642177373707
0,846,0.902940232676047
0,847,0.8788885300935565
0,848,0.4720869761836588
0,849,0.5842205272722558
0,850,0.6679657380249402
0,851,0.6959799172735996
0,852,0.6477142422220789
0,853,0.497107193032972
0,854,0.442767588092838
0,855,0.6588188327756732
0,856,0.7165150464255646
0,857,0.7271861461240607
0,858,0.6144531967608684
0,859,0.718193295966858
0,860,0.6072233609907076
0,861,0.7132529505028985
0,862,0.5384904348417245
0,863,0.6773078728847151
0,864,0.7308492136165883
0,865,0.5955686710277797
0,866,0.6501290054109666
0,867,0.7010793581246877
0,868,0.584540825457079
0,869,0.6178685051249804
0,870,0.6613366419350126
0,871,0.6983974511372063
0,872,0.846569802527526
0,873,0.5717058360582126
0,874,0.6817413119002557
0,875,0.6724670301276813
0,876,0.7769115110899344
0,877,0.5558988076790095
0,878,0.5719708384956482
0,879,0.5932839762345299
0,880,0.691119695449937
0,881,0.6282483138769923
0,882,0.7763988351596063
0,883,0.8519071691771967
0,884,0.7883122133571533
0,885,0.69596449567439
0,886,0.49527577410773305
0,887,0.5567504920309121
0,888,0.5565454594873941
0,889,0.7754405705076403
0,890,0.47508232206555284
0,891,0.7458515942812028
0,892,0.6700382725826806
0,893,0.7322760478289415
0,894,0.8263333749631308
0,895,0.5483101885559505
0,896,0.8118478053903234
0,897,0.5826234868514866
0,898,0.736304726191339
0,899,0.7937737083095611
0,900,0.6776871509885687
0,901,0.7388823157820811
0,902,0.5895635225021187
0,903,0.7106969601672406
0,904,0.6175286904430768
0,905,0.6416778755554304
0,906,0.5327903581190683
0,907,0.6357068147996052
0,908,0.503371484198848
0,909,0.5159311138941152
0,910,0.5312456960839417
0,911,0.9174144705312384
0,912,0.9008458207473911
0,913,0.5996723904778174
0,914,0.6738842058285464
0,915,0.4996399975449048
0,916,0.7572128374176845
0,917,0.6448301445910744
0,918,0.5822447135136516
0,919,0.7464389903708121
0,920,0.42430181624901486
0,921,0.7337025230084733
0,922,0.7474598555587633
0,923,0.7070967528139641
0,924,0.713119541465985
0,925,0.5380907159763293
0,926,0.7208594032530818
0,927,0.6385337186630821
0,928,0.5634608790482444
0,929,0.7677754358694424
0,930,0.6984267139072909
0,931,0.7000246275784048
0,932,0.6106340024600585
0,933,0.6779147968422001
0,934,0.700370086560907
0,935,0.6792162019007785
0,936,0.5831930858956746
0,937,0.6289665272214388
0,938,0.6403104135274076
0,939,0.5332876832219979
0,940,0.43090541919020825
0,941,0.7776168469284065
0,942,0.7990536146676392
0,943,0.7270199693054388
0,944,0.3215468483714117
0,945,0.7646986952134487
0,946,0.5018848069740234
0,947,0.6669992888103858
0,948,0.5780893683247712
0,949,0.4439570804194021
0,950,0.6430705129995061
0,951,0.5823569241401205
0,952,0.7937618001344647
0,953,0.5134918905800232
0,954,0.6185273293208627
0,955,0.590138242664248
0,956,0.7728872413354023
0,957,0.6360850253394431
0,958,0.6514365358893718
0,959,0.5858617342491798
0,960,0.7732700982017151
0,961,0.6449102051968213
0,962,0.7159344969321665
0,963,0.642759828403878
0,964,0.7103324500484092
0,965,0.6958697970159774
0,966,0.7905689496771823
0,967,0.7490766882023352
0,968,0.4824270089536216
0,969,0.39268121034154163
0,970,0.6233341775725232
0,971,0.7796087078793495
0,972,0.6414088582882962
0,973,0.6140314448757198
0,974,0.6783474051734244
0,975,0.6865311081460763
0,976,0.7213615499358418
0,977,0.6038476155583631
0,978,0.6456472883417466
0,979,0.6287323727197476
0,980,0.6992421832308935
0,981,0.5573726355509973
0,982,0.6887029099069881
0,983,0.6356751969289682
0,984,0.4608514602404468
0,985,0.6731639460726861
0,986,0.5737668125540354
0,987,0.778164865157411
0,988,0.8211104574178066
0,989,0.776478779491156
0,990,0.6826037943103945
0,991,0.43574438530024423
0,992,0.5884081645385957
0,993,0.828915127072252
0,994,0.672578599032988
0,995,0.6581344632240325
0,996,0.7951267457432138
0,997,0.7597341470989024
0,998,0.783511035925655
0,999,0.5479637402821266
0,1000,0.871307241703634
0,1001,0.8172701603003678
0,1002,0.5792212677246827
0,1003,0.5196793112089496
0,1004,0.5546610646151849
0,1005,0.6799090544318686
0,1006,0.6225974729735101
0,1007,0.7022813226565352
0,1008,0.6860181220600856
0,1009,0.7324861765098976
0,1010,0.6883498763133142
0,1011,0.6761725825967179
0,1012,0.5657608291009036
0,1013,0.6654694582375412
0,1014,0.5554238960577539
0,1015,0.6377590681882948
0,1016,0.5871298800026042
0,1017,0.7218319951171507
0,1018,0.3284536133219089
0,1019,0.5091815630709711
0,1020,0.8214868832347432
0,1021,0.6468560330511803
0,1022,0.6568365437145034
0,1023,0.6603605972790882
0,1024,0.7538851179757792
0,1025,0.7339854183622471
0,1026,0.546670683675873
0,1027,0.6656332001151113
0,1028,0.6458560573413865
0,1029,0.6148747547145512
0,1030,0.6288667737527199
0,1031,0.5785931884905803
0,1032,0.7239814751536859
0,1033,0.5407994615124035
0,1034,0.540710266652722
0,1035,0.6962141405554306
0,1036,0.6574569343255855
0,1037,0.5496474252395699
0,1038,0.5798759824890151
0,1039,0.6109643716677257
0,1040,0.7232758205155012
0,1041,0.5201494965346298
0,1042,0.6486765104459938
0,1043,0.6219400704957838
0,1044,0.697108505764005
0,1045,0.782129232851545
0,1046,0.7502702442158729
0,1047,0.7112724404736125
0,1048,0.326601386748151
0,1049,0.6695968324093429
0,1050,0.5505200624104838
0,1051,0.590878830224637
0,1052,0.6135643065977321
0,1053,0.5496863478553807
0,1054,0.5872783736271193
0,1055,0.7618392235003953
0,1056,0.804308951835829
0,1057,0.8291658524826339
0,1058,0.5347024309211285
0,1059,0.6316982846473352
0,1060,0.7919185930044658
0,1061,0.5509016967775826
0,1062,0.7728630698327552
0,1063,0.6826669819654345
0,1064,0.6507174625827861
0,1065,0.7448379447917401
0,1066,0.6298313764228479
0,1067,0.7871067146145648
0,1068,0.6986796867202839
0,1069,0.663246672779072
0,1070,0.6795368564082198
0,1071,0.6219647312444139
0,1072,0.6762389818702129
0,1073,0.6720103839258735
0,1074,0.671066312502326
0,1075,0.6848537912553695
0,1076,0.5944627750328005
0,1077,0.72132188683451115
0,1078,0.7614027849869063
0,1079,0.7212603164888975
0,1080,0.7027372687989781
0,1081,0.6167510828021538
0,1082,0.6668592277387555
0,1083,0.6362740045498202
0,1084,0.6386763808243666
0,1085,0.6844410832245376
0,1086,0.6372418546019751
0,1087,0.761236885491756
0,1088,0.6587345436670532
0,1089,0.7492936743595887
0,1090,0.6111602402731408
0,1091,0.7037356953454115
0,1092,0.7443141057052789
0,1093,0.7399174693786049
0,1094,0.6612019197551013
0,1095,0.6132886673289858
0,1096,0.7816475442855696
0,1097,0.7682841630060794
0,1098,0.7372876258306611
0,1099,0.664628771657967
0,1100,0.6139025596658718
0,1101,0.45973835522322976
0,1102,0.6733584576829774
0,1103,0.6861103765589065
0,1104,0.7083129941618659
0,1105,0.6209836355182173
0,1106,0.6260561656473287
0,1107,0.7856814035664137
0,1108,0.6520868678411987
0,1109,0.726267508487818
0,1110,0.666211072801556
0,1111,0.573105241631441
0,1112,0.6770145362792793
0,1113,0.581972732831889
0,1114,0.519107494789836
0,1115,0.5757059335055084
0,1116,0.6931447163244012
0,1117,0.7746258371826981
0,1118,0.742703957705778
0,1119,0.5837000378005165
0,1120,0.7463772122806237
0,1121,0.6066859249198188
0,1122,0.7752182458370135
0,1123,0.6054854777298089
0,1124,0.6842442296004917
0,1125,0.5859873096962521
0,1126,0.5385607184424778
0,1127,0.4842730712398102
0,1128,0.5208979015927377
0,1129,0.7101278985014049
0,1130,0.7771471122335005
0,1131,0.6734240103511744
0,1132,0.9239948082877848
0,1133,0.8043723011505223
0,1134,0.7120139810455324
0,1135,0.5895964283833068
0,1136,0.6421105864006726
0,1137,0.6652540853941652
0,1138,0.4958741649568978
0,1139,0.41648248280713285
0,1140,0.7280626585828776
0,1141,0.7790400193584581
0,1142,0.5799559306889329
0,1143,0.7700569829113134
0,1144,0.770914039169488
0,1145,0.8934927557704533
0,1146,0.9441928710374227
0,1147,0.6546824876324197
0,1148,0.66799922524543065
0,1149,0.6395899577118803
0,1150,0.6693043550866272
0,1151,0.6264620172761785
0,1152,0.37225418693846
0,1153,0.5106743653662416
0,1154,0.7536962598057858
0,1155,0.6130883311561165
0,1156,0.765977741835745
0,1157,0.39188293904146837
0,1158,0.3803198711174236
0,1159,0.8021892334149706
0,1160,0.429652289146624
0,1161,0.7231745155386693
0,1162,0.7833441734333066
0,1163,0.6851244172741661
0,1164,0.8407661672998924
0,1165,0.5031476471100205
0,1166,0.6036440356774407
0,1167,0.6426288923075805
0,1168,0.6259866406749784
0,1169,0.7044738097193554
0,1170,0.6779096952569538
0,1171,0.7502650005656946
0,1172,0.6220638719210567
0,1173,0.6301384351963825
0,1174,0.674300410090087
0,1175,0.670499826813754
0,1176,0.44446095164279076
0,1177,0.7457762221115257
0,1178,0.3737597623999611
0,1179,0.6939547309922366
0,1180,0.5486942041688662
0,1181,0.8582781842216829
0,1182,0.6494807180054477
0,1183,0.648937538415941
0,1184,0.7912284002461575
0,1185,0.6364918658262749
0,1186,0.701576330027773
0,1187,0.556822022188741
0,1188,0.5710016781149092
0,1189,0.8159088554627402
0,1190,0.7925182424966113
0,1191,0.8004183920489657
0,1192,0.7370835878923993
0,1193,0.8129657600075344
0,1194,0.635118804986277
0,1195,0.7380387185255722
0,1196,0.7154759264684936
0,1197,0.6523708427937646
0,1198,0.6067012024902955
0,1199,0.5164580269900977
0,1200,0.52083098168865
0,1201,0.6144975276793675
0,1202,0.7576778119329936
0,1203,0.8252704910030921
0,1204,0.5822357078706683
0,1205,0.5968693975793042
0,1206,0.7004533316996606
0,1207,0.696940636887733
0,1208,0.5325129266128066
0,1209,0.6220262886058016
0,1210,0.8236950881735196
0,1211,0.3543432466857405
0,1212,0.7257322102835421
0,1213,0.6932751633196577
0,1214,0.4499116731965911
0,1215,0.685066616601431
0,1216,0.6640225092838434
0,1217,0.44269336878431687
0,1218,0.593192896410993
0,1219,0.4299723603773803
0,1220,0.47572766074420875
0,1221,0.5818610438368759
0,1222,0.7397016190875928
0,1223,0.7458657588868256
0,1224,0.7570126674586685
0,1225,0.809771274463413
0,1226,0.824565633503179
0,1227,0.7901991828050144
0,1228,0.6762417008609809
0,1229,0.5433507625288045
0,1230,0.6532413946873272
0,1231,0.6056989647247225
0,1232,0.6316113095157843
0,1233,0.5690120837620146
0,1234,0.7095389215524451
0,1235,0.7001084449001316
0,1236,0.6263573807123687
0,1237,0.7317121121132729
0,1238,0.6387651984640865
0,1239,0.6798064286254512
0,1240,0.5991339069996363
0,1241,0.4770116031402933
0,1242,0.6198155609995833
0,1243,0.6958559514080844
0,1244,0.7084613725783042
0,1245,0.7711296310359118
0,1246,0.6734645266307419
0,1247,0.6967728287915946
0,1248,0.7720868600921648
0,1249,0.7005857931282274
0,1250,0.8177492261657987
0,1251,0.71628520236164
0,1252,0.7116750609127555
0,1253,0.7675848833691912
0,1254,0.6229987717612537
0,1255,0.6692629203022954
0,1256,0.800398464961151
0,1257,0.6877905762797338
0,1258,0.6005764098944844
0,1259,0.6564629024441584
0,1260,0.745602020379573
0,1261,0.46091037154958203
0,1262,0.4279802663477532
0,1263,0.7346598457890249
0,1264,0.30770178275796517
0,1265,0.678063291047097
0,1266,0.6497880355391676
0,1267,0.5990377869128142
0,1268,0.6061506093733761
0,1269,0.6555924206606326
0,1270,0.6606240501703733
0,1271,0.37505727083821533
0,1272,0.5906741762679437
0,1273,0.705047827646374
0,1274,0.7100744503200902
0,1275,0.6934724918640272
0,1276,0.6503967519128036
0,1277,0.6740920022008569
0,1278,0.6459087563578857
0,1279,0.6620687778897627
0,1280,0.47026515583035056
0,1281,0.7163749958755485
0,1282,0.632119712169267
0,1283,0.7045533960616851
0,1284,0.4672888982657276
0,1285,0.5844892640709178
0,1286,0.7663833192160814
0,1287,0.632845428588226
0,1288,0.5243022246118219
0,1289,0.7411367492590888
0,1290,0.6154191385212379
0,1291,0.6575877363869195
0,1292,0.6837628568753038
0,1293,0.6852589073167923
0,1294,0.7261235789939726
0,1295,0.5090660098902111
0,1296,0.5897263509178138
0,1297,0.5655771765693792
0,1298,0.6697491380352693
0,1299,0.7381062940185599
0,1300,0.6257556906284653
0,1301,0.6168461867260611
0,1302,0.6757141898243805
0,1303,0.7397584362973677
0,1304,0.5930516729677837
0,1305,0.5588813788373189
0,1306,0.6405047493917478
0,1307,0.6850246150137117
0,1308,0.627795314788042
0,1309,0.733929045871916
0,1310,0.4351032954376313
0,1311,0.6702411965394719
0,1312,0.6589880593299717
0,1313,0.7184677627001749
0,1314,0.5897152769553262
0,1315,0.7716479654543004
0,1316,0.6171090822214516
0,1317,0.8240528801274506
0,1318,0.6101122195575074
0,1319,0.6515485576337134
0,1320,0.5218056610092195
0,1321,0.6192888625007482
0,1322,0.6512367271455721
0,1323,0.7001148992695952
0,1324,0.6981936334068103
0,1325,0.573968386801401
0,1326,0.6254390303341795
0,1327,0.74682824940054
0,1328,0.6933704179359917
0,1329,0.5985097727743747
0,1330,0.6165343516681288
0,1331,0.5964843944813886
0,1332,0.5946967661139739
0,1333,0.7518692821006108
0,1334,0.6920068521059555
0,1335,0.6167084631769074
0,1336,0.6349521270810472
0,1337,0.5988967205512327
0,1338,0.5704960800166766
0,1339,0.6581480907992227
0,1340,0.7327092177602202
0,1341,0.6436520761716538
0,1342,0.5584073142138304
0,1343,0.737352260045213
0,1344,0.5829543000718245
0,1345,0.7126320857579976
0,1346,0.6814157724309025
0,1347,0.6960580096297044
0,1348,0.8667618505682991
0,1349,0.8308518366288893
0,1350,0.8424391867996222
0,1351,0.7545787287514745
0,1352,0.40274360936728765
0,1353,0.3553572840480381
0,1354,0.3565322941111225
0,1355,0.8073958767041093
0,1356,0.49824979277477116
0,1357,0.5738633343367616
0,1358,0.5787111033705574
0,1359,0.5883012513646304
0,1360,0.7190159382454598
0,1361,0.7618169354277974
0,1362,0.5456615029663574
0,1363,0.5911663442831167
0,1364,0.8258871708989391
0,1365,0.4877834797631452
0,1366,0.5748248075567742
0,1367,0.6735841416327965
0,1368,0.5421831452706213
0,1369,0.7165946639360126
0,1370,0.7119227704423745
0,1371,0.7558725826364685
0,1372,0.7032008682915301
0,1373,0.7092650409252108
0,1374,0.7331258115697767
0,1375,0.7277265903737193
0,1376,0.7862914921946802
0,1377,0.6530852139698227
0,1378,0.5263519321168894
0,1379,0.48659214052400446
0,1380,0.7285171478549561
0,1381,0.6032033817748533
0,1382,0.6918808629316742
0,1383,0.6986835553998209
0,1384,0.551424392921386
0,1385,0.7285352661312927
0,1386,0.6967528365532457
0,1387,0.6792789827638162
0,1388,0.8357838910582565
0,1389,0.7214515686118063
0,1390,0.6507070088458423
0,1391,0.7335238478173267
0,1392,0.7694383178691359
0,1393,0.6758638152221822
0,1394,0.4238826155198903
0,1395,0.5103270383870068
0,1396,0.5944752969853954
0,1397,0.44841350225550136
0,1398,0.5916458020911393
0,1399,0.5766633202792326
0,1400,0.5989114691361228
0,1401,0.7871786583534992
0,1402,0.5063706964736532
0,1403,0.45412096253877016
0,1404,0.8817120859651728
0,1405,0.43989956293933996
0,1406,0.7689137882342623
0,1407,0.7626362263772166
0,1408,0.7284566940389657
0,1409,0.6395176942514186
0,1410,0.6712876390530691
0,1411,0.7784805615639532
0,1412,0.49723509264397986
0,1413,0.7671551154596549
0,1414,0.700885644398365
0,1415,0.8379104081180707
0,1416,0.6205103335623577
0,1417,0.6906121553700265
0,1418,0.6817831865761744
0,1419,0.8038157050185413
0,1420,0.6602297367045663
0,1421,0.7635767832648988
0,1422,0.5309554136354312
0,1423,0.6792155781301349
0,1424,0.7224495689853246
0,1425,0.7616541917703465
0,1426,0.6316241932419288
0,1427,0.5617210409119363
0,1428,0.8833305962854852
0,1429,0.5718353946853173
0,1430,0.5557018237568119
0,1431,0.6389539213708814
0,1432,0.4005934399172642
0,1433,0.36501090000896447
0,1434,0.5264015746097658
0,1435,0.8370284139089172
0,1436,0.5675586796573897
0,1437,0.4292608991440765
0,1438,0.7028289833524929
0,1439,0.6095632774011969
0,1440,0.6285788611275638
0,1441,0.7569119576875041
0,1442,0.5491024279693396
0,1443,0.6669690053609385
0,1444,0.7003818056623875
0,1445,0.615686234098956
0,1446,0.6339768714536477
0,1447,0.6588918175985464
0,1448,0.8064450757198677
0,1449,0.7966056814688106
0,1450,0.8711858615490026
0,1451,0.73457579517522
0,1452,0.7244207653331859
0,1453,0.6896181637436549
0,1454,0.5121000469959941
0,1455,0.7927298499971125
0,1456,0.6922709016531154
0,1457,0.6289704998736682
0,1458,0.6920338770924792
0,1459,0.7983603584608548
0,1460,0.7976226399379043
0,1461,0.7382074876081887
0,1462,0.6197374386048835
0,1463,0.6166196383956912
0,1464,0.5594845150856651
0,1465,0.6919023367526433
0,1466,0.7526457260972943
0,1467,0.50663839494089
0,1468,0.5873107108870871
0,1469,0.48400928569441937
0,1470,0.6103179826935083
0,1471,0.6857667616052484
0,1472,0.67907275309874
0,1473,0.7095399884446222
0,1474,0.6523313908850588
0,1475,0.6128960769897839
0,1476,0.6477998217779215
0,1477,0.5602045752523419
0,1478,0.683292243237166
0,1479,0.7020106466829995
0,1480,0.6499595653734357
0,1481,0.7461010194718866
0,1482,0.5535353027466301
0,1483,0.5759408849772802
0,1484,0.3771163270705592
0,1485,0.35866102671531847
0,1486,0.6058627564439774
0,1487,0.6851994943229789
0,1488,0.6025077205792092
0,1489,0.7272259500937907
0,1490,0.6948060951385385
0,1491,0.5981511202245948
0,1492,0.6672774733367557
0,1493,0.6694847624900833
0,1494,0.4250256641498309
0,1495,0.8450206105825594
0,1496,0.4834517398427312
0,1497,0.7163996988627015
0,1498,0.5651091209790227
0,1499,0.6117722796446143
0,1500,0.5515909441741768
0,1501,0.7142171972080302
0,1502,0.6470138949854067
0,1503,0.6306089368039058
0,1504,0.7030849863369589
0,1505,0.6932091001162005
0,1506,0.8185713789412664
0,1507,0.8770300733255812
0,1508,0.8839171277896788
0,1509,0.6470786031593047
0,1510,0.6325494540319582
0,1511,0.643616195772698
0,1512,0.5918682797128854
0,1513,0.6446378208480152
0,1514,0.5696885302537036
0,1515,0.670244347540375
0,1516,0.7226222426998321
0,1517,0.4226232182969743
0,1518,0.6774894996328479
0,1519,0.9313334900227602
0,1520,0.9081957680887807
0,1521,0.7549770924115122
0,1522,0.7781263621381433
0,1523,0.8161593631745823
0,1524,0.7514647195518641
0,1525,0.6235393493618085
0,1526,0.6337513324318526
0,1527,0.6618822543657474
0,1528,0.6761098083465271
0,1529,0.580549684798903
0,1530,0.528528788910089
0,1531,0.6905184316814137
0,1532,0.5689973669941878
0,1533,0.6695152594160445
0,1534,0.621981062227809
0,1535,0.6765719093800235
0,1536,0.7070932641955989
0,1537,0.5102181469084686
0,1538,0.7512818468961322
0,1539,0.8204141790945128
0,1540,0.8549836035188195
0,1541,0.5918359751786729
0,1542,0.6975417307160007
0,1543,0.741841873304122
0,1544,0.4779815452714708
0,1545,0.6073256876622124
0,1546,0.7421269733570455
0,1547,0.5172805214706647
0,1548,0.7386532431965942
0,1549,0.5625991649954277
0,1550,0.66677867367288
0,1551,0.5903815347840509
0,1552,0.6494555363635666
0,1553,0.6939748294407073
0,1554,0.7204335142701331
0,1555,0.6688624889618043
0,1556,0.6059918043134395
0,1557,0.7142541704906962
0,1558,0.63756518169398
0,1559,0.6290902418205334
0,1560,0.6951300037149816
0,1561,0.5699857593028961
0,1562,0.6732603146468246
0,1563,0.6506882349718787
0,1564,0.5953447306794769
0,1565,0.5686750230508847
0,1566,0.7261454387052836
0,1567,0.6329657391389301
0,1568,0.5349379976868653
0,1569,0.7359709772274493
0,1570,0.6421981287095129
0,1571,0.719319450934475
0,1572,0.7707079336155269
0,1573,0.646891242425136
0,1574,0.6250012740345424
0,1575,0.6988080999477189
0,1576,0.5111421011562964
0,1577,0.3254257586350546
0,1578,0.4568411449962639
0,1579,0.7709878078542743
0,1580,0.8647188823044383
0,1581,0.8196832856242805
0,1582,0.855197842511928
0,1583,0.5004617672100472
0,1584,0.7837667017430334
0,1585,0.8170872886612011
0,1586,0.6913892493821926
0,1587,0.5572117810546299
0,1588,0.5254940594410114
0,1589,0.7112503606507214
0,1590,0.8128404764250999
0,1591,0.4922912409525274
0,1592,0.9239799526269588
0,1593,0.4510615157237402
0,1594,0.682504293072629
0,1595,0.7146200378894894
0,1596,0.5511548936429564
0,1597,0.8338797166804776
0,1598,0.42840845489327445
0,1599,0.6802873423095818
0,1600,0.6378763110422493
0,1601,0.6250923608647617
0,1602,0.5067882848489651
0,1603,0.7622504203475571
0,1604,0.7052453477771169
0,1605,0.7797209722477743
0,1606,0.7555363611911567
0,1607,0.712035233059292
0,1608,0.6664045826912686
0,1609,0.5369496359490319
0,1610,0.6501356161912024
0,1611,0.6097934108011018
0,1612,0.8002878196022833
0,1613,0.6037655403738696
0,1614,0.5415030777435504
0,1615,0.34346561598434466
0,1616,0.6345368532180623
0,1617,0.6943983626745714
0,1618,0.6861160756096909
0,1619,0.755756838319467
0,1620,0.5703049689161784
0,1621,0.7050088771992364
0,1622,0.58463086037443
0,1623,0.7324418486310409
0,1624,0.6724023817596472
0,1625,0.7033068909336104
0,1626,0.694976304844997
0,1627,0.5357872413750617
0,1628,0.6953993873610091
0,1629,0.7717553309628409
0,1630,0.5735328076954217
0,1631,0.6366944835913235
0,1632,0.5524900103416933
0,1633,0.6170798538549668
0,1634,0.6448258595768093
0,1635,0.617264671579944
0,1636,0.574088960971928
0,1637,0.6256488999951471
0,1638,0.713159100413129
0,1639,0.6166548943145332
0,1640,0.5891145444726321
0,1641,0.6920693697478569
0,1642,0.5566597924962474
0,1643,0.448467391483485
0,1644,0.6959619846508126
0,1645,0.7274914873253359
0,1646,0.5817209663093887
0,1647,0.6190789120483535
0,1648,0.5715450012755439
0,1649,0.4898846833904017
0,1650,0.464897536217342
0,1651,0.7781598619776632
0,1652,0.6814903081921794
0,1653,0.6391912671570975
0,1654,0.8303758649003833
0,1655,0.727945463279764
0,1656,0.5854258339384762
0,1657,0.6608838200151749
0,1658,0.6471131445722806
0,1659,0.5173093925128853
0,1660,0.7310621020951341
0,1661,0.8599441399350634
0,1662,0.6649079749336467
0,1663,0.6626600959986279
0,1664,0.7035736938682805
0,1665,0.6841223027682128
0,1666,0.5426167725921168
0,1667,0.6017267743826297
0,1668,0.6205108808380138
0,1669,0.5521082904904521
0,1670,0.888839343984022
0,1671,0.678816790269543
0,1672,0.6662470290613113
0,1673,0.6297186215348851
0,1674,0.47305555148633577
0,1675,0.7920295787828524
0,1676,0.7349874487089112
0,1677,0.6740672649078784
0,1678,0.6837662431391225
0,1679,0.6650631905639747
0,1680,0.7443403491203525
0,1681,0.7120143385593861
0,1682,0.7009923373675667
0,1683,0.6760744496706861
0,1684,0.786609174117683
0,1685,0.7205709142407732
0,1686,0.6856307308350384
0,1687,0.6365581944245196
0,1688,0.6626611391683662
0,1689,0.6677258802459656
0,1690,0.698778623164268
0,1691,0.5387715582151628
0,1692,0.6793806549327172
0,1693,0.5115326380982602
0,1694,0.7914026143254135
0,1695,0.6598548585263546
0,1696,0.4837159056433852
0,1697,0.5820886079176575
0,1698,0.6724011878248295
0,1699,0.6346025386091859
0,1700,0.7004987099096553
0,1701,0.6049126591973314
0,1702,0.6815269379737325
0,1703,0.568760809600125
0,1704,0.7051407974837176
0,1705,0.6551749193487463
0,1706,0.7376823511472566
0,1707,0.6719526787038985
0,1708,0.6200032458164484
0,1709,0.6830209797942535
0,1710,0.6414257707884021
0,1711,0.6441556225420174
0,1712,0.68670402665615
0,1713,0.6971269533279502
0,1714,0.6551595550140162
0,1715,0.6797598742635504
0,1716,0.518962895295405
0,1717,0.8502426324811945
0,1718,0.6190908645071961
0,1719,0.519354927289238
0,1720,0.6898164883556095
0,1721,0.6976769958763578
0,1722,0.461089700858554
0,1723,0.6550814992550593
0,1724,0.6026548223547757
0,1725,0.582294998488302
0,1726,0.5585748575700943
0,1727,0.8279265300502199
0,1728,0.852900626954347
0,1729,0.7622645528928941
0,1730,0.8343062261161881
0,1731,0.696097831515535
0,1732,0.7455129781028856
0,1733,0.7577606132101404
0,1734,0.5955996380111992
0,1735,0.5894459548186469
0,1736,0.6410931624217345
0,1737,0.6700400236689532
0,1738,0.784262593715856
0,1739,0.7801933083637078
0,1740,0.7153923772432317
0,1741,0.764663177901009
0,1742,0.5629179632471822
0,1743,0.398507236170711
0,1744,0.67659021468535685
0,1745,0.8511143899498548
0,1746,0.554562638461741
0,1747,0.5278672377523123
0,1748,0.7418751523226687
0,1749,0.5879665084901465
0,1750,0.5021759452940362
0,1751,0.5098122766956381
0,1752,0.3720856795611105
0,1753,0.7618191923847808
0,1754,0.41361912593696343
0,1755,0.6738808400970908
0,1756,0.7676230398584843
0,1757,0.6460529252042377
0,1758,0.5818459526803198
0,1759,0.7624703993832774
0,1760,0.7666657334651688
0,1761,0.49081818431620294
0,1762,0.728489865064007
0,1763,0.6263015111894661
0,1764,0.6359114918980554
0,1765,0.6633600006939001
0,1766,0.5093795136830576
0,1767,0.6957486743668991
0,1768,0.7164701209511798
0,1769,0.6813323989885006
0,1770,0.8722846800472153
0,1771,0.8410188205122734
0,1772,0.6315580677840482
0,1773,0.6202088848144456
0,1774,0.610783293241829
0,1775,0.4437119050682235
0,1776,0.6317215284488817
0,1777,0.628241383772772
0,1778,0.5985431792118268
0,1779,0.7265332589083404
0,1780,0.5337604407681816
0,1781,0.5605259552863251
0,1782,0.5734677845011401
0,1783,0.727749548479893
0,1784,0.7189914866625253
0,1785,0.6983871638735002
0,1786,0.836490829199539
0,1787,0.7976853059384666
0,1788,0.5687281154795036
0,1789,0.4061360199170882
0,1790,0.522183829079374
0,1791,0.673151251934728
0,1792,0.6749936171188955
0,1793,0.6461901108929443
0,1794,0.35114148196298134
0,1795,0.511910367173605
0,1796,0.7862324641642944
0,1797,0.5393596927128215
0,1798,0.7907499410828464
0,1799,0.6953892721614531
0,1800,0.6080307987710447
0,1801,0.7936347963644017
0,1802,0.6425209930517228
0,1803,0.6620792623161724
0,1804,0.5283557940521284
0,1805,0.5842123487496443
0,1806,0.6558167859566394
0,1807,0.6864394714100939
0,1808,0.7626570478940752
0,1809,0.6347168708562405
0,1810,0.6976427176523426
0,1811,0.7544660814134078
0,1812,0.7273890080022265
0,1813,0.6991834534277634
0,1814,0.7939927116169171
0,1815,0.736485653262443
0,1816,0.5630058759670689
0,1817,0.6891991336422421
0,1818,0.7009862148976446
0,1819,0.6619242602460291
0,1820,0.5599939710039981
0,1821,0.6343519864728967
0,1822,0.4462184831970039
0,1823,0.6840129422977695
0,1824,0.7120062551740304
0,1825,0.845229077137801
0,1826,0.666234790443194
0,1827,0.7817332940015361
0,1828,0.5518789518396091
0,1829,0.43758806624088703
0,1830,0.4712861725652632
0,1831,0.6359105501089812
0,1832,0.7072362410492751
0,1833,0.6451843963270149
0,1834,0.6037594180630098
0,1835,0.7897000084600524
0,1836,0.7241436858952575
0,1837,0.5631870858534953
0,1838,0.5062977162513534
0,1839,0.834895966141839
0,1840,0.8186565288437976
0,1841,0.5597997226440067
0,1842,0.5967258231113385
0,1843,0.4276025636103301
0,1844,0.5286467868560243
0,1845,0.396253342781742
0,1846,0.3890819692340349
0,1847,0.5593340155381337
0,1848,0.6808519162662406
0,1849,0.7194964686563008
0,1850,0.6109567187844197
0,1851,0.6585270764217491
0,1852,0.619490150894122
0,1853,0.694370762207536
0,1854,0.6572616008973298
0,1855,0.7284527544408784
0,1856,0.7451108553707239
0,1857,0.7391577635367188
0,1858,0.562204622982417
0,1859,0.44418960915956995
0,1860,0.48377276315520956
0,1861,0.9179551181897426
0,1862,0.8276005065212997
0,1863,0.7833998455361625
0,1864,0.6780307679740902
0,1865,0.5625181773838632
0,1866,0.6306018777402879
0,1867,0.6997459162157686
0,1868,0.584838226673612
0,1869,0.6835791048087885
0,1870,0.5587685601018336
0,1871,0.23132900872081325
0,1872,0.23998336992963804
0,1873,0.2085719235093952
0,1874,0.5070153617989505
0,1875,0.7458551992640686
0,1876,0.6130714222751376
0,1877,0.6385803976147372
0,1878,0.7140966280734787
0,1879,0.6924737652685292
0,1880,0.6031168745246788
0,1881,0.8296808878381535
0,1882,0.9396457632187513
0,1883,0.29117059305862397
0,1884,0.6115810550149021
0,1885,0.5973964247237772
0,1886,0.6927526672019496
0,1887,0.6411250457577492
0,1888,0.6630319676855029
0,1889,0.763499055735693
0,1890,0.7783342960144998
0,1891,0.6372335360040473
0,1892,0.6052636289081716
0,1893,0.6708580984232559
0,1894,0.6892298212873904
0,1895,0.6512040935759242
0,1896,0.7315726465014254
0,1897,0.645362836422425
0,1898,0.7100697694527868
0,1899,0.6849535701920137
0,1900,0.6608116971308946
0,1901,0.6059383098115106
0,1902,0.6229205155813876
0,1903,0.5927950392551945
0,1904,0.7603166880820321
0,1905,0.7001920417901575
0,1906,0.6638509168852622
0,1907,0.6268559247925084
0,1908,0.623526698494202
0,1909,0.5922619666197458
0,1910,0.6392119283126831
0,1911,0.5787331995242359
0,1912,0.7313891113902972
0,1913,0.6390446425826498
0,1914,0.6662326391023881
0,1915,0.7649767506662289
0,1916,0.7416114562131215
0,1917,0.8344200573617682
0,1918,0.774673659701904
0,1919,0.769293927757642
0,1920,0.5961988640166035
0,1921,0.7002148400333047
0,1922,0.6615800981024743
0,1923,0.6648526853573905
0,1924,0.6480645882691858
0,1925,0.6874226113176855
0,1926,0.6626027176571757
0,1927,0.7710390911758986
0,1928,0.7761310058995041
0,1929,0.7285518009954592
0,1930,0.37866329312998037
0,1931,0.3682875374590424
0,1932,0.6659288001008828
0,1933,0.583738917678429
0,1934,0.6485233890816798
0,1935,0.6236507155558495
0,1936,0.7674752298319162
0,1937,0.6104746081038914
0,1938,0.667795689651647
0,1939,0.4904180891546291
0,1940,0.6874300129167398
0,1941,0.6338590754626058
0,1942,0.7207772809184547
0,1943,0.5879503471949639
0,1944,0.7312840356791461
0,1945,0.7469673002423216
0,1946,0.6559558639286813
0,1947,0.8309039098376076
0,1948,0.8082010373571659
0,1949,0.5418379642448662
0,1950,0.6120705779278726
0,1951,0.28690887835486456
0,1952,0.8149578816832219
0,1953,0.6708644891043368
0,1954,0.7773153765051866
0,1955,0.7889096926721578
0,1956,0.8555365832711334
0,1957,0.5543193184918704
0,1958,0.5741994120296465
0,1959,0.6190430246430347
0,1960,0.6991649111760873
0,1961,0.7938439014357737
0,1962,0.742780307857957
0,1963,0.5516033657288705
0,1964,0.7484065097488304
0,1965,0.5906835288968005
0,1966,0.4993463198498354
0,1967,0.7237515669514928
0,1968,0.6336219811157671
0,1969,0.9100281744218846
0,1970,0.5616953819530697
0,1971,0.7123308256086972
0,1972,0.6440999758765774
0,1973,0.5995774099104213
0,1974,0.5562749166656747
0,1975,0.6897088511284803
0,1976,0.7011133118091569
0,1977,0.6870249954210726
0,1978,0.5177355098913853
0,1979,0.5990286445288635
0,1980,0.6545698534120452
0,1981,0.6009743222149373
0,1982,0.674719556206688
0,1983,0.5111185353587466
0,1984,0.8383062872042328
0,1985,0.7776789324270359
0,1986,0.609850728946648
0,1987,0.7220342252265058
0,1988,0.7462627102903826
0,1989,0.6814170452941893
0,1990,0.6556447197349324
0,1991,0.6792054317373306
0,1992,0.5845234386292723
0,1993,0.39263850879101536
0,1994,0.7458627911753417
0,1995,0.7647414115196882
0,1996,0.5672793347288563
0,1997,0.7801825558254318
0,1998,0.574383517253077
0,1999,0.8088662627852305
0,2000,0.5423373141965768
0,2001,0.5861243130285609
0,2002,0.8125684888004869
0,2003,0.7130798512087276
0,2004,0.8169233354780998
0,2005,0.7319678432359119
0,2006,0.7456711944610943
0,2007,0.7183075043459941
0,2008,0.7250936039553025
0,2009,0.6956089637155963
0,2010,0.6794655264605235
0,2011,0.5118780231471802
0,2012,0.6950947835989155
0,2013,0.49179207431505123
0,2014,0.6315370944560655
0,2015,0.7112981060184173
0,2016,0.43753398075718575
0,2017,0.4528845670071623
0,2018,0.5327052955875721
0,2019,0.5763971593514029
0,2020,0.6637188581110702
0,2021,0.7404385902156582
0,2022,0.7579414827759788
0,2023,0.7178309220417428
0,2024,0.758098310658388
0,2025,0.6951770354230176
0,2026,0.6763805198669576
0,2027,0.7970677606762596
0,2028,0.6628659551665085
0,2029,0.49368945070183395
0,2030,0.5895047081270212
0,2031,0.7822304562217064
0,2032,0.794964511074206
0,2033,0.6803081791875603
0,2034,0.7981941841555446
0,2035,0.8880630956987509
0,2036,0.7525573521040226
0,2037,0.5550008476369231
0,2038,0.8944713624151696
0,2039,0.9164938404585709
0,2040,0.9495450609835603
0,2041,0.9185367519234433
0,2042,0.7948110017982262
0,2043,0.6971600260042772
0,2044,0.45855683038590583
0,2045,0.7084433107319855
0,2046,0.49899719594856357
0,2047,0.5695013084067061
0,2048,0.6457491478830528
0,2049,0.7205216669982919
0,2050,0.5070514135549163
0,2051,0.5149259440358577
0,2052,0.5910283565179829
0,2053,0.6007916244860447
0,2054,0.4934917026232204
0,2055,0.7392258066592632
0,2056,0.7131392674364483
0,2057,0.6911956398964347
0,2058,0.5338796990357095
0,2059,0.6675914804729044
0,2060,0.7083969815099751
0,2061,0.6771479636137709
0,2062,0.6230842804278156
0,2063,0.660412610567904
0,2064,0.6551008713515853
0,2065,0.6891804666982569
0,2066,0.6860990165399411
0,2067,0.8535902257585581
0,2068,0.5637616661474827
0,2069,0.6269427626559192
0,2070,0.7205235772299649
0,2071,0.6921790368778331
0,2072,0.5275427246542104
0,2073,0.5393404707386131
0,2074,0.6660291538456132
0,2075,0.7681931496157297
0,2076,0.6464326737240418
0,2077,0.5916733464929299
0,2078,0.6843196606756476
0,2079,0.6283672603082854
0,2080,0.514670974354936
0,2081,0.7350302221212456
0,2082,0.6711486728683252
0,2083,0.5795106868245823
0,2084,0.5676469463366807
0,2085,0.5774852356933006
0,2086,0.7396024053359102
0,2087,0.5963362011838013
0,2088,0.686674891738755
0,2089,0.700805931185854
0,2090,0.6509455169950746
0,2091,0.6938013374503134
0,2092,0.6912642732372368
0,2093,0.5959745302444851
0,2094,0.6682315286701401
0,2095,0.7499058566989919
0,2096,0.818285615586292
0,2097,0.5066955018528138
0,2098,0.5220735371953357
0,2099,0.6176475879096829
0,2100,0.7595491157399955
0,2101,0.811433799275329
0,2102,0.5330098026310468
0,2103,0.38091678660352707
0,2104,0.6786827507684108
0,2105,0.7477021460153842
0,2106,0.5725762951539366
0,2107,0.764398178219679
0,2108,0.7079900588392494
0,2109,0.6314543001078576
0,2110,0.6381240175428196
0,2111,0.943986538648353
0,2112,0.40587362108019376
0,2113,0.7829275499713881
0,2114,0.49495414389611186
0,2115,0.48291864018004643
0,2116,0.7421029044553153
0,2117,0.6936786656175942
0,2118,0.7271058891935798
0,2119,0.7406391843037672
0,2120,0.6960439712355218
0,2121,0.7971483009480984
0,2122,0.6860080976051101
0,2123,0.6418704894818111
0,2124,0.5938011356649089
0,2125,0.7786083546507111
0,2126,0.5860838300586549
0,2127,0.5996403647359095
0,2128,0.7109919216276898
0,2129,0.67628757536632
0,2130,0.619068744208378
0,2131,0.5970506954610941
0,2132,0.5256521031366497
0,2133,0.768058998594122
0,2134,0.7327571871010313
0,2135,0.6883395709173561
0,2136,0.5608242507926101
0,2137,0.6731087982099276
0,2138,0.5093160065162258
0,2139,0.487768112787469
0,2140,0.8331562439186045
0,2141,0.6344125070925302
0,2142,0.6740778547462416
0,2143,0.6798320988408284
0,2144,0.6919917490362778
0,2145,0.6368136447018549
0,2146,0.6544989512751785
0,2147,0.7281570603482885
0,2148,0.6149245539329429
0,2149,0.525642889867231
0,2150,0.627573183778623
0,2151,0.5526266276389467
0,2152,0.5377978534040356
0,2153,0.5991445253493696
0,2154,0.7273907792542553
0,2155,0.6087424775062501
0,2156,0.6528036865789233
0,2157,0.6380422507030596
0,2158,0.49526639253955435
0,2159,0.7698196202317314
0,2160,0.5713267875176616
0,2161,0.5023511624339957
0,2162,0.7218605383856436
0,2163,0.7041892305720867
0,2164,0.5779881744486692
0,2165,0.6973939322694391
0,2166,0.43472154656390055
0,2167,0.7424201371362662
0,2168,0.6356519901420652
0,2169,0.6480363872814967
0,2170,0.635215449830561
0,2171,0.7186252547828681
0,2172,0.26143759339379385
0,2173,0.29378537808686805
0,2174,0.5422714731480537
0,2175,0.672315181581386
0,2176,0.6689474867846399
0,2177,0.6501945870607411
0,2178,0.670131532795588
0,2179,0.718630805840056
0,2180,0.6170750328854714
0,2181,0.6245979007001146
0,2182,0.6036257441972055
0,2183,0.6607321581926336
0,2184,0.7435374309244147
0,2185,0.8094764991305097
0,2186,0.6918369046698905
0,2187,0.5501014608080798
0,2188,0.6307801995655382
0,2189,0.7663656861736788
0,2190,0.7738876571832328
0,2191,0.5817906247151472
0,2192,0.6439846007335013
0,2193,0.6230648492990596
0,2194,0.6921736684776555
0,2195,0.7714130429168585
0,2196,0.7928264561288791
0,2197,0.39250527686640346
0,2198,0.7786348033363553
0,2199,0.36903252876542725
0,2200,0.7253198617324408
0,2201,0.4974073864649844
0,2202,0.48655994650422446
0,2203,0.49324017071668474
0,2204,0.48207026715120865
0,2205,0.7863249525261998
0,2206,0.5253549042127102
0,2207,0.5491201171327533
0,2208,0.5895540636460608
0,2209,0.6445125110130433
0,2210,0.7336272377448166
0,2211,0.6714269829495702
0,2212,0.5782344598116637
0,2213,0.7737447064415798
0,2214,0.7787922508856192
0,2215,0.8089936312102354
0,2216,0.6358625837723179
0,2217,0.5873808103478371
0,2218,0.7384470753756512
0,2219,0.7042412875709898
0,2220,0.5818471865224843
0,2221,0.5282536919545415
0,2222,0.6170729311554365
0,2223,0.7190335987938878
0,2224,0.7873193434793176
0,2225,0.7829296368202273
0,2226,0.5306325210365413
0,2227,0.4957261646494202
0,2228,0.6753545799567832
0,2229,0.6650397933448084
0,2230,0.7439382177430598
0,2231,0.6865414241205046
0,2232,0.5861679174231211
0,2233,0.7001808791625995
0,2234,0.45307108636018756
0,2235,0.6895486138508776
0,2236,0.5557855632319386
0,2237,0.7898704425613521
0,2238,0.6661356805038373
0,2239,0.7721547453200662
0,2240,0.6089635131895382
0,2241,0.614440846961238
0,2242,0.7992625086041937
0,2243,0.7776809850044136
0,2244,0.60838154558272
0,2245,0.6189541856718453
0,2246,0.4980142449977476
0,2247,0.8214391895620475
0,2248,0.7002314659032739
0,2249,0.7045010642064969
0,2250,0.6259878909510912
0,2251,0.7656431528768289
0,2252,0.5082178929425787
0,2253,0.47929410233506603
0,2254,0.6562408178879132
0,2255,0.6258338341160742
0,2256,0.7600962066287882
0,2257,0.5511490478767668
0,2258,0.7824665304223797
0,2259,0.7108388906995374
0,2260,0.6880101604361335
0,2261,0.7839998007531332
0,2262,0.5485478581925736
0,2263,0.6724544992894637
0,2264,0.6738497715698099
0,2265,0.7558575585593893
0,2266,0.6148170947012156
0,2267,0.68883590099379
0,2268,0.5929229919739991
0,2269,0.7054887129619349
0,2270,0.49542539353598347
0,2271,0.6623168407367385
0,2272,0.6593482194923933
0,2273,0.6399433240851663
0,2274,0.6377950476945824
0,2275,0.6354734617010507
0,2276,0.5480429836719857
0,2277,0.7770318851724421
0,2278,0.7444533593393633
0,2279,0.48914945656497083
0,2280,0.6869063051096903
0,2281,0.6859048795028202
0,2282,0.5726139596797495
0,2283,0.6752644567029087
0,2284,0.6801757472112361
0,2285,0.7340734758232375
0,2286,0.711962207403415
0,2287,0.4666853591386729
0,2288,0.8663714298911247
0,2289,0.5777170075467957
0,2290,0.6428061275327215
0,2291,0.6402144685612468
0,2292,0.5180058790601454
0,2293,0.6217308127610349
0,2294,0.6190436014567045
0,2295,0.7500585452627265
0,2296,0.5125599056322238
0,2297,0.8518443931550614
0,2298,0.768337667088922
0,2299,0.4517295207994028
0,2300,0.7575130077764287
0,2301,0.7483222869262585
0,2302,0.7975992751882567
0,2303,0.6705345552395433
0,2304,0.7904034245402365
0,2305,0.4996592812838997
0,2306,0.3882828505890844
0,2307,0.5143333059442301
0,2308,0.6897798121867134
0,2309,0.7220364403948017
0,2310,0.5806912494967802
0,2311,0.7207490727377585
0,2312,0.7134122783703715
0,2313,0.5375753759122568
0,2314,0.7016416281750499
0,2315,0.6141377685009083
0,2316,0.6568746540938017
0,2317,0.7700299772956205
0,2318,0.6632603272046862
0,2319,0.44011394782930263
0,2320,0.5837999681928989
0,2321,0.7026163943859086
0,2322,0.705263054844241
0,2323,0.6301759384164822
0,2324,0.8592682734600519
0,2325,0.492562610622667
0,2326,0.6825096491690931
0,2327,0.5943844109142282
0,2328,0.7954141412172271
0,2329,0.745380952605503
0,2330,0.5460971218312134
0,2331,0.6293505975637502
0,2332,0.7531963046549306
0,2333,0.8029375673158673
0,2334,0.7759662185245565
0,2335,0.8063573378251375
0,2336,0.41780371594862364
0,2337,0.8226321350135455
0,2338,0.6091984275815637
0,2339,0.8394522145594382
0,2340,0.7747924919785439
0,2341,0.7206629930947235
0,2342,0.6474592579359657
0,2343,0.8894237884181214
0,2344,0.8535800074560123
0,2345,0.48913913910449014
0,2346,0.6595018787286269
0,2347,0.6064085435167489
0,2348,0.5610671451460808
0,2349,0.5873915464645384
0,2350,0.7625621015566588
0,2351,0.7007115941588266
0,2352,0.7747114247342098
0,2353,0.6968897856975196
0,2354,0.6182478241956577
0,2355,0.6521459438459153
0,2356,0.7208919671084247
0,2357,0.6486536125868094
0,2358,0.5464068289995296
0,2359,0.7081284370065648
0,2360,0.8214223089482088
0,2361,0.5835400037549445
0,2362,0.7669674712496048
0,2363,0.48264568989377515
0,2364,0.7864332085175503
0,2365,0.5653352613725586
0,2366,0.5595557355966622
0,2367,0.633111489779048
0,2368,0.7522484506652686
0,2369,0.6197150009943878
0,2370,0.6623571394144375
0,2371,0.4304355886657283
0,2372,0.7704528140320462
0,2373,0.6491800765310353
0,2374,0.7846355467951117
0,2375,0.5605587323016158
0,2376,0.5009388080801539
0,2377,0.8488249232539696
0,2378,0.5350039938205481
0,2379,0.6470051256586548
0,2380,0.7269638466647345
0,2381,0.5811631105412116
0,2382,0.6527087708447631
0,2383,0.676936945620344
0,2384,0.6282941710712834
0,2385,0.5968352060868721
0,2386,0.7344956967334481
0,2387,0.6244327997229685
0,2388,0.7815692059167891
0,2389,0.5606766595327106
0,2390,0.7639754610582808
0,2391,0.473075204202478
0,2392,0.7017136152643415
0,2393,0.7350670952241696
0,2394,0.6910324454463851
0,2395,0.7342098313828337
0,2396,0.701395213562064
0,2397,0.7231505895083139
0,2398,0.6181564952876878
0,2399,0.6653513861999627
0,2400,0.5659896560705414
0,2401,0.7295961907283133
0,2402,0.6987165028782024
0,2403,0.7767046567677843
0,2404,0.7420198345612016
0,2405,0.7041566142142018
0,2406,0.7075531524269236
0,2407,0.6389660151903224
0,2408,0.583742011633708
0,2409,0.5648902433907698
0,2410,0.6388611766062302
0,2411,0.6496279736113961
0,2412,0.68672701777452
0,2413,0.67301271364981
0,2414,0.7259316085178006
0,2415,0.6792523062788702
0,2416,0.5772722940475679
0,2417,0.5678398523133629
0,2418,0.7958174429466237
0,2419,0.7820667678798514
0,2420,0.7542347320505531
0,2421,0.6185290556589687
0,2422,0.62343612101081
0,2423,0.7776698396107454
0,2424,0.7468434708125709
0,2425,0.6768853068203883
0,2426,0.5716143369777188
0,2427,0.5616048927613467
0,2428,0.7062763310758867
0,2429,0.7879636030612235
0,2430,0.5583217901047587
0,2431,0.8370922855921654
0,2432,0.5089176693839628
0,2433,0.7342401052757708
0,2434,0.7227602542663853
0,2435,0.8166469864031416
0,2436,0.7152346690981721
0,2437,0.7451019116274518
0,2438,0.6729262116628763
0,2439,0.6848211697161819
0,2440,0.7642856307671968
0,2441,0.7658954253148238
0,2442,0.7799640453366812
0,2443,0.7576829791515425
0,2444,0.8385276478793386
0,2445,0.5510254249056987
0,2446,0.7639445153547049
0,2447,0.6785838111242635
0,2448,0.5696529928991607
0,2449,0.7971312264678209
0,2450,0.5364396966321529
0,2451,0.6735507800307218
0,2452,0.7457093678412823
0,2453,0.6620545520464807
0,2454,0.5277998493520687
0,2455,0.4919366421662687
0,2456,0.687441545733377
0,2457,0.816685589928773
0,2458,0.7547533134250506
0,2459,0.5872186507239228
0,2460,0.5343242981128021
0,2461,0.9195954785346786
0,2462,0.37140554092056777
0,2463,0.3686828167109237
0,2464,0.6991589366970116
0,2465,0.6949257423286903
0,2466,0.6055694179927902
0,2467,0.6878432427611307
0,2468,0.6870955558621463
0,2469,0.696156320229583
0,2470,0.6046235625966164
0,2471,0.5678617971449771
0,2472,0.43645299243228197
0,2473,0.4977540549749555
0,2474,0.46206633770983635
0,2475,0.8060376442523797
0,2476,0.5241533103429944
0,2477,0.5990157224298376
0,2478,0.7673363850780177
0,2479,0.8224990659692131
0,2480,0.5636800374184663
0,2481,0.5414764184549058
0,2482,0.7142729964707818
0,2483,0.6199824822977467
0,2484,0.6728997967102612
0,2485,0.6557657679293297
0,2486,0.7355093981092611
0,2487,0.7788629216704855
0,2488,0.4879414654125834
0,2489,0.5424058650753492
0,2490,0.6875461537890798
0,2491,0.6720698080129536
0,2492,0.7521209970295211
0,2493,0.5869127893738467
0,2494,0.5530771725987524
0,2495,0.6346326768796616
0,2496,0.6373680652409291
0,2497,0.6589087538262036
0,2498,0.642883637254546
0,2499,0.6314512350552101
0,2500,0.7062591956578137
0,2501,0.7166288829120917
0,2502,0.7727836115537452
0,2503,0.6818243977711989
0,2504,0.7666459806876127
0,2505,0.5923256605634292
0,2506,0.5340872028576334
0,2507,0.6104741928199455
0,2508,0.43843801993358755
0,2509,0.7897531908674498
0,2510,0.5617991049290811
0,2511,0.7323491409855986
0,2512,0.7075533107386354
0,2513,0.47664888887648443
0,2514,0.6470456460026748
0,2515,0.7465289692527372
0,2516,0.730635508778495
0,2517,0.7014069977256511
0,2518,0.7059233958887271
0,2519,0.7322431603374044
0,2520,0.7079155936534117
0,2521,0.6278879252823916
0,2522,0.6306857822645465
0,2523,0.5879925958946753
0,2524,0.7478729536873447
0,2525,0.6068682434861119
0,2526,0.8115358053210979
0,2527,0.6661448817252881
0,2528,0.6281794533136303
0,2529,0.7564022257639429
0,2530,0.6276457509706588
0,2531,0.7569180811067422
0,2532,0.7095166517839714
0,2533,0.6762770691399623
0,2534,0.6523100292430298
0,2535,0.6740602366778796
0,2536,0.7356499720868815
0,2537,0.6668689668558532
0,2538,0.5563597943605992
0,2539,0.7346715412965702
0,2540,0.6777349766158075
0,2541,0.7219685497093692
0,2542,0.7020605831491662
0,2543,0.5768096937438887
0,2544,0.6280416430025596
0,2545,0.5929650329997445
0,2546,0.6302297920384041
0,2547,0.7659613274897901
0,2548,0.7860742039439048
0,2549,0.6108957298195031
0,2550,0.759950344953851
0,2551,0.8195144756078171
0,2552,0.8032657116907292
0,2553,0.7034172194975431
0,2554,0.5295111300940809
0,2555,0.6871241466746985
0,2556,0.5615353357210597
0,2557,0.4439934912407338
0,2558,0.7083675520497096
0,2559,0.3968414126840718
0,2560,0.8204614462051039
0,2561,0.8008425088497023
0,2562,0.7546079777801988
0,2563,0.8654376582222787
0,2564,0.667285735829822
0,2565,0.5996232112180564
0,2566,0.5477167143721474
0,2567,0.6727351342755331
0,2568,0.6730384495412157
0,2569,0.86297313546653
0,2570,0.838269580515044
0,2571,0.7727034175225671
0,2572,0.663986242280558
0,2573,0.6767167516960111
0,2574,0.5831158863937891
0,2575,0.6711982432555823
0,2576,0.6790803865890435
0,2577,0.8020270396051886
0,2578,0.6689042413323606
0,2579,0.6458883326128528
0,2580,0.6919809950870139
0,2581,0.6082268784904978
0,2582,0.7497944866702639
0,2583,0.48115793659340084
0,2584,0.7941372019978583
0,2585,0.628440289541273
0,2586,0.6857545892523069
0,2587,0.5380087295464075
0,2588,0.6780532594263678
0,2589,0.7627597426254213
0,2590,0.6958790143578578
0,2591,0.7402466791598147
0,2592,0.5116017926037154
0,2593,0.5507952375191253
0,2594,0.6782750699531082
0,2595,0.6482125816782006
0,2596,0.645189628655436
0,2597,0.642537457920263
0,2598,0.6312517003714513
0,2599,0.5474859148881098
0,2600,0.626593448036733
0,2601,0.5337045930750856
0,2602,0.7059298349727071
0,2603,0.6014372621118185
0,2604,0.6048372455531003
0,2605,0.572971287481156
0,2606,0.600289038528887
0,2607,0.5648071026301755
0,2608,0.5697310862205938
0,2609,0.5719162437856059
0,2610,0.6512769061904891
0,2611,0.5758907195986307
0,2612,0.7278205775649951
0,2613,0.7228231766058888
0,2614,0.778301147936023
0,2615,0.7583410844843794
0,2616,0.7938129866937828
0,2617,0.6795558935603618
0,2618,0.7496373462807301
0,2619,0.5877845939883038
0,2620,0.6449427755351402
0,2621,0.5934610756375195
0,2622,0.8210891574947619
0,2623,0.770524106906721
0,2624,0.7710386580831825
0,2625,0.6458674551097539
0,2626,0.6242167674531464
0,2627,0.5468911204280122
0,2628,0.7638498872793505
0,2629,0.751405466968586
0,2630,0.5647171295055415
0,2631,0.7670609228024009
0,2632,0.5764263919161912
0,2633,0.607752084325674
0,2634,0.5379246197651135
0,2635,0.5881668933232347
0,2636,0.7201738881152324
0,2637,0.6310522491374191
0,2638,0.6063563429791138
0,2639,0.6150469710740897
0,2640,0.7655306621830453
0,2641,0.5673705300531655
0,2642,0.6392617575579312
0,2643,0.68321716107545
0,2644,0.7700981019305911
0,2645,0.7409897612816301
0,2646,0.6541488303783545
0,2647,0.5900924047382791
0,2648,0.7629167188182436
0,2649,0.7681862175682586
0,2650,0.6158937243874352
0,2651,0.7759155707933952
0,2652,0.6695420980504703
0,2653,0.7154005110406517
0,2654,0.6501357301601883
0,2655,0.6619798349832648
0,2656,0.7887412686751525
0,2657,0.8629418598486316
0,2658,0.5507229319656135
0,2659,0.6878587888510731
0,2660,0.6465803116205048
0,2661,0.7747282210984264
0,2662,0.462482169295928
0,2663,0.7044693706279693
0,2664,0.8737026413826192
0,2665,0.6887861873157249
0,2666,0.710846143048204
0,2667,0.24999977483271765
0,2668,0.47051775258369816
0,2669,0.2653118671869865
0,2670,0.3296834334686108
0,2671,0.4668373197448687
0,2672,0.5996983245201051
0,2673,0.7269006586334672
0,2674,0.6914042655407308
0,2675,0.5351813965479562
0,2676,0.700889436934239
0,2677,0.49269122575635443
0,2678,0.5087010700079762
0,2679,0.4548782824948337
0,2680,0.46739854135136355
0,2681,0.5731683387682551
0,2682,0.8742598653317393
0,2683,0.6993615692199898
0,2684,0.5596297459081585
0,2685,0.6419446053527935
0,2686,0.660200596751927
0,2687,0.5307781457978697
0,2688,0.6351871517576461
0,2689,0.5959229187025058
0,2690,0.676749829092125
0,2691,0.6248946940450035
0,2692,0.5139137817782398
0,2693,0.5649788952101691
0,2694,0.6828531117631995
0,2695,0.8089270433508513
0,2696,0.7138134850102944
0,2697,0.7181460722602921
0,2698,0.6711059344652316
0,2699,0.6634798722376412
0,2700,0.730660451779265
0,2701,0.7172090603725445
0,2702,0.548669467819657
0,2703,0.7981902923270241
0,2704,0.6589354447668022
0,2705,0.5896394399832275
0,2706,0.6567138507666799
0,2707,0.8109150138698779
0,2708,0.7808521305175422
0,2709,0.8528475629942401
0,2710,0.7582061269943224
0,2711,0.8277731239523042
0,2712,0.7622245285579311
0,2713,0.716687497870189
0,2714,0.6166856753728025
0,2715,0.7031460544241681
0,2716,0.6458306033503298
0,2717,0.6752345386033686
0,2718,0.5917089388457307
0,2719,0.6190851453761531
0,2720,0.7077220447803485
0,2721,0.6661884993158661
0,2722,0.7992033878848689
0,2723,0.6209814774498754
0,2724,0.7280337316341867
0,2725,0.8539375723707453
0,2726,0.7384042358762419
0,2727,0.7883841343003128
0,2728,0.6062105421339784
0,2729,0.5047684484199042
0,2730,0.7775618106607288
0,2731,0.5895888295091838
0,2732,0.4966760748513355
0,2733,0.7118593532043247
0,2734,0.6041581670687497
0,2735,0.6740610361887261
0,2736,0.7581101182804566
0,2737,0.6699015501470484
0,2738,0.6506365779775639
0,2739,0.5171578167365078
0,2740,0.7741270218818294
0,2741,0.42663843482108715
0,2742,0.5143596364165314
0,2743,0.7017487008789
0,2744,0.643950724808963
0,2745,0.4480579795562126
0,2746,0.44076319860674457
0,2747,0.5896112468120661
0,2748,0.5913934708885707
0,2749,0.6609625543773632
0,2750,0.7101049699023595
0,2751,0.7323350475814576
0,2752,0.6100221618577114
0,2753,0.6423962391488305
0,2754,0.7153528968300612
0,2755,0.7023273117946245
0,2756,0.7611259332187342
0,2757,0.6999525833979353
0,2758,0.6964821476314016
0,2759,0.5815807942397886
0,2760,0.5677282452896902
0,2761,0.762843921398323
0,2762,0.7225082881342118
0,2763,0.7208238191706309
0,2764,0.660265693101832
0,2765,0.6798159112595208
0,2766,0.6527826099321112
0,2767,0.572725066941007
0,2768,0.4671331279011492
0,2769,0.5527141053698675
0,2770,0.8037808371368571
0,2771,0.7979423666262869
0,2772,0.6030259968024815
0,2773,0.5104416709617222
0,2774,0.775317825855469
0,2775,0.7235113498065463
0,2776,0.537988382179124
0,2777,0.6444791442367366
0,2778,0.7697461453329285
0,2779,0.5573204928359842
0,2780,0.6722334708089669
0,2781,0.8162041117050396
0,2782,0.6660569563056632
0,2783,0.6383886825429321
0,2784,0.6963819313733358
0,2785,0.6503713964506213
0,2786,0.4597868863652634
0,2787,0.634250529331651
0,2788,0.6270053836233676
0,2789,0.7199265836548876
0,2790,0.6676817527272199
0,2791,0.7617646480304711
0,2792,0.6418804865674836
0,2793,0.6545045642446279
0,2794,0.680763268446216
0,2795,0.7049436457638445
0,2796,0.6452502437858479
0,2797,0.7113711283730525
0,2798,0.7004030273460391
0,2799,0.6769803631506555
0,2800,0.8505540701403108
0,2801,0.7028863548943557
0,2802,0.6700442734392045
0,2803,0.7484955859430273
0,2804,0.7862950748881207
0,2805,0.8707973908970549
0,2806,0.7065970962948666
0,2807,0.6972129338261359
0,2808,0.6029124326948877
0,2809,0.6705476244985272
0,2810,0.6965736588832717
0,2811,0.6096651937866779
0,2812,0.6899842890686344
0,2813,0.6289176346604338
0,2814,0.7533504211667889
0,2815,0.6591739501192279
0,2816,0.7789291946495012
0,2817,0.650053368328725
0,2818,0.7030439293209847
0,2819,0.6680233628075377
0,2820,0.5820537664258992
0,2821,0.8428458692758792
0,2822,0.5014446426407763
0,2823,0.600309224798695
0,2824,0.6243595783376736
0,2825,0.8351694945211189
0,2826,0.7241534602382546
0,2827,0.7452175054416176
0,2828,0.713057297602818
0,2829,0.7235545209420083
0,2830,0.6137251840649361
0,2831,0.6423501539290437
0,2832,0.7398234564278227
0,2833,0.6565695546113499
0,2834,0.6429427947438755
0,2835,0.7240034248446512
0,2836,0.7320755124076785
0,2837,0.6362957205842898
0,2838,0.5083614038355531
0,2839,0.5418277035170546
0,2840,0.7202304176339198
0,2841,0.6975518753850279
0,2842,0.6885914468806558
0,2843,0.609653412762416
0,2844,0.672472695174411
0,2845,0.7141700075173796
0,2846,0.6597451308256937
0,2847,0.6938081408801976
0,2848,0.7073631506192114
0,2849,0.6022095206307878
0,2850,0.7198567126510145
0,2851,0.7341561940844543
0,2852,0.6181650562663005
0,2853,0.7583975780962287
0,2854,0.6783062962210686
0,2855,0.7065696419538834
0,2856,0.5898841999499532
0,2857,0.7397774394228784
0,2858,0.734671649821667
0,2859,0.6249770800226099
0,2860,0.5834425982847333
0,2861,0.5953627900277694
0,2862,0.6123665503282031
0,2863,0.5241443434471719
0,2864,0.7021016624711951
0,2865,0.673951021592452
0,2866,0.7470530436508979
0,2867,0.7573521833619232
0,2868,0.6681083345937014
0,2869,0.7512483379632868
0,2870,0.6280776530029708
0,2871,0.6094463230002185
0,2872,0.6899454688949324
0,2873,0.7173707742430647
0,2874,0.7403833361897724
0,2875,0.6211023341885257
0,2876,0.6631851335687823
0,2877,0.4370925000606626
0,2878,0.6787252886347103
0,2879,0.6098275639857361
0,2880,0.6703937853171638
0,2881,0.6576623151185099
0,2882,0.7192523656968565
0,2883,0.6546999873126358
0,2884,0.7914267151869645
0,2885,0.6446438405657762
0,2886,0.5772774493662958
0,2887,0.59303210826756
0,2888,0.7137329476910513
0,2889,0.5968875595870936
0,2890,0.8549939697220751
0,2891,0.7675138188859056
0,2892,0.41242390670605816
0,2893,0.5712692320118173
0,2894,0.6148229770973057
0,2895,0.4311409519032248
0,2896,0.7075480029993592
0,2897,0.7790246708178117
0,2898,0.532052704576092
0,2899,0.8270056765289815
0,2900,0.7380788190892078
0,2901,0.6264266933375463
0,2902,0.633928835957942
0,2903,0.6590926389452926
0,2904,0.45394138513563304
0,2905,0.8409669502571239
0,2906,0.8388092348584658
0,2907,0.7575830627532628
0,2908,0.685920109950393
0,2909,0.6534211796571889
0,2910,0.774409698929266
0,2911,0.8119458985889166
0,2912,0.7729766261724416
0,2913,0.5964722827324374
0,2914,0.6378832868527727
0,2915,0.6232491198905906
0,2916,0.5622768265990977
0,2917,0.7451239197181876
0,2918,0.7042732960583468
0,2919,0.6541565444191436
0,2920,0.6074086556695371
0,2921,0.5854427372295482
0,2922,0.6727934280906541
0,2923,0.6158108202178079
0,2924,0.5846666797705998
0,2925,0.7319742252627305
0,2926,0.17433476283340674
0,2927,0.17003321212226902
0,2928,0.4210008601435982
0,2929,0.7102041417528394
0,2930,0.5984520158637261
0,2931,0.6760507447583058
0,2932,0.7689807114651926
0,2933,0.5699738086342302
0,2934,0.7427737102841463
0,2935,0.7126098278134532
0,2936,0.7358499860338279
0,2937,0.7527828722366974
0,2938,0.6109537443190359
0,2939,0.6676341217060386
0,2940,0.6120710703433621
0,2941,0.8445110259530523
0,2942,0.8080661835411573
0,2943,0.6179231310815292
0,2944,0.8582253206207053
0,2945,0.6049814542587072
0,2946,0.6045468685410001
0,2947,0.5396226344045347
0,2948,0.6656408683415195
0,2949,0.6897336255725312
0,2950,0.7211882520225792
0,2951,0.5617870086388597
0,2952,0.6565179113343419
0,2953,0.5734587679700687
0,2954,0.7418048942086558
0,2955,0.6441401284318444
0,2956,0.6526252729232239
0,2957,0.6120697470582024
0,2958,0.7400491280571279
0,2959,0.7858406642617346
0,2960,0.6181017745457428
0,2961,0.6385135570099554
0,2962,0.8013477912844836
0,2963,0.636846731100907
0,2964,0.5675278430617421
0,2965,0.7006689544780157
0,2966,0.7342115334432906
0,2967,0.7071164404583615
0,2968,0.8423145042752238
0,2969,0.44171286359838163
0,2970,0.4032178110162629
0,2971,0.7111916920394098
0,2972,0.7502803998431452
0,2973,0.4999641421393512
0,2974,0.7065844298675383
0,2975,0.396008502957029
0,2976,0.868493488641545
0,2977,0.549245864706631
0,2978,0.7127645348663703
0,2979,0.6764405699947643
0,2980,0.6470652821933828
0,2981,0.6060207849161875
0,2982,0.6542175055765804
0,2983,0.687288641833928
0,2984,0.6873345071579182
0,2985,0.7040013544785616
0,2986,0.49349720128338814
0,2987,0.4524711994513136
0,2988,0.6542889119669117
0,2989,0.5013674820300494
0,2990,0.6623395718691908
0,2991,0.7300386378108632
0,2992,0.6469062724234321
0,2993,0.6751089768014259
0,2994,0.5475029979771899
0,2995,0.5492301973648984
0,2996,0.6867583447983615
0,2997,0.7390537952278218
0,2998,0.6966168613710457
0,2999,0.7827307231938767
0,3000,0.6564663204688717
0,3001,0.5097470020700133
0,3002,0.565855278058974
0,3003,0.6388456969207575
0,3004,0.8338951121007172
0,3005,0.7429447733342355
0,3006,0.7462970644999057
0,3007,0.7103718969750915
0,3008,0.6382191187622914
0,3009,0.8674915752587562
0,3010,0.674973213631654
0,3011,0.4735285347448282
0,3012,0.7929858600903863
0,3013,0.818855121969339
0,3014,0.6344588769269341
0,3015,0.6938440999786201
0,3016,0.7389878998719339
0,3017,0.8892498740329459
0,3018,0.8507394207291793
0,3019,0.5085949064460451
0,3020,0.5461908522049927
0,3021,0.5503793097560976
0,3022,0.5648124767345453
0,3023,0.7641217676626048
0,3024,0.6005824711053331
0,3025,0.7684279267366084
0,3026,0.7578497231558781
0,3027,0.690366246343669
0,3028,0.8292945129210617
0,3029,0.773590227468245
0,3030,0.6239303897274746
0,3031,0.4890066587034955
0,3032,0.6830384058672665
0,3033,0.4562122765310984
0,3034,0.45318275561351723
0,3035,0.776961551255071
0,3036,0.7832700822965978
0,3037,0.30522963211356113
0,3038,0.7601702529559791
0,3039,0.5948616088031617
0,3040,0.6717490506518605
0,3041,0.47194133312393266
0,3042,0.4495810027392665
0,3043,0.6501824963062617
0,3044,0.5062308428322522
0,3045,0.5985442200802449
0,3046,0.6764659549521445
0,3047,0.6163679006590177
0,3048,0.8454369030300938
0,3049,0.6548337410004906
0,3050,0.6553023282147845
0,3051,0.6654627095179484
0,3052,0.6340918483324558
0,3053,0.5711960430532399
0,3054,0.4591014574835891
0,3055,0.5466796551125238
0,3056,0.7791966948085051
0,3057,0.7203469356938195
0,3058,0.6585267458957863
0,3059,0.6089250035870257
0,3060,0.6725819993084527
0,3061,0.626308440587639
0,3062,0.42593877148728343
0,3063,0.6402533294812497
0,3064,0.5420597119747789
0,3065,0.4783028745945413
0,3066,0.47141135466119943
0,3067,0.6880333068319139
0,3068,0.6053279729073604
0,3069,0.7786938324573163
0,3070,0.685509532754208
0,3071,0.6336663930860688
0,3072,0.5640056808378106
0,3073,0.744471892525856
0,3074,0.6521992714839399
0,3075,0.6776296300128325
0,3076,0.6719913333236894
0,3077,0.6519448656032266
0,3078,0.7741964233481238
0,3079,0.6804025958297081
0,3080,0.7252645519748205
0,3081,0.766583789013286
0,3082,0.6404113924243496
0,3083,0.6271883411658863
0,3084,0.6525508506563237
0,3085,0.688655674237298
0,3086,0.6746309253415904
0,3087,0.5370275668823417
0,3088,0.7490723050187205
0,3089,0.3747404598699673
0,3090,0.3836272317332716
0,3091,0.6750595467311238
0,3092,0.7565259174180792
0,3093,0.7375647720870112
0,3094,0.6766107365302658
0,3095,0.5755803928468759
0,3096,0.6499295648931002
0,3097,0.49074423205004797
0,3098,0.6444559909786813
0,3099,0.7834529477503477
0,3100,0.7100162608724213
0,3101,0.7495211959641996
0,3102,0.8072460692208235
0,3103,0.7233309923398281
0,3104,0.5829629969472284
0,3105,0.9074250471210795
0,3106,0.8815845104906682
0,3107,0.8861847920900118
0,3108,0.8228263643229109
0,3109,0.5110637380559001
0,3110,0.8739602345583664
0,3111,0.7734658665807957
0,3112,0.8149846525702615
0,3113,0.6712494217538955
0,3114,0.7854656900577663
0,3115,0.8145651125941733
0,3116,0.6504801660001219
0,3117,0.649301601211542
0,3118,0.6636296985473144
0,3119,0.8154271042463234
0,3120,0.5467538735717924
0,3121,0.6716307479794027
0,3122,0.6331122537183188
0,3123,0.516837713652946
0,3124,0.6607333656105535
0,3125,0.7094756219444595
0,3126,0.7116102297328416
0,3127,0.7288731657479661
0,3128,0.5500510899752934
0,3129,0.6827800860125363
0,3130,0.6204385977006619
0,3131,0.6378841954888669
0,3132,0.6435598363978365
0,3133,0.7235317066478936
0,3134,0.7127370147942687
0,3135,0.5615364256431261
0,3136,0.4999769004932902
0,3137,0.6291035336679793
0,3138,0.6105350492634709
0,3139,0.7674789128638791
0,3140,0.6822423275435184
0,3141,0.6724554609415795
0,3142,0.5723255970852279
0,3143,0.723265116733515
0,3144,0.6952621792088335
0,3145,0.6569459011932952
0,3146,0.7462197118337056
0,3147,0.7300355017959713
0,3148,0.609263535584198
0,3149,0.7527800487461758
0,3150,0.7124473820441529
0,3151,0.6066566584510111
0,3152,0.6289189552898372
0,3153,0.684857287553754
0,3154,0.4470175643168168
0,3155,0.708138749810867
0,3156,0.6121254675263219
0,3157,0.7370810438145518
0,3158,0.7685790394562602
0,3159,0.9026363263499025
0,3160,0.7694788016054006
0,3161,0.6227226127733683
0,3162,0.91922254229954
0,3163,0.7372978065526405
0,3164,0.543523536437715
0,3165,0.8485154212012699
0,3166,0.7210956799824513
0,3167,0.5924680904017433
0,3168,0.5998789203100667
0,3169,0.5201450873994776
0,3170,0.5345659391571541
0,3171,0.7925050516912527
0,3172,0.6387010805096893
0,3173,0.6850598133288519
0,3174,0.8079464718410637
0,3175,0.6263596740477846
0,3176,0.7423174024374833
0,3177,0.7614901750645496
0,3178,0.5714567804201521
0,3179,0.5707170018622121
0,3180,0.8088252503644281
0,3181,0.7260046827470732
0,3182,0.4352978758272112
0,3183,0.3175972904585938
0,3184,0.5643385525077474
0,3185,0.6064922329530766
0,3186,0.505792322884127
0,3187,0.5254207190952943
0,3188,0.8154029172077754
0,3189,0.3211177482610444
0,3190,0.36978638671736264
0,3191,0.37679811762898535
0,3192,0.3086903192027257
0,3193,0.8890336414455801
0,3194,0.7618823603072002
0,3195,0.6873373933149834
0,3196,0.6244248137165384
0,3197,0.844960992498203
0,3198,0.6824409940404731
0,3199,0.5291081706885246
0,3200,0.5038019050031207
0,3201,0.5816266375109211
0,3202,0.5598338828492937
0,3203,0.6740312387108114
0,3204,0.7891310131425681
0,3205,0.5871699944519603
0,3206,0.570941319248997
0,3207,0.5098962239189744
0,3208,0.5924824494106652
0,3209,0.4906996644053797
0,3210,0.6944267103644385
0,3211,0.6314126264945852
0,3212,0.7445419786367796
0,3213,0.41489666305029727
0,3214,0.6287968293063725
0,3215,0.5915858532918684
0,3216,0.5755570326436926
0,3217,0.5231920024038273
0,3218,0.7407750214523333
0,3219,0.8060222902431853
0,3220,0.8403595379077053
0,3221,0.9411398829073644
0,3222,0.7836404567356899
0,3223,0.743351187192362
0,3224,0.5736140856108196
0,3225,0.6058884027968803
0,3226,0.5317461294199414
0,3227,0.8115905944906734
0,3228,0.5365594168887146
0,3229,0.6373681799568969
0,3230,0.7611892348660236
0,3231,0.58280404570134
0,3232,0.6759193976300549
0,3233,0.5269612983365659
0,3234,0.4476586712313088
0,3235,0.6325453747377766
0,3236,0.6013419447183899
0,3237,0.6399909609307038
0,3238,0.7051032862752252
0,3239,0.6869383379035455
0,3240,0.4578143724181811
0,3241,0.8493811849169494
0,3242,0.6734284872322475
0,3243,0.6514286149136811
0,3244,0.7594180673147248
0,3245,0.838013134473867
0,3246,0.6637324670949961
0,3247,0.6870844436766236
0,3248,0.6917628497601349
0,3249,0.7441978636634863
0,3250,0.7061743952907246
0,3251,0.7500452269471344
0,3252,0.6465672817181639
0,3253,0.6520997447466137
0,3254,0.6165584710608061
0,3255,0.5905956311081547
0,3256,0.5049362671415201
0,3257,0.47737099259578425
0,3258,0.6484758360374749
0,3259,0.7255702131020413
0,3260,0.770050709222545
0,3261,0.7489714591991402
0,3262,0.7266858380587371
0,3263,0.6024422313633901
0,3264,0.6103906854882046
0,3265,0.6130790635200996
0,3266,0.6786345758592921
0,3267,0.6574061452649993
0,3268,0.7557329095935548
0,3269,0.4295175818038641
0,3270,0.6541713519313981
0,3271,0.7513888079482864
0,3272,0.5416661082682033
0,3273,0.5852072619162956
0,3274,0.7818138215650857
0,3275,0.8141594234332372
0,3276,0.5375940090347483
0,3277,0.5562309047362908
0,3278,0.7257721781719777
0,3279,0.6377428506748203
0,3280,0.4810466373925645
0,3281,0.7091433834852173
0,3282,0.6984194384036129
0,3283,0.7669459911332529
0,3284,0.47910272870257686
0,3285,0.5020791145619182
0,3286,0.7835978003777337
0,3287,0.4815278127410601
0,3288,0.5922052307336437
0,3289,0.6240206026440079
0,3290,0.6924106918882375
0,3291,0.7171660011640026
0,3292,0.7720167282393025
0,3293,0.5945805112232194
0,3294,0.7936202378084443
0,3295,0.6716207764958756
0,3296,0.6697836362899119
0,3297,0.5537453394007235
0,3298,0.6587226985586458
0,3299,0.6945214912911438
0,3300,0.7697081150100514
0,3301,0.5691809078219758
0,3302,0.5112824195169962
0,3303,0.5655279023693183
0,3304,0.6111889115906896
0,3305,0.5972908540008889
0,3306,0.899337248951714
0,3307,0.6994624546189312
0,3308,0.6383543496582489
0,3309,0.392357468467609
0,3310,0.6584553148644241
0,3311,0.604853791578522
0,3312,0.5957643779166193
0,3313,0.5112374116460613
0,3314,0.6301726963612193
0,3315,0.7012996533331541
0,3316,0.6710744328773105
0,3317,0.8163753771212697
0,3318,0.7757414883995452
0,3319,0.3665168632398409
0,3320,0.5181016355569639
0,3321,0.5912660447783517
0,3322,0.5262300953224652
0,3323,0.5166173793415663
0,3324,0.6721301706898853
0,3325,0.6890669377542119
0,3326,0.7029381410643705
0,3327,0.5990239464319557
0,3328,0.72037168014354
0,3329,0.49148853148445104
0,3330,0.7036796887051269
0,3331,0.7797960769963588
0,3332,0.752322790683558
0,3333,0.586748658275052
0,3334,0.682342611357076
0,3335,0.630002981121116
0,3336,0.42888950645597396
0,3337,0.8229071530936335
0,3338,0.6421197636042694
0,3339,0.4937670484663922
0,3340,0.689888260190333
0,3341,0.7865220348740034
0,3342,0.52649583864485
0,3343,0.7262534423436037
0,3344,0.6613416224454496
0,3345,0.603601027024935
0,3346,0.761751087330946
0,3347,0.5865064315947968
0,3348,0.5549310584324189
0,3349,0.8209238192159234
0,3350,0.40983870338652484
0,3351,0.7003510128098533
0,3352,0.6460600197236265
0,3353,0.6909674841881777
0,3354,0.7432784667015053
0,3355,0.5626510452208145
0,3356,0.3671988718594971
0,3357,0.7582629063949743
0,3358,0.7605463108520087
0,3359,0.5998538431994057
0,3360,0.6287713288303648
0,3361,0.7914328724887648
0,3362,0.8422146944909978
0,3363,0.5927434715401875
0,3364,0.4706630291493546
0,3365,0.7720728946681048
0,3366,0.6840018579332162
0,3367,0.6470030765014311
0,3368,0.5929398361622382
0,3369,0.6392133228731794
0,3370,0.7296424745570937
0,3371,0.756405871586809
0,3372,0.7473639314742324
0,3373,0.644007443017028
0,3374,0.6421461482271534
0,3375,0.7453443603700532
0,3376,0.7221590223015698
0,3377,0.8103380984402222
0,3378,0.573284611956662
0,3379,0.7410053176071435
0,3380,0.6292464148563046
0,3381,0.6165074411685902
0,3382,0.6670364706081078
0,3383,0.6702537235251568
0,3384,0.6260474011916399
0,3385,0.8338412556303458
0,3386,0.7097480489566822
0,3387,0.6058893540134684
0,3388,0.5327023043702074
0,3389,0.8331234722250496
0,3390,0.8498822089254201
0,3391,0.8207473993258295
0,3392,0.6437609793317173
0,3393,0.5664728965073658
0,3394,0.7511322367742198
0,3395,0.7822512349931253
0,3396,0.6704282107905432
0,3397,0.4608655539709011
0,3398,0.7317217773502754
0,3399,0.5358699719503193
0,3400,0.7298559030777901
0,3401,0.6477028625235162
0,3402,0.7855403020220707
0,3403,0.6941748957721161
0,3404,0.7004684132449255
0,3405,0.7356613344864308
0,3406,0.669957444195524
0,3407,0.6512404251883568
0,3408,0.75093380040115
0,3409,0.5733317232361295
0,3410,0.7741697567878272
0,3411,0.6416592674384362
0,3412,0.5073878473758452
0,3413,0.7259601442429606
0,3414,0.6790561705360361
0,3415,0.7326457487682806
0,3416,0.6904827813179035
0,3417,0.6985959239685112
0,3418,0.5901475804000565
0,3419,0.6680704443383506
0,3420,0.7345115838137641
0,3421,0.6776926551621363
0,3422,0.36098492602417137
0,3423,0.8726060546099691
0,3424,0.6494051243441082
0,3425,0.6173024978835887
0,3426,0.7381422454139424
0,3427,0.5894403160628532
0,3428,0.7389894587604067
0,3429,0.6613983325873509
0,3430,0.43949786428166
0,3431,0.7412827246543451
0,3432,0.5657639509241157
0,3433,0.6101199355981813
0,3434,0.6580984118030773
0,3435,0.6932271085224738
0,3436,0.7114619264190207
0,3437,0.6172389712647199
0,3438,0.5560766529094001
0,3439,0.7025996359613172
0,3440,0.44886006759803027
0,3441,0.5051630202280162
0,3442,0.4897015333550534
0,3443,0.5528674936170517
0,3444,0.5691657093276976
0,3445,0.82254040874415435
0,3446,0.7216761457705567
0,3447,0.8184075247732095
0,3448,0.7106278969360972
0,3449,0.6817319886333185
0,3450,0.5981252313252922
0,3451,0.6362097784104604
0,3452,0.6386741111175225
0,3453,0.5654809703314078
0,3454,0.6265280165813286
0,3455,0.526776517527241
0,3456,0.7022525519779288
0,3457,0.7541837485553838
0,3458,0.8185670321684778
0,3459,0.7659448290590538
0,3460,0.7303091876139717
0,3461,0.4656621930534534
0,3462,0.7715902737606464
0,3463,0.7487787278867751
0,3464,0.5732161343935742
0,3465,0.5734562451892888
0,3466,0.4694793150267959
0,3467,0.6524467914911025
0,3468,0.7495070370682876
0,3469,0.7198837654244595
0,3470,0.48393902347999274
0,3471,0.6677364593592628
0,3472,0.5733642075247339
0,3473,0.4212054605167556
0,3474,0.5163835306745269
0,3475,0.7649897914676946
0,3476,0.8174938994859997
0,3477,0.7144469334141134
0,3478,0.7434576010617312
0,3479,0.6681086857560207
0,3480,0.7274038163100507
0,3481,0.6123464338873903
0,3482,0.5198816835333766
0,3483,0.7027504617945788
0,3484,0.7798198353367859
0,3485,0.756150153153595
0,3486,0.604384234095913
0,3487,0.7000240095060474
0,3488,0.6329169153297499
0,3489,0.8195735350388504
0,3490,0.680869659468421
0,3491,0.6455424796259756
0,3492,0.6584044438150741
0,3493,0.5372965952758434
0,3494,0.5385826367763755
0,3495,0.7637111436506692
0,3496,0.7687252064352789
0,3497,0.5262622469551683
0,3498,0.6697546913258193
0,3499,0.7850364240631235
0,3500,0.7330061793474587
0,3501,0.8553456519731585
0,3502,0.8325866017418422
0,3503,0.7958717754367004
0,3504,0.755582416166581
0,3505,0.6794544079331832
0,3506,0.612321588551438
0,3507,0.49469787543892807
0,3508,0.6180126640342204
0,3509,0.6492215529790769
0,3510,0.47021228350121463
0,3511,0.7197825120894669
0,3512,0.639113834748714
0,3513,0.6509952745836284
0,3514,0.6027894055500369
0,3515,0.5694629385982523
0,3516,0.677206521034418
0,3517,0.6250849759807697
0,3518,0.6005585883353551
0,3519,0.832297647500506
0,3520,0.4813907039686522
0,3521,0.5169656165153654
0,3522,0.6175166552285835
0,3523,0.7356593014774652
0,3524,0.7894647917479638
0,3525,0.7141882066853525
0,3526,0.6389742890936366
0,3527,0.7507613483731925
0,3528,0.5277475139628371
0,3529,0.6975754233073399
0,3530,0.5832860713350423
0,3531,0.6761731722694416
0,3532,0.6340408186684072
0,3533,0.7201591176250335
0,3534,0.7988097290211688
0,3535,0.7859727808247955
0,3536,0.45170874896956137
0,3537,0.40879568632166197
0,3538,0.6174853584854898
0,3539,0.6968309765085836
0,3540,0.6507196774690591
0,3541,0.5305416343491417
0,3542,0.79818712208564635
0,3543,0.5497649917679963
0,3544,0.8003088719417596
0,3545,0.6646984224320236
0,3546,0.7588663542647446
0,3547,0.49238505617320555
0,3548,0.6974622840203056
0,3549,0.6392260125435235
0,3550,0.49665722913300525
0,3551,0.497285615689049
0,3552,0.7046742578191573
0,3553,0.6676339507287044
0,3554,0.6480211752925794
0,3555,0.6931786540931638
0,3556,0.6854944625443312
0,3557,0.6928352571466758
0,3558,0.6198083707231751
0,3559,0.7824857945666154
0,3560,0.8326049559986898
0,3561,0.8324442084951296
0,3562,0.8313517079086447
0,3563,0.5797955348157285
0,3564,0.6036671790692897
0,3565,0.6230553331809149
0,3566,0.6116945631509818
0,3567,0.7170073009825961
0,3568,0.6995226487571146
0,3569,0.7227108068417673
0,3570,0.7438770750313728
0,3571,0.8199014291919353
0,3572,0.6421265833661218
0,3573,0.650789897411538
0,3574,0.6309514379889971
0,3575,0.671316257052105
0,3576,0.5384714502352628
0,3577,0.5562875413996583
0,3578,0.6480305570751883
0,3579,0.7012569619653255
0,3580,0.615367585868858
0,3581,0.6751638337955108
0,3582,0.7114364550927
0,3583,0.822213982797194
0,3584,0.6660527802745856
0,3585,0.5553590317712696
0,3586,0.6163903321680544
0,3587,0.638441288494018
0,3588,0.6783431887393165
0,3589,0.6756571703460219
0,3590,0.6222075950606551
0,3591,0.5815430756228491
0,3592,0.6320164358998742
0,3593,0.7236151468778228
0,3594,0.6611303261298889
0,3595,0.7851997895050203
0,3596,0.6339714585220305
0,3597,0.7666893276438301
0,3598,0.5282437361725937
0,3599,0.6509205095565497
0,3600,0.6340489448888313
0,3601,0.5082727919684414
0,3602,0.6182622052313763
0,3603,0.5425875716589028
0,3604,0.4648075704408531
0,3605,0.6295534865159487
0,3606,0.6037608921090981
0,3607,0.7946784134996194
0,3608,0.8302264722277256
0,3609,0.7206192478859238
0,3610,0.5096322163450009
0,3611,0.56943982438914
0,3612,0.7127147615390083
0,3613,0.6658655388489236
0,3614,0.7743381941226909
0,3615,0.8122798095600416
0,3616,0.5521485707537996
0,3617,0.4646738391691041
0,3618,0.6806812458625922
0,3619,0.6937122411067289
0,3620,0.6782092707451877
0,3621,0.5900606182264869
0,3622,0.6557984833761688
0,3623,0.5762007799767137
0,3624,0.5382689996497351
0,3625,0.7930361397924952
0,3626,0.818184967462311
0,3627,0.8684087770658779
0,3628,0.6756823332899163
0,3629,0.7405949303451048
0,3630,0.4652979416422939
0,3631,0.4152703852393353
0,3632,0.5681644746893756
0,3633,0.6284442985304747
0,3634,0.6713142587648034
0,3635,0.7525186950306855
0,3636,0.5846679115546064
0,3637,0.6590360036154537
0,3638,0.6923728550793641
0,3639,0.6342807554303633
0,3640,0.5735284144962414
0,3641,0.36953063729598973
0,3642,0.7636689224432598
0,3643,0.8702631719648292
0,3644,0.6909814394520385
0,3645,0.6878006521933057
0,3646,0.6548380701700259
0,3647,0.6125172973893876
0,3648,0.6546596851288522
0,3649,0.82194979195052
0,3650,0.5157901148191059
0,3651,0.5105622979084046
0,3652,0.5531823580517171
0,3653,0.7144682335335429
0,3654,0.8203554459649262
0,3655,0.6454658840242895
0,3656,0.6699930165413551
0,3657,0.7072295852835466
0,3658,0.6212581335063153
0,3659,0.7720062309326974
0,3660,0.6990805744815858
0,3661,0.6034763911524018
0,3662,0.7640726280146807
0,3663,0.6508391185591021
0,3664,0.6704741579058565
0,3665,0.6494027326242792
0,3666,0.4870959675596024
0,3667,0.7450315977640868
0,3668,0.8031450815143122
0,3669,0.584411429116912
0,3670,0.5638461738496299
0,3671,0.6637708155195213
0,3672,0.6575039819636063
0,3673,0.5738102218388949
0,3674,0.6070664471868732
0,3675,0.5221736702287553
0,3676,0.5420505274953492
0,3677,0.7049783043088408
0,3678,0.6928697014518511
0,3679,0.7455726179673443
0,3680,0.44381319261217833
0,3681,0.6753606071592363
0,3682,0.639552864063006
0,3683,0.874815431663207
0,3684,0.8465160192893985
0,3685,0.6880033435316797
0,3686,0.5397420402419026
0,3687,0.6241113306669683
0,3688,0.6551237388552915
0,3689,0.7837938609713067
0,3690,0.7837014152995198
0,3691,0.6244958153197138
0,3692,0.6903966325912309
0,3693,0.6325469927019373
0,3694,0.6786777166809929
0,3695,0.7320860461338264
0,3696,0.571223061364296
0,3697,0.664430905154109
0,3698,0.6753392263862432
0,3699,0.7040924667257522
0,3700,0.5569847122589658
0,3701,0.5340166698395661
0,3702,0.7278854385553559
0,3703,0.5305546621195085
0,3704,0.7394954063508357
0,3705,0.7346997914428536
0,3706,0.44684836544163625
0,3707,0.6226895053561124
0,3708,0.6705592385178322
0,3709,0.5851147104049753
0,3710,0.5103418951513912
0,3711,0.49508127777224853
0,3712,0.6673125996367916
0,3713,0.7501235189662379
0,3714,0.6769395122530928
0,3715,0.6840613296631429
0,3716,0.5103030171129448
0,3717,0.7099739498668645
0,3718,0.6182528778643317
0,3719,0.7883442904692755
0,3720,0.7116518301982764
0,3721,0.559877268715325
0,3722,0.8825579525162557
0,3723,0.7282946171637942
0,3724,0.7710807609351261
0,3725,0.44474734248742903
0,3726,0.6226487384138586
0,3727,0.47027775478066697
0,3728,0.7003043321101476
0,3729,0.7130115469000897
0,3730,0.7350056302578981
0,3731,0.7682189023473315
0,3732,0.5740450593359897
0,3733,0.6995921743162593
0,3734,0.5087274959822181
0,3735,0.5904826438804207
0,3736,0.41096849136441843
0,3737,0.6372107537850076
0,3738,0.5527309300668729
0,3739,0.7244304438599241
0,3740,0.4739179829602026
0,3741,0.8005816620478478
0,3742,0.5457880208933692
0,3743,0.6032958862690411
0,3744,0.741639863550363
0,3745,0.7081161034724728
0,3746,0.6801081395193076
0,3747,0.8593592396067286
0,3748,0.33548512645597106
0,3749,0.39988364014991956
0,3750,0.47848401650650607
0,3751,0.6709282039014277
0,3752,0.7685323409405388
0,3753,0.6935176974680987
0,3754,0.7602235351440463
0,3755,0.7690077788442286
0,3756,0.6912358472994825
0,3757,0.45049203426492435
0,3758,0.47711631852886643
0,3759,0.6428963548524256
0,3760,0.6863749019644068
0,3761,0.702322494733964
0,3762,0.6691672540478316
0,3763,0.6689342764816538
0,3764,0.5382836157361358
0,3765,0.7031731929083053
0,3766,0.45195200210154296
0,3767,0.7852126300045107
0,3768,0.7210481245156035
0,3769,0.6264880504480205
0,3770,0.5157587504059776
0,3771,0.572633470120651
0,3772,0.7263953709843447
0,3773,0.6684359793157477
0,3774,0.5537988014940922
0,3775,0.7847415776824727
0,3776,0.6821689995437462
0,3777,0.61971818605188
0,3778,0.6543969224747
0,3779,0.5836019402563966
0,3780,0.737460174787389
0,3781,0.6417064883850581
0,3782,0.615326565799718
0,3783,0.5940542993667612
0,3784,0.6855635260335663
0,3785,0.5537937311699628
0,3786,0.6612606134076585
0,3787,0.7563480724460336
0,3788,0.7206781839956805
0,3789,0.7026007781165899
0,3790,0.7339693489276733
0,3791,0.5790419211114368
0,3792,0.3454044511947775
0,3793,0.4233457860418781
0,3794,0.7209027545519794
0,3795,0.8586662649721257
0,3796,0.5785853390509254
0,3797,0.6373622305672689
0,3798,0.393380769342542
0,3799,0.6655084040855429
0,3800,0.7601635089202414
0,3801,0.7689261765227142
0,3802,0.6913819076282741
0,3803,0.6650425023401327
0,3804,0.43862764251466024
0,3805,0.6359384380334309
0,3806,0.43964270884245316
0,3807,0.7946372477303675
0,3808,0.74829417286273
0,3809,0.379686141477361
0,3810,0.39755278549483564
0,3811,0.6580182899692726
0,3812,0.5853803274329504
0,3813,0.7791594581998892
0,3814,0.563569137503784
0,3815,0.5848980365210329
0,3816,0.7601301509715191
0,3817,0.737472331232864
0,3818,0.6301779604627357
0,3819,0.5785380726429185
0,3820,0.6801915176016252
0,3821,0.8197931811108657
0,3822,0.5566773031420803
0,3823,0.53328987288042
0,3824,0.6868680201484146
0,3825,0.7100152486910999
0,3826,0.7375543388158893
0,3827,0.8100899929029104
0,3828,0.7139804861395287
0,3829,0.5929341088528208
0,3830,0.6841229401724684
0,3831,0.5566931409232483
0,3832,0.7190944260658311
0,3833,0.6873418371140132
0,3834,0.6014207267740311
0,3835,0.4131769123398919
0,3836,0.6248031409920362
0,3837,0.7618184095367523
0,3838,0.6293824969297853
0,3839,0.5697381100663073
0,3840,0.6184282323218504
0,3841,0.46191506134087434
0,3842,0.5838335013943646
0,3843,0.8001931695139763
0,3844,0.7791935887757028
0,3845,0.7863531340931975
0,3846,0.5476973173680824
0,3847,0.6301094131565204
0,3848,0.5862606222290138
0,3849,0.7574194017084142
0,3850,0.854604851247235
0,3851,0.8382282776854422
0,3852,0.740913053039628
0,3853,0.7235867674688643
0,3854,0.529325444760019
0,3855,0.43306563614675103
0,3856,0.30787876058892266
0,3857,0.8666534893397119
0,3858,0.818325501525253
0,3859,0.6286679865541701
0,3860,0.7081932164015209
0,3861,0.66433653893549
0,3862,0.6553368807135747
0,3863,0.7057884978069354
0,3864,0.7189080378609415
0,3865,0.6048917670581712
0,3866,0.6867585538420194
0,3867,0.590358447378231
0,3868,0.63689407346682
0,3869,0.6280793146932249
0,3870,0.6534831439145493
0,3871,0.7690542118952335
0,3872,0.7638064039172202
0,3873,0.58061902158162
0,3874,0.568626035599332
0,3875,0.6162733336994409
0,3876,0.6821349771301788
0,3877,0.8529716202347195
0,3878,0.7564371269273783
0,3879,0.5832078955791083
0,3880,0.6407259532199561
0,3881,0.7522965220281114
0,3882,0.6737240867715664
0,3883,0.5693175515002489
0,3884,0.43078514350584807
0,3885,0.694332409079684
0,3886,0.866583432155689
0,3887,0.8620533301345514
0,3888,0.6042395209242135
0,3889,0.46417430211864313
0,3890,0.5147577748707586
0,3891,0.7705189028145426
0,3892,0.6625019467029521
0,3893,0.5021324694233931
0,3894,0.655726082205511
0,3895,0.7101498684675231
0,3896,0.7174651037996356
0,3897,0.7649970141404973
0,3898,0.8252037617677805
0,3899,0.7628954108428166
0,3900,0.5700383056474585
0,3901,0.5753919527244822
0,3902,0.6709922518510145
0,3903,0.7685363388254344
0,3904,0.5781145254711899
0,3905,0.6758522748417156
0,3906,0.6861994844021495
0,3907,0.5647445189205884
0,3908,0.6308505019988007
0,3909,0.775626063831829
0,3910,0.6002228698017686
0,3911,0.7517650137531535
0,3912,0.7864721008597491
0,3913,0.7787832518479524
0,3914,0.6947600127479565
0,3915,0.8313597826461236
0,3916,0.6417011859528374
0,3917,0.518914409743379
0,3918,0.7138255405386736
0,3919,0.49382672938515276
0,3920,0.7716436914742515
0,3921,0.7248629784949747
0,3922,0.751288355430882
0,3923,0.6774003670531199
0,3924,0.6934791578915519
0,3925,0.73276310689634
0,3926,0.8005306861992186
0,3927,0.6184497394440902
0,3928,0.551355717685283
0,3929,0.524623445510619
0,3930,0.6404460024545293
0,3931,0.843514151904473
0,3932,0.7891536881701989
0,3933,0.8447668098407272
0,3934,0.712991520522106
0,3935,0.8349512504311348
0,3936,0.7746096125349868
0,3937,0.6710758443194446
0,3938,0.8257429003448622
0,3939,0.7108529632214465
0,3940,0.7309181663669412
0,3941,0.7461377695318427
0,3942,0.717527092608995
0,3943,0.5977424549147519
0,3944,0.504354245274788
0,3945,0.7145592081330201
0,3946,0.6211945678681055
0,3947,0.6849975061591987
0,3948,0.5958564027448762
0,3949,0.7393328113639454
0,3950,0.8601103006016907
0,3951,0.9312024396178596
0,3952,0.7858508353635494
0,3953,0.8455636760988715
0,3954,0.627502123709774
0,3955,0.5523574442334256
0,3956,0.7270292682275369
0,3957,0.6623914920794332
0,3958,0.5415178154702269
0,3959,0.5679557876473602
0,3960,0.6170999403360881
0,3961,0.6942519457682476
0,3962,0.5577822182947145
0,3963,0.722054742406064
0,3964,0.7030803745118346
0,3965,0.6730342105329812
0,3966,0.7548978242017852
0,3967,0.6235992939380631
0,3968,0.6774448989533032
0,3969,0.6386207644961367
0,3970,0.6090869250454193
0,3971,0.8050989504819808
0,3972,0.8136114217684609
0,3973,0.5304889091893513
0,3974,0.6450120991412663
0,3975,0.6820571925205487
0,3976,0.7301331990104195
0,3977,0.659944243372954
0,3978,0.7888218374393439
0,3979,0.5443768324064199
0,3980,0.7046525360794936
0,3981,0.6384532519077342
0,3982,0.6795446058310924
0,3983,0.5271108174743838
0,3984,0.5200309198397727
0,3985,0.6883143278388074
0,3986,0.6311771458812938
0,3987,0.7315535733147069
0,3988,0.6423386912400276
0,3989,0.6256263146991583
0,3990,0.6247441133571411
0,3991,0.33323685696637473
0,3992,0.7575527071490697
0,3993,0.42133902013663044
0,3994,0.3974709893069736
0,3995,0.7283048783728288
0,3996,0.5003565555905596
0,3997,0.589207303776238
0,3998,0.5295977179296583
0,3999,0.6699510112249346
0,4000,0.8459221866455977
0,4001,0.6933605283620984
0,4002,0.8566405734074678
0,4003,0.6849520726339106
0,4004,0.7036055237243007
0,4005,0.8147795178890502
0,4006,0.695715075393798
0,4007,0.641829129610794
0,4008,0.7103250507496536
0,4009,0.6309045608804241
0,4010,0.6582866579273521
0,4011,0.6917582459475501
0,4012,0.6667551651006527
0,4013,0.6969886228014786
0,4014,0.5317338478933706
0,4015,0.5594215937824577
0,4016,0.6623167803785471
0,4017,0.603984739357385
0,4018,0.7581855251517707
0,4019,0.5880041421578922
0,4020,0.926112163841909
0,4021,0.5099326752449606
0,4022,0.8683492242358484
0,4023,0.7595826913972601
0,4024,0.8462579324320634
0,4025,0.49895346659517226
0,4026,0.6189745582912484
0,4027,0.6263193630824169
0,4028,0.7325771027393607
0,4029,0.6705774399812507
0,4030,0.6817725686570674
0,4031,0.6893148778541414
0,4032,0.5797478362747853
0,4033,0.8463797310179446
0,4034,0.5450181651941809
0,4035,0.712797345382302
0,4036,0.7510179166178528
0,4037,0.658126365385955
0,4038,0.707618764925943
0,4039,0.8786668791989138
0,4040,0.4351552565462621
0,4041,0.4166864702922316
0,4042,0.8061097235522509
0,4043,0.8242959676374365
0,4044,0.8197454483205321
0,4045,0.7387043916189197
0,4046,0.6350447776509187
0,4047,0.7543094438661839
0,4048,0.766915664012252
0,4049,0.7255974584997954
0,4050,0.7710037492959594
0,4051,0.7497256922891166
0,4052,0.6473250963130122
0,4053,0.6846352430762404
0,4054,0.6668021071862859
0,4055,0.694657584757339
0,4056,0.633264164599246
0,4057,0.4353938014468834
0,4058,0.6734403959761216
0,4059,0.7848799535695022
0,4060,0.8055343736333948
0,4061,0.5527421565316973
0,4062,0.7106173845795032
0,4063,0.6898111609435802
0,4064,0.6795857664531599
0,4065,0.7124111602466847
0,4066,0.3996117091372055
0,4067,0.7307097407013743
0,4068,0.7044449292186058
0,4069,0.6347253603760941
0,4070,0.7396295172464086
0,4071,0.28887095655871425
0,4072,0.46590377048547366
0,4073,0.7870680640210566
0,4074,0.8399527371491096
0,4075,0.7902109651159844
0,4076,0.7046002609996804
0,4077,0.6101982351701751
0,4078,0.7956509952813421
0,4079,0.6084574043647221
0,4080,0.7729582511976035
0,4081,0.6034959813036869
0,4082,0.5882197396509447
0,4083,0.758188453032999
0,4084,0.5398082051507619
0,4085,0.7543569452888297
0,4086,0.7634011558110333
0,4087,0.7056019170826202
0,4088,0.6224094561189016
0,4089,0.5865557284481384
0,4090,0.8168888594559769
0,4091,0.6601782188416375
0,4092,0.365555685881658
0,4093,0.43834035470468036
0,4094,0.5793645102091852
0,4095,0.8451669493847974
0,4096,0.4976026768843733
0,4097,0.4964615031378168
0,4098,0.3836039830108338
0,4099,0.9311189561421629
0,4100,0.4086119481574618
0,4101,0.7591884963824725
0,4102,0.5440796673383277
0,4103,0.5212502756691061
0,4104,0.3388673313735289
0,4105,0.25248989481337997
0,4106,0.5574060810900844
0,4107,0.6569723650006214
0,4108,0.6108435204426159
0,4109,0.6631217636473057
0,4110,0.7543189196993818
0,4111,0.7579023889916954
0,4112,0.7992322927222306
0,4113,0.6572817654997105
0,4114,0.6966895864820297
0,4115,0.6164927787588371
0,4116,0.7051220926777847
0,4117,0.3847854775017049
0,4118,0.37793480991563005
0,4119,0.42896862563228577
0,4120,0.6938309151397556
0,4121,0.6789279074119385
0,4122,0.4262028603633382
0,4123,0.5455237290143635
0,4124,0.6976712885859965
0,4125,0.7243959029184502
0,4126,0.5558631463067735
0,4127,0.7333954097068413
0,4128,0.7860481950090328
0,4129,0.6213775097114692
0,4130,0.6774414232087579
0,4131,0.6231658616850951
0,4132,0.635952560346976
0,4133,0.7260552177063399
0,4134,0.6465039924155165
0,4135,0.7568135272843127
0,4136,0.7751807333884367
0,4137,0.6847493588807586
0,4138,0.67939907144473
0,4139,0.651454761381036
0,4140,0.7177295183537892
0,4141,0.8106097429199093
0,4142,0.4542836635103556
0,4143,0.8069106490190512
0,4144,0.6048487665798739
0,4145,0.8374292216579851
0,4146,0.6731436213750394
0,4147,0.20019023956891865
0,4148,0.5798087667308722
0,4149,0.7137440196006161
0,4150,0.7553654401410634
0,4151,0.6985696695305476
0,4152,0.48661709112371776
0,4153,0.3973479672319646
0,4154,0.7014689107610611
0,4155,0.6037038866304401
0,4156,0.7173487241761527
0,4157,0.7841861235443094
0,4158,0.7092201800768465
0,4159,0.7591181978230264
0,4160,0.3807967124537464
0,4161,0.6087838038007434
0,4162,0.790312177339403
0,4163,0.6913221618877365
0,4164,0.5918611667974979
0,4165,0.6780988358428713
0,4166,0.7527312232550645
0,4167,0.7332701191364034
0,4168,0.6735389101509364
0,4169,0.7009763256370118
0,4170,0.6971167265408358
0,4171,0.7896866726902053
0,4172,0.8227343633020882
0,4173,0.5697925781143269
0,4174,0.7620906713493056
0,4175,0.675101298978211
0,4176,0.6502055459109753
0,4177,0.5181528936789705
0,4178,0.5339908929269521
0,4179,0.5659853919823375
0,4180,0.617725627094211
0,4181,0.6256366754817145
0,4182,0.6645168835118943
0,4183,0.8145269786943383
0,4184,0.8453217753495637
0,4185,0.4012126938875443
0,4186,0.8242510328339074
0,4187,0.6783120574782122
0,4188,0.5648658860041474
0,4189,0.800958135653104
0,4190,0.4947285945264026
0,4191,0.7419882877299446
0,4192,0.6812086576771962
0,4193,0.7257343818389811
0,4194,0.4806078214580712
0,4195,0.6694321758794659
0,4196,0.7396302432043261
0,4197,0.5904728521906316
0,4198,0.5390289684124371
0,4199,0.676521727750571
0,4200,0.5872921648973787
0,4201,0.62875900553203945
0,4202,0.7106121356038251
0,4203,0.771871741962599
0,4204,0.7581347005613339
0,4205,0.6588858340506596
0,4206,0.4476541855287694
0,4207,0.606119526348002
0,4208,0.5617202739021921
0,4209,0.7260748010219118
0,4210,0.6768308296516641
0,4211,0.5838912079526366
0,4212,0.7269193754372991
0,4213,0.7697270499058962
0,4214,0.6182856302809396
0,4215,0.7214983490957092
0,4216,0.7192963839361395
0,4217,0.5439591948879271
0,4218,0.4634131427233519
0,4219,0.7563540612800944
0,4220,0.6041234417302471
0,4221,0.7715861061098465
0,4222,0.5501554569430237
0,4223,0.8464386795251233
0,4224,0.8001848494761747
0,4225,0.45144433463096145
0,4226,0.5020180422771886
0,4227,0.7330648815863753
0,4228,0.583535744574287
0,4229,0.601098370648747
0,4230,0.4012285779103253
0,4231,0.7551534787156132
0,4232,0.8318034645566413
0,4233,0.7669322449092606
0,4234,0.602955652842968
0,4235,0.5790033364310101
0,4236,0.5915281067565596
0,4237,0.7665963944438046
0,4238,0.5540351089004789
0,4239,0.6708605429615632
0,4240,0.7600545854215083
0,4241,0.749403806450866
0,4242,0.6254615902021664
0,4243,0.5648356048510954
0,4244,0.5174720324106747
0,4245,0.6221802193244717
0,4246,0.41449302299730706
0,4247,0.9209059643715238
0,4248,0.7095019144574253
0,4249,0.8128773599533211
0,4250,0.8371635259763943
0,4251,0.7762799154039548
0,4252,0.6246836613524769
0,4253,0.618185769314042
0,4254,0.64096600346692
0,4255,0.7389395052408942
0,4256,0.6618939624254817
0,4257,0.666057842881567
0,4258,0.4220063298360653
0,4259,0.7672601752479107
0,4260,0.48838276208294096
0,4261,0.7423370732546536
0,4262,0.6995900195056115
0,4263,0.7728287540615959
0,4264,0.6175400106761478
0,4265,0.6662606729812329
0,4266,0.7680963939698925
0,4267,0.6787929522141544
0,4268,0.7429796698294384
0,4269,0.7730576094383192
0,4270,0.7602318937779382
0,4271,0.6806493765284268
0,4272,0.6346379112802946
0,4273,0.6192399270238574
0,4274,0.5352573599423367
0,4275,0.6392394598135243
0,4276,0.6523149136497655
0,4277,0.48347741732391614
0,4278,0.6990871650679877
0,4279,0.6235120869721693
0,4280,0.5754616808696694
0,4281,0.7474879038169211
0,4282,0.5669070377615655
0,4283,0.4339780268848621
0,4284,0.5809506627503066
0,4285,0.3400185621839339
0,4286,0.34603239291672827
0,4287,0.7903274960302162
0,4288,0.6464332702345746
0,4289,0.6691695570005339
0,4290,0.590454311310708
0,4291,0.6659762198923083
0,4292,0.7085769720409071
0,4293,0.7994455547246972
0,4294,0.8534114639909287
0,4295,0.8518277994176648
0,4296,0.7059904118316948
0,4297,0.6469488806243527
0,4298,0.7918698603058457
0,4299,0.7345631389100166
0,4300,0.6754094046625466
0,4301,0.7533714806534457
0,4302,0.5469326923677446
0,4303,0.682776617192396
0,4304,0.6445978292736908
0,4305,0.7672507728311226
0,4306,0.7317565467188557
0,4307,0.7702414855612373
0,4308,0.8246207695829024
0,4309,0.543517354684376
0,4310,0.44804094245176296
0,4311,0.4571168816397253
0,4312,0.7383890159557831
0,4313,0.7233372360584833
0,4314,0.7915536596221218
0,4315,0.867080024760268
0,4316,0.6350827136256968
0,4317,0.35890213615574446
0,4318,0.5128685136132177
0,4319,0.7011914101242918
0,4320,0.597947953913548
0,4321,0.6845248626049437
0,4322,0.725467911766893
0,4323,0.7308319140183341
0,4324,0.6994673535121598
0,4325,0.4821602215426461
0,4326,0.6523313021062112
0,4327,0.6883382443867178
0,4328,0.7139393120449877
0,4329,0.7286748363321268
0,4330,0.8011189393295562
0,4331,0.6580253086770136
0,4332,0.7110169162845382
0,4333,0.5767794399647953
0,4334,0.7462935747740567
0,4335,0.6314505980423489
0,4336,0.6477441700357761
0,4337,0.7001993479935316
0,4338,0.6209816328732304
0,4339,0.7726767966566901
0,4340,0.7300277813272323
0,4341,0.5991973002529098
0,4342,0.6937628584734233
0,4343,0.6990515489491248
0,4344,0.8170686896901782
0,4345,0.8823081018555309
0,4346,0.5893519881928332
0,4347,0.5633617149170149
0,4348,0.5310441271459109
0,4349,0.6310355566187156
0,4350,0.8247532224914786
0,4351,0.8095880128919539
0,4352,0.6791410982617528
0,4353,0.7067592721319258
0,4354,0.651304509459719
0,4355,0.5553067700566876
0,4356,0.5368816239641173
0,4357,0.7723483385061441
0,4358,0.6226846999153813
0,4359,0.5746129263369367
0,4360,0.8365026506711267
0,4361,0.6588775740958759
0,4362,0.6762495060154537
0,4363,0.6638212104141704
0,4364,0.6662731593987052
0,4365,0.5221420209926113
0,4366,0.6719443208395537
0,4367,0.6535827190479522
0,4368,0.55350021964835
0,4369,0.6201433943492793
0,4370,0.7186602547179901
0,4371,0.704296367944252
0,4372,0.7485233944801517
0,4373,0.8561195305943539
0,4374,0.6021696269560348
0,4375,0.5121656540798915
0,4376,0.5446853556406456
0,4377,0.6922947597078358
0,4378,0.6219353861912912
0,4379,0.5735749535660797
0,4380,0.7022859719602895
0,4381,0.5315637412535926
0,4382,0.704699165057884
0,4383,0.7296117375184921
0,4384,0.6540034261355193
0,4385,0.46726135732495144
0,4386,0.736491722701057
0,4387,0.6216328874657403
0,4388,0.5767266935409024
0,4389,0.5898381543049301
0,4390,0.4911039841795824
0,4391,0.7038823055330761
0,4392,0.7448006663916226
0,4393,0.7263387405963642
0,4394,0.7248843680466316
0,4395,0.6946702543959105
0,4396,0.6037346138218261
0,4397,0.685957142723286
0,4398,0.8185890070520965
0,4399,0.7554400939727814
0,4400,0.7525087871338418
0,4401,0.4548549743586812
0,4402,0.6399101409645584
0,4403,0.6773311699015679
0,4404,0.6966033092313059
0,4405,0.5815086825084652
0,4406,0.3829579136020327
0,4407,0.6080209299558269
0,4408,0.6083879828998366
0,4409,0.7609097275116758
0,4410,0.5010962951590531
0,4411,0.545520418262052
0,4412,0.8092683274253742
0,4413,0.38554488826116556
0,4414,0.5647802996553349
0,4415,0.5219715088413026
0,4416,0.6434341154596324
0,4417,0.6088572863903692
0,4418,0.6758350221280619
0,4419,0.4961539118579726
0,4420,0.7034121319447636
0,4421,0.6160556744063305
0,4422,0.5287683031377685
0,4423,0.668697574252061
0,4424,0.7932885262954873
0,4425,0.8761916839106026
0,4426,0.5712128521851056
0,4427,0.6455263100612486
0,4428,0.7525965047502685
0,4429,0.470524835810682
0,4430,0.8801200101050253
0,4431,0.6828984725419921
0,4432,0.6756540099256568
0,4433,0.6536914251630704
0,4434,0.48538217658521365
0,4435,0.7315619801210139
0,4436,0.7107237355764217
0,4437,0.75173625729604
0,4438,0.6807680981610763
0,4439,0.8383220703324021
0,4440,0.7213538883167488
0,4441,0.7876112336388966
0,4442,0.6756809196519845
0,4443,0.5627721291977484
0,4444,0.7202759536606304
0,4445,0.6369053767274584
0,4446,0.6340810328554165
0,4447,0.6837832006849434
0,4448,0.6590753092384178
0,4449,0.5373444591763248
0,4450,0.5621419152962465
0,4451,0.529692072153351
0,4452,0.7205209925913504
0,4453,0.87954876999425
0,4454,0.9203844061747818
0,4455,0.7678973503632441
0,4456,0.7026612561427406
0,4457,0.6536933899827134
0,4458,0.6660523811616754
0,4459,0.8179676062717497
0,4460,0.6141089220945707
0,4461,0.7357986896165641
0,4462,0.5806956671132764
0,4463,0.7216127838851835
0,4464,0.7844185363784199
0,4465,0.6550504382028496
0,4466,0.7321852864149957
0,4467,0.5062253429571135
0,4468,0.7999668215861467
0,4469,0.6481096084918936
0,4470,0.6488217209262316
0,4471,0.6869104110945097
0,4472,0.6048733329850433
0,4473,0.712615288216573
0,4474,0.6182180606852906
0,4475,0.6316038283548358
0,4476,0.6727146572091698
0,4477,0.6233179229180786
0,4478,0.6892351960818623
0,4479,0.6579713278351873
0,4480,0.6828646588799109
0,4481,0.5790584735666593
0,4482,0.6785055202504746
0,4483,0.6243229051263008
0,4484,0.5700439534125216
0,4485,0.5124516733687646
0,4486,0.6851892174416085
0,4487,0.40159879060636205
0,4488,0.6998748275890544
0,4489,0.7209296805104742
0,4490,0.7064989943241581
0,4491,0.6522244638555116
0,4492,0.7907550960147137
0,4493,0.4750810303544044
0,4494,0.8551019884039955
0,4495,0.8191319332555386
0,4496,0.6827802538437571
0,4497,0.7450880241916036
0,4498,0.8255395904007325
0,4499,0.5459392159747927
0,4500,0.6610070733902281
0,4501,0.6405046519385682
0,4502,0.6168414144837081
0,4503,0.7330955644983176
0,4504,0.7364950540783639
0,4505,0.346675359479134
0,4506,0.4963157098746567
0,4507,0.45071249288270365
0,4508,0.3474440776441801
0,4509,0.5330714030516728
0,4510,0.5038995094163622
0,4511,0.6718835308192604
0,4512,0.7238143541241738
0,4513,0.6902081266425859
0,4514,0.6802753143843182
0,4515,0.5438503104933762
0,4516,0.5679479499230657
0,4517,0.5891446143398233
0,4518,0.8462366436041605
0,4519,0.8133974813364431
0,4520,0.5217137889227471
0,4521,0.7588975008944523
0,4522,0.7099045380366817
0,4523,0.5753916844376176
0,4524,0.81665182101336
0,4525,0.46853644217270274
0,4526,0.7105184543142198
0,4527,0.6619409384697389
0,4528,0.7555243999126418
0,4529,0.580029809416873
0,4530,0.7173234458618993
0,4531,0.6033865795914785
0,4532,0.6991978934321263
0,4533,0.5915977523449585
0,4534,0.6663136870578632
0,4535,0.6407148778021143
0,4536,0.6333436317250305
0,4537,0.7376492619765854
0,4538,0.6122244869050181
0,4539,0.6892373512786697
0,4540,0.4835517258840377
0,4541,0.598908878855159
0,4542,0.6599186023887851
0,4543,0.6399001153098854
0,4544,0.7157640305624725
0,4545,0.6034015013946465
0,4546,0.7068565860595832
0,4547,0.6687451318690982
0,4548,0.6329209197252822
0,4549,0.5617885204849136
0,4550,0.7515430764179009
0,4551,0.6021927031622826
0,4552,0.6788609627857368
0,4553,0.6068520903393104
0,4554,0.5658940245761512
0,4555,0.7408919867721995
0,4556,0.7415349151353882
0,4557,0.6368970253266758
0,4558,0.8611907357999702
0,4559,0.874307338381103
0,4560,0.5648959733183172
0,4561,0.6015073119927414
0,4562,0.6157932363944484
0,4563,0.8700088996204469
0,4564,0.6877981459504939
0,4565,0.7595405114219287
0,4566,0.5141427121761328
0,4567,0.5856365134070302
0,4568,0.7259784486496921
0,4569,0.7529332886627288
0,4570,0.7310037090728588
0,4571,0.491681473014874
0,4572,0.649331332465354
0,4573,0.7057669945115953
0,4574,0.677646452861513
0,4575,0.6449992055189341
0,4576,0.5755599529895867
0,4577,0.7308502010174036
0,4578,0.841199033844888
0,4579,0.7511773201301711
0,4580,0.6077911964678061
0,4581,0.6886751212934398
0,4582,0.694331724512129
0,4583,0.6108754634868944
0,4584,0.7407332408905841
0,4585,0.5755341265537334
0,4586,0.5044513877446074
0,4587,0.36486963931097044
0,4588,0.5658094500739462
0,4589,0.7112965054735194
0,4590,0.7226343809747012
0,4591,0.7672942410773882
0,4592,0.7889505006660626
0,4593,0.4272550718430806
0,4594,0.585388612238146
0,4595,0.6114373168402523
0,4596,0.618928486586028
0,4597,0.6596740422244309
0,4598,0.4490145437060034
0,4599,0.6843039446310877
0,4600,0.7266620031363993
0,4601,0.69286279636228
0,4602,0.6660027130947689
0,4603,0.7093579176870624
0,4604,0.5881635504584273
0,4605,0.7009198317460927
0,4606,0.7769271901451201
0,4607,0.7673512225213243
0,4608,0.6545735313965796
0,4609,0.3619279420448999
0,4610,0.6887466545066144
0,4611,0.776671149355676
0,4612,0.7359052762973874
0,4613,0.7125204974890259
0,4614,0.6369191148577554
0,4615,0.6238319531102421
0,4616,0.6294635254247855
0,4617,0.671247790420587
0,4618,0.6073021138371737
0,4619,0.6670983637685597
0,4620,0.655151784969364
0,4621,0.660439171667549
0,4622,0.7688995866565805
0,4623,0.5800824008607491
0,4624,0.7490705915225953
0,4625,0.6663840203554952
0,4626,0.39676974740944143
0,4627,0.7032082729558584
0,4628,0.5860720411526615
0,4629,0.5551036619309815
0,4630,0.46997268176533546
0,4631,0.5400642083764707
0,4632,0.7001537798757713
0,4633,0.6482287322976829
0,4634,0.5091827254178853
0,4635,0.5132727135805747
0,4636,0.710766667245453
0,4637,0.7587083043607972
0,4638,0.7807390089241805
0,4639,0.8924514763597449
0,4640,0.8526155804206819
0,4641,0.8019920732652095
0,4642,0.39275980507021263
0,4643,0.5133919624652096
0,4644,0.6616035335475318
0,4645,0.5267500110113971
0,4646,0.7909567771789768
0,4647,0.6464973100363846
0,4648,0.6747498799799603
0,4649,0.531406887307271
0,4650,0.7224987438781606
0,4651,0.6365716616647011
0,4652,0.5423267176900524
0,4653,0.6730444533910684
0,4654,0.44178152863852727
0,4655,0.6690572499318045
0,4656,0.611408816797126
0,4657,0.49835967193197367
0,4658,0.6246357067932682
0,4659,0.5808317755986597
0,4660,0.7236281081994261
0,4661,0.5945767568717527
0,4662,0.5622324034463282
0,4663,0.5028654843874186
0,4664,0.6694727522071908
0,4665,0.6750094310551604
0,4666,0.656565998912724
0,4667,0.6882302100335498
0,4668,0.4883257591431833
0,4669,0.6138325361411126
0,4670,0.5574714454001019
0,4671,0.7803672152304354
0,4672,0.6803503045447059
0,4673,0.6687561455737563
0,4674,0.5973715801181388
0,4675,0.5600295541378748
0,4676,0.6902133274855842
0,4677,0.6022700982289146
0,4678,0.6813674522504161
0,4679,0.6878699608040657
0,4680,0.7452373891851696
0,4681,0.6273494602876911
0,4682,0.618496033149736
0,4683,0.5904933615596174
0,4684,0.7777021174938922
0,4685,0.6068341188708791
0,4686,0.741093802007609
0,4687,0.7246507130008906
0,4688,0.5860884099507488
0,4689,0.7024916393611189
0,4690,0.767854978732639
0,4691,0.6450760554269875
0,4692,0.5696054193494975
0,4693,0.728065514647805
0,4694,0.6757957701187975
0,4695,0.5065908828374138
0,4696,0.7655451873290995
0,4697,0.7193873893186007
0,4698,0.5204412971306116
0,4699,0.5286448169256539
0,4700,0.6833922826804497
0,4701,0.7056050723988501
0,4702,0.8008962358462534
0,4703,0.7678736009172085
0,4704,0.8374468825781792
0,4705,0.6048161172898042
0,4706,0.5066106816053025
0,4707,0.3473688816027043
0,4708,0.7390878204296738
0,4709,0.6828472880233648
0,4710,0.7227411021772904
0,4711,0.7723311702732869
0,4712,0.7956874923716846
0,4713,0.554053001824863
0,4714,0.754376770701483
0,4715,0.8074947279262793
0,4716,0.6380463986996832
0,4717,0.7244487199538238
0,4718,0.5968593987730404
0,4719,0.5904017667525389
0,4720,0.6036922153370093
0,4721,0.5975234841095919
0,4722,0.7919126848046443
0,4723,0.491928749862995
0,4724,0.878993807518656
0,4725,0.41627363434111525
0,4726,0.47701343049629147
0,4727,0.6986527235658552
0,4728,0.6671207804983313
0,4729,0.6522787874219056
0,4730,0.7664027546666353
0,4731,0.6372176218274822
0,4732,0.7010602213473287
0,4733,0.7270044196823164
0,4734,0.6918985897270904
0,4735,0.7889499411219657
0,4736,0.7746544901435167
0,4737,0.7054835427293517
0,4738,0.6823934251665655
0,4739,0.7183439373674173
0,4740,0.7607793574012992
0,4741,0.7487838481339415
0,4742,0.6842033550443429
0,4743,0.6036705227414242
0,4744,0.7312792897966778
0,4745,0.7287634419153035
0,4746,0.46591725137310513
0,4747,0.5743074142020161
0,4748,0.8079474472319894
0,4749,0.8560226305241099
0,4750,0.6151394820538175
0,4751,0.5088661294296877
0,4752,0.4719016753904685
0,4753,0.4613652043817368
0,4754,0.47525994314719705
0,4755,0.8570885606100603
0,4756,0.8343200715143351
0,4757,0.7783849082458472
0,4758,0.6622241730904644
0,4759,0.6503712431735144
0,4760,0.4676875156556625
0,4761,0.6710894144506842
0,4762,0.5852730561532864
0,4763,0.7555003516922927
0,4764,0.6603619733488608
0,4765,0.6969901136780396
0,4766,0.8481735392705537
0,4767,0.8311108445567127
0,4768,0.7882465697414672
0,4769,0.6198724413491241
0,4770,0.9169651648889525
0,4771,0.7600214639872582
0,4772,0.7434582131212244
0,4773,0.7717780764953022
0,4774,0.6339149159385914
0,4775,0.62462915919437
0,4776,0.5628359779278073
0,4777,0.7340387202314528
0,4778,0.40896642681537904
0,4779,0.6942983911608024
0,4780,0.7897539271716396
0,4781,0.6904017214243431
0,4782,0.6316774505619598
0,4783,0.5620652555947132
0,4784,0.30699152539484936
0,4785,0.7519525037880775
0,4786,0.594968357497121
0,4787,0.7782035775455164
0,4788,0.5126672962004093
0,4789,0.6228305532228083
0,4790,0.6024119687080102
0,4791,0.5735002265140908
0,4792,0.6402402775680898
0,4793,0.6390650428940801
0,4794,0.7969967464016181
0,4795,0.7864897898900751
0,4796,0.5627111393363324
0,4797,0.8190351734347097
0,4798,0.7249841139854404
0,4799,0.824337050255405
0,4800,0.5713698561273478
0,4801,0.7141151761653954
0,4802,0.7134914111400738
0,4803,0.7089943418971931
0,4804,0.8436043307795603
0,4805,0.5424619602486443
0,4806,0.8277287681452979
0,4807,0.7094239522590761
0,4808,0.7473729735043451
0,4809,0.481721484002373
0,4810,0.712044826828671
0,4811,0.54231388262801306
0,4812,0.7630530683354726
0,4813,0.8136128747738107
0,4814,0.82584280896595
0,4815,0.8406399842808894
0,4816,0.752947617543001
0,4817,0.7316015825720638
0,4818,0.7070426818819138
0,4819,0.6454890680316515
0,4820,0.7534913315460111
0,4821,0.7811109934574928
0,4822,0.6858759424257355
0,4823,0.8786898666245855
0,4824,0.5330630942348771
0,4825,0.626797404018088
0,4826,0.6082014907661477
0,4827,0.7584234715289586
0,4828,0.7214107484280122
0,4829,0.6046346744121288
0,4830,0.781894934246026
0,4831,0.7505730679146476
0,4832,0.6112829212789578
0,4833,0.7668861932274896
0,4834,0.8113482762395574
0,4835,0.6925719672218849
0,4836,0.762563483950808
0,4837,0.6273362018561573
0,4838,0.6587354899169513
0,4839,0.49385472960474525
0,4840,0.6462020307005648
0,4841,0.7087284482072045
0,4842,0.8309996308119648
0,4843,0.7876796131714376
0,4844,0.6871536636395235
0,4845,0.6972838696434208
0,4846,0.7028240150882766
0,4847,0.7338208886396453
0,4848,0.596136268659566
0,4849,0.6750790580285413
0,4850,0.691982567137991
0,4851,0.6938609009405593
0,4852,0.7778905027336506
0,4853,0.5566598340640078
0,4854,0.9071525612787075
0,4855,0.5507701401374876
0,4856,0.7091009828743849
0,4857,0.4286564343108157
0,4858,0.3566985077062886
0,4859,0.7332243826651285
0,4860,0.6921340284843737
0,4861,0.6298546230055403
0,4862,0.5505768559721405
0,4863,0.4918630977703816
0,4864,0.7274326205285458
0,4865,0.5466580575395873
0,4866,0.5864132421281429
0,4867,0.7452729562358625
0,4868,0.3977178400156554
0,4869,0.7356515453319716
0,4870,0.6723684038729978
0,4871,0.565158613418696
0,4872,0.6389618716466609
0,4873,0.7893822851115392
0,4874,0.7179223398253399
0,4875,0.758498535667391
0,4876,0.469996531089393
0,4877,0.6275027634353927
0,4878,0.5936316584034635
0,4879,0.5380321545465904
0,4880,0.5892451031159723
0,4881,0.48642544948593786
0,4882,0.5672083760187796
0,4883,0.6550372578055456
0,4884,0.7750682521021357
0,4885,0.704990153765436
0,4886,0.6728800284019884
0,4887,0.698613050379554
0,4888,0.7651802334083548
0,4889,0.6454765375790777
0,4890,0.6797396965498873
0,4891,0.6274632659197894
0,4892,0.6569403101535566
0,4893,0.6232276726576892
0,4894,0.6456332034502013
0,4895,0.7142246913763369
0,4896,0.6304550689603802
0,4897,0.651205501265127
0,4898,0.4832352526734392
0,4899,0.69703701657677275
0,4900,0.5641796007388736
0,4901,0.6621357418230888
0,4902,0.6001727040161255
0,4903,0.546212259372274
0,4904,0.6153642027274401
0,4905,0.7616023277624812
0,4906,0.8127687164579601
0,4907,0.7233191333424264
0,4908,0.4814885991279383
0,4909,0.6014241445382397
0,4910,0.7396045255843138
0,4911,0.7579059868171731
0,4912,0.6289699540948076
0,4913,0.5487918226068896
0,4914,0.6361995362014378
0,4915,0.6774895436451123
0,4916,0.726191277584515
0,4917,0.6085573965970145
0,4918,0.7024597587948853
0,4919,0.7327678314367845
0,4920,0.6552812853615074
0,4921,0.7346172313735407
0,4922,0.664306282441407
0,4923,0.5898054211106777
0,4924,0.8512390618489437
0,4925,0.6975983146306426
0,4926,0.6982735241515394
0,4927,0.6184205751758142
0,4928,0.5684693560488192
0,4929,0.5522850017219383
0,4930,0.643625310777682
0,4931,0.6277922572282769
0,4932,0.4882824637515501
0,4933,0.7342130237656305
0,4934,0.7427837723349697
0,4935,0.323040443214119
0,4936,0.7326707409380314
0,4937,0.3666609740333972
0,4938,0.9098716411746065
0,4939,0.38972452005222114
0,4940,0.5129254233381749
0,4941,0.6605568668399133
0,4942,0.7180788284697287
0,4943,0.6620838620885768
0,4944,0.7101510270765011
0,4945,0.5159334914573854
0,4946,0.4001197136325161
0,4947,0.8784818519813078
0,4948,0.6720646425858396
0,4949,0.6099510846409761
0,4950,0.4948527595439566
0,4951,0.6754980550403243
0,4952,0.6618531670784593
0,4953,0.6974074104824791
0,4954,0.7939487246831265
0,4955,0.7232915347650067
0,4956,0.548130614282252
0,4957,0.7063035339369462
0,4958,0.6305577723755752
0,4959,0.6774935437795023
0,4960,0.7846219936302815
0,4961,0.7910471202789994
0,4962,0.5322476043850765
0,4963,0.6278080210195419
0,4964,0.7808515705924985
0,4965,0.6957706134767113
0,4966,0.8566483238147207
0,4967,0.45411265401386974
0,4968,0.4759367981572938
0,4969,0.5397048057785377
0,4970,0.5952550077221566
0,4971,0.63600803535598
0,4972,0.7124290349299145
0,4973,0.6815945241236613
0,4974,0.698011851830197
0,4975,0.7445004503010003
0,4976,0.7350536985871791
0,4977,0.7445921832035419
0,4978,0.788569742967775
0,4979,0.837949865187501
0,4980,0.6566238963681462
0,4981,0.5539867557853126
0,4982,0.7529054207890093
0,4983,0.7969208273889057
0,4984,0.6726871094285608
0,4985,0.5218695144675626
0,4986,0.624108724492554
0,4987,0.6763380177962429
0,4988,0.6762108497131033
0,4989,0.4920694789145251
0,4990,0.7989952563165099
0,4991,0.7683547786119449
0,4992,0.42493220138452314
0,4993,0.73104687242951
0,4994,0.6195577093848614
0,4995,0.43172258645482225
0,4996,0.6804660046681968
0,4997,0.5780519770509475
0,4998,0.40769326256212834
0,4999,0.7643800853939589
0,5000,0.7740535459506805
0,5001,0.509020615429459
0,5002,0.7391222238898081
0,5003,0.680715290836948
0,5004,0.6020764360539764
0,5005,0.5029451648874294
0,5006,0.5489849389449336
0,5007,0.6539149176481042
0,5008,0.33747798103694904
0,5009,0.4801139822223845
0,5010,0.4845236729487747
0,5011,0.8151778714765945
0,5012,0.4849943320926693
0,5013,0.8051320281161847
0,5014,0.8483122570270963
0,5015,0.7850277850093185
0,5016,0.7709330394315906
0,5017,0.6145643706126025
0,5018,0.6487028892427047
0,5019,0.6102367959567844
0,5020,0.6531254530431421
0,5021,0.6808807299654366
0,5022,0.49631614821158665
0,5023,0.4847015697080051
0,5024,0.5787195905689273
0,5025,0.5981790855317038
0,5026,0.8239368768984064
0,5027,0.8582229917333197
0,5028,0.5831168721592196
0,5029,0.7984014303117181
0,5030,0.6698095314704474
0,5031,0.5428564989956514
0,5032,0.49384500476615684
0,5033,0.6587129980743768
0,5034,0.7719574481656054
0,5035,0.7905930451249029
0,5036,0.7040421575233781
0,5037,0.7130500851934148
0,5038,0.7415465913703349
0,5039,0.659429922974812
0,5040,0.7744961619792803
0,5041,0.7500607311712183
0,5042,0.7050332263075181
0,5043,0.5694302280628881
0,5044,0.6515271234856853
0,5045,0.6704165321570323
0,5046,0.7766051242263625
0,5047,0.680350970986141
0,5048,0.790166969492016
0,5049,0.7273440375027657
0,5050,0.8345966537211911
0,5051,0.8689470961780719
0,5052,0.6773759141480126
0,5053,0.6763603810646793
0,5054,0.659168716916067
0,5055,0.8334105222266421
0,5056,0.8361707408140459
0,5057,0.724998216406011
0,5058,0.763910670874463
0,5059,0.5727628925374374
0,5060,0.686100792947216
0,5061,0.7260751123614217
0,5062,0.6112236076575885
0,5063,0.6547050020010727
0,5064,0.7554088622801641
0,5065,0.6176840022525988
0,5066,0.6712661898202382
0,5067,0.7242997455864513
0,5068,0.7476079489005517
0,5069,0.7418979802925982
0,5070,0.663685806496025
0,5071,0.6650852119874822
0,5072,0.6349194189357112
0,5073,0.6258069690587604
0,5074,0.5350508457666796
0,5075,0.8336020988204289
0,5076,0.5619024925654719
0,5077,0.7001963292395461
0,5078,0.7192779365243028
0,5079,0.7391134838337282
0,5080,0.7302401166608408
0,5081,0.5402040429649506
0,5082,0.5987225135641199
0,5083,0.6455770686703268
0,5084,0.7579772198609245
0,5085,0.7554467199568405
0,5086,0.4694274568355911
0,5087,0.658528771155613
0,5088,0.6999702388773306
0,5089,0.7549008707297532
0,5090,0.7723272862697081
0,5091,0.7565372318180316
0,5092,0.728192170034396
0,5093,0.6034402677501084
0,5094,0.6931623186810801
0,5095,0.6041822688879932
0,5096,0.7477562760883784
0,5097,0.576946537607591
0,5098,0.8869641212254595
0,5099,0.45607382588458356
0,5100,0.692243988466017
0,5101,0.4415494983605941
0,5102,0.5592439795070592
0,5103,0.6771305861168837
0,5104,0.5567579440029717
0,5105,0.5527991042523664
0,5106,0.5719513141593363
0,5107,0.6293246735143148
0,5108,0.7426622058390182
0,5109,0.563121540668523
0,5110,0.6200546061166087
0,5111,0.5814115926511713
0,5112,0.633174608546292
0,5113,0.6405201879974645
0,5114,0.6664307131601673
0,5115,0.8292417460250857
0,5116,0.8266131429164065
0,5117,0.6139291498521955
0,5118,0.6992535606139479
0,5119,0.6913783639249219
0,5120,0.6579546915508163
0,5121,0.5680875588363192
0,5122,0.7322450333259855
0,5123,0.7375414439602372
0,5124,0.7281335479728442
0,5125,0.7139574954510832
0,5126,0.589261014461844
0,5127,0.6576665331552279
0,5128,0.5934874280615762
0,5129,0.7575484681099247
0,5130,0.4925324391860906
0,5131,0.6906345749444479
0,5132,0.7586450508875823
0,5133,0.6190469982507355
0,5134,0.9246608386167343
0,5135,0.7002379090540699
0,5136,0.6763035893314786
0,5137,0.6477994310424723
0,5138,0.8073852114594725
0,5139,0.6508171757308634
0,5140,0.6865888277532277
0,5141,0.669280899454277
0,5142,0.7425597710606592
0,5143,0.5779321740610172
0,5144,0.6496970421904686
0,5145,0.6124228204112055
0,5146,0.5305244332675896
0,5147,0.5871002566079973
0,5148,0.646317722532709
0,5149,0.6237616092728334
0,5150,0.6466348388905622
0,5151,0.6264597794674857
0,5152,0.3795063378563721
0,5153,0.5759690582567661
0,5154,0.6789881707515145
0,5155,0.5793019760968834
0,5156,0.5782143991351409
0,5157,0.4242269727364917
0,5158,0.6439520763837767
0,5159,0.7438378716732756
0,5160,0.6349416586249931
0,5161,0.5609576877724584
0,5162,0.7799524811978045
0,5163,0.7160582464850226
0,5164,0.6226199680986303
0,5165,0.5957957237471672
0,5166,0.6254198993740213
0,5167,0.8059238393139259
0,5168,0.7753610645592635
0,5169,0.7464254151432478
0,5170,0.782902081652962
0,5171,0.5967052203171884
0,5172,0.4033678578622237
0,5173,0.7305531418088926
0,5174,0.8320815648702202
0,5175,0.6220980014937594
0,5176,0.702856619240777
0,5177,0.8154531757771599
0,5178,0.7062881550438009
0,5179,0.5801034326331238
0,5180,0.6307260726398236
0,5181,0.6253723660644488
0,5182,0.7388441098479079
0,5183,0.747541047676385
0,5184,0.635982008829029
0,5185,0.5222524775409001
0,5186,0.6800267813343189
0,5187,0.5555303267281456
0,5188,0.6043837409882816
0,5189,0.5834615101380753
0,5190,0.6234560464046511
0,5191,0.6292535370214175
0,5192,0.651020839928509
0,5193,0.6578184571444894
0,5194,0.642203149289797
0,5195,0.6562294377551027
0,5196,0.7201550874880848
0,5197,0.675111410583719
0,5198,0.7999371186815888
0,5199,0.7779039788371964
0,5200,0.7664651989292011
0,5201,0.6423402502485706
0,5202,0.6465265572288803
0,5203,0.6152479075921969
0,5204,0.6791863768425943
0,5205,0.7612353766331825
0,5206,0.8459801035964651
0,5207,0.563055979479678
0,5208,0.6441808123940278
0,5209,0.47034958021795664
0,5210,0.780374525136168
0,5211,0.7401687959915072
0,5212,0.7276170667659687
0,5213,0.7404816130560632
0,5214,0.6792413519988559
0,5215,0.6822331084875893
0,5216,0.6508731154292915
0,5217,0.7497014097778418
0,5218,0.802923686045713
0,5219,0.7511412280849169
0,5220,0.5252204968495671
0,5221,0.5887974033520362
0,5222,0.5994192177817991
0,5223,0.6003838370015813
0,5224,0.5994708038633055
0,5225,0.6390073641024845
0,5226,0.5746461892127559
0,5227,0.683030749644877
0,5228,0.5221965018789914
0,5229,0.5981417298900573
0,5230,0.6984154605127951
0,5231,0.7512784853547103
0,5232,0.5896237632036903
0,5233,0.7190971004686898
0,5234,0.7149166454802574
0,5235,0.5626740395354278
0,5236,0.49180386877265253
0,5237,0.640502159665243
0,5238,0.6374910649536402
0,5239,0.6792457950837375
0,5240,0.7012574538940859
0,5241,0.665143267967905
0,5242,0.43474855602274287
0,5243,0.8340122266377841
0,5244,0.8249609752714007
0,5245,0.581741923428984
0,5246,0.5828523753984308
0,5247,0.6446043455039671
0,5248,0.5196479028755531
0,5249,0.8040029017050702
0,5250,0.6161812200068919
0,5251,0.7945116761590465
0,5252,0.7134211017585042
0,5253,0.7002071892184197
0,5254,0.6429786197547963
0,5255,0.6697118911695998
0,5256,0.5096426565456081
0,5257,0.6368834771313648
0,5258,0.596061691048011
0,5259,0.6347228010348884
0,5260,0.5449978878495686
0,5261,0.7619127766725963
0,5262,0.620910390138225
0,5263,0.5499226465909373
0,5264,0.6195616454518434
0,5265,0.7198127146609111
0,5266,0.7042212227005696
0,5267,0.6451098860658004
0,5268,0.5936615318726817
0,5269,0.7654072256599938
0,5270,0.6334055052787129
0,5271,0.7469975255058342
0,5272,0.4900350048327656
0,5273,0.7457563521987848
0,5274,0.8526812027043308
0,5275,0.6780764004844504
0,5276,0.6873132681588355
0,5277,0.769807173118095
0,5278,0.7676886700931286
0,5279,0.7162402534022048
0,5280,0.704452664121382
0,5281,0.7192399509376031
0,5282,0.3988258651712912
0,5283,0.4790029851737952
0,5284,0.6369523439729321
0,5285,0.7178984677598796
0,5286,0.5381042164074893
0,5287,0.5857207741167324
0,5288,0.5103441438024048
0,5289,0.5776855321052194
0,5290,0.6041060723629534
0,5291,0.673887491093168
0,5292,0.6303728162522578
0,5293,0.6327712622636623
0,5294,0.6880307668660421
0,5295,0.769194286005815
0,5296,0.7747032833229455
0,5297,0.7339626067395562
0,5298,0.6577510751000338
0,5299,0.6438213430385473
0,5300,0.5821411298131851
0,5301,0.5064811308650713
0,5302,0.6786293218687383
0,5303,0.6699656082550726
0,5304,0.6856391699373905
0,5305,0.6555310608705922
0,5306,0.6949253886533098
0,5307,0.5864047482600168
0,5308,0.6830671287839862
0,5309,0.6600892228450671
0,5310,0.8170119511322388
0,5311,0.6184543033141743
0,5312,0.5874449130904348
0,5313,0.5634931844441812
0,5314,0.6393605026896458
0,5315,0.6978555070864045
0,5316,0.7619963752956571
0,5317,0.7025072097344364
0,5318,0.5359253825818975
0,5319,0.6193033430099417
0,5320,0.6417840758640626
0,5321,0.7090050662742403
0,5322,0.6440678852279242
0,5323,0.6077548089365399
0,5324,0.779932452808343
0,5325,0.7506084395836701
0,5326,0.7529126354923632
0,5327,0.7508448522067869
0,5328,0.6308564405098155
0,5329,0.6436830219799156
0,5330,0.6659171089742214
0,5331,0.6877117331301387
0,5332,0.5727623057575737
0,5333,0.755772419988022
0,5334,0.7233107328851416
0,5335,0.6300561592055216
0,5336,0.7144997185217875
0,5337,0.5652110580240931
0,5338,0.6640374739161465
0,5339,0.7021058734357383
0,5340,0.6404135474657339
0,5341,0.7607479704142937
0,5342,0.7253332460494054
0,5343,0.641294026117119
0,5344,0.6993184174365492
0,5345,0.5617715231900045
0,5346,0.6938708132857095
0,5347,0.552978257679388
0,5348,0.6775064861914329
0,5349,0.5872452537771785
0,5350,0.7130392468323086
0,5351,0.8103985609346507
0,5352,0.6786440053703665
0,5353,0.6207097685460683
0,5354,0.7030734875673014
0,5355,0.8174874100663737
0,5356,0.7285643171411889
0,5357,0.6917482721938234
0,5358,0.8071926754814795
0,5359,0.6317715709971774
0,5360,0.6620126806410795
0,5361,0.6132476494386562
0,5362,0.5677764439945314
0,5363,0.6624945268505531
0,5364,0.7210711074883315
0,5365,0.6950321330277623
0,5366,0.7815599519341756
0,5367,0.6159845999527752
0,5368,0.8151382933502856
0,5369,0.6563902891453522
0,5370,0.6791799453018474
0,5371,0.5367456286355164
0,5372,0.76575083439162694
0,5373,0.6194018806472001
0,5374,0.6966148592995035
0,5375,0.7700492376949806
0,5376,0.7640200662691766
0,5377,0.7560684025161866
0,5378,0.5811410978706495
0,5379,0.8071830138134037
0,5380,0.773561029714064
0,5381,0.8445094840123273
0,5382,0.781469740834066
0,5383,0.910341469330483
0,5384,0.5846042557036862
0,5385,0.8225809347909869
0,5386,0.6699582457827488
0,5387,0.5323923047608011
0,5388,0.6585777739588662
0,5389,0.6494141068952979
0,5390,0.6605985735787323
0,5391,0.7989339303727905
0,5392,0.6511173044865692
0,5393,0.772325957518904
0,5394,0.7054092039792885
0,5395,0.7492066656950436
0,5396,0.7561854555824767
0,5397,0.7327004149690753
0,5398,0.6803055364849535
0,5399,0.6410688205240618
0,5400,0.748197081555468
0,5401,0.6727374301187327
0,5402,0.620890884901084
0,5403,0.667670006431207
0,5404,0.6735976806123949
0,5405,0.79363721655814
0,5406,0.6560706262999761
0,5407,0.6184550930815971
0,5408,0.686076393697519
0,5409,0.7021780508932964
0,5410,0.7975815706574516
0,5411,0.6450872651871428
0,5412,0.6887887202450249
0,5413,0.577594248117072
0,5414,0.7628257720659662
0,5415,0.6360316781132154
0,5416,0.6138810619959925
0,5417,0.7274278829457053
0,5418,0.7885212154142971
0,5419,0.6976473261905077
0,5420,0.7307305086778135
0,5421,0.7334226055596554
0,5422,0.7345566963699062
0,5423,0.641835523740939
0,5424,0.6439976609488879
0,5425,0.6384274752185365
0,5426,0.6479828205961904
0,5427,0.43435111354260536
0,5428,0.7549443854352956
0,5429,0.565389004285555
0,5430,0.7100965511894944
0,5431,0.7309623908609884
0,5432,0.5906513822985952
0,5433,0.5514904817426071
0,5434,0.7970678802082187
0,5435,0.5977945061641128
0,5436,0.8910371714548674
0,5437,0.8486432825263787
0,5438,0.7677691282594697
0,5439,0.9214613390626823
0,5440,0.6261498263949845
0,5441,0.6419156922890155
0,5442,0.6890654829891892
0,5443,0.5673766881214316
0,5444,0.6334754018292712
0,5445,0.25431062346203104
0,5446,0.5719543195172586
0,5447,0.8088987395742702
0,5448,0.6378910117777771
0,5449,0.6439355632007107
0,5450,0.4907541622325441
0,5451,0.5788420296748086
0,5452,0.6764844567172305
0,5453,0.43417377550999275
0,5454,0.4112179503645042
0,5455,0.712041670985521
0,5456,0.6620265328936688
0,5457,0.6380678340154592
0,5458,0.768664225934641
0,5459,0.8203544743249156
0,5460,0.7696402642447554
0,5461,0.689789959425596
0,5462,0.6543930937386915
0,5463,0.6853391832366068
0,5464,0.6928300986867441
0,5465,0.7201244590855701
0,5466,0.6782876644584988
0,5467,0.5049743693740093
0,5468,0.4045874091243784
0,5469,0.41497653159848885
0,5470,0.6166619286979352
0,5471,0.5030209379007672
0,5472,0.6975160550033639
0,5473,0.6434217301728238
0,5474,0.49741429426334705
0,5475,0.6646783668648311
0,5476,0.7713047965437615
0,5477,0.757556603958272
0,5478,0.4677171688281005
0,5479,0.7726099887821691
0,5480,0.7440017445133666
0,5481,0.637446958500437
0,5482,0.6104692909194653
0,5483,0.7205383736242164
0,5484,0.6381478850638939
0,5485,0.6434801253816429
0,5486,0.780500122436431
0,5487,0.6922950832744253
0,5488,0.6767480171144569
0,5489,0.6014910894209943
0,5490,0.5772235040877916
0,5491,0.6567009309800281
0,5492,0.5867277560618795
0,5493,0.5698829392658107
0,5494,0.6483312012325386
0,5495,0.4639453323027253
0,5496,0.7201899887223525
0,5497,0.7705107923779234
0,5498,0.5031724629822563
0,5499,0.777267330049196
0,5500,0.48112983082566535
0,5501,0.7358799692660112
0,5502,0.6605388384259783
0,5503,0.5668715024462324
0,5504,0.6451141097177086
0,5505,0.6848095551650258
0,5506,0.7189936609835815
0,5507,0.5639553120082931
0,5508,0.768215249875161
0,5509,0.43920393499833765
0,5510,0.6705913216414017
0,5511,0.6875702622546159
0,5512,0.6708486964141327
0,5513,0.5504002932727006
0,5514,0.5802218624913852
0,5515,0.5603075388841253
0,5516,0.6806056737849211
0,5517,0.8049279111960834
0,5518,0.8388464974712676
0,5519,0.5416317917307968
0,5520,0.7967840172137832
0,5521,0.45925039026659736
0,5522,0.49107727482173535
0,5523,0.5640779836315692
0,5524,0.6821745564403915
0,5525,0.5067499235808501
0,5526,0.6385377356543955
0,5527,0.8842234058909865
0,5528,0.7330188332765076
0,5529,0.5582956390799703
0,5530,0.6551474579412183
0,5531,0.5196774005099111
0,5532,0.660139595406849
0,5533,0.5884550296557629
0,5534,0.7408993163065656
0,5535,0.7677692476562215
0,5536,0.4123910840291349
0,5537,0.7707322059074649
0,5538,0.7642084735284925
0,5539,0.5143673842760068
0,5540,0.8230221106966834
0,5541,0.49117051324507105
0,5542,0.7862010041465539
0,5543,0.5992845247565337
0,5544,0.528755751908142
0,5545,0.4501016362682794
0,5546,0.632274325625051
0,5547,0.7802975493753121
0,5548,0.6312772544577985
0,5549,0.6723732946394078
0,5550,0.6724081160412233
0,5551,0.7647178916057626
0,5552,0.6332152199040298
0,5553,0.5808472493361853
0,5554,0.7319674966266049
0,5555,0.8868603598180866
0,5556,0.7921003921540273
0,5557,0.7696860342090822
0,5558,0.712650743770956
0,5559,0.5770298075618933
0,5560,0.5805965677147189
0,5561,0.5968827065622176
0,5562,0.6294044793037723
0,5563,0.7420209005462799
0,5564,0.8457506096276926
0,5565,0.6984353257745819
0,5566,0.6968032859334898
0,5567,0.5416823584919077
0,5568,0.5157261239478076
0,5569,0.734459815001346
0,5570,0.7051919348536009
0,5571,0.6188895271911423
0,5572,0.761503883077965
0,5573,0.6529007640341126
0,5574,0.7337950262816415
0,5575,0.6296919365725995
0,5576,0.7692799397523398
0,5577,0.8197476567591943
0,5578,0.5732838477120525
0,5579,0.42768350765100926
0,5580,0.5127350458277443
0,5581,0.7951204680521505
0,5582,0.8928635887173499
0,5583,0.8769923287108181
0,5584,0.3592554420772407
0,5585,0.39212324292265455
0,5586,0.4831167581815076
0,5587,0.7393565560271811
0,5588,0.565025752012461
0,5589,0.7694680249902093
0,5590,0.57449119922627645
0,5591,0.6160004314363341
0,5592,0.6040010272772298
0,5593,0.4155428612175509
0,5594,0.3227137443439158
0,5595,0.3570455727609861
0,5596,0.38313475479817927
0,5597,0.4325552967661852
0,5598,0.6167273549604533
0,5599,0.5007559545817993
0,5600,0.6381409606082158
0,5601,0.754811818311486
0,5602,0.5822288907509776
0,5603,0.6130140515074962
0,5604,0.5466456984400097
0,5605,0.44573061447790696
0,5606,0.6924424279996887
0,5607,0.6286212081785366
0,5608,0.5122462011720299
0,5609,0.5156685799250014
0,5610,0.5754491743279071
0,5611,0.7761795556437276
0,5612,0.6937903673075996
0,5613,0.7977430764514216
0,5614,0.6498871269740968
0,5615,0.5483530730860205
0,5616,0.6680155797586536
0,5617,0.90536367739414
0,5618,0.5767295217922528
0,5619,0.6843962568693711
0,5620,0.5691006268619411
0,5621,0.6307642520702981
0,5622,0.6937743561766456
0,5623,0.6186299324310373
0,5624,0.544979789859678
0,5625,0.5296355584747865
0,5626,0.6610533492349453
0,5627,0.6287873586991641
0,5628,0.7030613379658102
0,5629,0.7307913781592696
0,5630,0.3598215467353422
0,5631,0.6737599588130817
0,5632,0.8112166561862773
0,5633,0.47265440718536306
0,5634,0.3600226634163403
0,5635,0.31549414279436894
0,5636,0.6226401096058782
0,5637,0.7067020916443542
0,5638,0.6478389752149515
0,5639,0.7692280846763683
0,5640,0.6202109250162318
0,5641,0.7090356042121616
0,5642,0.7515991847755437
0,5643,0.7030989895929582
0,5644,0.7215773494876642
0,5645,0.7205201652795067
0,5646,0.6304076257836351
0,5647,0.585719196340536
0,5648,0.5799670990237825
0,5649,0.504296571626802
0,5650,0.639690172774026
0,5651,0.660614144731314
0,5652,0.647917958103477
0,5653,0.31886857583159295
0,5654,0.8033636297349064
0,5655,0.7888392379174431
0,5656,0.6168491330001026
0,5657,0.7644322207533472
0,5658,0.71555494366745
0,5659,0.7720234189310492
0,5660,0.6580435969279949
0,5661,0.6477030540917802
0,5662,0.7363770342442139
0,5663,0.8259234102786104
0,5664,0.6029850918185009
0,5665,0.628040175673938
0,5666,0.8307162618310063
0,5667,0.5543939652478695
0,5668,0.6804314064536112
0,5669,0.5161339337502887
0,5670,0.6375814407145116
0,5671,0.5643771073858709
0,5672,0.6315075898328125
0,5673,0.6241834484520128
0,5674,0.677273748108011
0,5675,0.5981947849543083
0,5676,0.743226757681594
0,5677,0.45951406066288175
0,5678,0.7011031672069986
0,5679,0.8542645069707393
0,5680,0.7164215929997174
0,5681,0.8567392396555827
0,5682,0.6534015025388646
0,5683,0.7956467804592735
0,5684,0.6933929018120408
0,5685,0.8553768082919914
0,5686,0.6063181130409959
0,5687,0.5844047311331254
0,5688,0.46034207435453695
0,5689,0.6215846695817712
0,5690,0.5672370129911528
0,5691,0.6713959095996378
0,5692,0.6150199385138948
0,5693,0.7114142681368082
0,5694,0.6362005580457505
0,5695,0.7682300164085059
0,5696,0.5087072802483376
0,5697,0.48768736886249986
0,5698,0.6683845454689354
0,5699,0.64637327460614
0,5700,0.6554151720375261
0,5701,0.7944800238006319
0,5702,0.6381978530191101
0,5703,0.6643028569796915
0,5704,0.6587324430888349
0,5705,0.5368490025434096
0,5706,0.7666096727047034
0,5707,0.64928719411117
0,5708,0.4496829590759752
0,5709,0.4716330697386584
0,5710,0.770746443993384
0,5711,0.5720148799620719
0,5712,0.6146591545740501
0,5713,0.5604434112264551
0,5714,0.6619555704382816
0,5715,0.7500685815937161
0,5716,0.5455221232844807
0,5717,0.6532502956554462
0,5718,0.711975114097529
0,5719,0.6527574219193012
0,5720,0.6465294888286247
0,5721,0.48403338797856327
0,5722,0.6409986253226949
0,5723,0.30403757629722933
0,5724,0.6609139499052388
0,5725,0.7119692193065942
0,5726,0.7582664148135538
0,5727,0.3915543103227991
0,5728,0.5746852549844161
0,5729,0.6420486302635078
0,5730,0.7739495936776223
0,5731,0.7764461628412281
0,5732,0.679251424293319
0,5733,0.8011404187385273
0,5734,0.8074205532186765
0,5735,0.9206347054361556
0,5736,0.8675197400659845
0,5737,0.8137068984384549
0,5738,0.8678517568632113
0,5739,0.5096830230040134
0,5740,0.7355477745775878
0,5741,0.49275258615343476
0,5742,0.654043638214633
0,5743,0.5805529081070347
0,5744,0.8065560632371624
0,5745,0.6836160711006484
0,5746,0.6824976449073674
0,5747,0.6131744583891491
0,5748,0.7694553791244312
0,5749,0.39523095797745206
0,5750,0.4081592917305174
0,5751,0.8432735153769273
0,5752,0.8308067813499241
0,5753,0.6041080126562272
0,5754,0.7529598741109566
0,5755,0.6238926407087232
0,5756,0.6937610829392564
0,5757,0.3714127246110939
0,5758,0.6085156359113484
0,5759,0.7069840466555531
0,5760,0.5718123664227516
0,5761,0.7244264880489801
0,5762,0.6080818794571106
0,5763,0.6506883144164939
0,5764,0.7593034959050616
0,5765,0.7118114968117877
0,5766,0.5507656961157031
0,5767,0.5984730967070676
0,5768,0.625733971929554
0,5769,0.6379384098111385
0,5770,0.521137633767399
0,5771,0.6211623749937388
0,5772,0.6746565168003252
0,5773,0.6494066620881176
0,5774,0.6132099393357441
0,5775,0.6410916143683468
0,5776,0.6655153882307085
0,5777,0.6911436354802253
0,5778,0.669474897901008
0,5779,0.7306323650936568
0,5780,0.7426338734543548
0,5781,0.43053349815450404
0,5782,0.5851658505087834
0,5783,0.6461918739388202
0,5784,0.6263031756167109
0,5785,0.499077324142066
0,5786,0.6608002549537734
0,5787,0.5754362647399182
0,5788,0.7933556392100738
0,5789,0.7900436877586858
0,5790,0.8249712648770728
0,5791,0.5498984226192185
0,5792,0.5036370725350642
0,5793,0.7006778557134611
0,5794,0.6326171981176453
0,5795,0.6917488715212388
0,5796,0.6342882154505514
0,5797,0.5601110085677113
0,5798,0.6336922477324084
0,5799,0.6270774109983569
0,5800,0.6644416150775904
0,5801,0.6904370768726794
0,5802,0.7771034417240043
0,5803,0.6390782539559761
0,5804,0.7632441872511737
0,5805,0.7497986900721456
0,5806,0.6638529014696263
0,5807,0.7821155608418955
0,5808,0.7087248755880273
0,5809,0.6217989203759486
0,5810,0.7293816392223395
0,5811,0.6767465498585971
0,5812,0.7526173356884769
0,5813,0.5857475259823275
0,5814,0.6953413507674038
0,5815,0.6271636485352909
0,5816,0.6008336579547678
0,5817,0.7192868795553653
0,5818,0.46362450216063933
0,5819,0.41369877456148707
0,5820,0.6634074929955509
0,5821,0.5903444401072365
0,5822,0.5859625705962493
0,5823,0.6311893794552066
0,5824,0.7131031331344535
0,5825,0.6716247661311422
0,5826,0.7482664064934132
0,5827,0.7998481832932438
0,5828,0.4693959064080205
0,5829,0.73037996311596
0,5830,0.5914472686366992
0,5831,0.7295053451631182
0,5832,0.6556782371410833
0,5833,0.6793126277247629
0,5834,0.7543463950870725
0,5835,0.5816130193404059
0,5836,0.5335823294597482
0,5837,0.5521217797742372
0,5838,0.5092904232398398
0,5839,0.5311224392282913
0,5840,0.40062623183564017
0,5841,0.31988860049197554
0,5842,0.4325339001969145
0,5843,0.3095200151028124
0,5844,0.35088750283683956
0,5845,0.5753520102988399
0,5846,0.41183621655088853
0,5847,0.8139710873926082
0,5848,0.7154883668311999
0,5849,0.7595951547850964
0,5850,0.6505332330665473
0,5851,0.7629212584160847
0,5852,0.5988939560867791
0,5853,0.6187879762859265
0,5854,0.5214724808647738
0,5855,0.7237515383028882
0,5856,0.6889353661835812
0,5857,0.6819488944197865
0,5858,0.7135966536783356
0,5859,0.8083834755222197
0,5860,0.5269014704882248
0,5861,0.4230287226166786
0,5862,0.7119887593237987
0,5863,0.6807274053135821
0,5864,0.43563369807290764
0,5865,0.5539725751680723
0,5866,0.7075333550124625
0,5867,0.5551258043238121
0,5868,0.6743835641664999
0,5869,0.6468515376564745
0,5870,0.6579607762588214
0,5871,0.8388927962193948
0,5872,0.46971279183119635
0,5873,0.6734503189158351
0,5874,0.6773961054776398
0,5875,0.6959870719254202
0,5876,0.7025362254092689
0,5877,0.7100796103389573
0,5878,0.6674439028503603
0,5879,0.6286409343980457
0,5880,0.5832688057561456
0,5881,0.5668307039947427
0,5882,0.7114716289591888
0,5883,0.7154508105033563
0,5884,0.5408915811426491
0,5885,0.8703576382695853
0,5886,0.5733315502253512
0,5887,0.6935018487387407
0,5888,0.6457560403567197
0,5889,0.616860615882478
0,5890,0.7075482757574634
0,5891,0.7238786915121463
0,5892,0.70397869304342
0,5893,0.7910018629893569
0,5894,0.6791551781857731
0,5895,0.8426769048205672
0,5896,0.638447466408049
0,5897,0.6377394613385973
0,5898,0.6852680629661232
0,5899,0.736897839498358
0,5900,0.8022182192001286
0,5901,0.665457126092234
0,5902,0.7273714992449778
0,5903,0.7122936136545618
0,5904,0.5901434813072793
0,5905,0.5877387186243123
0,5906,0.24960961324017278
0,5907,0.4055894550090972
0,5908,0.5708074361956506
0,5909,0.7649434715467401
0,5910,0.5208817851288868
0,5911,0.7498023935158722
0,5912,0.65711086258013
0,5913,0.6520982080359377
0,5914,0.6908845459065687
0,5915,0.6634655755342574
0,5916,0.6171416639353839
0,5917,0.6852590928812842
0,5918,0.7079122956644582
0,5919,0.6801588089185946
0,5920,0.5895617150060402
0,5921,0.6606030231944011
0,5922,0.6786676104686714
0,5923,0.5999166954614561
0,5924,0.6084775743553987
0,5925,0.7177856360625816
0,5926,0.6484206218491181
0,5927,0.7037579855052284
0,5928,0.683588770285754
0,5929,0.6250101253359981
0,5930,0.6868943389732826
0,5931,0.7203120442016122
0,5932,0.4993461914109227
0,5933,0.4689478724180673
0,5934,0.6726386961059844
0,5935,0.6688055954041227
0,5936,0.7608796588941422
0,5937,0.7679070965185584
0,5938,0.8247282588974192
0,5939,0.6673243089579339
0,5940,0.8116124585765921
0,5941,0.6953537947897285
0,5942,0.7373212574428758
0,5943,0.7746494064472416
0,5944,0.6050699181661066
0,5945,0.6924246305766686
0,5946,0.7556342004534803
0,5947,0.7783249132257191
0,5948,0.8243955806738121
0,5949,0.7483224653786493
0,5950,0.6435362771927186
0,5951,0.4170192949718774
0,5952,0.3420719863516896
0,5953,0.6774428870512017
0,5954,0.649664342500059
0,5955,0.7581385341940402
0,5956,0.7091031365046837
0,5957,0.7299475624571058
0,5958,0.6281593173219493
0,5959,0.80648103443065
0,5960,0.6760040376716213
0,5961,0.68983439934151225
0,5962,0.8634102058936121
0,5963,0.7553391246794667
0,5964,0.7256893967094168
0,5965,0.7389908629092735
0,5966,0.4956071602091468
0,5967,0.7809005710117597
0,5968,0.7751981502360539
0,5969,0.6684606289638483
0,5970,0.6443997145294196
0,5971,0.7439853105677033
0,5972,0.6299782405487263
0,5973,0.7563061597762076
0,5974,0.6505609121301906
0,5975,0.6039310797539489
0,5976,0.6229403328809312
0,5977,0.7991367247341501
0,5978,0.45381627150792014
0,5979,0.38286901169139603
0,5980,0.5930547507148324
0,5981,0.7516898363029074
0,5982,0.7086486344310565
0,5983,0.5141823385335107
0,5984,0.6881958928290132
0,5985,0.5921293589033202
0,5986,0.698146453420788
0,5987,0.8187381299674058
0,5988,0.7667538809275666
0,5989,0.832197265328613
0,5990,0.5615975760488898
0,5991,0.6183363859558025
0,5992,0.6647322100051646
0,5993,0.705220458592038
0,5994,0.7049003615133577
0,5995,0.7061169779740445
0,5996,0.5816450496248433
0,5997,0.6858154330522044
0,5998,0.797096858049457
0,5999,0.6463160237530463
0,6000,0.7500679294879377
0,6001,0.48545549866934545
0,6002,0.7005502310740535
0,6003,0.85923190942838
0,6004,0.740498900100532
0,6005,0.5108934888040425
0,6006,0.6787967976886349
0,6007,0.6437510050777112
0,6008,0.5055209746480496
0,6009,0.5372086188951487
0,6010,0.5358520996162627
0,6011,0.29873751931677295
0,6012,0.7630456785951629
0,6013,0.6396207810714238
0,6014,0.6380046314746433
0,6015,0.7003012209787812
0,6016,0.6184451663497824
0,6017,0.4807252896821673
0,6018,0.4621486535247829
0,6019,0.5948955756879025
0,6020,0.49325689860559896
0,6021,0.8458499221966159
0,6022,0.7450480784027379
0,6023,0.6522797403462395
0,6024,0.6455051325146866
0,6025,0.6615187997060481
0,6026,0.7264596558868811
0,6027,0.5135549463151464
0,6028,0.8533669242721907
0,6029,0.6144995813831607
0,6030,0.5540539598347319
0,6031,0.6145907442649662
0,6032,0.7686355644832356
0,6033,0.7401407841750712
0,6034,0.5499533143172127
0,6035,0.4785252238689368
0,6036,0.6456265731978562
0,6037,0.7022755325497115
0,6038,0.6269954228624804
0,6039,0.8010150571997768
0,6040,0.7396329549018756
0,6041,0.680119160137733
0,6042,0.6511259482770648
0,6043,0.7352854032510272
0,6044,0.7501855134904595
0,6045,0.6891245284345464
0,6046,0.6829844547748988
0,6047,0.5050859818948201
0,6048,0.5967725848311074
0,6049,0.6706335390282272
0,6050,0.7391116950090982
0,6051,0.6229273323835685
0,6052,0.5962429486557818
0,6053,0.6947816564498921
0,6054,0.7044773794006962
0,6055,0.6748349179661648
0,6056,0.6136645284408209
0,6057,0.6719986226599397
0,6058,0.647361944634544
0,6059,0.6130407427351553
0,6060,0.7990799938712908
0,6061,0.5709402101958491
0,6062,0.7122413830666027
0,6063,0.752606981389625
0,6064,0.7091516769036813
0,6065,0.5752432281949956
0,6066,0.652731827657608
0,6067,0.6049778051800432
0,6068,0.7886401676367649
0,6069,0.7180787258095035
0,6070,0.3760151393785953
0,6071,0.5509137707188274
0,6072,0.6942993943383204
0,6073,0.7562009897877084
0,6074,0.8237377816179758
0,6075,0.8517460939756077
0,6076,0.8493864363007715
0,6077,0.664984758390216
0,6078,0.4973687254100531
0,6079,0.7226726441781295
0,6080,0.40052363792075707
0,6081,0.8790358560769727
0,6082,0.8604015947218663
0,6083,0.7564822605478041
0,6084,0.8367499724438833
0,6085,0.8146450880770008
0,6086,0.8722866735264996
0,6087,0.8173103139416619
0,6088,0.8649326199409917
0,6089,0.5956373607299741
0,6090,0.6727801128040577
0,6091,0.6239151213611331
0,6092,0.6150958220654363
0,6093,0.6046001333275073
0,6094,0.6676267695218385
0,6095,0.641632740873283
0,6096,0.5408971424302781
0,6097,0.7571464641922012
0,6098,0.6716285813323379
0,6099,0.6079930966949044
0,6100,0.6721074251057603
0,6101,0.6944578685198676
0,6102,0.692739443793991
0,6103,0.6533870620998006
0,6104,0.6815425515880807
0,6105,0.7626645429359515
0,6106,0.7648789350610408
0,6107,0.6125887926993788
0,6108,0.6665875537575089
0,6109,0.648110709365783
0,6110,0.5927892591067405
0,6111,0.430321752287804
0,6112,0.5788216228500602
0,6113,0.7257580282962817
0,6114,0.7480396512519555
0,6115,0.6341410469763936
0,6116,0.6494231044345878
0,6117,0.5768561751228736
0,6118,0.7605168770043395
0,6119,0.5963735193021023
0,6120,0.8256037649752046
0,6121,0.6184655952408487
0,6122,0.6883444429535828
0,6123,0.5721731596015867
0,6124,0.6700238723757072
0,6125,0.56045941723357
0,6126,0.6406179391573544
0,6127,0.44732843171089315
0,6128,0.6657914975434713
0,6129,0.5122838148843134
0,6130,0.5380693214976311
0,6131,0.5284493210176298
0,6132,0.7129869324294517
0,6133,0.7443213471390236
0,6134,0.7931273665920219
0,6135,0.5914323894526561
0,6136,0.640431530894164
0,6137,0.6829481400102909
0,6138,0.8135134305852547
0,6139,0.8361057681099557
0,6140,0.7506993640842086
0,6141,0.8055996153654116
0,6142,0.5609003596367228
0,6143,0.48744950407347226
0,6144,0.5713216875058176
0,6145,0.5838227641332666
0,6146,0.6420475727802872
0,6147,0.6115724521140223
0,6148,0.6874512504969901
0,6149,0.609212869105675
0,6150,0.7580587445333345
0,6151,0.5232563644116366
0,6152,0.5919099630645087
0,6153,0.5566237664903442
0,6154,0.565164298482424
0,6155,0.7139731745261265
0,6156,0.7840409246128687
0,6157,0.7859383070816545
0,6158,0.6506033172821026
0,6159,0.6642385726398247
0,6160,0.8972652427010712
0,6161,0.5351118113344792
0,6162,0.6895906360369448
0,6163,0.5833068268377944
0,6164,0.5901397443379393
0,6165,0.6462909239121621
0,6166,0.6227874363949849
0,6167,0.6447496811665685
0,6168,0.676868249577885
0,6169,0.6108790741509453
0,6170,0.6717771446276664
0,6171,0.7029970467665061
0,6172,0.5477763429607757
0,6173,0.8548345419277205
0,6174,0.6848132840649239
0,6175,0.6350109139345617
0,6176,0.6900764860556861
0,6177,0.5452218646639807
0,6178,0.7266996352167912
0,6179,0.8565425947456633
0,6180,0.5957510696023776
0,6181,0.576278841413147
0,6182,0.7418979920739259
0,6183,0.6934366203692327
0,6184,0.7596487232313535
0,6185,0.8093879954421822
0,6186,0.790441539146841
0,6187,0.8540920759795049
0,6188,0.8093815212592796
0,6189,0.5229974250969004
0,6190,0.5487127356294262
0,6191,0.7217556698952415
0,6192,0.607513537230187
0,6193,0.40306259620051876
0,6194,0.7835369456959121
0,6195,0.6902654541706956
0,6196,0.6201810249370276
0,6197,0.6277891542501558
0,6198,0.6195575080577044
0,6199,0.6996204095563525
0,6200,0.49881368234429374
0,6201,0.7296710242921336
0,6202,0.47764579974987326
0,6203,0.6029411653133498
0,6204,0.6308416555859683
0,6205,0.5860257215750454
0,6206,0.6577095315323145
0,6207,0.7284374494302029
0,6208,0.6324948960103759
0,6209,0.6598963776611434
0,6210,0.7161747922627096
0,6211,0.664891062764584
0,6212,0.7145344055150036
0,6213,0.585862293258715
0,6214,0.6198839084613419
0,6215,0.686620230547516
0,6216,0.4825361588272966
0,6217,0.6524474955408617
0,6218,0.6734540533288438
0,6219,0.7437246942549502
0,6220,0.6575244461655754
0,6221,0.6700843798478386
0,6222,0.720039178401325
0,6223,0.6587950287377538
0,6224,0.7492023216952163
0,6225,0.7242770933469146
0,6226,0.6243153460705105
0,6227,0.6105646153303828
0,6228,0.5893603713389011
0,6229,0.6021091229077075
0,6230,0.7172102360422856
0,6231,0.6682924040434864
0,6232,0.7790388086290401
0,6233,0.6029991476345355
0,6234,0.5774013555453388
0,6235,0.7104854963982357
0,6236,0.6427102442882057
0,6237,0.64816815105988
0,6238,0.6435697883914263
0,6239,0.6538613346766919
0,6240,0.6254261789741256
0,6241,0.7433711279780928
0,6242,0.7795159679640945
0,6243,0.7816461489979537
0,6244,0.8251400084561765
0,6245,0.6906910382837377
0,6246,0.565669176960979
0,6247,0.47783430519971454
0,6248,0.7178138495268752
0,6249,0.6853818041753995
0,6250,0.6557394392147267
0,6251,0.6403539592287215
0,6252,0.69579212524983
0,6253,0.47549427714311066
0,6254,0.6305243205618848
0,6255,0.7392544999688497
0,6256,0.646401253381792
0,6257,0.5474657022723931
0,6258,0.680879299215315
0,6259,0.6918477160407273
0,6260,0.4778829136974674
0,6261,0.5489973095233177
0,6262,0.6114061373679432
0,6263,0.5842596232417682
0,6264,0.6833923520721056
0,6265,0.6085266162752625
0,6266,0.7020095452933484
0,6267,0.5981081250374937
0,6268,0.6024140682236941
0,6269,0.6862591208268886
0,6270,0.5871825722225227
0,6271,0.6149484921213588
0,6272,0.7867117807065838
0,6273,0.7057528286692454
0,6274,0.671482602751341
0,6275,0.745693026357227
0,6276,0.5718613411251342
0,6277,0.7868670797762587
0,6278,0.8514159209561103
0,6279,0.7514133829863601
0,6280,0.693224559310583
0,6281,0.6056722033587909
0,6282,0.7234818715347824
0,6283,0.6913882958068623
0,6284,0.7493578648783463
0,6285,0.7004793513393949
0,6286,0.6572110598978448
0,6287,0.6816807640447828
0,6288,0.7659246904195821
0,6289,0.8672029977146543
0,6290,0.791270623222634
0,6291,0.84657915050938
0,6292,0.7162047662169443
0,6293,0.642073328335462
0,6294,0.7532401610833807
0,6295,0.7930390651405652
0,6296,0.7126229411076529
0,6297,0.7424673628352834
0,6298,0.7680947049796308
0,6299,0.6912419766250104
0,6300,0.7320444006512402
0,6301,0.5950353837780193
0,6302,0.6185941812163931
0,6303,0.7031825928554517
0,6304,0.5731430553903037
0,6305,0.7379354760421689
0,6306,0.6778574559951462
0,6307,0.8504913186070278
0,6308,0.6218966304700768
0,6309,0.568348705403792
0,6310,0.6460540100412434
0,6311,0.75881940064679
0,6312,0.5398271257865543
0,6313,0.7712968566361351
0,6314,0.6470510698292108
0,6315,0.5672993716638375
0,6316,0.7030481687578508
0,6317,0.5923715261720399
0,6318,0.537760898191094
0,6319,0.631970226103139
0,6320,0.7078206894200548
0,6321,0.7272681380390476
0,6322,0.6167167805897221
0,6323,0.5718394209638519
0,6324,0.5754728869955754
0,6325,0.61193494113302
0,6326,0.4474405629689726
0,6327,0.8343167378073391
0,6328,0.5894946577155435
0,6329,0.7877150672262552
0,6330,0.6370985626424219
0,6331,0.6980757989519815
0,6332,0.6994917022367051
0,6333,0.6144967199691043
0,6334,0.6475986502317383
0,6335,0.6953793509575449
0,6336,0.4891104962807977
0,6337,0.7210816916252614
0,6338,0.6813548560768431
0,6339,0.5426273856459674
0,6340,0.5613640321662872
0,6341,0.6468951201303764
0,6342,0.6230580284088635
0,6343,0.7874374280963559
0,6344,0.7612624229292746
0,6345,0.6073025567803034
0,6346,0.791020822441681
0,6347,0.5722697038147185
0,6348,0.7167481335608059
0,6349,0.6836770402716522
0,6350,0.533875977846717
0,6351,0.6880344804049763
0,6352,0.634987195498287
0,6353,0.5839929106583178
0,6354,0.558021901685305
0,6355,0.8656896708213844
0,6356,0.5320260394258236
0,6357,0.6576613804248491
0,6358,0.6380731590635174
0,6359,0.6340549863934731
0,6360,0.6310333477552582
0,6361,0.6129568503422311
0,6362,0.5077000576519192
0,6363,0.6683410986075022
0,6364,0.6638902871689164
0,6365,0.773661697692728
0,6366,0.39957169308720125
0,6367,0.5021063757213257
0,6368,0.6256282362873122
0,6369,0.6568422854669537
0,6370,0.6315374541369313
0,6371,0.6012255230103576
0,6372,0.6070452689132743
0,6373,0.63631222563415
0,6374,0.7441949773681592
0,6375,0.7506215711733544
0,6376,0.5539170441752899
0,6377,0.7371960822803254
0,6378,0.6834111605604699
0,6379,0.6022227423966089
0,6380,0.5875619492461579
0,6381,0.6787241057593083
0,6382,0.6183657829274974
0,6383,0.6554621861477513
0,6384,0.48195291502674775
0,6385,0.4399106628142956
0,6386,0.7368234455773675
0,6387,0.6696192474425219
0,6388,0.6039537374212905
0,6389,0.5766068540452622
0,6390,0.691305296159507
0,6391,0.7121215756809562
0,6392,0.7627445608466615
0,6393,0.8042642164598677
0,6394,0.7871112030527361
0,6395,0.8043291941531855
0,6396,0.7795492826106883
0,6397,0.48048052957055537
0,6398,0.8045227293129837
0,6399,0.7167576084418655
0,6400,0.49238065641857737
0,6401,0.6836355943575941
0,6402,0.6726902427709232
0,6403,0.6742304162203635
0,6404,0.46408010355040225
0,6405,0.6276653177118557
0,6406,0.6087829041562315
0,6407,0.7488071793912663
0,6408,0.7071239332753766
0,6409,0.5744650014292209
0,6410,0.6269760630846347
0,6411,0.6918764571951738
0,6412,0.6229592731473458
0,6413,0.8516041512593912
0,6414,0.7056973905829501
0,6415,0.7689664060141622
0,6416,0.45538996621670247
0,6417,0.5551609822346343
0,6418,0.6130704469292688
0,6419,0.8461357234350593
0,6420,0.5174415328968665
0,6421,0.5600010752528053
0,6422,0.5259179373350414
0,6423,0.5648095570185795
0,6424,0.5087709021331801
0,6425,0.7265278115430583
0,6426,0.8428799477991584
0,6427,0.4523829419547638
0,6428,0.6297497293676566
0,6429,0.6116834393480673
0,6430,0.5652306636239618
0,6431,0.4262175409418289
0,6432,0.3722201130024673
0,6433,0.6786074618220815
0,6434,0.6497567648309851
0,6435,0.710027107124351
0,6436,0.7081515139575575
0,6437,0.7097865560268674
0,6438,0.6329318583697962
0,6439,0.716233711645521
0,6440,0.8660181151337141
0,6441,0.5821159863551554
0,6442,0.7310790919235974
0,6443,0.6196443031941423
0,6444,0.5432215441670588
0,6445,0.7453245191643756
0,6446,0.6565897734232605
0,6447,0.4971922683087233
0,6448,0.7159410102016557
0,6449,0.6693408135106023
0,6450,0.6107525640571891
0,6451,0.7388882878638349
0,6452,0.7446910139090543
0,6453,0.6950853083183278
0,6454,0.7149389234571474
0,6455,0.7094711770419548
0,6456,0.810386980831554
0,6457,0.6051620192018617
0,6458,0.6688503136697652
0,6459,0.8485351951868763
0,6460,0.7532850310401906
0,6461,0.5959123067966933
0,6462,0.7449479499206306
0,6463,0.7875220343177655
0,6464,0.7351205392462796
0,6465,0.7967226087828203
0,6466,0.6642245365953574
0,6467,0.7910154277286678
0,6468,0.7560224234549855
0,6469,0.5798900195655752
0,6470,0.862299608377403
0,6471,0.5926353991741893
0,6472,0.7527502761917145
0,6473,0.7171312288808798
0,6474,0.562246909332102
0,6475,0.7104087316018798
0,6476,0.8049576929733441
0,6477,0.6556940728038992
0,6478,0.5492961104697536
0,6479,0.9087590450998138
0,6480,0.6493447772321483
0,6481,0.6849545259936896
0,6482,0.7128126551906399
0,6483,0.6331004651918005
0,6484,0.7208183921592771
0,6485,0.49529239943079706
0,6486,0.5391806493388737
0,6487,0.7149823938894928
0,6488,0.6714637617253743
0,6489,0.6798632459444632
0,6490,0.5858061658828059
0,6491,0.7244031687392695
0,6492,0.7233989909012812
0,6493,0.5827504703112228
0,6494,0.7361871157766389
0,6495,0.8777069117711472
0,6496,0.5460287061522915
0,6497,0.544078526892881
0,6498,0.5574005872350714
0,6499,0.4195665813406338
0,6500,0.6043751195682289
0,6501,0.741603274327385
0,6502,0.5922207184873942
0,6503,0.6364547640305119
0,6504,0.7385135117277727
0,6505,0.6687430802934294
0,6506,0.6196767826576703
0,6507,0.6145965066508724
0,6508,0.592914215880518
0,6509,0.5875634969911608
0,6510,0.5228772659366794
0,6511,0.6443366776623517
0,6512,0.5502769439467955
0,6513,0.5604479450310702
0,6514,0.46996102294888337
0,6515,0.5647766713895306
0,6516,0.6531093657779814
0,6517,0.6288302227590117
0,6518,0.5747417300622473
0,6519,0.5822050515203069
0,6520,0.8663164402487048
0,6521,0.7930530669722241
0,6522,0.6611907680914563
0,6523,0.5939141080247975
0,6524,0.5950087376145737
0,6525,0.6232236862374159
0,6526,0.6810963513120083
0,6527,0.5879631982505917
0,6528,0.6084061122929298
0,6529,0.5562037088146761
0,6530,0.4262157511567869
0,6531,0.6495868044012919
0,6532,0.6306922058410226
0,6533,0.4885655758334319
0,6534,0.4918559675034064
0,6535,0.6518135388124856
0,6536,0.7693909734825206
0,6537,0.6956812978822001
0,6538,0.49487633683877286
0,6539,0.6404696849083653
0,6540,0.7600300544243586
0,6541,0.6944669638688531
0,6542,0.5016208127178942
0,6543,0.5073697535067696
0,6544,0.526406686224291
0,6545,0.6679088792090475
0,6546,0.700862943914772
0,6547,0.6801432780342065
0,6548,0.4968694302961373
0,6549,0.5084422845940536
0,6550,0.5004997558038375
0,6551,0.359416133262081
0,6552,0.37223682121261664
0,6553,0.5159678613572882
0,6554,0.7053918582995679
0,6555,0.6198006076411964
0,6556,0.7524157240506792
0,6557,0.6154996842905432
0,6558,0.5665230687515008
0,6559,0.6905783707454629
0,6560,0.5064740366604664
0,6561,0.6739073738654674
0,6562,0.5801869075824215
0,6563,0.6497243488679028
0,6564,0.590959114231647
0,6565,0.6824372733760453
0,6566,0.7382494598204982
0,6567,0.6483669796097975
0,6568,0.4866824936228738
0,6569,0.691564582895854
0,6570,0.6037166806849533
0,6571,0.8184103958839541
0,6572,0.898899313615131
0,6573,0.8942721642485513
0,6574,0.8393957672978096
0,6575,0.8347970665341121
0,6576,0.5094042146531359
0,6577,0.6517221693223038
0,6578,0.7934542663649058
0,6579,0.5390642823181099
0,6580,0.5241422049788601
0,6581,0.7101586075338943
0,6582,0.717569859081222
0,6583,0.3986032696104968
0,6584,0.5260915590949972
0,6585,0.5366169724652613
0,6586,0.54692966092298545
0,6587,0.6971439184852678
0,6588,0.429901904193489
0,6589,0.6164712109083774
0,6590,0.6942298738913601
0,6591,0.6319308778589796
0,6592,0.6413822818172378
0,6593,0.636781143643227
0,6594,0.7162474441517952
0,6595,0.7033329310902794
0,6596,0.7909708508018761
0,6597,0.6268325372784341
0,6598,0.6625929559708325
0,6599,0.7217282207281609
0,6600,0.6375571236855974
0,6601,0.582554188048641
0,6602,0.7848253340551556
0,6603,0.4673628684556806
0,6604,0.7558240886038753
0,6605,0.4564733283708002
0,6606,0.7776190129240516
0,6607,0.680664134398021
0,6608,0.7858732651470869
0,6609,0.47708119961352413
0,6610,0.5756747585912908
0,6611,0.6663787916908863
0,6612,0.7582352521216664
0,6613,0.6951234401385791
0,6614,0.607552272310923
0,6615,0.6517857807646215
0,6616,0.7142834472521918
0,6617,0.6101526708244336
0,6618,0.535162679458033
0,6619,0.7953012159930082
0,6620,0.5764936119474796
0,6621,0.8301170487836815
0,6622,0.5584284335419882
0,6623,0.44362020305692157
0,6624,0.568103960324616
0,6625,0.6886729151321798
0,6626,0.6655934180441591
0,6627,0.632040703915254
0,6628,0.6633481568494561
0,6629,0.6701419156425513
0,6630,0.6743275145102867
0,6631,0.643800665347515
0,6632,0.7459165973196408
0,6633,0.7585623921818175
0,6634,0.6686008304859167
0,6635,0.6110841252163904
0,6636,0.7291489220581431
0,6637,0.7025040066583462
0,6638,0.5669889313322625
0,6639,0.6734984230990186
0,6640,0.4480612706269635
0,6641,0.4748352137210775
0,6642,0.5559334062234279
0,6643,0.7588578950629945
0,6644,0.8049641804687423
0,6645,0.7621211864487174
0,6646,0.5334878757597531
0,6647,0.6610901427668594
0,6648,0.7332995706395251
0,6649,0.7399503655019187
0,6650,0.8427897369334837
0,6651,0.5795800999122513
0,6652,0.6736950697241663
0,6653,0.5643958351593731
0,6654,0.6258457842652169
0,6655,0.6986155734721939
0,6656,0.6852686762413066
0,6657,0.7330120735678171
0,6658,0.5675788200187832
0,6659,0.7536379246843604
0,6660,0.6712165399665012
0,6661,0.6730862447899669
0,6662,0.7481237770930991
0,6663,0.8757720166396711
0,6664,0.5885302830859744
0,6665,0.4254642578406321
0,6666,0.5368573149307811
0,6667,0.6309930131141254
0,6668,0.44195933608558435
0,6669,0.46956217961874636
0,6670,0.6224910478501009
0,6671,0.716140207937233
0,6672,0.6906365821844687
0,6673,0.6374585048024562
0,6674,0.7110522845715154
0,6675,0.751075087223249
0,6676,0.7422688811295208
0,6677,0.7773649168742547
0,6678,0.6299253994030726
0,6679,0.6050036639054347
0,6680,0.7577211517364931
0,6681,0.6694380078505172
0,6682,0.7352332761212923
0,6683,0.7135647967803137
0,6684,0.5787803263910064
0,6685,0.38426173112336304
0,6686,0.4920764070551161
0,6687,0.5069350586777942
0,6688,0.6696956027483931
0,6689,0.5554535331079467
0,6690,0.5639566651947063
0,6691,0.4878820151684471
0,6692,0.6067546209019115
0,6693,0.5712181600925199
0,6694,0.7289716162416657
0,6695,0.75362240022699
0,6696,0.4553832538032178
0,6697,0.7489300494322805
0,6698,0.6606209500132754
0,6699,0.7206290394076702
0,6700,0.5602685951957515
0,6701,0.5738525609161671
0,6702,0.5991995471305456
0,6703,0.3723461556912285
0,6704,0.6024136367078957
0,6705,0.6254737049971775
0,6706,0.6005197126258282
0,6707,0.6230835272826911
0,6708,0.2838598559427356
0,6709,0.16598372791090255
0,6710,0.4463431683863928
0,6711,0.7320171918362657
0,6712,0.6926206128921525
0,6713,0.5992297097719963
0,6714,0.6471352963051944
0,6715,0.6423807462905448
0,6716,0.7256539918754139
0,6717,0.5570932777701856
0,6718,0.7651467154165862
0,6719,0.5173380365731564
0,6720,0.5510634167574862
0,6721,0.6747355494474028
0,6722,0.8330446131301199
0,6723,0.8096424912547191
0,6724,0.5168666925981877
0,6725,0.450241508711033
0,6726,0.7864446735312508
0,6727,0.6474963103961644
0,6728,0.5406556980201179
0,6729,0.5108240384119455
0,6730,0.5485101618931532
0,6731,0.7157819760782209
0,6732,0.5215153402657003
0,6733,0.2247241895471126
0,6734,0.24392355238067875
0,6735,0.6011005991973786
0,6736,0.8668508277672768
0,6737,0.865716471331238
0,6738,0.7360586957840513
0,6739,0.5306192791165265
0,6740,0.6246694057461107
0,6741,0.5897035960791995
0,6742,0.7742138307657045
0,6743,0.6187155246215448
0,6744,0.44989565946657634
0,6745,0.5275934323002612
0,6746,0.6313649351041372
0,6747,0.9404828339297364
0,6748,0.5280267507862454
0,6749,0.7790270761758641
0,6750,0.7247577095965784
0,6751,0.700389539773898
0,6752,0.6861169300480674
0,6753,0.6835627778758057
0,6754,0.6996639136941111
0,6755,0.6310397495137746
0,6756,0.6290240309370408
0,6757,0.6105232127706964
0,6758,0.8647269990904217
0,6759,0.5776062274624061
0,6760,0.7223220454835064
0,6761,0.7375024385509795
0,6762,0.6189657443418745
0,6763,0.7157084789847846
0,6764,0.6830760510217327
0,6765,0.8542619148705473
0,6766,0.6729322686738267
0,6767,0.6481382415513552
0,6768,0.5804363735787886
0,6769,0.7232127151559519
0,6770,0.7687410294492231
0,6771,0.6195680060004303
0,6772,0.5796633506987329
0,6773,0.5134930509315316
0,6774,0.611125396471426
0,6775,0.7343528292506595
0,6776,0.8072532191671834
0,6777,0.9215590880734728
0,6778,0.6183088691882332
0,6779,0.6318560513795023
0,6780,0.5197082362683303
0,6781,0.6588708957935923
0,6782,0.6157405985429237
0,6783,0.6620827726772116
0,6784,0.5928800509925063
0,6785,0.8795849850602635
0,6786,0.5726274596337837
0,6787,0.8192233027986109
0,6788,0.7078684985210306
0,6789,0.6566153115884807
0,6790,0.5069239366782482
0,6791,0.6907236950093621
0,6792,0.5491266946040927
0,6793,0.5939052717314202
0,6794,0.6501072513113341
0,6795,0.7099854201131001
0,6796,0.7677543634569888
0,6797,0.7433166070044886
0,6798,0.6335896848870759
0,6799,0.5753679656664874
0,6800,0.7367464281063753
0,6801,0.7208112435788868
0,6802,0.6530973004107069
0,6803,0.7605156442170941
0,6804,0.6716193762303456
0,6805,0.6932203165208785
0,6806,0.7387821954683395
0,6807,0.7957912991907273
0,6808,0.71963931403483
0,6809,0.7231802092672082
0,6810,0.7763834322733819
0,6811,0.6147306952582159
0,6812,0.7140822778444852
0,6813,0.7768726050277817
0,6814,0.78516989587200825
0,6815,0.6659168361083713
0,6816,0.7555952156476948
0,6817,0.6014935778457745
0,6818,0.7375505817647154
0,6819,0.6263592911060829
0,6820,0.6687679579840249
0,6821,0.6636107026647399
0,6822,0.6181314765402363
0,6823,0.6825458428545822
0,6824,0.6218220091027874
0,6825,0.6886935428044676
0,6826,0.5623632960001392
0,6827,0.6836941252830209
0,6828,0.6413158436721375
0,6829,0.6479676894523386
0,6830,0.5930125155811871
0,6831,0.5696993473351445
0,6832,0.5633812980815404
0,6833,0.7398185950880968
0,6834,0.6495200311561987
0,6835,0.6557713041233091
0,6836,0.696331728092924
0,6837,0.6786503268384408
0,6838,0.8103266834060265
0,6839,0.6465211605579005
0,6840,0.7494864439037022
0,6841,0.6267602779832251
0,6842,0.625010875153328
0,6843,0.4751485499313583
0,6844,0.7708506176051247
0,6845,0.6572846914763425
0,6846,0.6419249295963184
0,6847,0.7039968267828943
0,6848,0.8210269606178273
0,6849,0.6121193049996061
0,6850,0.7566161843778624
0,6851,0.6672450503381946
0,6852,0.57926900573562
0,6853,0.6718051409191622
0,6854,0.6376123131252657
0,6855,0.7811969306923203
0,6856,0.4145649655620273
0,6857,0.6025109741751798
0,6858,0.6540845681372481
0,6859,0.6685080809706537
0,6860,0.7569254221726448
0,6861,0.6959911248383467
0,6862,0.7280895550235855
0,6863,0.8139909132857641
0,6864,0.7988243030584562
0,6865,0.8453655767867894
0,6866,0.8118458960242385
0,6867,0.7586310290104282
0,6868,0.6508298216499182
0,6869,0.696935447780186
0,6870,0.7436951098896745
0,6871,0.6609841561332774
0,6872,0.8365020297593242
0,6873,0.8241427618247761
0,6874,0.4165950632262209
0,6875,0.7114821565564309
0,6876,0.5616579922508851
0,6877,0.5947179297893548
0,6878,0.7503851495455245
0,6879,0.8076450256450978
0,6880,0.892731015126905
0,6881,0.4952090874385672
0,6882,0.6838005414687186
0,6883,0.646676949272433
0,6884,0.48923392717446207
0,6885,0.7169662715206404
0,6886,0.7801308728885505
0,6887,0.7009326452752911
0,6888,0.3518798049953981
0,6889,0.4897875364073274
0,6890,0.522918525969803
0,6891,0.6336922653415191
0,6892,0.689807459048621
0,6893,0.8149048292425436
0,6894,0.6409104772396989
0,6895,0.6427844903608617
0,6896,0.6227530294641512
0,6897,0.8515180625184698
0,6898,0.7452553690212044
0,6899,0.8115563049698994
0,6900,0.6882148382272916
0,6901,0.6155313950015845
0,6902,0.47992422245770533
0,6903,0.7273308430922022
0,6904,0.6725335575954161
0,6905,0.6805508637322342
0,6906,0.7327846180459249
0,6907,0.6818305700385674
0,6908,0.8051594406825481
0,6909,0.5423854355090388
0,6910,0.7370201974224982
0,6911,0.5664105268390499
0,6912,0.5420875030257392
0,6913,0.6163143506036796
0,6914,0.8229024045264356
0,6915,0.8062524794177257
0,6916,0.872638764126157
0,6917,0.7029956091155273
0,6918,0.6310569955804167
0,6919,0.5174275606715416
0,6920,0.5441133497859841
0,6921,0.6946052528906087
0,6922,0.7110657307058712
0,6923,0.7003142759562412
0,6924,0.6833021111073915
0,6925,0.6973783005969401
0,6926,0.7239164161950118
0,6927,0.63986539878515
0,6928,0.5809177915394569
0,6929,0.7212598222258617
0,6930,0.6888560442038547
0,6931,0.7136864085833753
0,6932,0.6044146672188915
0,6933,0.7084350506720516
0,6934,0.7852853976643225
0,6935,0.704773688467687
0,6936,0.8220533222448615
0,6937,0.772561888654667
0,6938,0.8003222189282652
0,6939,0.6746440263772481
0,6940,0.6969833063867308
0,6941,0.5304254599442442
0,6942,0.40882377309517487
0,6943,0.5377086761535387
0,6944,0.5416636323906733
0,6945,0.46748972528322336
0,6946,0.48582236163479214
0,6947,0.763491438463478
0,6948,0.8348064224325348
0,6949,0.7579053666224324
0,6950,0.7596372859539692
0,6951,0.6605645412572492
0,6952,0.7240678390773888
0,6953,0.7836244729671702
0,6954,0.6238778236730802
0,6955,0.6969080211777227
0,6956,0.7155604359056643
0,6957,0.6053718708094933
0,6958,0.6808323040030687
0,6959,0.6273191889712358
0,6960,0.6451324814262183
0,6961,0.6569863835694487
0,6962,0.7781564820735961
0,6963,0.511553413031431
0,6964,0.6334231488323778
0,6965,0.7540491299079304
0,6966,0.7735664032328236
0,6967,0.7093786184492648
0,6968,0.7091495678600037
0,6969,0.5978441034723134
0,6970,0.7046119089628426
0,6971,0.6036686965209734
0,6972,0.7776695183420781
0,6973,0.7069657342391186
0,6974,0.6761274459895711
0,6975,0.7093976756609494
0,6976,0.617902310225435
0,6977,0.6062000151054805
0,6978,0.6440631010513204
0,6979,0.5635891561250161
0,6980,0.6020820289384523
0,6981,0.8051237472282978
0,6982,0.7518409251017635
0,6983,0.6801977413188888
0,6984,0.619928458203257
0,6985,0.6083902919673981
0,6986,0.6516004479397682
0,6987,0.5872904428077578
0,6988,0.7915456539286293
0,6989,0.8371427967560157
0,6990,0.9116181125373833
0,6991,0.5931933779286732
0,6992,0.5533790441275701
0,6993,0.5889324182435631
0,6994,0.7174825548980248
0,6995,0.6608059688427461
0,6996,0.7795246655245944
0,6997,0.6793845264139878
0,6998,0.5553130835990423
0,6999,0.5465034747854246
0,7000,0.5602884335720727
0,7001,0.8604830571291866
0,7002,0.8008313815573485
0,7003,0.706353597028848
0,7004,0.6712009002226167
0,7005,0.5655547430249024
0,7006,0.6203833491433807
0,7007,0.5576669293451183
0,7008,0.5705704244307774
0,7009,0.6752070921909892
0,7010,0.6888482836393816
0,7011,0.699857597504841
0,7012,0.7607451822793692
0,7013,0.7664820963717789
0,7014,0.6954870519414477
0,7015,0.6584544734424866
0,7016,0.8359361576762613
0,7017,0.8233903664940927
0,7018,0.753953679085598
0,7019,0.6022535292241932
0,7020,0.5209870919110678
0,7021,0.46003714212279206
0,7022,0.505859428039007
0,7023,0.5348403812851733
0,7024,0.5919902881253708
0,7025,0.6071083202353698
0,7026,0.7564511933812078
0,7027,0.4870187984951907
0,7028,0.6786537289654394
0,7029,0.6951784077855825
0,7030,0.6982446590274191
0,7031,0.47529467123432306
0,7032,0.7569653108176617
0,7033,0.7408393261694961
0,7034,0.7617914875206854
0,7035,0.694912295043478
0,7036,0.7688309660020975
0,7037,0.8095203118704319
0,7038,0.6979589315603977
0,7039,0.7476316664486704
0,7040,0.6630136050627353
0,7041,0.7163048028185326
0,7042,0.6983896440043571
0,7043,0.7671617705301739
0,7044,0.7878965412122879
0,7045,0.7744189106629561
0,7046,0.6356501065830028
0,7047,0.5955731043105541
0,7048,0.7013962407784492
0,7049,0.7481968815464323
0,7050,0.6923440925920673
0,7051,0.6779254207209015
0,7052,0.6212224592492154
0,7053,0.5572716403747385
0,7054,0.758401896714131
0,7055,0.5917331196042219
0,7056,0.6299306766027148
0,7057,0.8124066661687557
0,7058,0.7873201105621158
0,7059,0.4626434076350358
0,7060,0.6738434253167609
0,7061,0.7774995042631003
0,7062,0.7222463946453176
0,7063,0.4987512841838257
0,7064,0.6479942403765864
0,7065,0.6541753570336073
0,7066,0.7738194478101839
0,7067,0.7574530029009631
0,7068,0.7849161689373015
0,7069,0.857644820878246
0,7070,0.8055212560876879
0,7071,0.7124370765411346
0,7072,0.6859876290626258
0,7073,0.696914681587174
0,7074,0.5624269495068637
0,7075,0.7112075630185064
0,7076,0.6302375782326648
0,7077,0.6028088009105393
0,7078,0.6298742577294653
0,7079,0.5693008850414992
0,7080,0.6416980450648619
0,7081,0.5368380202902293
0,7082,0.751691860145325
0,7083,0.4275812874502461
0,7084,0.8127474496223401
0,7085,0.78007502782083
0,7086,0.7351524454811623
0,7087,0.5180030515915891
0,7088,0.7764564091316094
0,7089,0.5545728917550474
0,7090,0.6166426043366313
0,7091,0.6337829488265871
0,7092,0.7122988911484123
0,7093,0.7223812793304171
0,7094,0.8147321315536864
0,7095,0.6986529630191837
0,7096,0.8005535228916689
0,7097,0.4798856522462523
0,7098,0.5717335059820989
0,7099,0.8113332775513746
0,7100,0.8585850805308378
0,7101,0.6648796754115162
0,7102,0.6677008611459869
0,7103,0.5981216181104707
0,7104,0.5812974774926684
0,7105,0.8556445078362643
0,7106,0.6222316318245515
0,7107,0.4492732909346455
0,7108,0.7361469376067544
0,7109,0.6320714348474296
0,7110,0.667136684141294
0,7111,0.5099861670485858
0,7112,0.6616219444592505
0,7113,0.6622637615971121
0,7114,0.6332855698392081
0,7115,0.7051858294136892
0,7116,0.5943520496425726
0,7117,0.5271166225295104
0,7118,0.6220094746568451
0,7119,0.6734476523815632
0,7120,0.48847809714194773
0,7121,0.5486853038067118
0,7122,0.7715209359341673
0,7123,0.7084441804121518
0,7124,0.6024187030631692
0,7125,0.5150479016407838
0,7126,0.5741484415964485
0,7127,0.6017715827887484
0,7128,0.657061342949519
0,7129,0.6858813464027784
0,7130,0.7732971528001581
0,7131,0.6037464574025739
0,7132,0.554784580583185
0,7133,0.48905393815150267
0,7134,0.6075463964887149
0,7135,0.6444778642903103
0,7136,0.6122856371834936
0,7137,0.6566522365260967
0,7138,0.7628909694283096
0,7139,0.6190959871971321
0,7140,0.6673380367015358
0,7141,0.513417349248334
0,7142,0.6911834515376615
0,7143,0.47801747316295923
0,7144,0.7868504295731688
0,7145,0.5795058692726774
0,7146,0.5427425381940688
0,7147,0.6483897616308184
0,7148,0.797845837456723
0,7149,0.7159183766835753
0,7150,0.647287867814577
0,7151,0.6919856945414472
0,7152,0.6637677093243326
0,7153,0.5026651700447116
0,7154,0.8285656822229837
0,7155,0.7979266670809785
0,7156,0.5760175706559225
0,7157,0.45253511803343505
0,7158,0.5441795372984295
0,7159,0.7088275163800352
0,7160,0.636395773649611
0,7161,0.5813244167093098
0,7162,0.7743375862348156
0,7163,0.43882949933037535
0,7164,0.6241143567408681
0,7165,0.7340567417637117
0,7166,0.6816170032550821
0,7167,0.5904208410551347
0,7168,0.6787140296452538
0,7169,0.6051518328034919
0,7170,0.7067352113250164
0,7171,0.8216501265174161
0,7172,0.6783953133285194
0,7173,0.5419033190833097
0,7174,0.7239254061501025
0,7175,0.6063153003232171
0,7176,0.6406017253468803
0,7177,0.6260163323822004
0,7178,0.6483216641864044
0,7179,0.7770757368946051
0,7180,0.7376683991392796
0,7181,0.551380306835238
0,7182,0.736966425067426
0,7183,0.6352986636138518
0,7184,0.7558784322758398
0,7185,0.562536998201859
0,7186,0.595156192244311
0,7187,0.6056040526335699
0,7188,0.6417187361373317
0,7189,0.6859732312527871
0,7190,0.7239350248673848
0,7191,0.6895814197055128
0,7192,0.6489755094641938
0,7193,0.5634559379387902
0,7194,0.6937343473803206
0,7195,0.7092184987417804
0,7196,0.8254645508758209
0,7197,0.6298723988982737
0,7198,0.529643882372926
0,7199,0.6998697459467713
0,7200,0.5768968248886747
0,7201,0.667516785239675
0,7202,0.7407082780211085
0,7203,0.6949763523092375
0,7204,0.6859957750996378
0,7205,0.6035396497952786
0,7206,0.5469702047703652
0,7207,0.7834883095800801
0,7208,0.7711550352113254
0,7209,0.6257790200338367
0,7210,0.6890022849094705
0,7211,0.4244047802604945
0,7212,0.7201996201194298
0,7213,0.46625610344447455
0,7214,0.5162768579835337
0,7215,0.7292196745148405
0,7216,0.4567121360303959
0,7217,0.38548588604001144
0,7218,0.6432954016665382
0,7219,0.546171588090012
0,7220,0.41082505906896705
0,7221,0.5309484171136039
0,7222,0.47234472647565046
0,7223,0.7545242301997334
0,7224,0.7960110240868121
0,7225,0.6396990980534351
0,7226,0.7635930661077417
0,7227,0.7429146567835598
0,7228,0.7066354707059745
0,7229,0.6910610350616323
0,7230,0.6653197457694897
0,7231,0.35167598159368013
0,7232,0.3983450454851539
0,7233,0.49125611253195145
0,7234,0.3273192741652474
0,7235,0.7161550035562962
0,7236,0.7779961338019075
0,7237,0.7549499904959962
0,7238,0.7608100210607448
0,7239,0.6663610823326879
0,7240,0.661998655900646
0,7241,0.6049555181727698
0,7242,0.7884082044108611
0,7243,0.8440244005378633
0,7244,0.7502831544780312
0,7245,0.7514916031394527
0,7246,0.7967133677536495
0,7247,0.8149745520457672
0,7248,0.6379022952801164
0,7249,0.7390451340329108
0,7250,0.6797916390208778
0,7251,0.6751056032899138
0,7252,0.67480797060181
0,7253,0.74323413359816
0,7254,0.734424162023368
0,7255,0.5098438595316058
0,7256,0.7315449277700791
0,7257,0.581312072101992
0,7258,0.7237464672700809
0,7259,0.6827787641038313
0,7260,0.6279877650392475
0,7261,0.8450172942202805
0,7262,0.7908151646991068
0,7263,0.7201995059264751
0,7264,0.6395714856804987
0,7265,0.716764408082635
0,7266,0.7536052314889352
0,7267,0.6381008003393757
0,7268,0.5982301735331651
0,7269,0.6820347807906407
0,7270,0.6641331995418106
0,7271,0.819451103144773
0,7272,0.6555318301603785
0,7273,0.7576081243143412
0,7274,0.6009528292222753
0,7275,0.7161285672550576
0,7276,0.8143627175579792
0,7277,0.8563617920195999
0,7278,0.8171466421883177
0,7279,0.6711544495593361
0,7280,0.7578216090516948
0,7281,0.42680415386531717
0,7282,0.4602814083768718
0,7283,0.778980118173564
0,7284,0.7773664634982029
0,7285,0.7254950075449976
0,7286,0.8183705888562767
0,7287,0.7454043973814591
0,7288,0.6718655462436721
0,7289,0.8784965956186181
0,7290,0.5168963276381219
0,7291,0.6311435809001879
0,7292,0.6181690942297348
0,7293,0.6227389530056698
0,7294,0.6809143070488984
0,7295,0.6980551382521639
0,7296,0.5717386887279948
0,7297,0.6957353627360482
0,7298,0.6856828102174756
0,7299,0.717697392116858
0,7300,0.7007383176386447
0,7301,0.7232554663512255
0,7302,0.7563819773880632
0,7303,0.5622549472124665
0,7304,0.7968503900188344
0,7305,0.5832933535593485
0,7306,0.7448854708912399
0,7307,0.589804539555017
0,7308,0.6869455590362099
0,7309,0.702568458289829
0,7310,0.8272793131069203
0,7311,0.7707449450198953
0,7312,0.6819615339440624
0,7313,0.5834186302195735
0,7314,0.7065981428405468
0,7315,0.661136214150848
0,7316,0.5414550232450244
0,7317,0.703594079964177
0,7318,0.6710962163467167
0,7319,0.8329755068307323
0,7320,0.738800377131584
0,7321,0.49853463082368193
0,7322,0.7336034294624081
0,7323,0.8605145669090906
0,7324,0.7655129950587322
0,7325,0.7118851236323306
0,7326,0.8479241033727919
0,7327,0.6228196266976748
0,7328,0.5475544443071386
0,7329,0.6976723669263537
0,7330,0.7086508665916879
0,7331,0.68926650331632
0,7332,0.6942348052148888
0,7333,0.5918603395516817
0,7334,0.6596849928647539
0,7335,0.6432317364046637
0,7336,0.6782488392379934
0,7337,0.7979376443610361
0,7338,0.5648006782155829
0,7339,0.673001436255623
0,7340,0.6533912229544401
0,7341,0.703378338770904
0,7342,0.6908300943978406
0,7343,0.6018071054396159
0,7344,0.4779311601479394
0,7345,0.7216778077879205
0,7346,0.699972396213714
0,7347,0.8062641176603438
0,7348,0.7641084020738144
0,7349,0.490698088481783
0,7350,0.8191867139048037
0,7351,0.6114022472174477
0,7352,0.5908628683532275
0,7353,0.5270970865441246
0,7354,0.4980626550917545
0,7355,0.6367721475434787
0,7356,0.6838093673117689
0,7357,0.7638053866269239
0,7358,0.6929512836763044
0,7359,0.6133618463536666
0,7360,0.6963774782449338
0,7361,0.7306095090985018
0,7362,0.584795460062662
0,7363,0.7076344306966025
0,7364,0.8718270491344225
0,7365,0.7460250872630819
0,7366,0.7236946554306432
0,7367,0.745262840164193
0,7368,0.6672705923809528
0,7369,0.315703118288031
0,7370,0.7746384298613794
0,7371,0.641227852762119
0,7372,0.5408575594472768
0,7373,0.6469855783364329
0,7374,0.49583633828507606
0,7375,0.7540857663291314
0,7376,0.7815796760652008
0,7377,0.7515748801780651
0,7378,0.8974718362207046
0,7379,0.8392925808442765
0,7380,0.6950577426353912
0,7381,0.7658690083645823
0,7382,0.648824247484062
0,7383,0.6564669555706485
0,7384,0.6177471667288051
0,7385,0.6592764948351378
0,7386,0.8176367032570035
0,7387,0.7133722833205088
0,7388,0.7928956533390453
0,7389,0.7453950981186186
0,7390,0.5168520248646465
0,7391,0.6337250354658704
0,7392,0.7534498623937402
0,7393,0.45753169554065787
0,7394,0.4964123060976634
0,7395,0.5971673582142972
0,7396,0.6834880370765944
0,7397,0.6873960092059456
0,7398,0.8117627702581997
0,7399,0.6163986853756218
0,7400,0.6432866799701169
0,7401,0.8087826560949015
0,7402,0.5792838328387205
0,7403,0.6693879656767121
0,7404,0.6828388274932842
0,7405,0.7339508865462002
0,7406,0.6721179573017686
0,7407,0.5361857718232328
0,7408,0.6019951441926671
0,7409,0.5961972851433621
0,7410,0.64845257664625
0,7411,0.36992455976540256
0,7412,0.49343919930607055
0,7413,0.6362995984477543
0,7414,0.5603915096576204
0,7415,0.7468437811193613
0,7416,0.6872315759446845
0,7417,0.6940760819903526
0,7418,0.5630595862159765
0,7419,0.5871959616974083
0,7420,0.8095970110895947
0,7421,0.6294509823655723
0,7422,0.8062454786674418
0,7423,0.8667865125364362
0,7424,0.6326235005853049
0,7425,0.842323857911037
0,7426,0.7604880091731961
0,7427,0.7292130034409511
0,7428,0.6481037787891154
0,7429,0.5763433139433979
0,7430,0.5379792389874725
0,7431,0.7025972786559445
0,7432,0.7984889706091705
0,7433,0.766388452109198
0,7434,0.85894135037002906
0,7435,0.6554728602973076
0,7436,0.6872144490009835
0,7437,0.6788467611548218
0,7438,0.5881841761809394
0,7439,0.615696620500107
0,7440,0.8324666988997237
0,7441,0.688389301262264
0,7442,0.6232728275040254
0,7443,0.5462797684824733
0,7444,0.5966301136223808
0,7445,0.7228170455797259
0,7446,0.610445833350837
0,7447,0.7517743872125894
0,7448,0.7911783045490238
0,7449,0.7749518812777785
0,7450,0.5491044867415976
0,7451,0.6706541422272934
0,7452,0.6154483696819192
0,7453,0.6811454130825034
0,7454,0.6357793225568884
0,7455,0.4754705570481184
0,7456,0.42602412805369877
0,7457,0.7660628357984332
0,7458,0.5587807936258864
0,7459,0.27963294629542323
0,7460,0.6034087481592223
0,7461,0.5970370799638102
0,7462,0.657005232833122
0,7463,0.5811790609723048
0,7464,0.6553584608044324
0,7465,0.5651218296343703
0,7466,0.6584686169485391
0,7467,0.5625542390037053
0,7468,0.7481726933135361
0,7469,0.5688663395367524
0,7470,0.7843355483947151
0,7471,0.6901201326746558
0,7472,0.7186993561841315
0,7473,0.7526684417953847
0,7474,0.697912391445137
0,7475,0.7767192725379674
0,7476,0.7084868824111268
0,7477,0.7799676874017705
0,7478,0.7725739575115519
0,7479,0.7656289242061983
0,7480,0.7374139361753198
0,7481,0.7229121073423413
0,7482,0.570279638902876
0,7483,0.6358187029590076
0,7484,0.7043407520729946
0,7485,0.4833535934938981
0,7486,0.6087121615596249
0,7487,0.6771473499730908
0,7488,0.632269385578181
0,7489,0.7657524020155033
0,7490,0.7050170385065014
0,7491,0.6635169316851663
0,7492,0.7185337852119018
0,7493,0.6245723684224014
0,7494,0.553790766411768
0,7495,0.660123948832712
0,7496,0.7767863164526178
0,7497,0.7370218815041627
0,7498,0.7348585300784086
0,7499,0.6789712143716653
0,7500,0.7085557840844758
0,7501,0.7703575364722729
0,7502,0.7068204524112411
0,7503,0.7558420884746773
0,7504,0.7897667244754708
0,7505,0.6527150342299769
0,7506,0.7766604305263078
0,7507,0.4340756732827589
0,7508,0.4992202291533538
0,7509,0.4866060901478859
0,7510,0.23712720063614148
0,7511,0.7571089017069647
0,7512,0.7849478798032875
0,7513,0.5905102350868284
0,7514,0.7331241711972503
0,7515,0.6565442538471872
0,7516,0.6097747502527812
0,7517,0.6542010022092138
0,7518,0.6100639261017806
0,7519,0.5250158462170774
0,7520,0.6725990481942702
0,7521,0.5981801914108652
0,7522,0.7767408960499815
0,7523,0.6183692833751551
0,7524,0.6969044837578513
0,7525,0.45212194808808837
0,7526,0.5390448827384237
0,7527,0.6456630752682345
0,7528,0.5750651608611391
0,7529,0.6717432973562044
0,7530,0.5977938098136489
0,7531,0.7360025283460829
0,7532,0.7053791082264945
0,7533,0.7938760325282478
0,7534,0.6754950358328046
0,7535,0.719578319319028
0,7536,0.7980495102607716
0,7537,0.4285897855615194
0,7538,0.5275700056836417
0,7539,0.6025626612235401
0,7540,0.7511681086248936
0,7541,0.763747971835686
0,7542,0.8381179965079589
0,7543,0.7145531095151266
0,7544,0.7286870716269869
0,7545,0.7574272879352976
0,7546,0.7388693441091033
0,7547,0.6469240160850909
0,7548,0.681839553318913
0,7549,0.6023013266499395
0,7550,0.6541449188914914
0,7551,0.6029889088256581
0,7552,0.7366425965750169
0,7553,0.595276921953304
0,7554,0.6678904469932424
0,7555,0.7347258956826975
0,7556,0.8256629645832845
0,7557,0.704404209181047
0,7558,0.5343459469911003
0,7559,0.6186977407280576
0,7560,0.6484363093504523
0,7561,0.5641364081852495
0,7562,0.7635711677971319
0,7563,0.4693183678568128
0,7564,0.49494367172340853
0,7565,0.7153997872974596
0,7566,0.7759848169882673
0,7567,0.8466508937982322
0,7568,0.778791589327433
0,7569,0.5966404948091467
0,7570,0.8105129758777138
0,7571,0.7855711975115857
0,7572,0.6333293588531204
0,7573,0.6788207412262534
0,7574,0.7048959408001095
0,7575,0.7926371412560282
0,7576,0.6470962409309782
0,7577,0.6914544277635292
0,7578,0.7542945779748527
0,7579,0.8996140142989344
0,7580,0.6386816425532503
0,7581,0.6270036016694128
0,7582,0.5049883766406607
0,7583,0.34920594179589853
0,7584,0.3021530300274804
0,7585,0.6182348775023941
0,7586,0.6450913069181793
0,7587,0.7527868005605152
0,7588,0.7116297566785479
0,7589,0.612608813932476
0,7590,0.6155565901523187
0,7591,0.6286469371894325
0,7592,0.640387737443195
0,7593,0.6271316567627513
0,7594,0.5854836195636324
0,7595,0.5346257771347306
0,7596,0.3310892271273094
0,7597,0.31697387063698734
0,7598,0.851370259765815
0,7599,0.8066679128940392
0,7600,0.7839096238303526
0,7601,0.260210939378176
0,7602,0.836296489702388
0,7603,0.9208439799444734
0,7604,0.6815184005000738
0,7605,0.5165669124281952
0,7606,0.5793583351211045
0,7607,0.6236545201471116
0,7608,0.7251079549622729
0,7609,0.6503881838100435
0,7610,0.6675093089745568
0,7611,0.613366641930305
0,7612,0.7378552046269453
0,7613,0.5872688641139056
0,7614,0.5914297435180363
0,7615,0.6952587542471983
0,7616,0.6945861261300385
0,7617,0.8114541525185227
0,7618,0.5221782003604165
0,7619,0.5687416265352515
0,7620,0.5455218374436405
0,7621,0.7449190423733268
0,7622,0.6251510785659976
0,7623,0.7741806970311089
0,7624,0.8077763543929811
0,7625,0.7397370839161803
0,7626,0.6120817669468083
0,7627,0.6315092774306991
0,7628,0.5760445300622035
0,7629,0.405445211927651
0,7630,0.6668688384234299
0,7631,0.6464210754730964
0,7632,0.4569001566038633
0,7633,0.6560526241736463
0,7634,0.41326612478031655
0,7635,0.612553343463964
0,7636,0.5185858159755944
0,7637,0.5088757671688431
0,7638,0.7351588929771458
0,7639,0.6597627376088561
0,7640,0.7591548075582764
0,7641,0.6643579735564772
0,7642,0.6528705708306949
0,7643,0.7940703179821818
0,7644,0.6066358668332803
0,7645,0.527064560188345
0,7646,0.5693612089098212
0,7647,0.7461999582624467
0,7648,0.6163245231490356
0,7649,0.5238448139093577
0,7650,0.7844884688223063
0,7651,0.6840298625328833
0,7652,0.7070460292368004
0,7653,0.7429028970100389
0,7654,0.7745141174662794
0,7655,0.7656079377775792
0,7656,0.8438437104364559
0,7657,0.7076638476153732
0,7658,0.723000670887936
0,7659,0.6400913071663081
0,7660,0.6377922344510558
0,7661,0.6378545336233086
0,7662,0.7137597259627859
0,7663,0.640422428065083
0,7664,0.7402019149809499
0,7665,0.5866823780492226
0,7666,0.6681983795862804
0,7667,0.6332967150279266
0,7668,0.6503261370755253
0,7669,0.7080185068081868
0,7670,0.9219468650744188
0,7671,0.6050811292751669
0,7672,0.550860514776655
0,7673,0.5714072333620404
0,7674,0.6202811390960019
0,7675,0.6702799442532166
0,7676,0.7097512555505172
0,7677,0.6891404674494859
0,7678,0.6210748396343673
0,7679,0.7014619805821227
0,7680,0.5444016397713576
0,7681,0.7990917185108316
0,7682,0.8323881098153904
0,7683,0.8107678069259469
0,7684,0.7520485731013837
0,7685,0.6612583098205895
0,7686,0.7204184973848317
0,7687,0.4468242942997221
0,7688,0.5460087036892904
0,7689,0.4643108981018711
0,7690,0.6931749519638988
0,7691,0.6557768187672808
0,7692,0.6892217631921771
0,7693,0.750679871862215
0,7694,0.7580372546302627
0,7695,0.6485208851072478
0,7696,0.655791462470096
0,7697,0.9006472716831787
0,7698,0.6585400052627345
0,7699,0.6115128249494156
0,7700,0.6155510246054563
0,7701,0.5440043699162901
0,7702,0.5168306222047836
0,7703,0.7555178027457934
0,7704,0.43005662268689665
0,7705,0.6898370197440217
0,7706,0.7212809094886362
0,7707,0.7280880992859267
0,7708,0.6558854294819991
0,7709,0.6171536405292574
0,7710,0.795487281459299
0,7711,0.5880216615978086
0,7712,0.6203207883837824
0,7713,0.6903195445295899
0,7714,0.7160740264228276
0,7715,0.6149366437062161
0,7716,0.7484431809023966
0,7717,0.9071324676611614
0,7718,0.9008314942622524
0,7719,0.7323357621204561
0,7720,0.7656742338805417
0,7721,0.5706439279275296
0,7722,0.6715706586720024
0,7723,0.7421376211148936
0,7724,0.8914593790644895
0,7725,0.5362395797396002
0,7726,0.4280398497250309
0,7727,0.5752472980033583
0,7728,0.7109798102081222
0,7729,0.6566034140798725
0,7730,0.6770220242919142
0,7731,0.6466753349400931
0,7732,0.5342347884856415
0,7733,0.6126343904432301
0,7734,0.740327859268656
0,7735,0.45118309277344243
0,7736,0.7051100550405616
0,7737,0.5613022420875678
0,7738,0.41800168709587904
0,7739,0.4615151813868569
0,7740,0.6122766887832141
0,7741,0.6114530964431405
0,7742,0.708960554376802
0,7743,0.6727919525899937
0,7744,0.7078298518280204
0,7745,0.48179824909897545
0,7746,0.38081414209767
0,7747,0.5405248959369227
0,7748,0.5985141941341439
0,7749,0.6351861084836062
0,7750,0.6248751947637275
0,7751,0.7376763120907592
0,7752,0.6771773126664253
0,7753,0.7971949060166609
0,7754,0.6158089491364923
0,7755,0.6633603842649956
0,7756,0.4868588278563464
0,7757,0.6344630847241046
0,7758,0.76214313393217
0,7759,0.542806423402669
0,7760,0.6054827645505757
0,7761,0.4606305169606122
0,7762,0.43024564113672964
0,7763,0.45294092121101137
0,7764,0.7943021584975056
0,7765,0.5611136960565062
0,7766,0.649074661605735
0,7767,0.6838105951613251
0,7768,0.9277351182883812
0,7769,0.6245425340823063
0,7770,0.37981995612243463
0,7771,0.3517949452492252
0,7772,0.766253183283595
0,7773,0.6650571964628467
0,7774,0.5386784017199275
0,7775,0.881178098533931
0,7776,0.6366294206427788
0,7777,0.5720847599881824
0,7778,0.6822607885913773
0,7779,0.5895581331075993
0,7780,0.5347688167402874
0,7781,0.4683783728845565
0,7782,0.6351791117088944
0,7783,0.7627967321042192
0,7784,0.42486385677420196
0,7785,0.5036839693124144
0,7786,0.5883912864615483
0,7787,0.6143280026357332
0,7788,0.4031839718990202
0,7789,0.43553734038389763
0,7790,0.7285939198771421
0,7791,0.5954767075642364
0,7792,0.6626301555329235
0,7793,0.6802485550663412
0,7794,0.49823413064001726
0,7795,0.5922994948508014
0,7796,0.8262852213136616
0,7797,0.5397169412119205
0,7798,0.8287972747838597
0,7799,0.9166535148279459
0,7800,0.6874228729542631
0,7801,0.5448798520796521
0,7802,0.33692456775639634
0,7803,0.6849914402184628
0,7804,0.5666979550041683
0,7805,0.6122067348412579
0,7806,0.6368374628635444
0,7807,0.45249327100392017
0,7808,0.6047159077309154
0,7809,0.4713528330525222
0,7810,0.5162626806211754
0,7811,0.6385795054754346
0,7812,0.49566579375578274
0,7813,0.5843121092857742
0,7814,0.7038769380613229
0,7815,0.7487272167257766
0,7816,0.7460995398595112
0,7817,0.8055221867316451
0,7818,0.6602460632447928
0,7819,0.7269740283366478
0,7820,0.6730295952942755
0,7821,0.6141993293119609
0,7822,0.6397517885684191
0,7823,0.6388512917857401
0,7824,0.7104454038867143
0,7825,0.6949966717249497
0,7826,0.5937398054437363
0,7827,0.6567379976553451
0,7828,0.6863331546497162
0,7829,0.6963994870775032
0,7830,0.7735889176374207
0,7831,0.856776854132672
0,7832,0.7338918614300521
0,7833,0.5667326611682938
0,7834,0.5724629116249448
0,7835,0.6854213928068362
0,7836,0.5618160005329932
0,7837,0.6708349443968091
0,7838,0.6150865589912197
0,7839,0.7553688251760108
0,7840,0.6251692560290475
0,7841,0.6722448145700902
0,7842,0.5719276619094622
0,7843,0.6383793041065445
0,7844,0.7553351845554769
0,7845,0.6421052181343996
0,7846,0.6530377203621901
0,7847,0.40815434560795827
0,7848,0.6896968459402794
0,7849,0.6933292339591806
0,7850,0.7065160056461143
0,7851,0.7491958708180931
0,7852,0.6769613748278397
0,7853,0.6314024512257234
0,7854,0.7207991892937831
0,7855,0.7007989695948184
0,7856,0.7875095616479731
0,7857,0.7166214087199588
0,7858,0.649379144787382
0,7859,0.600417395951294
0,7860,0.643567050964451
0,7861,0.7482060803305256
0,7862,0.5728148011392502
0,7863,0.6717348168097208
0,7864,0.7095611362146532
0,7865,0.4599805102557929
0,7866,0.7524279925504973
0,7867,0.5494664878694332
0,7868,0.45620259748567765
0,7869,0.8874590956422617
0,7870,0.6375590438391631
0,7871,0.5180739875786816
0,7872,0.6851537412679505
0,7873,0.6052107983985648
0,7874,0.559394793642527
0,7875,0.47186782933701577
0,7876,0.3105289752304463
0,7877,0.6042654849325517
0,7878,0.6646063011186242
0,7879,0.7073529280562831
0,7880,0.5414802455967261
0,7881,0.7862867727803259
0,7882,0.6375546993576944
0,7883,0.5269178991902084
0,7884,0.6190066936652072
0,7885,0.583176747871172
0,7886,0.6289272793817307
0,7887,0.45773029215397665
0,7888,0.6009833854299704
0,7889,0.656073945925892
0,7890,0.7030030253080024
0,7891,0.5661587277343352
0,7892,0.7255639201449523
0,7893,0.6646125436520306
0,7894,0.6973429953687659
0,7895,0.6860263521900029
0,7896,0.7071609307944352
0,7897,0.596665294826747
0,7898,0.6859779157611625
0,7899,0.4187739930456293
0,7900,0.7542970006069591
0,7901,0.6897990582234412
0,7902,0.7292973349433993
0,7903,0.7095617547403036
0,7904,0.4817575747088057
0,7905,0.6873175427639059
0,7906,0.8719691018659785
0,7907,0.5128218350138178
0,7908,0.5734803535932216
0,7909,0.5950577463632241
0,7910,0.6961154909073702
0,7911,0.6451273347142708
0,7912,0.3347397339871358
0,7913,0.6079987647435432
0,7914,0.4724035091084915
0,7915,0.7282854641893445
0,7916,0.5728152030400784
0,7917,0.7223341669375892
0,7918,0.7326247824427435
0,7919,0.669746160291149
0,7920,0.6374311245981368
0,7921,0.4542251841955068
0,7922,0.5110449153730332
0,7923,0.8830367677424209
0,7924,0.6488769379809431
0,7925,0.7015931839935229
0,7926,0.7294767410974178
0,7927,0.6027617168459186
0,7928,0.714512554974596
0,7929,0.5470748019664491
0,7930,0.653646894501553
0,7931,0.6235755916001551
0,7932,0.7975503061970638
0,7933,0.7626997566944015
0,7934,0.4677789342713552
0,7935,0.7083906508060797
0,7936,0.3906374885804999
0,7937,0.5719625114399293
0,7938,0.4699071623550682
0,7939,0.5352823670305803
0,7940,0.7854864722440086
0,7941,0.7772768575603798
0,7942,0.5973338242893478
0,7943,0.5453381318498121
0,7944,0.6983526264178181
0,7945,0.5651862646905849
0,7946,0.812690463003717
0,7947,0.6910613274097103
0,7948,0.6196119013586882
0,7949,0.6453030429318922
0,7950,0.7004574876405611
0,7951,0.5457822291001531
0,7952,0.46579452910438396
0,7953,0.7498483708304309
0,7954,0.6965021575815823
0,7955,0.6172106828312973
0,7956,0.7671010868978854
0,7957,0.716465513790493
0,7958,0.6054771737598876
0,7959,0.6329515801862915
0,7960,0.764911205132958
0,7961,0.6823630430612769
0,7962,0.7428904053273065
0,7963,0.8980310076888818
0,7964,0.8976220343261098
0,7965,0.8740879551618546
0,7966,0.6733610497451445
0,7967,0.7643760331813434
0,7968,0.7353367179504869
0,7969,0.764741691985472
0,7970,0.7779337052198902
0,7971,0.8473342183117961
0,7972,0.7182078689405209
0,7973,0.7934579747065756
0,7974,0.7319702000533668
0,7975,0.5073013163881
0,7976,0.7883779737484462
0,7977,0.8112024661005272
0,7978,0.6002535006334081
0,7979,0.48375019636019945
0,7980,0.6348662258621262
0,7981,0.6299179236913981
0,7982,0.7245243600614988
0,7983,0.6737780312042869
0,7984,0.7636080834333504
0,7985,0.8251458447485347
0,7986,0.6022047231277012
0,7987,0.7236213785773453
0,7988,0.8939034988103262
0,7989,0.7535766413496112
0,7990,0.6799457941207028
0,7991,0.7772092535372069
0,7992,0.7463861776551822
0,7993,0.5889444857559096
0,7994,0.6337727512242124
0,7995,0.6318096986086871
0,7996,0.7301331635776351
0,7997,0.5688733503741311
0,7998,0.6834697153601845
0,7999,0.6841941171989074
0,8000,0.6268363612153982
0,8001,0.8050047582761898
0,8002,0.6651032722097747
0,8003,0.6178007650861659
0,8004,0.6725727532468209
0,8005,0.7792502120335726
0,8006,0.6002035774213208
0,8007,0.47649240221598493
0,8008,0.619524010064916
0,8009,0.6457116310701739
0,8010,0.6555362178938962
0,8011,0.6777848178268249
0,8012,0.8125188457265866
0,8013,0.7786661792441559
0,8014,0.5025389015309668
0,8015,0.7778554672581656
0,8016,0.7726287472824409
0,8017,0.6877628977163808
0,8018,0.5546127310436857
0,8019,0.4395686435263323
0,8020,0.5500933917751062
0,8021,0.7759479393354844
0,8022,0.7488012327622469
0,8023,0.4674582871624434
0,8024,0.5366221748352059
0,8025,0.2675549614759999
0,8026,0.6250976635037737
0,8027,0.6467971735797731
0,8028,0.6591221295267505
0,8029,0.5793417053489026
0,8030,0.7227706955278344
0,8031,0.7022738141612523
0,8032,0.536118274299534
0,8033,0.691939355139283
0,8034,0.5714648459052617
0,8035,0.6948314702742036
0,8036,0.6422619792819252
0,8037,0.5822315764359626
0,8038,0.5974455550119816
0,8039,0.7744474757100741
0,8040,0.6746402839042683
0,8041,0.7371487600323552
0,8042,0.5470154350434605
0,8043,0.6133801476679548
0,8044,0.7493784533162468
0,8045,0.7995225932538926
0,8046,0.7668228828478829
0,8047,0.5187435199210185
0,8048,0.651640814476267
0,8049,0.8127782769469248
0,8050,0.62532667313281
0,8051,0.5702829418475645
0,8052,0.6528326676434486
0,8053,0.675275083895868
0,8054,0.8040945964783028
0,8055,0.5732091052132844
0,8056,0.6187972673540457
0,8057,0.7810084527314423
0,8058,0.6767055408261802
0,8059,0.5869985963183109
0,8060,0.7016121908975791
0,8061,0.7157299431404013
0,8062,0.6030880020678195
0,8063,0.6603476804508689
0,8064,0.7600426451576265
0,8065,0.5030226371212698
0,8066,0.6400568848968112
0,8067,0.6698454289418642
0,8068,0.6763032381662318
0,8069,0.6228552278904153
0,8070,0.7801042597080071
0,8071,0.7284954143529939
0,8072,0.6620464833245047
0,8073,0.8583060898405018
0,8074,0.624805210754266
0,8075,0.6539907206751074
0,8076,0.6324793572527995
0,8077,0.6559413396077408
0,8078,0.7365227076475845
0,8079,0.9376654386839843
0,8080,0.9352442405128711
0,8081,0.5004852161627805
0,8082,0.5286067180172005
0,8083,0.7386292634172046
0,8084,0.7030923530852856
0,8085,0.7442379729784104
0,8086,0.814373120335982
0,8087,0.799132704914713
0,8088,0.6743331007343085
0,8089,0.6600100971081532
0,8090,0.7453898671895147
0,8091,0.649310136701121
0,8092,0.7242326926727959
0,8093,0.72214082974097
0,8094,0.7852860851891605
0,8095,0.6050252490383846
0,8096,0.6453650832557863
0,8097,0.665226999419385
0,8098,0.7355855888620925
0,8099,0.7238504063327437
0,8100,0.7478676942022869
0,8101,0.638386631597558
0,8102,0.6908284606866597
0,8103,0.7476202428210175
0,8104,0.4183353856750791
0,8105,0.4945703761391482
0,8106,0.49610684366983526
0,8107,0.6245804989288076
0,8108,0.8447403258376488
0,8109,0.5394004628559874
0,8110,0.7998560584019635
0,8111,0.6605111627529415
0,8112,0.7032523644006073
0,8113,0.2858831285516875
0,8114,0.8240134465719381
0,8115,0.36417001709249935
0,8116,0.36929297260363675
0,8117,0.4810695141128901
0,8118,0.6474954693870829
0,8119,0.645192615195483
0,8120,0.5118443552737156
0,8121,0.6185778131702944
0,8122,0.6952168704088204
0,8123,0.543063034916685
0,8124,0.44801362986769394
0,8125,0.7899604697079924
0,8126,0.7600780461683492
0,8127,0.6500639242934754
0,8128,0.6863063614805028
0,8129,0.6059835742675396
0,8130,0.6580172205117327
0,8131,0.7240402961069037
0,8132,0.773683924297869
0,8133,0.68216450636405
0,8134,0.6597290655004221
0,8135,0.6602052348450513
0,8136,0.4418942814024615
0,8137,0.5782969523656089
0,8138,0.5621133077552884
0,8139,0.5534681082651529
0,8140,0.5290543337260575
0,8141,0.603469585670628
0,8142,0.7933833143040394
0,8143,0.6612627124334962
0,8144,0.6714514350153241
0,8145,0.6948039855954342
0,8146,0.5586770409013098
0,8147,0.7021982079963164
0,8148,0.5170169413193456
0,8149,0.6468821981699597
0,8150,0.7635280266077756
0,8151,0.5578596456518102
0,8152,0.6628986623645229
0,8153,0.5889983457415375
0,8154,0.5813276155902747
0,8155,0.66045876871995
0,8156,0.6071999014016174
0,8157,0.829368051804101
0,8158,0.8955915583567566
0,8159,0.6150512907430911
0,8160,0.8466842953318043
0,8161,0.7182030849165973
0,8162,0.6578129998619366
0,8163,0.7806263461337808
0,8164,0.6401863215666252
0,8165,0.8625895531621688
0,8166,0.7254846766102436
0,8167,0.6191754245910955
0,8168,0.5894565245779729
0,8169,0.6099360681664772
0,8170,0.6793294463845609
0,8171,0.7481732831076003
0,8172,0.828576827460709
0,8173,0.7600734898140403
0,8174,0.6988050018962827
0,8175,0.8085191026094077
0,8176,0.8309294066828543
0,8177,0.9164988927592246
0,8178,0.5516412438702476
0,8179,0.71345960590876
0,8180,0.6002782191490561
0,8181,0.7870887291366112
0,8182,0.7014171066700031
0,8183,0.7522040623081736
0,8184,0.7813009059106701
0,8185,0.6874100970982023
0,8186,0.4984704280431509
0,8187,0.5564121459445479
0,8188,0.6566847205204067
0,8189,0.7490311069027259
0,8190,0.7695161614456322
0,8191,0.814944815182889
0,8192,0.49139472737022855
0,8193,0.5770065147098812
0,8194,0.7518647633358198
0,8195,0.8250907426181073
0,8196,0.6804691431267206
0,8197,0.64126545883112
0,8198,0.6623857840286379
0,8199,0.5924422033658072
0,8200,0.8011880019108821
0,8201,0.677348112866534
0,8202,0.6647484046236454
0,8203,0.677762539549087
0,8204,0.8694702719482045
0,8205,0.727269693796795
0,8206,0.5300284630054455
0,8207,0.6825295029500131
0,8208,0.6116256475852911
0,8209,0.6875042533377886
0,8210,0.7874457693457783
0,8211,0.7370603905443265
0,8212,0.671503668388285
0,8213,0.4411534802786627
0,8214,0.5703048457036515
0,8215,0.7249763959088301
0,8216,0.6752436156007412
0,8217,0.6834709141499022
0,8218,0.7273491244645814
0,8219,0.7957281790141157
0,8220,0.6678775740533335
0,8221,0.6321456674381366
0,8222,0.5459003465279871
0,8223,0.5967207832355266
0,8224,0.7067980681604019
0,8225,0.6065041235432961
0,8226,0.5673235123095375
0,8227,0.5745401108325386
0,8228,0.8091021873746739
0,8229,0.5095713717175189
0,8230,0.4991678845658689
0,8231,0.5423703143608158
0,8232,0.7383979732065513
0,8233,0.6316487913209525
0,8234,0.7484101861726575
0,8235,0.5320036867895507
0,8236,0.5004641204100615
0,8237,0.7751471798128223
0,8238,0.8529377650274104
0,8239,0.8545432608258471
0,8240,0.8357918966848722
0,8241,0.7313998979084448
0,8242,0.7617030221571596
0,8243,0.5333827463038823
0,8244,0.6657044003894704
0,8245,0.6912850024985803
0,8246,0.589540817050703
0,8247,0.5923707148350462
0,8248,0.6519943454229981
0,8249,0.6540351915714934
0,8250,0.6491619345976392
0,8251,0.7171698147812797
0,8252,0.676494633043503
0,8253,0.4775988991606836
0,8254,0.7129054106111262
0,8255,0.8289654780351423
0,8256,0.8066522209958893
0,8257,0.8901126767175607
0,8258,0.5540989033232514
0,8259,0.6376703658799722
0,8260,0.7613490840328
0,8261,0.45924123313876386
0,8262,0.8213637276729947
0,8263,0.5160329895913259
0,8264,0.72947400799395
0,8265,0.7162895396326169
0,8266,0.8193779424999149
0,8267,0.7665322438924079
0,8268,0.7669020475522331
0,8269,0.6493701967619625
0,8270,0.6424911782761723
0,8271,0.49839807845768896
0,8272,0.6225692056216843
0,8273,0.6773991335124505
0,8274,0.7525661499847092
0,8275,0.5709173109891629
0,8276,0.551719851809418
0,8277,0.5338404645490797
0,8278,0.6876958230905743
0,8279,0.527723445256224
0,8280,0.5081955397399611
0,8281,0.6875348163227344
0,8282,0.8525954243662918
0,8283,0.8535266545624579
0,8284,0.80578744905525
0,8285,0.793082305590622
0,8286,0.7606024357115339
0,8287,0.6587888041928847
0,8288,0.7540782248260345
0,8289,0.6548018726754646
0,8290,0.6981330260633493
0,8291,0.6686986206008882
0,8292,0.6044082134962929
0,8293,0.6898146070480067
0,8294,0.6251183547097847
0,8295,0.6681189048971194
0,8296,0.7904582074293262
0,8297,0.8186814771362221
0,8298,0.4804974821068013
0,8299,0.46034557048945857
0,8300,0.6082097426922263
0,8301,0.6570047642699015
0,8302,0.4690503128118451
0,8303,0.6401117695653253
0,8304,0.6271012964426212
0,8305,0.6829801551061966
0,8306,0.8097355793780319
0,8307,0.7539447453887448
0,8308,0.6832475225627078
0,8309,0.625168153169118
0,8310,0.614641916906519
0,8311,0.7778148762799126
0,8312,0.7463152662655045
0,8313,0.7178527802196876
0,8314,0.4449269771435593
0,8315,0.6353393930136995
0,8316,0.7192794660217382
0,8317,0.6497752267344575
0,8318,0.6672212226199937
0,8319,0.7552766776140539
0,8320,0.704675732032386
0,8321,0.6845082760883533
0,8322,0.6532327725581344
0,8323,0.6763668800771311
0,8324,0.4709427728380762
0,8325,0.6996893333557382
0,8326,0.7285249646029313
0,8327,0.6785597238574763
0,8328,0.9291950834178481
0,8329,0.6159079715947869
0,8330,0.5558994571399813
0,8331,0.55051208659089
0,8332,0.6468584764094072
0,8333,0.7648643424245414
0,8334,0.6501397348970617
0,8335,0.6446666683535804
0,8336,0.7049002705737646
0,8337,0.7888411271706414
0,8338,0.7500006324697619
0,8339,0.8305561568571667
0,8340,0.7104506028370559
0,8341,0.5329462511383442
0,8342,0.8561994400376548
0,8343,0.9746278456271511
0,8344,0.9335362905006619
0,8345,0.8419074326383623
0,8346,0.8340966689448891
0,8347,0.8052412525916065
0,8348,0.8289581462639666
0,8349,0.687810460642447
0,8350,0.8432512345040499
0,8351,0.5286254123951096
0,8352,0.519279456243906
0,8353,0.6023914661848808
0,8354,0.6724189495222181
0,8355,0.6966820174388045
0,8356,0.6475626369152727
0,8357,0.7316921074417864
0,8358,0.718932479907354
0,8359,0.7609354964232381
0,8360,0.7632704384124354
0,8361,0.6192029259475264
0,8362,0.7227922652237286
0,8363,0.5838265489936574
0,8364,0.7668744402331802
0,8365,0.7546537642704362
0,8366,0.5572506922024585
0,8367,0.554326076652206
0,8368,0.8116199890934258
0,8369,0.6840084291681725
0,8370,0.5687501241168257
0,8371,0.6328197162639075
0,8372,0.7998189471514977
0,8373,0.6300349001680478
0,8374,0.67752817024245
0,8375,0.8318510834576988
0,8376,0.7092687544917083
0,8377,0.7762522557118479
0,8378,0.6939628098979616
0,8379,0.6795722595071159
0,8380,0.668417110925607
0,8381,0.6730272726358268
0,8382,0.6744352007401465
0,8383,0.690963121494918
0,8384,0.6266706699886642
0,8385,0.5818541594163598
0,8386,0.7078134110112911
0,8387,0.6555182754210176
0,8388,0.7851397458985667
0,8389,0.7594881575600203
0,8390,0.7359399282351229
0,8391,0.5854074980892688
0,8392,0.6341874797914175
0,8393,0.7668998066995292
0,8394,0.7378770020816591
0,8395,0.6303463221947379
0,8396,0.7197491268922789
0,8397,0.7931859679789766
0,8398,0.8920852268609651
0,8399,0.4055055836644854
0,8400,0.642427779040502
0,8401,0.555501838921187
0,8402,0.5350815742332372
0,8403,0.6472617162540492
0,8404,0.5206147992449756
0,8405,0.7595365556777226
0,8406,0.7388183830232622
0,8407,0.4685275963516605
0,8408,0.7797939632442833
0,8409,0.5389054322330974
0,8410,0.6746405748170713
0,8411,0.7125022895584061
0,8412,0.5002594038035064
0,8413,0.461417083852658
0,8414,0.5020915312876312
0,8415,0.6431160039632816
0,8416,0.7210514440598341
0,8417,0.39210126452791
0,8418,0.3934618811222946
0,8419,0.5921263608164067
0,8420,0.6848624357554541
0,8421,0.7428101113689195
0,8422,0.8199030860490478
0,8423,0.673770771489054
0,8424,0.5373789435435519
0,8425,0.5927530526229949
0,8426,0.7478232884957794
0,8427,0.7407237178839455
0,8428,0.6999010495925764
0,8429,0.6462198810043605
0,8430,0.6400407900251406
0,8431,0.8213432225225618
0,8432,0.8481732640259949
0,8433,0.7145758379984093
0,8434,0.4399172558801967
0,8435,0.5161643105991096
0,8436,0.6320331851808056
0,8437,0.6322025375979315
0,8438,0.6314245129373894
0,8439,0.7783174406741926
0,8440,0.7632645642272393
0,8441,0.5700732510740432
0,8442,0.7927831823885139
0,8443,0.7448253253174096
0,8444,0.5362125646190471
0,8445,0.6443954311155966
0,8446,0.6854652437302803
0,8447,0.6851099082665831
0,8448,0.6987417376376228
0,8449,0.6124587070957804
0,8450,0.526207920376438
0,8451,0.8551418140013061
0,8452,0.8823731455907291
0,8453,0.5364288828908429
0,8454,0.6886559706779884
0,8455,0.646370634635497
0,8456,0.6888045059289037
0,8457,0.5998731656810998
0,8458,0.3652083990104239
0,8459,0.6421537266217513
0,8460,0.6515416407204391
0,8461,0.6395315744147471
0,8462,0.608724128223249
0,8463,0.6094210283970607
0,8464,0.6421873876665081
0,8465,0.701214454482055
0,8466,0.6923041596408146
0,8467,0.7344122060992483
0,8468,0.4964520400860986
0,8469,0.7490616059063238
0,8470,0.6109935533000499
0,8471,0.7467221639697615
0,8472,0.7344999352656982
0,8473,0.7721393535741687
0,8474,0.7110164683425336
0,8475,0.7715191167961747
0,8476,0.7879400212849176
0,8477,0.7797079149741952
0,8478,0.7340013656369435
0,8479,0.6772337532443725
0,8480,0.5038463992633726
0,8481,0.5234609202260003
0,8482,0.5637462486309557
0,8483,0.7114983266054165
0,8484,0.714561744888527
0,8485,0.6192331284136484
0,8486,0.4937240692952493
0,8487,0.7434416574308279
0,8488,0.7865433316503826
0,8489,0.6883020668096311
0,8490,0.8071680744435875
0,8491,0.6769572659351726
0,8492,0.8537717005762157
0,8493,0.3825856229517195
0,8494,0.36003615399930733
0,8495,0.7123701893571928
0,8496,0.6577713964281836
0,8497,0.6780777106879268
0,8498,0.7102359370194941
0,8499,0.6418694258680813
0,8500,0.6495863254800448
0,8501,0.7317601986087633
0,8502,0.549443231476235
0,8503,0.7090960535546688
0,8504,0.6965270972066674
0,8505,0.5603630058874647
0,8506,0.5077064086931145
0,8507,0.5199988289139954
0,8508,0.4306068094146592
0,8509,0.6841683030418981
0,8510,0.7544579016386312
0,8511,0.6606226988810109
0,8512,0.68744668536502
0,8513,0.7424863850790531
0,8514,0.7567843053942958
0,8515,0.6333479813306135
0,8516,0.5747325216525059
0,8517,0.6166001322021519
0,8518,0.568676268273979
0,8519,0.6457372360511114
0,8520,0.7063806832608766
0,8521,0.7364241093535863
0,8522,0.6694316881454452
0,8523,0.6780339328951326
0,8524,0.6211160268598751
0,8525,0.5213950224400347
0,8526,0.8122085605450056
0,8527,0.7780757258454389
0,8528,0.7762870339770301
0,8529,0.6095215553075466
0,8530,0.8097473856548223
0,8531,0.6190412128423093
0,8532,0.836402763110401
0,8533,0.6790422825076803
0,8534,0.7622432437539279
0,8535,0.8188665121156562
0,8536,0.8449256616566494
0,8537,0.40942841959408127
0,8538,0.7449291921328706
0,8539,0.716848991503612
0,8540,0.7598132285876033
0,8541,0.6951762987561239
0,8542,0.6392359949240749
0,8543,0.550170564587607
0,8544,0.6918692674829443
0,8545,0.7560437548762466
0,8546,0.9131362339075768
0,8547,0.8115823163055903
0,8548,0.5789553685391466
0,8549,0.6528975066397853
0,8550,0.6617354060321773
0,8551,0.563526706922373
0,8552,0.7381264476823687
0,8553,0.6719869075367405
0,8554,0.6046962755360688
0,8555,0.712638505487133
0,8556,0.5510647297883466
0,8557,0.6791968497172984
0,8558,0.6808724501897286
0,8559,0.6538342824736951
0,8560,0.7055261849476157
0,8561,0.7141939143695647
0,8562,0.7364701648123252
0,8563,0.5270940933720514
0,8564,0.6416205973130354
0,8565,0.7296821592184952
0,8566,0.6846426781711002
0,8567,0.7338166449594007
0,8568,0.7138553463579264
0,8569,0.6327923037792883
0,8570,0.6446569942070767
0,8571,0.48075755372681556
0,8572,0.5395964521706105
0,8573,0.5646520914686928
0,8574,0.7548992356239257
0,8575,0.7946680956704192
0,8576,0.8271080425237348
0,8577,0.8184943089285011
0,8578,0.552945730401746
0,8579,0.7602625911572025
0,8580,0.8558679857538924
0,8581,0.632611484470496
0,8582,0.4333567192758596
0,8583,0.5600692653768788
0,8584,0.6528992626645164
0,8585,0.608550081878727
0,8586,0.7281243229018006
0,8587,0.6976463931834386
0,8588,0.5206324736258486
0,8589,0.6004771302138393
0,8590,0.5846490304172426
0,8591,0.622012935206356
0,8592,0.779483358885015
0,8593,0.6639471850656736
0,8594,0.7351670307925465
0,8595,0.6522086124777348
0,8596,0.5629396408731293
0,8597,0.5628250987777906
0,8598,0.7648262793646436
0,8599,0.6808459374204634
0,8600,0.6243651934053984
0,8601,0.6793390198736757
0,8602,0.7865682829448203
0,8603,0.6538891640436112
0,8604,0.37061357697441355
0,8605,0.5147389724302254
0,8606,0.6420099325149563
0,8607,0.5865881028844102
0,8608,0.6647550003350885
0,8609,0.713534067851978
0,8610,0.6634204873636623
0,8611,0.8504593976485828
0,8612,0.789915946475689
0,8613,0.6471653466118031
0,8614,0.5816745310764896
0,8615,0.5658247861434966
0,8616,0.482216718383574
0,8617,0.6368060692858023
0,8618,0.5689722463321154
0,8619,0.5371099414702033
0,8620,0.49426473349233974
0,8621,0.3866846065931847
0,8622,0.6745768161385877
0,8623,0.6376816340155553
0,8624,0.6378964111187212
0,8625,0.73807006783191
0,8626,0.6098809137713741
0,8627,0.6088321990271288
0,8628,0.7611325403997391
0,8629,0.785103563596989
0,8630,0.5608202879946764
0,8631,0.7651304817432897
0,8632,0.7297643686182789
0,8633,0.7321477930612931
0,8634,0.6791759855077825
0,8635,0.699093487034678
0,8636,0.732354907267424
0,8637,0.7332532176725831
0,8638,0.6779430613182527
0,8639,0.6880526077013636
0,8640,0.6875350530144372
0,8641,0.8657413732679805
0,8642,0.7487337114375544
0,8643,0.7341576632614074
0,8644,0.8629221731268777
0,8645,0.4693901560114894
0,8646,0.5948493651939399
0,8647,0.5149542076037521
0,8648,0.6558352011778852
0,8649,0.7977173108294635
0,8650,0.7819133416726111
0,8651,0.5120016229658284
0,8652,0.8748253763946678
0,8653,0.6991228120714402
0,8654,0.6494300722749164
0,8655,0.6867460790173288
0,8656,0.615119317320304
0,8657,0.5488235487628377
0,8658,0.6387001807921064
0,8659,0.7628273468533232
0,8660,0.7131936070536545
0,8661,0.6512888487124899
0,8662,0.7154975468172023
0,8663,0.7342393348523096
0,8664,0.6874593466985974
0,8665,0.7633667509500814
0,8666,0.7022009303420363
0,8667,0.6887849858101351
0,8668,0.5705609968089763
0,8669,0.6847189813201309
0,8670,0.6482730446145475
0,8671,0.7291235684112282
0,8672,0.6439765261190086
0,8673,0.49777604696127065
0,8674,0.5232561447738486
0,8675,0.5341033437829102
0,8676,0.5018610997055839
0,8677,0.6656065164048108
0,8678,0.4280148317118658
0,8679,0.518050714225741
0,8680,0.6276092788623684
0,8681,0.6386496438844909
0,8682,0.7052403029726649
0,8683,0.5024915030379535
0,8684,0.6193028538032047
0,8685,0.5989118948316022
0,8686,0.7881539598535237
0,8687,0.6877527381313245
0,8688,0.5497286953630386
0,8689,0.3955251516012548
0,8690,0.56050030315124455
0,8691,0.6458553141511896
0,8692,0.7762874597364173
0,8693,0.5916981077140735
0,8694,0.7170898122121349
0,8695,0.6186350550956303
0,8696,0.7464011402980889
0,8697,0.7080343921979783
0,8698,0.7011737726114772
0,8699,0.7108591957284041
0,8700,0.6839953246846393
0,8701,0.6082352372642456
0,8702,0.6605155828616863
0,8703,0.6664627679555795
0,8704,0.5192942849270085
0,8705,0.5908439986212958
0,8706,0.586918788000328
0,8707,0.7269107886376917
0,8708,0.815928631862301
0,8709,0.7423180398678899
0,8710,0.7076635713697595
0,8711,0.626991817121295
0,8712,0.4064618810128377
0,8713,0.40110826780313885
0,8714,0.591564493150065
0,8715,0.7286721138819443
0,8716,0.7593184976702212
0,8717,0.6198784618968524
0,8718,0.7285039443318472
0,8719,0.5338198547396265
0,8720,0.5851641958808959
0,8721,0.7289026765224373
0,8722,0.736586522907668
0,8723,0.7051601960841068
0,8724,0.5593297396083386
0,8725,0.7080825275044644
0,8726,0.7199953720856483
0,8727,0.7386729488539004
0,8728,0.8045963767985483
0,8729,0.6511174171741032
0,8730,0.6742116250494552
0,8731,0.5671976311250045
0,8732,0.5908080782908283
0,8733,0.8021474202306585
0,8734,0.7374748920682664
0,8735,0.831264386861237
0,8736,0.7002927310128945
0,8737,0.7694863751045979
0,8738,0.7223391565613195
0,8739,0.7402214503302506
0,8740,0.623789473990456
0,8741,0.6542705777183017
0,8742,0.712403156718206
0,8743,0.6017036937571225
0,8744,0.508168965342116
0,8745,0.5847695446957112
0,8746,0.8216683588283578
0,8747,0.6088213159042054
0,8748,0.639120373959483
0,8749,0.6137947366112629
0,8750,0.8263769391524436
0,8751,0.6773105639675017
0,8752,0.5000010727680747
0,8753,0.6695779469175416
0,8754,0.6646172154416841
0,8755,0.9160135697696397
0,8756,0.5934987498480034
0,8757,0.6758063071873089
0,8758,0.682801837996399
0,8759,0.7101189533803558
0,8760,0.8149308668489007
0,8761,0.775795757227795
0,8762,0.7967983374697275
0,8763,0.6156955959717472
0,8764,0.826058333006321
0,8765,0.7757745962229057
0,8766,0.5984828227618534
0,8767,0.6094818322587341
0,8768,0.7219364460188603
0,8769,0.6591830903489005
0,8770,0.742665273426801
0,8771,0.7744379549448364
0,8772,0.7527858051377098
0,8773,0.7159863895031425
0,8774,0.4913287457680684
0,8775,0.61027828076967106
0,8776,0.619833178529601
0,8777,0.8518272636439937
0,8778,0.6349300736292675
0,8779,0.8145065214943015
0,8780,0.6814217457152136
0,8781,0.5933487591558947
0,8782,0.6178669826946308
0,8783,0.6112228241705993
0,8784,0.5085052236241234
0,8785,0.707527904451514
0,8786,0.7255925369309567
0,8787,0.7469405529492743
0,8788,0.5666267045035981
0,8789,0.6586639655663747
0,8790,0.7140964298585278
0,8791,0.7281564146906154
0,8792,0.7531433122769082
0,8793,0.5554250054319149
0,8794,0.7606393620486614
0,8795,0.6084023151461907
0,8796,0.5361472173506264
0,8797,0.5529359106017226
0,8798,0.8178029888725694
0,8799,0.7169647242508498
0,8800,0.7677817813962224
0,8801,0.7449638130791337
0,8802,0.7163589497302003
0,8803,0.76880413318112
0,8804,0.5040124138161196
0,8805,0.7671660906191886
0,8806,0.4339485878547969
0,8807,0.48362710831995076
0,8808,0.6852687348180982
0,8809,0.6839362640849488
0,8810,0.604396429281323
0,8811,0.646324396332391
0,8812,0.6676921079073177
0,8813,0.7475883276012272
0,8814,0.7254560750835849
0,8815,0.693851252540794
0,8816,0.43008409233909967
0,8817,0.665290660864792
0,8818,0.7910584715061141
0,8819,0.8218576404365254
0,8820,0.8138990198521753
0,8821,0.7664670381323808
0,8822,0.7490236229971416
0,8823,0.5127013720457279
0,8824,0.5863648029598073
0,8825,0.5682822965845657
0,8826,0.5573676590430099
0,8827,0.5261356305750671
0,8828,0.6477626719165228
0,8829,0.6684202781202637
0,8830,0.6610913331135531
0,8831,0.6212817084828192
0,8832,0.6097298003398774
0,8833,0.6039954176615011
0,8834,0.5538614585218578
0,8835,0.7580058856818649
0,8836,0.8866587985553495
0,8837,0.8872121130023983
0,8838,0.6428706371718126
0,8839,0.650057141114933
0,8840,0.6327116964479601
0,8841,0.6446469328013712
0,8842,0.3833748413237735
0,8843,0.5610723646800607
0,8844,0.7257725362154122
0,8845,0.4581446901466286
0,8846,0.5537853039349336
0,8847,0.6634487771487956
0,8848,0.6520717885152224
0,8849,0.6801069194854588
0,8850,0.648126025620506
0,8851,0.6925411159951118
0,8852,0.6836989383699521
0,8853,0.7077388173063487
0,8854,0.545411075560658
0,8855,0.6732816295462052
0,8856,0.6997524981936246
0,8857,0.456737371686155
0,8858,0.6510967561239247
0,8859,0.6643534952934655
0,8860,0.8995793857097606
0,8861,0.6388137908659189
0,8862,0.8255547172304635
0,8863,0.8456034224820621
0,8864,0.6461030860869862
0,8865,0.27863980300699026
0,8866,0.6061462365245067
0,8867,0.6860750829442462
0,8868,0.6387816489609061
0,8869,0.6835035086936989
0,8870,0.7161013421708554
0,8871,0.5047835416430991
0,8872,0.6301832824502732
0,8873,0.738052530221761
0,8874,0.5642499947736631
0,8875,0.5056821118570934
0,8876,0.5323370657483669
0,8877,0.6593657500982786
0,8878,0.5415346525688969
0,8879,0.6521693750286525
0,8880,0.6530591234290178
0,8881,0.7669374024084098
0,8882,0.65739408096697
0,8883,0.7024532695284998
0,8884,0.6543873946704827
0,8885,0.6494826939611735
0,8886,0.6799314138511204
0,8887,0.8332385600160744
0,8888,0.7209437611680845
0,8889,0.6081040045475224
0,8890,0.6245416494757202
0,8891,0.8238860141023536
0,8892,0.7358998725967734
0,8893,0.5263768558301564
0,8894,0.6034510886305943
0,8895,0.6040830198340406
0,8896,0.7017121137623941
0,8897,0.4806720451560908
0,8898,0.35430407433219296
0,8899,0.4554645431353796
0,8900,0.8450202169716422
0,8901,0.61554948799887
0,8902,0.6279894408703558
0,8903,0.6108906818942421
0,8904,0.7904756728560396
0,8905,0.7327044664912652
0,8906,0.7815761687937544
0,8907,0.5287157436540351
0,8908,0.6966345604467411
0,8909,0.667000112901735
0,8910,0.5848829628872226
0,8911,0.3970781415026784
0,8912,0.7020423044107923
0,8913,0.30364416006145606
0,8914,0.745849091473615
0,8915,0.9028475858102694
0,8916,0.8470138436559926
0,8917,0.7404206628126941
0,8918,0.7705738049210228
0,8919,0.5638131183567129
0,8920,0.7404074822579375
0,8921,0.7232855382012078
0,8922,0.7509167508322551
0,8923,0.6823378283550501
0,8924,0.6452763394628432
0,8925,0.45243890848757395
0,8926,0.25614385740682843
0,8927,0.8484750672547705
0,8928,0.6051206641307774
0,8929,0.7606731595803324
0,8930,0.7464008228766328
0,8931,0.7531309260352914
0,8932,0.6552530856730736
0,8933,0.7458316731847053
0,8934,0.5460870287628998
0,8935,0.908846392683677
0,8936,0.7066803567687566
0,8937,0.7700994341897519
0,8938,0.515355736393739
0,8939,0.4984007739635847
0,8940,0.713927786744475
0,8941,0.748317232939584
0,8942,0.8197510761985414
0,8943,0.612473765325829
0,8944,0.6976137523380556
0,8945,0.8529477910002053
0,8946,0.7365443982503733
0,8947,0.6340307078620993
0,8948,0.6817204032792522
0,8949,0.41081913603620696
0,8950,0.6096662849971569
0,8951,0.5970089262293105
0,8952,0.5635529739804174
0,8953,0.7385261858313407
0,8954,0.5496584042202833
0,8955,0.6597512119455082
0,8956,0.6800394506332111
0,8957,0.6394926799587843
0,8958,0.47164486933686395
0,8959,0.7756917405023094
0,8960,0.5903575600627824
0,8961,0.6463725895070466
0,8962,0.7206920632874305
0,8963,0.6370047320700746
0,8964,0.6154297833268838
0,8965,0.5417621420356269
0,8966,0.5698748858691252
0,8967,0.8113896142407803
0,8968,0.6397594300514822
0,8969,0.7826618809367694
0,8970,0.7141372440077836
0,8971,0.6517832088569893
0,8972,0.8059601185009531
0,8973,0.6096928825536022
0,8974,0.6275130521497078
0,8975,0.7764312038261724
0,8976,0.6021736809092237
0,8977,0.6349428866436009
0,8978,0.587804383611826
0,8979,0.5616647836577842
0,8980,0.6397127440128804
0,8981,0.6771069179094554
0,8982,0.6472407982125722
0,8983,0.4874970718641902
0,8984,0.6203126550016647
0,8985,0.6232139929542877
0,8986,0.6741162926651011
0,8987,0.6193304262040574
0,8988,0.54813927575483
0,8989,0.27038259399547737
0,8990,0.6810116433163804
0,8991,0.4941765760441669
0,8992,0.7297872557471102
0,8993,0.6497089669016731
0,8994,0.8108040978020965
0,8995,0.6013117017817765
0,8996,0.7356472869004267
0,8997,0.6378608853373042
0,8998,0.6747024607177879
0,8999,0.5870770095289379
0,9000,0.5899763066006457
0,9001,0.38614728713415225
0,9002,0.5641981456395777
0,9003,0.7397001363613238
0,9004,0.5080019900393802
0,9005,0.6672262476951051
0,9006,0.79082272138681
0,9007,0.568536475666331
0,9008,0.7379096755794678
0,9009,0.7232462119292016
0,9010,0.724799148077581
0,9011,0.7896575137673326
0,9012,0.7928317617300832
0,9013,0.711632700653017
0,9014,0.6941674092385258
0,9015,0.7005019795072667
0,9016,0.6039249411772943
0,9017,0.7296818618074862
0,9018,0.795820363270244
0,9019,0.7686197977599702
0,9020,0.5474928316105655
0,9021,0.8351052090525929
0,9022,0.6653064697075503
0,9023,0.6335052539036262
0,9024,0.6934455088462997
0,9025,0.8256651909754442
0,9026,0.6420855847761319
0,9027,0.6965102196504691
0,9028,0.6971658114655491
0,9029,0.7174572431595222
0,9030,0.518450626345614
0,9031,0.7340356496404805
0,9032,0.5120165980248649
0,9033,0.6860572245169488
0,9034,0.5660761871083698
0,9035,0.4209358998183405
0,9036,0.4494645755671558
0,9037,0.6459055819127166
0,9038,0.6165216808332605
0,9039,0.7446449763512963
0,9040,0.7210406561759046
0,9041,0.681120024129318
0,9042,0.6927275545585211
0,9043,0.8531766142923645
0,9044,0.7869614496698871
0,9045,0.7953902137606678
0,9046,0.742720586051787
0,9047,0.7859418482261213
0,9048,0.772529472939381
0,9049,0.63823476616073
0,9050,0.6006749172939252
0,9051,0.6471817232320438
0,9052,0.4855273450612259
0,9053,0.6916707902591842
0,9054,0.655275778070218
0,9055,0.7716161220894227
0,9056,0.782556217782568
0,9057,0.5338730556524662
0,9058,0.5524157324110373
0,9059,0.798100615067126
0,9060,0.6668495123236166
0,9061,0.5341039157948743
0,9062,0.7072864631582376
0,9063,0.7435938250733511
0,9064,0.6018280800093958
0,9065,0.512126033481622
0,9066,0.6594314803322817
0,9067,0.6606279330804539
0,9068,0.6489035182431276
0,9069,0.5976942055898978
0,9070,0.735979956175222
0,9071,0.765601528324021
0,9072,0.6527907617671771
0,9073,0.6562401201623427
0,9074,0.6383930119706634
0,9075,0.7153107960813427
0,9076,0.6643975685248265
0,9077,0.7668186366346271
0,9078,0.6960368863234647
0,9079,0.5763029187437658
0,9080,0.6063296887050686
0,9081,0.709196037034396
0,9082,0.6420692113432492
0,9083,0.6652386340415266
0,9084,0.8431382020156208
0,9085,0.5731396813930973
0,9086,0.7051490148725367
0,9087,0.726070701430084
0,9088,0.9281508414307895
0,9089,0.9111062387294995
0,9090,0.6007374736924773
0,9091,0.6559310874218185
0,9092,0.6883214503921028
0,9093,0.5756750250471708
0,9094,0.732607896322048
0,9095,0.8446990284458743
0,9096,0.7846839496145113
0,9097,0.7656199098483657
0,9098,0.763512441866884
0,9099,0.8307656390933551
0,9100,0.6316541360324432
0,9101,0.6423378633832468
0,9102,0.6610467609834246
0,9103,0.6284566742666005
0,9104,0.6988214022979496
0,9105,0.6281743927500276
0,9106,0.7546299258054694
0,9107,0.757908266287728
0,9108,0.7054269266239687
0,9109,0.706544842427776
0,9110,0.7307429998813182
0,9111,0.629338156550173
0,9112,0.6461143485980565
0,9113,0.6650326918151338
0,9114,0.6755707304032985
0,9115,0.640576423160006
0,9116,0.7615143696424915
0,9117,0.591830185857163
0,9118,0.48936890535348787
0,9119,0.7580427382161544
0,9120,0.8620306147090956
0,9121,0.7690866672748482
0,9122,0.5218660759175274
0,9123,0.588627262213113
0,9124,0.5598195478847543
0,9125,0.5639543064125155
0,9126,0.6983985870922477
0,9127,0.6903900549150764
0,9128,0.6589313816335385
0,9129,0.5742016618369787
0,9130,0.6048050155462724
0,9131,0.8186875529757558
0,9132,0.7389654643290559
0,9133,0.7749016407714955
0,9134,0.7079038564871986
0,9135,0.7197278708544503
0,9136,0.7046325542280829
0,9137,0.7109488747990057
0,9138,0.6622313095082372
0,9139,0.7764739667944572
0,9140,0.7578258499136667
0,9141,0.5795155043224708
0,9142,0.5465622459962425
0,9143,0.7399204115282272
0,9144,0.6579930139005525
0,9145,0.7097791936853969
0,9146,0.5405187047407939
0,9147,0.6926835095645143
0,9148,0.797761229008909
0,9149,0.6904988374466979
0,9150,0.627641803199662
0,9151,0.735159600301072
0,9152,0.7992068655093499
0,9153,0.7978545816780712
0,9154,0.47161054521871987
0,9155,0.8111046846046777
0,9156,0.739529853486477
0,9157,0.7196550977902069
0,9158,0.6725011537304535
0,9159,0.6933579737942037
0,9160,0.7186842740811384
0,9161,0.6959572596473177
0,9162,0.8278004871147875
0,9163,0.7371118517560369
0,9164,0.6909935670408388
0,9165,0.6473401162884462
0,9166,0.6831044206995522
0,9167,0.5376707584747206
0,9168,0.7755980643723343
0,9169,0.7026434012760088
0,9170,0.7002170138923196
0,9171,0.7617677241640342
0,9172,0.6170034013474507
0,9173,0.7610080488015458
0,9174,0.6459057043116111
0,9175,0.6467723894251558
0,9176,0.6682200454956159
0,9177,0.8523284687420293
0,9178,0.7250385753164729
0,9179,0.6298738076850049
0,9180,0.666048770751577
0,9181,0.7417427707137418
0,9182,0.677396700519692
0,9183,0.6966597678436104
0,9184,0.8904692086602168
0,9185,0.7058807664683004
0,9186,0.42946812528398903
0,9187,0.6975898950583223
0,9188,0.6039880004694671
0,9189,0.49153987953663764
0,9190,0.6918581852923749
0,9191,0.6186017266309559
0,9192,0.8374996062399654
0,9193,0.7383948495727889
0,9194,0.5652323493117086
0,9195,0.651079370261903
0,9196,0.3521738042247401
0,9197,0.5402129873584222
0,9198,0.5394714930213654
0,9199,0.8497237604909929
0,9200,0.4220365347306127
0,9201,0.5664119280577227
0,9202,0.5984673366783317
0,9203,0.5922173281862863
0,9204,0.6073556671742966
0,9205,0.5694828024320041
0,9206,0.6826593219748895
0,9207,0.6646659778955895
0,9208,0.7454988708830321
0,9209,0.6548001122155269
0,9210,0.6765139886791947
0,9211,0.6922739463751297
0,9212,0.5536494910090397
0,9213,0.6345067067365798
0,9214,0.4040188071854935
0,9215,0.5330243964945517
0,9216,0.7729256855573139
0,9217,0.742627143861996
0,9218,0.9409245458442987
0,9219,0.7823426676403548
0,9220,0.823522515806169
0,9221,0.5219553578887391
0,9222,0.4717686039425453
0,9223,0.7249035578490055
0,9224,0.702529619486247
0,9225,0.5131986694274601
0,9226,0.5427166019563641
0,9227,0.6470626177961163
0,9228,0.44498085699352563
0,9229,0.5637213293136797
0,9230,0.67308030879736
0,9231,0.5847154769078514
0,9232,0.6956077843997579
0,9233,0.7670113964135115
0,9234,0.7062519638236235
0,9235,0.7247238962287514
0,9236,0.756790432138785
0,9237,0.5817773002303049
0,9238,0.551539311541046
0,9239,0.6452516492524263
0,9240,0.538949716007223
0,9241,0.6604915323811105
0,9242,0.7387729717028286
0,9243,0.8091706471729979
0,9244,0.7832340559155311
0,9245,0.7322339842305039
0,9246,0.5433359789114649
0,9247,0.6293756680189916
0,9248,0.6358857185718227
0,9249,0.6661393761199005
0,9250,0.8537961409035255
0,9251,0.7934302681093665
0,9252,0.5265510694194552
0,9253,0.5699026702688164
0,9254,0.5769927174554823
0,9255,0.6324697553777934
0,9256,0.6811120665988184
0,9257,0.840203143455985
0,9258,0.5520684496086737
0,9259,0.5814570551282805
0,9260,0.7590515129238783
0,9261,0.5435168422568656
0,9262,0.3654034072747124
0,9263,0.7466762753286158
0,9264,0.5691300093081049
0,9265,0.5483050771123652
0,9266,0.4093699951203452
0,9267,0.5408818025171193
0,9268,0.6308202736145343
0,9269,0.7472581881240663
0,9270,0.5713189389261474
0,9271,0.7261512940084425
0,9272,0.7469888823304859
0,9273,0.6940807282636836
0,9274,0.6057810263997552
0,9275,0.6539374700466988
0,9276,0.6288659110086469
0,9277,0.7431482957224113
0,9278,0.6353713232797096
0,9279,0.841532184093675
0,9280,0.7490739436307693
0,9281,0.541238935500309
0,9282,0.600776914253342
0,9283,0.9054417810440366
0,9284,0.9012819150352875
0,9285,0.6214651065143079
0,9286,0.6725394710044719
0,9287,0.6426209501945007
0,9288,0.7313904933093198
0,9289,0.6930752506155841
0,9290,0.6097288550109325
0,9291,0.5568307994806474
0,9292,0.6889494803640752
0,9293,0.7354237405472389
0,9294,0.5515888504872429
0,9295,0.5210541562226693
0,9296,0.702428715507915
0,9297,0.7342358213538579
0,9298,0.5688435377782531
0,9299,0.5851875745629741
0,9300,0.6891980055817364
0,9301,0.761098910132177
0,9302,0.5895783730573378
0,9303,0.6897402435697216
0,9304,0.8480407396894872
0,9305,0.7650466199703525
0,9306,0.7989731805186119
0,9307,0.8070004900009237
0,9308,0.8334412737356701
0,9309,0.8332745726703299
0,9310,0.8026073319988914
0,9311,0.47322820233489815
0,9312,0.5503186666142421
0,9313,0.7262285098167767
0,9314,0.700175525396713
0,9315,0.7433889321360845
0,9316,0.6615258100511396
0,9317,0.6009991841398084
0,9318,0.5468830313375893
0,9319,0.5554116533534345
0,9320,0.5192140165860251
0,9321,0.528499971113381
0,9322,0.6783643192291937
0,9323,0.6171595577409017
0,9324,0.7755192628897095
0,9325,0.6304366682457496
0,9326,0.6218435851954298
0,9327,0.668273424512091
0,9328,0.6615966218106067
0,9329,0.477589007775263
0,9330,0.6103410573213083
0,9331,0.7629332373605385
0,9332,0.3990443304728552
0,9333,0.7587110041083748
0,9334,0.6677817981175006
0,9335,0.6359961951037972
0,9336,0.5152247055735492
0,9337,0.46790035833477467
0,9338,0.48479395853911456
0,9339,0.7218154389406466
0,9340,0.7559815979664128
0,9341,0.42125246739545164
0,9342,0.6043946667492144
0,9343,0.8143912469777909
0,9344,0.5521799870272973
0,9345,0.6740172711150533
0,9346,0.6687622769793025
0,9347,0.638055096843433
0,9348,0.6889426969188206
0,9349,0.6867675433736297
0,9350,0.641779511106554
0,9351,0.5773559500351164
0,9352,0.8213452404542811
0,9353,0.753475096647708
0,9354,0.7763808631080745
0,9355,0.7722250297387697
0,9356,0.5790797029341042
0,9357,0.7309338003426686
0,9358,0.7742425968566063
0,9359,0.5100410686961322
0,9360,0.6889322944398079
0,9361,0.5780488685593633
0,9362,0.9230910057543651
0,9363,0.6681873663368608
0,9364,0.6213598116960994
0,9365,0.6557433921968813
0,9366,0.6965979014732857
0,9367,0.6248142029556204
0,9368,0.7979656876208385
0,9369,0.632791001507582
0,9370,0.4435297705825206
0,9371,0.6483625765122127
0,9372,0.874429958990675
0,9373,0.6111935770756308
0,9374,0.5114501882810808
0,9375,0.637398166387671
0,9376,0.5297205186640976
0,9377,0.6696178238729683
0,9378,0.5390108153728362
0,9379,0.6392062483683947
0,9380,0.7975302860263932
0,9381,0.7838169446887661
0,9382,0.6334931714097943
0,9383,0.7165154544428558
0,9384,0.6405949977079575
0,9385,0.6902750492763299
0,9386,0.6359844625369071
0,9387,0.7286237368690042
0,9388,0.7114262177422415
0,9389,0.6582341970790136
0,9390,0.573924029323841
0,9391,0.790377507332657
0,9392,0.780668562025202
0,9393,0.575577396361118
0,9394,0.4555978948081789
0,9395,0.5032571879276995
0,9396,0.5516417765124684
0,9397,0.6673185356948825
0,9398,0.6013684378428658
0,9399,0.8550908411838147
0,9400,0.49092845946659674
0,9401,0.7915463899338602
0,9402,0.7062606605737439
0,9403,0.7218048487719796
0,9404,0.643978172922085
0,9405,0.6160586760051773
0,9406,0.5797427505901283
0,9407,0.7599933797071591
0,9408,0.763393619365034
0,9409,0.6922468268138523
0,9410,0.6068708980714764
0,9411,0.7305263300963745
0,9412,0.8870173009011015
0,9413,0.6619724255083924
0,9414,0.6250648917488272
0,9415,0.5622663150794769
0,9416,0.559225949903957
0,9417,0.47805989177930597
0,9418,0.7416135893777706
0,9419,0.6190461436972667
0,9420,0.7547156853692631
0,9421,0.658503322367166
0,9422,0.7586154608152529
0,9423,0.6846973935161146
0,9424,0.7748349420277821
0,9425,0.5868415497801566
0,9426,0.6721135700185635
0,9427,0.6058285021522067
0,9428,0.7864189278364023
0,9429,0.7117568418940832
0,9430,0.5483239712093085
0,9431,0.6548504350246346
0,9432,0.6109299335581445
0,9433,0.7483169150474829
0,9434,0.7833687344667962
0,9435,0.7246806174182437
0,9436,0.7541740282076121
0,9437,0.7280152988182187
0,9438,0.6065043739865156
0,9439,0.6042026910279328
0,9440,0.6193549851869167
0,9441,0.621391193470578
0,9442,0.7314722235684323
0,9443,0.7455258241981452
0,9444,0.7401996595775987
0,9445,0.7399104793138122
0,9446,0.617193665744806
0,9447,0.83950767054666
0,9448,0.5178588616984212
0,9449,0.593083370299861
0,9450,0.6572426521956933
0,9451,0.4000479869114245
0,9452,0.5023515869197083
0,9453,0.5760219491128392
0,9454,0.4659697129523585
0,9455,0.5386713389578769
0,9456,0.47796507343999356
0,9457,0.7098386279744423
0,9458,0.6545867654552223
0,9459,0.5677659085560423
0,9460,0.6954850460377731
0,9461,0.679017427170711
0,9462,0.6580053149534115
0,9463,0.7764721461068684
0,9464,0.5505962390140008
0,9465,0.7313937624205742
0,9466,0.6850435513941119
0,9467,0.7488476844180046
0,9468,0.8846441673397027
0,9469,0.8112463332094433
0,9470,0.6747101135576582
0,9471,0.5594825594819809
0,9472,0.8097212178991126
0,9473,0.48212125762901564
0,9474,0.46052988343029505
0,9475,0.726266486407357
0,9476,0.7395719530289047
0,9477,0.75612597290627
0,9478,0.5734016159149212
0,9479,0.7160365959775242
0,9480,0.6787428419452586
0,9481,0.6081978444583852
0,9482,0.7295061470161223
0,9483,0.6223996403670704
0,9484,0.7064848351663718
0,9485,0.4179923343480772
0,9486,0.7519195148772175
0,9487,0.6651600142916771
0,9488,0.6315406459652317
0,9489,0.6199464337848413
0,9490,0.3950789237730211
0,9491,0.7101157607367256
0,9492,0.8907735321764465
0,9493,0.5817624267947815
0,9494,0.5416730354640816
0,9495,0.5506771539179833
0,9496,0.5958052451820848
0,9497,0.7460880800890848
0,9498,0.5583639341964926
0,9499,0.6410880178922691
0,9500,0.8720894885252823
0,9501,0.6156950162920213
0,9502,0.7001784884473002
0,9503,0.695170583079179
0,9504,0.8041889960800352
0,9505,0.7595294423328325
0,9506,0.6673197213685933
0,9507,0.7263301143342302
0,9508,0.6815643245243104
0,9509,0.7210436193002993
0,9510,0.7815541402126779
0,9511,0.6386087003712794
0,9512,0.6977931857942047
0,9513,0.702498564952614
0,9514,0.40418449208554996
0,9515,0.5027018361009503
0,9516,0.5376018391147556
0,9517,0.4771003722074611
0,9518,0.5110350142946207
0,9519,0.6841747271819776
0,9520,0.5295041669163785
0,9521,0.5602433812253251
0,9522,0.7437107441254609
0,9523,0.6447068763446681
0,9524,0.7083368109543368
0,9525,0.6788020655353341
0,9526,0.6680368200050716
0,9527,0.7543051984324907
0,9528,0.5473198864546046
0,9529,0.7050541769557892
0,9530,0.8068230281546155
0,9531,0.709752710274539
0,9532,0.752666955111342
0,9533,0.6791504678706576
0,9534,0.5331212855666546
0,9535,0.5599408783799575
0,9536,0.6138992095796547
0,9537,0.5435896473554408
0,9538,0.6777544368846796
0,9539,0.808166022182826
0,9540,0.7853282794757148
0,9541,0.5506921845036706
0,9542,0.5976561398818528
0,9543,0.6893823654874816
0,9544,0.630544043751426
0,9545,0.7748863793365134
0,9546,0.7884738652914611
0,9547,0.442402847756104
0,9548,0.3227491909292381
0,9549,0.2429346861573855
0,9550,0.2589620826208782
0,9551,0.6793332930379193
0,9552,0.8472684669174527
0,9553,0.7429131210094669
0,9554,0.7692412351712509
0,9555,0.6917027068868556
0,9556,0.7602149746659551
0,9557,0.850570458038163
0,9558,0.6533353465231055
0,9559,0.7502641254893192
0,9560,0.6371628417878327
0,9561,0.6947782226765509
0,9562,0.674195400314373
0,9563,0.7929343196970361
0,9564,0.45123647200981654
0,9565,0.6411750278724864
0,9566,0.4778691222097725
0,9567,0.6448027188367131
0,9568,0.6529540116971221
0,9569,0.5833874623945827
0,9570,0.7267260505043452
0,9571,0.66335266202109
0,9572,0.5219427873259939
0,9573,0.5265669640105648
0,9574,0.7353109091028385
0,9575,0.4181098773974116
0,9576,0.6705810503356044
0,9577,0.6662240194984185
0,9578,0.7963347656046548
0,9579,0.7888537221108666
0,9580,0.596744565988009
0,9581,0.6065620365835277
0,9582,0.868767817217879
0,9583,0.7111837349993312
0,9584,0.41455106722180607
0,9585,0.7580441258125883
0,9586,0.6528387890404255
0,9587,0.6702354963612088
0,9588,0.49735801033728483
0,9589,0.6460137398639723
0,9590,0.7110480546114265
0,9591,0.647755779462976
0,9592,0.825842938566486
0,9593,0.9223299898145146
0,9594,0.6745237139179436
0,9595,0.6189949650961719
0,9596,0.6910553129885776
0,9597,0.6539672843455405
0,9598,0.7463457355863601
0,9599,0.6964894117949366
0,9600,0.6004812980635524
0,9601,0.5662875405598641
0,9602,0.6030881551828441
0,9603,0.7967252859781506
0,9604,0.6530594852813438
0,9605,0.45064221012667466
0,9606,0.7112621405671438
0,9607,0.6816036141872684
0,9608,0.6041274446680445
0,9609,0.6117670330386707
0,9610,0.6773416990205584
0,9611,0.78784999409783385
0,9612,0.6289158807912072
0,9613,0.7780719888531105
0,9614,0.5938507607683242
0,9615,0.6284155238112279
0,9616,0.7374340795849343
0,9617,0.6586521637433922
0,9618,0.739926967718791
0,9619,0.8247307314464889
0,9620,0.42867792278194716
0,9621,0.5615953503985284
0,9622,0.6184664422884607
0,9623,0.5990635640448482
0,9624,0.5203279876265934
0,9625,0.8524690973042344
0,9626,0.7422909281890295
0,9627,0.7301767741434306
0,9628,0.7658660006587965
0,9629,0.6097843321827913
0,9630,0.5170941953505823
0,9631,0.7905981456978107
0,9632,0.6153563441392609
0,9633,0.6764106317560351
0,9634,0.7095871732631466
0,9635,0.6244087589252557
0,9636,0.642502881513758
0,9637,0.8274118633031048
0,9638,0.8749491179756712
0,9639,0.8416156247294956
0,9640,0.6025322624871757
0,9641,0.5963923932461417
0,9642,0.6681241644050008
0,9643,0.5021210820247325
0,9644,0.5464321494803248
0,9645,0.6923948171202444
0,9646,0.6989307255537336
0,9647,0.6350799530695045
0,9648,0.5789409914858101
0,9649,0.5901473191775151
0,9650,0.5693511633681183
0,9651,0.6238326209604924
0,9652,0.6887254524062411
0,9653,0.6897808550594403
0,9654,0.6831958165161693
0,9655,0.6096156360539012
0,9656,0.5891163178724373
0,9657,0.5439941234014127
0,9658,0.498282621202119
0,9659,0.6476124686648222
0,9660,0.6595269092282589
0,9661,0.5959593334713646
0,9662,0.5690650394928055
0,9663,0.7765078458875598
0,9664,0.6865140716996759
0,9665,0.6359836886318013
0,9666,0.5765594730098201
0,9667,0.6890926770191219
0,9668,0.43760135212705903
0,9669,0.6992846582517332
0,9670,0.5158266133053637
0,9671,0.8418546318291091
0,9672,0.7096088372341548
0,9673,0.7151462087952367
0,9674,0.5984660151133222
0,9675,0.7161010806032706
0,9676,0.6946305979985634
0,9677,0.6620097704267731
0,9678,0.6709938714359897
0,9679,0.49439224598070797
0,9680,0.5149033503470893
0,9681,0.5773137611388196
0,9682,0.7454169758171878
0,9683,0.5941662534197529
0,9684,0.6711986481132184
0,9685,0.5334155314603265
0,9686,0.553995711724075
0,9687,0.6302132112652704
0,9688,0.6735902874298343
0,9689,0.7662738693187535
0,9690,0.7133900269812478
0,9691,0.7452781068081269
0,9692,0.6436557621979166
0,9693,0.5910119656741962
0,9694,0.6769298490399921
0,9695,0.641652699549792
0,9696,0.6769068001596438
0,9697,0.6447764974371472
0,9698,0.7915165230077501
0,9699,0.7285429689743875
0,9700,0.5585961703201371
0,9701,0.6652776868018064
0,9702,0.6947709471808816
0,9703,0.5237506220596574
0,9704,0.4794039014788305
0,9705,0.7111308814753677
0,9706,0.6211302619082347
0,9707,0.68853277706822
0,9708,0.3989024427775428
0,9709,0.6934453387381345
0,9710,0.5471326881799552
0,9711,0.5799619832085401
0,9712,0.6088906158945921
0,9713,0.3804363129631477
0,9714,0.6708121480336819
0,9715,0.688363115242844
0,9716,0.7787155416158135
0,9717,0.7153518117271084
0,9718,0.5799707535376041
0,9719,0.6972914416832743
0,9720,0.656343887917681
0,9721,0.6509404448911003
0,9722,0.7882366226277596
0,9723,0.7097695391408998
0,9724,0.6814623928403587
0,9725,0.6928687682305635
0,9726,0.7319403146914215
0,9727,0.7224892779629417
0,9728,0.4882595013809816
0,9729,0.7253717164608983
0,9730,0.5009861300505357
0,9731,0.5205813570370901
0,9732,0.6439585172677136
0,9733,0.6113376384393107
0,9734,0.7976633289392082
0,9735,0.7349452953044174
0,9736,0.7367772578989139
0,9737,0.862038745174272
0,9738,0.8617524845604898
0,9739,0.7829588334015697
0,9740,0.6264675010504214
0,9741,0.7554575253631576
0,9742,0.46977751170671206
0,9743,0.6437114862552392
0,9744,0.761560770262567
0,9745,0.5495413418644545
0,9746,0.6535453918307896
0,9747,0.5733652162615702
0,9748,0.6514895629180069
0,9749,0.7627505856644599
0,9750,0.7669860805598708
0,9751,0.7320588455006687
0,9752,0.6410818661159695
0,9753,0.6730243591926653
0,9754,0.7352966095004246
0,9755,0.7401326886906916
0,9756,0.497281648486671
0,9757,0.4994255490264268
0,9758,0.4410396310666745
0,9759,0.467562049607309
0,9760,0.6243371656174683
0,9761,0.6226433077553808
0,9762,0.7443791592922152
0,9763,0.8285893732250514
0,9764,0.7093291159329721
0,9765,0.6616377983665772
0,9766,0.6461049145541582
0,9767,0.6663246942622251
0,9768,0.6473949972733761
0,9769,0.7476121919010308
0,9770,0.7212873765547031
0,9771,0.681767321273496
0,9772,0.6174145549456684
0,9773,0.7578330687759056
0,9774,0.5883923628276356
0,9775,0.5090234592586339
0,9776,0.585661135863429
0,9777,0.7264874090111508
0,9778,0.6838185375871771
0,9779,0.6502975701208241
0,9780,0.696445901428075
0,9781,0.7193859819439552
0,9782,0.6644450009188465
0,9783,0.7629895338152889
0,9784,0.5541222323091493
0,9785,0.5259084754173492
0,9786,0.5403931108813347
0,9787,0.6859141392264295
0,9788,0.5559180745651235
0,9789,0.6318682784805569
0,9790,0.6006113521138007
0,9791,0.5103712753340567
0,9792,0.676620482784886
0,9793,0.6637675274665462
0,9794,0.6309194953138121
0,9795,0.5987400553555847
0,9796,0.8168300782396153
0,9797,0.6407018101338666
0,9798,0.6305029944978118
0,9799,0.6768168726513762
0,9800,0.7629487876938578
0,9801,0.8605471129223319
0,9802,0.7576741635204328
0,9803,0.8180193729932634
0,9804,0.701009132587667
0,9805,0.7128874404968198
0,9806,0.7035093768569085
0,9807,0.7397776009325657
0,9808,0.7613869561529386
0,9809,0.6621415937964844
0,9810,0.7450186097350279
0,9811,0.5308350625318433
0,9812,0.6412420694432428
0,9813,0.6442743682159349
0,9814,0.6436907107124076
0,9815,0.6206587590882413
0,9816,0.7572581926968746
0,9817,0.55226575106656
0,9818,0.646697064269961
0,9819,0.7049718182441335
0,9820,0.5307494904339917
0,9821,0.8216932368680356
0,9822,0.6604987794798273
0,9823,0.5931507257737284
0,9824,0.6500766527483135
0,9825,0.3424155213375797
0,9826,0.618862764413193
0,9827,0.35977942153945247
0,9828,0.8640820304149714
0,9829,0.7643106073502982
0,9830,0.7644303102790119
0,9831,0.6942164716975336
0,9832,0.6275772437449365
0,9833,0.8379510730801037
0,9834,0.8340934537825347
0,9835,0.9405928743578525
0,9836,0.7642647432969741
0,9837,0.610232530028351
0,9838,0.7054244652603857
0,9839,0.6308252725960152
0,9840,0.6292953205649124
0,9841,0.5431225019898229
0,9842,0.5927657170178446
0,9843,0.7403532721219825
0,9844,0.5631133385186875
0,9845,0.7234115784632672
0,9846,0.586402466478261
0,9847,0.4975883315720072
0,9848,0.6881410531008658
0,9849,0.6087462375026752
0,9850,0.5076145547084339
0,9851,0.7648622267549989
0,9852,0.7927976734903848
0,9853,0.6600547697214997
0,9854,0.5901574919390158
0,9855,0.6710358108328212
0,9856,0.77273735977148
0,9857,0.7896916371590365
0,9858,0.6040124532702287
0,9859,0.7297715553483087
0,9860,0.4807841740597394
0,9861,0.7738829473234217
0,9862,0.7890916833154252
0,9863,0.7429286729724318
0,9864,0.6808216155321525
0,9865,0.7840589471845435
0,9866,0.7227696654271415
0,9867,0.8640939196972484
0,9868,0.8632366049093272
0,9869,0.651923662286477
0,9870,0.679704098249224
0,9871,0.7457246578335505
0,9872,0.698694646207879
0,9873,0.7376856349796781
0,9874,0.7235854691204866
0,9875,0.6132737889950366
0,9876,0.6059882418031294
0,9877,0.5530383285735632
0,9878,0.7181753591639597
0,9879,0.7167611165886749
0,9880,0.7402512852521838
0,9881,0.7214116599695863
0,9882,0.7591067091502715
0,9883,0.7200907556433325
0,9884,0.6604652566323213
0,9885,0.6536854182204637
0,9886,0.5636410314938044
0,9887,0.657933975387202
0,9888,0.624187377576348
0,9889,0.6635772610238548
0,9890,0.6942561892840357
0,9891,0.8069151974598382
0,9892,0.7885944958835138
0,9893,0.6402189450606444
0,9894,0.6105902380766738
0,9895,0.7235963595746615
0,9896,0.7355878962444065
0,9897,0.646578462365167
0,9898,0.8302201886702075
0,9899,0.7093442935711033
0,9900,0.7091495838743974
0,9901,0.6738284097876328
0,9902,0.644793917909473
0,9903,0.749287943463858
0,9904,0.7814521703906003
0,9905,0.7150768348711946
0,9906,0.6972907942773854
0,9907,0.7199034450012813
0,9908,0.4064492988024264
0,9909,0.5408338347926127
0,9910,0.6280170510830674
0,9911,0.506517364262118
0,9912,0.6152366735848214
0,9913,0.3296261315419673
0,9914,0.7735668681670399
0,9915,0.6427834653047293
0,9916,0.549669444333558
0,9917,0.55256030599363
0,9918,0.7456599883561745
0,9919,0.6021394040675226
0,9920,0.590198172365395
0,9921,0.5707615433280347
0,9922,0.6559288958376613
0,9923,0.6496125122432784
0,9924,0.6274552805063158
0,9925,0.7428068962166064
0,9926,0.6087791419023364
0,9927,0.5576982218819847
0,9928,0.5122922726906136
0,9929,0.6919804731118937
0,9930,0.6640151564669847
0,9931,0.6989627986930071
0,9932,0.5081849094786861
0,9933,0.6612654791790098
0,9934,0.4647956227808113
0,9935,0.3964195354509565
0,9936,0.5837277700441595
0,9937,0.40007369562809664
0,9938,0.574593354206613
0,9939,0.550529100855536
0,9940,0.5614914837709369
0,9941,0.6735269482922989
0,9942,0.5752581072633596
0,9943,0.5811942726950339
0,9944,0.6405957988960337
0,9945,0.5958302567250068
0,9946,0.6797431440362453
0,9947,0.5484069880395299
0,9948,0.5155883292509323
0,9949,0.7738675592792338
0,9950,0.7477619466390095
0,9951,0.637443988707158
0,9952,0.7962618809655038
0,9953,0.7132761507899809
0,9954,0.7294558391026731
0,9955,0.7561930220229722
0,9956,0.7083611915550423
0,9957,0.884192719605081
0,9958,0.8359784124729013
0,9959,0.5429063411120129
0,9960,0.5860491691912173
0,9961,0.7949359745052837
0,9962,0.7085664812402704
0,9963,0.6664827510156407
0,9964,0.6060559453556312
0,9965,0.7313838239632141
0,9966,0.8106958703333537
0,9967,0.7241796856518322
0,9968,0.6502751356160861
0,9969,0.6146393388583238
0,9970,0.5876337170681583
0,9971,0.7033152234571247
0,9972,0.6955357145066698
0,9973,0.48612470986853645
0,9974,0.593255531285819
0,9975,0.6907534697461964
0,9976,0.4681229088619806
0,9977,0.7359442146090975
0,9978,0.4282312679205573
0,9979,0.7382316585590502
0,9980,0.5538599706921493
0,9981,0.5020123847997229
0,9982,0.4439599920760418
0,9983,0.5805382520482195
0,9984,0.717561871135255
0,9985,0.6523992279417502
0,9986,0.7931314679377633
0,9987,0.7548815272234144
0,9988,0.49400115919286247
0,9989,0.7519334938538935
0,9990,0.6695351542169811
0,9991,0.6926751051966494
0,9992,0.6220455349497853
0,9993,0.4687512425841369
0,9994,0.47835256557636163
0,9995,0.33834438522499605
0,9996,0.40814369108547893
0,9997,0.7207607581534319
0,9998,0.6337697722345038
0,9999,0.7155047575953472
0,10000,0.8430890824853344
0,10001,0.7087079861769906
0,10002,0.7306865772275667
0,10003,0.735303326614513
0,10004,0.6243982397664204
0,10005,0.5487859647559967
0,10006,0.6154483436586121
0,10007,0.44386588496986157
0,10008,0.4182014428493611
0,10009,0.43183704921991833
0,10010,0.5059264918310011
0,10011,0.7393754124194506
0,10012,0.7458998773978842
0,10013,0.7573115181616606
0,10014,0.7043870729377221
0,10015,0.6852049010482371
0,10016,0.8391388069011044
0,10017,0.7819825602339734
0,10018,0.5958019841807393
0,10019,0.5566620815034601
0,10020,0.5513080505829989
0,10021,0.4175565078011232
0,10022,0.7767040049198944
0,10023,0.6626737206264823
0,10024,0.6382064874329965
0,10025,0.5782515221014686
0,10026,0.48371988587372944
0,10027,0.7964113938942761
0,10028,0.676598882295622
0,10029,0.7293763272974879
0,10030,0.6383823362801981
0,10031,0.6697302291086964
0,10032,0.711693739991633
0,10033,0.5975431611676107
0,10034,0.5848674296004406
0,10035,0.7265370120262477
0,10036,0.7401384045377029
0,10037,0.7794570985192892
0,10038,0.7881672499528296
0,10039,0.7681431883224192
0,10040,0.5133920505768825
0,10041,0.7698572821780075
0,10042,0.615299734185157
0,10043,0.6900189878989321
0,10044,0.7321430705821719
0,10045,0.5261921509732305
0,10046,0.5942096829054757
0,10047,0.8236513590276383
0,10048,0.8533696423130627
0,10049,0.7648049580909061
0,10050,0.5447728234121931
0,10051,0.5535839044420512
0,10052,0.5525447690233074
0,10053,0.7215799920672757
0,10054,0.6862030635739558
0,10055,0.770951162235849
0,10056,0.7379700626794341
0,10057,0.6395507602613989
0,10058,0.542326793268656
0,10059,0.6527336801864345
0,10060,0.5963496991862323
0,10061,0.4336613575541829
0,10062,0.5169430478211932
0,10063,0.6385325960631517
0,10064,0.8104401409542425
0,10065,0.7449772972118923
0,10066,0.5891989521185147
0,10067,0.63947667812741
0,10068,0.5739196596186535
0,10069,0.5524928300401781
0,10070,0.8069790023073402
0,10071,0.797565529546263
0,10072,0.7942817754480199
0,10073,0.8955113963427843
0,10074,0.9708856274859178
0,10075,0.5676022692437427
0,10076,0.878230535821541
0,10077,0.760660265173403
0,10078,0.6960063399400465
0,10079,0.5415387049167377
0,10080,0.6657896356021589
0,10081,0.7463772151266163
0,10082,0.7376019043579545
0,10083,0.6521279805228676
0,10084,0.7855783171159738
0,10085,0.777028397480066
0,10086,0.623455577789017
0,10087,0.6245391025821786
0,10088,0.573927150647988
0,10089,0.5555969246426606
0,10090,0.7163927290254458
0,10091,0.6341626028501017
0,10092,0.6955012051437969
0,10093,0.7506408988494591
0,10094,0.5273771807176099
0,10095,0.8893155611946625
0,10096,0.5707494780903668
0,10097,0.6805413118976348
0,10098,0.6216823716356296
0,10099,0.7767579311641842
0,10100,0.7410931774767746
0,10101,0.49440139865765903
0,10102,0.8549936768171501
0,10103,0.8009293308720392
0,10104,0.6905944837729788
0,10105,0.7094716785845943
0,10106,0.7249806837875589
0,10107,0.6666327133685161
0,10108,0.7453163379380374
0,10109,0.7048957241332839
0,10110,0.8438984501868546
0,10111,0.782062902011808
0,10112,0.7081614047848616
0,10113,0.5078254605670868
0,10114,0.5193064892684383
0,10115,0.7560033122914884
0,10116,0.5171963412320839
0,10117,0.6139429526924397
0,10118,0.786747005294875
0,10119,0.6546007456558425
0,10120,0.5556921163706608
0,10121,0.6724871851376384
0,10122,0.7305817306147846
0,10123,0.7123473070872963
0,10124,0.7586115688700004
0,10125,0.7481401545974402
0,10126,0.5880651257329443
0,10127,0.6546390180496073
0,10128,0.6724062869283727
0,10129,0.6596955812435691
0,10130,0.5108292457856394
0,10131,0.6493109863144473
0,10132,0.613315137969284
0,10133,0.4798902221167618
0,10134,0.7279517747666353
0,10135,0.35499829634699587
0,10136,0.7693214108651152
0,10137,0.7259706592210532
0,10138,0.6721978999032752
0,10139,0.7955087925211156
0,10140,0.8171564797240073
0,10141,0.8282083727831364
0,10142,0.42256144164216497
0,10143,0.5267788506151725
0,10144,0.6792597831689934
0,10145,0.7436346352548989
0,10146,0.7802647615022096
0,10147,0.5471009246689807
0,10148,0.5858414306758888
0,10149,0.7432236874142039
0,10150,0.610892678172285
0,10151,0.6181672862963035
0,10152,0.7895215818511097
0,10153,0.7907183955690698
0,10154,0.7872503349037163
0,10155,0.7580889335793802
0,10156,0.8018536818960461
0,10157,0.756281686586496
0,10158,0.7737623228971775
0,10159,0.5442565018393667
0,10160,0.5162931158606588
0,10161,0.4341365790070233
0,10162,0.44967418676608006
0,10163,0.7376358309320196
0,10164,0.6486959475850861
0,10165,0.6030499868709377
0,10166,0.6915612649793526
0,10167,0.8029320529912759
0,10168,0.6015316779706691
0,10169,0.5908599533067959
0,10170,0.7979573475995413
0,10171,0.8642349713911044
0,10172,0.7130807766681394
0,10173,0.6611915019233352
0,10174,0.7099810186247099
0,10175,0.7280377628000921
0,10176,0.8089363840310756
0,10177,0.6785450033806392
0,10178,0.6912280773079396
0,10179,0.5084617029352746
0,10180,0.6165243616872432
0,10181,0.5438983440328142
0,10182,0.5883079862891268
0,10183,0.7105750532563404
0,10184,0.5359146890195746
0,10185,0.6657163196035789
0,10186,0.4620780356328583
0,10187,0.7418653999374055
0,10188,0.836664516033386
0,10189,0.8212760464991609
0,10190,0.6001945635897237
0,10191,0.4353304458224121
0,10192,0.6433441100434482
0,10193,0.6842227842017381
0,10194,0.7016424212154974
0,10195,0.6908243867387295
0,10196,0.785472231826282
0,10197,0.7568678552420973
0,10198,0.7787834151558525
0,10199,0.6690922234484686
0,10200,0.8313735760727048
0,10201,0.7915178666689013
0,10202,0.6256101285870577
0,10203,0.611097698117707
0,10204,0.6782938606770138
0,10205,0.7070503937627115
0,10206,0.7392944374711701
0,10207,0.6495861131356037
0,10208,0.5667654344511804
0,10209,0.8009002404896284
0,10210,0.601315400292429
0,10211,0.7370783900352611
0,10212,0.4838847465950673
0,10213,0.5595660092461129
0,10214,0.5973845491859058
0,10215,0.7826298599891047
0,10216,0.7692012210733812
0,10217,0.6744807077590204
0,10218,0.6155265697434049
0,10219,0.6581874590952446
0,10220,0.7228613216035569
0,10221,0.6967570437403223
0,10222,0.5994882247624219
0,10223,0.684463657548168
0,10224,0.8800486742133788
0,10225,0.5680479429481287
0,10226,0.4940620949967115
0,10227,0.6376974434809951
0,10228,0.5903614998380368
0,10229,0.6276596900691035
0,10230,0.827443878852236
0,10231,0.5143586624237475
0,10232,0.547919472874054
0,10233,0.5299673226701082
0,10234,0.7638408028252216
0,10235,0.5303468473742444
0,10236,0.6457445692499902
0,10237,0.7703358443863881
0,10238,0.7315079550081482
0,10239,0.5894202503946865
0,10240,0.6463488553283943
0,10241,0.615403799655079
0,10242,0.6220605708368889
0,10243,0.7840148564226616
0,10244,0.6405765021427616
0,10245,0.7743981241728322
0,10246,0.7777651784237278
0,10247,0.6996276520309066
0,10248,0.7474348330043957
0,10249,0.6918681570077114
0,10250,0.6409198029512765
0,10251,0.7534502770902718
0,10252,0.7428901676669228
0,10253,0.8471260685431761
0,10254,0.6945393978564062
0,10255,0.5764419838855472
0,10256,0.7205819706868765
0,10257,0.6274213577431236
0,10258,0.7767125276382879
0,10259,0.8504730718796119
0,10260,0.46623488247424366
0,10261,0.35802155874125213
0,10262,0.5799714585447426
0,10263,0.5869326313199673
0,10264,0.5808470214215969
0,10265,0.7665319600535008
0,10266,0.7147156598116358
0,10267,0.6093704854225149
0,10268,0.663377332022101
0,10269,0.7689355690256066
0,10270,0.6051024785234441
0,10271,0.5816286819888589
0,10272,0.5018858310763721
0,10273,0.6705779814706982
0,10274,0.7581713788360712
0,10275,0.6000223053348723
0,10276,0.8315869038373527
0,10277,0.7480926433506512
0,10278,0.6499818285637167
0,10279,0.5531972596359541
0,10280,0.5444053333800615
0,10281,0.5719378726752845
0,10282,0.9193747246484852
0,10283,0.45318726253661973
0,10284,0.7237721256178915
0,10285,0.5889822268452368
0,10286,0.5908734690981269
0,10287,0.6526459484910635
0,10288,0.8005004837478521
0,10289,0.6889000450408778
0,10290,0.5970615121771897
0,10291,0.571637342355528
0,10292,0.36743019558190954
0,10293,0.5600941523619909
0,10294,0.5635093422096464
0,10295,0.7654125882618462
0,10296,0.7129482502001387
0,10297,0.6691856051122386
0,10298,0.6358414744638774
0,10299,0.8255765559961262
0,10300,0.8193256732004227
0,10301,0.4761302594569585
0,10302,0.6385307259663466
0,10303,0.7186060394812117
0,10304,0.6369488262694413
0,10305,0.8047060528844537
0,10306,0.7424404806356674
0,10307,0.7182149516847569
0,10308,0.6656239075060301
0,10309,0.5698890821694169
0,10310,0.6295777683320277
0,10311,0.6889304068703325
0,10312,0.7072689846969887
0,10313,0.6337384677856069
0,10314,0.825698242639835
0,10315,0.6688416719356414
0,10316,0.5086380220517813
0,10317,0.7835545906775304
0,10318,0.7877802146723055
0,10319,0.8266575117287995
0,10320,0.7265699101879118
0,10321,0.648755480809349
0,10322,0.7083058450728401
0,10323,0.7931311332467227
0,10324,0.7089981756038649
0,10325,0.6357236072773619
0,10326,0.580977672237363
0,10327,0.5893050049382935
0,10328,0.6323767946722249
0,10329,0.7454148865546325
0,10330,0.7475133648783446
0,10331,0.547757729872814
0,10332,0.6263748277827869
0,10333,0.7913467772123417
0,10334,0.8019988571425227
0,10335,0.7975061216213037
0,10336,0.7245541849666494
0,10337,0.8508865047254088
0,10338,0.8983292649603972
0,10339,0.9052454563337983
0,10340,0.9003651395812348
0,10341,0.6847141611021388
0,10342,0.6855069758334849
0,10343,0.7057738565599255
0,10344,0.7147742626251259
0,10345,0.5075465933340934
0,10346,0.6609517280722856
0,10347,0.7082858080353845
0,10348,0.48892606819240114
0,10349,0.5221043630155267
0,10350,0.6056734003283428
0,10351,0.5858678619697583
0,10352,0.6145095779633988
0,10353,0.5514997680151041
0,10354,0.679905774454007
0,10355,0.6685082048470764
0,10356,0.645079538474034
0,10357,0.7215155381013274
0,10358,0.7904359056521524
0,10359,0.7446563173150268
0,10360,0.605841227121591
0,10361,0.6913107890400506
0,10362,0.5396376322682654
0,10363,0.6735645609623011
0,10364,0.5422707242776037
0,10365,0.7408086154939505
0,10366,0.7369601329331475
0,10367,0.8219757069352005
0,10368,0.6856012060915815
0,10369,0.6329969501888362
0,10370,0.48006373907641053
0,10371,0.5102953234426606
0,10372,0.5041837520170197
0,10373,0.7601089280799351
0,10374,0.6764371159336269
0,10375,0.6123196254072758
0,10376,0.510144918149729
0,10377,0.6764538794379827
0,10378,0.705129245336869
0,10379,0.6110371046942884
0,10380,0.7166203221180955
0,10381,0.8501004085986927
0,10382,0.5919198605414221
0,10383,0.5187845094546032
0,10384,0.6006294808520549
0,10385,0.605028990332944
0,10386,0.676925728056598
0,10387,0.5389795532638215
0,10388,0.47229796199033014
0,10389,0.6447776755297956
0,10390,0.7284888467457016
0,10391,0.7352774264549206
0,10392,0.7934664604414627
0,10393,0.6916936296568698
0,10394,0.583977221040189
0,10395,0.8565880166164014
0,10396,0.8248915323099947
0,10397,0.4148438232349019
0,10398,0.4544110886302968
0,10399,0.4746096365394658
0,10400,0.6660961097657252
0,10401,0.526625667003878
0,10402,0.6954380280929643
0,10403,0.5452531448726788
0,10404,0.7446760279963593
0,10405,0.3936782690898964
0,10406,0.5699907313248939
0,10407,0.647512326100866
0,10408,0.5745398050271552
0,10409,0.8204573015553881
0,10410,0.8233480046898557
0,10411,0.4708417433129535
0,10412,0.63023063163202
0,10413,0.6855883878661744
0,10414,0.6576023897241106
0,10415,0.5185822234205616
0,10416,0.5355399317563994
0,10417,0.7167897746160601
0,10418,0.5127189550139235
0,10419,0.7026833661097486
0,10420,0.7141177562148117
0,10421,0.7500240072867012
0,10422,0.637788415013773
0,10423,0.8095933256509495
0,10424,0.7557754637137056
0,10425,0.8371687779012204
0,10426,0.7492391485773359
0,10427,0.7218610243045546
0,10428,0.7098737700325132
0,10429,0.8504819837725962
0,10430,0.7629719845806009
0,10431,0.7962792568469588
0,10432,0.6709372320072374
0,10433,0.5750273408592409
0,10434,0.674989171692191
0,10435,0.7113665031060871
0,10436,0.6987589919850123
0,10437,0.692825881216611
0,10438,0.6920376107127589
0,10439,0.6903444419194494
0,10440,0.67380779653535
0,10441,0.5800015267320505
0,10442,0.8409122064520005
0,10443,0.6157241062029474
0,10444,0.6008482931682502
0,10445,0.737865424410559
0,10446,0.6737265116572247
0,10447,0.7147875137451695
0,10448,0.7105442295538577
0,10449,0.6767178639549594
0,10450,0.7668023207554546
0,10451,0.7201977623629912
0,10452,0.8272076799967357
0,10453,0.6297978657550313
0,10454,0.6459596633532695
0,10455,0.5700805706828391
0,10456,0.6306312882223235
0,10457,0.6813570351910422
0,10458,0.6844509231111037
0,10459,0.6932355383774091
0,10460,0.7135295288578315
0,10461,0.5984796536317862
0,10462,0.5925020285084209
0,10463,0.6559726692275665
0,10464,0.5989289573241332
0,10465,0.5374921106332327
0,10466,0.537489516385442
0,10467,0.6231110540800958
0,10468,0.6280887166493513
0,10469,0.7053683681052941
0,10470,0.6599271909213257
0,10471,0.582105214550552
0,10472,0.6895870584374411
0,10473,0.5237210828879167
0,10474,0.7238990897864412
0,10475,0.5395746599993883
0,10476,0.7716260166688415
0,10477,0.7662623718145398
0,10478,0.7056261822243793
0,10479,0.653840888830006
0,10480,0.6911266229588574
0,10481,0.7802175797396557
0,10482,0.7694794634263767
0,10483,0.7502034148428861
0,10484,0.5105632700482122
0,10485,0.5452308135183717
0,10486,0.6236393009042239
0,10487,0.5302694102210773
0,10488,0.692814503256262
0,10489,0.6699305790948731
0,10490,0.42245722905482824
0,10491,0.6609511644069055
0,10492,0.7392054959213255
0,10493,0.7510251646830293
0,10494,0.8292578409595014
0,10495,0.7918955975551966
0,10496,0.7583430330606552
0,10497,0.8014621109547732
0,10498,0.4501657038505553
0,10499,0.6583556899834694
0,10500,0.6581046692296174
0,10501,0.682324300595927
0,10502,0.6800008531762686
0,10503,0.7474723115782116
0,10504,0.6534329567435632
0,10505,0.3848026257690582
0,10506,0.5717836145400702
0,10507,0.6044165363996304
0,10508,0.7139211126219409
0,10509,0.6028147963272266
0,10510,0.3782123788494604
0,10511,0.7490691940124042
0,10512,0.7497608648537181
0,10513,0.6497301056699534
0,10514,0.6879640237685716
0,10515,0.5829904925237118
0,10516,0.6367005963157784
0,10517,0.6961910905908629
0,10518,0.4936656248424054
0,10519,0.6598983500309689
0,10520,0.7069080947929387
0,10521,0.5800185691802141
0,10522,0.7827298995538897
0,10523,0.497392535423203
0,10524,0.4679155367913933
0,10525,0.6855930425764862
0,10526,0.67109990745169
0,10527,0.539875287350465
0,10528,0.5933108005304357
0,10529,0.6168771287432899
0,10530,0.6153898344112065
0,10531,0.7282444567464685
0,10532,0.78864396796748
0,10533,0.8380910261251997
0,10534,0.6457938613440916
0,10535,0.7383138090752981
0,10536,0.5230266349412098
0,10537,0.5754535967593291
0,10538,0.6850040113533173
0,10539,0.7730261786467456
0,10540,0.712629302072832
0,10541,0.5769103641910764
0,10542,0.6564829503355193
0,10543,0.7462574975044004
0,10544,0.6256715531925333
0,10545,0.7559180325339742
0,10546,0.7277359673910889
0,10547,0.7148619061648033
0,10548,0.9237317759106107
0,10549,0.6478290920217482
0,10550,0.45630487792446983
0,10551,0.4669393822439092
0,10552,0.49170843079567766
0,10553,0.6179051527598951
0,10554,0.6660754346277964
0,10555,0.6662678719215848
0,10556,0.8442127162354955
0,10557,0.7762704322350159
0,10558,0.5805447515404122
0,10559,0.5366698393477825
0,10560,0.37528455099702923
0,10561,0.5074616245502888
0,10562,0.5852668565289623
0,10563,0.8665656096332994
0,10564,0.7983917564873385
0,10565,0.8359556947371779
0,10566,0.4952699115060422
0,10567,0.8834518284429578
0,10568,0.8335038400959683
0,10569,0.6633919277462789
0,10570,0.7809761017235153
0,10571,0.557545979793027
0,10572,0.6606954988686432
0,10573,0.7331206340372644
0,10574,0.4982656365995572
0,10575,0.7584876200391436
0,10576,0.5537632433860079
0,10577,0.8409216275036143
0,10578,0.38961514269785785
0,10579,0.39066876707720627
0,10580,0.5043501888857184
0,10581,0.6971682153320548
0,10582,0.5232749207802234
0,10583,0.5998864763642158
0,10584,0.6262923952040713
0,10585,0.6674475478792162
0,10586,0.6540250040656977
0,10587,0.6037198948159085
0,10588,0.6244367487985737
0,10589,0.7758169800592492
0,10590,0.5052021457231074
0,10591,0.5040208927819578
0,10592,0.6566283292825164
0,10593,0.6318847924026658
0,10594,0.6797882231457222
0,10595,0.6608549752200145
0,10596,0.606780541707409
0,10597,0.7231708692281544
0,10598,0.724002292098374
0,10599,0.8300784753091675
0,10600,0.7057088819361298
0,10601,0.7961225420064448
0,10602,0.7249570941878577
0,10603,0.7746751537688895
0,10604,0.693942260880699
0,10605,0.6852102757790444
0,10606,0.6615126384127458
0,10607,0.4615206070678706
0,10608,0.6889033266826589
0,10609,0.7269608560505393
0,10610,0.6659753896074507
0,10611,0.725343135839098
0,10612,0.774078326707043
0,10613,0.7644343545298216
0,10614,0.5717010682993932
0,10615,0.5968355271806284
0,10616,0.5838594577105584
0,10617,0.49831280070748585
0,10618,0.6460276184560898
0,10619,0.7959462374199144
0,10620,0.6119228870458596
0,10621,0.6981733866969
0,10622,0.6869739536573956
0,10623,0.772188065227226
0,10624,0.5992693123904174
0,10625,0.8731725909627768
0,10626,0.8689515586522522
0,10627,0.8862784744932629
0,10628,0.524836392641003
0,10629,0.511745040738899
0,10630,0.7391524334397598
0,10631,0.6186923315495054
0,10632,0.7279025471051747
0,10633,0.6575783586534416
0,10634,0.6501019710812681
0,10635,0.6552527288316311
0,10636,0.5034753805833545
0,10637,0.685504617446686
0,10638,0.7489480353882529
0,10639,0.5417416101986038
0,10640,0.5111732669012943
0,10641,0.3818546781769798
0,10642,0.4059715014384016
0,10643,0.7329781681983186
0,10644,0.6417984205952795
0,10645,0.6185132541524407
0,10646,0.610010835240232
0,10647,0.7865555814298244
0,10648,0.5524482504266736
0,10649,0.7235558627077806
0,10650,0.6008285017372071
0,10651,0.7163137766887916
0,10652,0.7220997864078325
0,10653,0.778013951104825
0,10654,0.7403079875025468
0,10655,0.7452186854648887
0,10656,0.7280298164295956
0,10657,0.6901154019041756
0,10658,0.798420936762213
0,10659,0.6348141296427411
0,10660,0.825949972587811
0,10661,0.8284944790747649
0,10662,0.8673801441027019
0,10663,0.8336642773678378
0,10664,0.7080258563024895
0,10665,0.7160613212897179
0,10666,0.8414746627916614
0,10667,0.8304897177225591
0,10668,0.7969452729741424
0,10669,0.7306601479159487
0,10670,0.6042767918172318
0,10671,0.7284377908573351
0,10672,0.843791934957148
0,10673,0.9074181901555851
0,10674,0.897453042626295
0,10675,0.7919392979163093
0,10676,0.7033661250309006
0,10677,0.7897870598500015
0,10678,0.4756133942986214
0,10679,0.6410617932956829
0,10680,0.7857352110126232
0,10681,0.6842070584321023
0,10682,0.6022581980811047
0,10683,0.7407882823422223
0,10684,0.76721282874056
0,10685,0.6276418041291743
0,10686,0.7228996386533726
0,10687,0.6010313300978467
0,10688,0.5512979785741756
0,10689,0.6443366417258127
0,10690,0.8031265915672365
0,10691,0.42955364281519104
0,10692,0.5480343723941582
0,10693,0.5324740342864386
0,10694,0.6880172924311749
0,10695,0.6192918218324712
0,10696,0.7067887213758698
0,10697,0.6769760225545242
0,10698,0.554063878732975
0,10699,0.5912908572397714
0,10700,0.6108582662083196
0,10701,0.7806146661351795
0,10702,0.626430666861337
0,10703,0.290026824677066
0,10704,0.9242626098781623
0,10705,0.445601177857027
0,10706,0.5813571875986254
0,10707,0.7371770743509535
0,10708,0.7132788026224073
0,10709,0.6300303065697541
0,10710,0.9072019038022265
0,10711,0.8209759483348588
0,10712,0.8371764519105883
0,10713,0.9778306146906557
0,10714,0.9365363211146714
0,10715,0.5838602915184208
0,10716,0.5096671712060896
0,10717,0.4815114422284635
0,10718,0.4630314461057353
0,10719,0.35791106116812627
0,10720,0.6594615362924221
0,10721,0.6152727714550178
0,10722,0.6467811271590239
0,10723,0.6915147383551747
0,10724,0.6602076248022317
0,10725,0.6699317379629948
0,10726,0.6950002900241268
0,10727,0.6761759131031149
0,10728,0.7602101054111583
0,10729,0.66140319181086
0,10730,0.7079043771258697
0,10731,0.7418755581687717
0,10732,0.8084707259149099
0,10733,0.8213353968947501
0,10734,0.7839049460616195
0,10735,0.7883783957687824
0,10736,0.6431094589764329
0,10737,0.7189628593214195
0,10738,0.6233952170095282
0,10739,0.6640097865438147
0,10740,0.6193602937427374
0,10741,0.6556872225083197
0,10742,0.683121706994315
0,10743,0.650582184883686
0,10744,0.6767546427056159
0,10745,0.5124506939182101
0,10746,0.7290867819306821
0,10747,0.7161283199190398
0,10748,0.7730456223434711
0,10749,0.7268312344252366
0,10750,0.6749994506882724
0,10751,0.6965214364147327
0,10752,0.3604644367743303
0,10753,0.5479880255929434
0,10754,0.5967653819390574
0,10755,0.504696335257715
0,10756,0.6316047152520236
0,10757,0.7406981976324707
0,10758,0.6692917881175964
0,10759,0.7848429860401804
0,10760,0.770772602764428
0,10761,0.5424224293785899
0,10762,0.677095681668967
0,10763,0.578871016408183
0,10764,0.6131451417703493
0,10765,0.7668063134269887
0,10766,0.5680060401389425
0,10767,0.6838526611847291
0,10768,0.5861018099613049
0,10769,0.6036922018110927
0,10770,0.599772547522769
0,10771,0.6821164793487097
0,10772,0.5708860366987779
0,10773,0.6613348626581902
0,10774,0.5742676777968262
0,10775,0.6712167964991185
0,10776,0.8379376623945588
0,10777,0.9069799534336465
0,10778,0.7337751479164027
0,10779,0.7371355922035658
0,10780,0.8341811993817532
0,10781,0.7953488563227971
0,10782,0.6739704860871069
0,10783,0.6402250753869068
0,10784,0.6350696288537353
0,10785,0.547407431997969
0,10786,0.7759733044121564
0,10787,0.7575228600874595
0,10788,0.8492311653239223
0,10789,0.7806956084671636
0,10790,0.6299999700730873
0,10791,0.6312903253328996
0,10792,0.7841471776357483
0,10793,0.6900109408628263
0,10794,0.7427094664137979
0,10795,0.705989462852022
0,10796,0.6788378947007966
0,10797,0.6659495404588684
0,10798,0.6434075136487915
0,10799,0.5986954522899761
0,10800,0.5809934938455436
0,10801,0.6829951286526499
0,10802,0.7957140666966949
0,10803,0.7043849090287766
0,10804,0.7092135886819803
0,10805,0.7335593019256127
0,10806,0.7519187346169806
0,10807,0.6132972025582878
0,10808,0.7188534689031764
0,10809,0.7240760615501691
0,10810,0.7394560808830464
0,10811,0.6652763382005437
0,10812,0.6400156179438343
0,10813,0.6438964609431883
0,10814,0.575351547783584
0,10815,0.6874304569274693
0,10816,0.6115733912596963
0,10817,0.7122959712014815
0,10818,0.5431921348115831
0,10819,0.7290268366447762
0,10820,0.8207430854113872
0,10821,0.5261548809224781
0,10822,0.7696803745305278
0,10823,0.7557600475320939
0,10824,0.6501710988001346
0,10825,0.7992527105165249
0,10826,0.7721456194447492
0,10827,0.5750641467392185
0,10828,0.8223993812694322
0,10829,0.3702204884573357
0,10830,0.7568133180013671
0,10831,0.5984054755111492
0,10832,0.5347509554120636
0,10833,0.6155987601774191
0,10834,0.5275533487515506
0,10835,0.611100521730517
0,10836,0.5735223236643854
0,10837,0.6086570743166699
0,10838,0.5257017587964367
0,10839,0.5644880406199011
0,10840,0.596405183791984
0,10841,0.4931530955492792
0,10842,0.5584438711327616
0,10843,0.6407949187302497
0,10844,0.6726027386022093
0,10845,0.7346119037857511
0,10846,0.6405453341440672
0,10847,0.6618875392562752
0,10848,0.6376665366634618
0,10849,0.6082523963268907
0,10850,0.7095545412997524
0,10851,0.7618362257103206
0,10852,0.6617696797785747
0,10853,0.6878870020740068
0,10854,0.7317284207192472
0,10855,0.6007348815399642
0,10856,0.8131284573079851
0,10857,0.8323459453975539
0,10858,0.7314296525569494
0,10859,0.8089627346834846
0,10860,0.6181880530841266
0,10861,0.5437814317791311
0,10862,0.6981281253785423
0,10863,0.576634056788768
0,10864,0.4833507787865757
0,10865,0.4268925294415604
0,10866,0.40299448883352285
0,10867,0.7611902185588161
0,10868,0.8335657173971286
0,10869,0.7695828269494877
0,10870,0.6593492592889559
0,10871,0.7770417099650913
0,10872,0.6370408762091152
0,10873,0.758546563152691
0,10874,0.6728843119079386
0,10875,0.6469287899261709
0,10876,0.6373966530595676
0,10877,0.8426814792979269
0,10878,0.7185397226776913
0,10879,0.7334595164151059
0,10880,0.7571741202698968
0,10881,0.6831781943253142
0,10882,0.6451861777980984
0,10883,0.6633384001651974
0,10884,0.5964491817479004
0,10885,0.7482836406522233
0,10886,0.7746024402834542
0,10887,0.43742277482321973
0,10888,0.7829144196208424
0,10889,0.633789454037833
0,10890,0.721280271654102
0,10891,0.8192695799493093
0,10892,0.6645632040441514
0,10893,0.7147748717220691
0,10894,0.6801342281525052
0,10895,0.556784236826792
0,10896,0.6990719121081524
0,10897,0.7151379545410709
0,10898,0.7324293188237776
0,10899,0.832588583178839
0,10900,0.7905757550477073
0,10901,0.6005674924244327
0,10902,0.7320621452672272
0,10903,0.6502718055192108
0,10904,0.7374171770610051
0,10905,0.6296894906223942
0,10906,0.6170398641596048
0,10907,0.7301005388615286
0,10908,0.7294450316376276
0,10909,0.5746691082032243
0,10910,0.651786449634121
0,10911,0.6587647665682331
0,10912,0.652351896992564
0,10913,0.49948180590028723
0,10914,0.4762680311978832
0,10915,0.5933509276673435
0,10916,0.6070560973501457
0,10917,0.5921773703485221
0,10918,0.6049750406903381
0,10919,0.39810774402864035
0,10920,0.6785303552788458
0,10921,0.6045717777262384
0,10922,0.7282434060956701
0,10923,0.7432767716451529
0,10924,0.7656641490583554
0,10925,0.6884181996374023
0,10926,0.6818826255842235
0,10927,0.6275473557761855
0,10928,0.5178721846253802
0,10929,0.5743964183506218
0,10930,0.39782456839810176
0,10931,0.547215112598564
0,10932,0.7144754185268567
0,10933,0.5875780676528711
0,10934,0.592867616615471
0,10935,0.656568105470637
0,10936,0.6697018368782213
0,10937,0.6495815647142901
0,10938,0.5789832506568717
0,10939,0.6205801504219483
0,10940,0.7491767051009459
0,10941,0.5541645021158124
0,10942,0.6159575168051276
0,10943,0.6577001092763584
0,10944,0.507126599257397
0,10945,0.629620244691312
0,10946,0.6640916156922352
0,10947,0.6782447557340885
0,10948,0.7567421877097706
0,10949,0.5963818415100972
0,10950,0.6916241896002213
0,10951,0.6121441014404386
0,10952,0.8055193009451186
0,10953,0.6214553148577795
0,10954,0.7246663631111881
0,10955,0.6102986732950862
0,10956,0.5415756255691917
0,10957,0.7574754966030992
0,10958,0.6764866076177477
0,10959,0.7414138878566497
0,10960,0.6285995017951788
0,10961,0.6106309360879576
0,10962,0.5911364810422814
0,10963,0.5743928987336703
0,10964,0.6304550796997064
0,10965,0.5835391037811607
0,10966,0.5212615344615237
0,10967,0.7061331182396995
0,10968,0.7225403205236797
0,10969,0.710068944507094
0,10970,0.524228023927436
0,10971,0.6206908291406592
0,10972,0.7011714548765507
0,10973,0.7238570848436633
0,10974,0.7837218276000492
0,10975,0.8014706514056974
0,10976,0.3995195494182458
0,10977,0.6874761913309331
0,10978,0.5108486034985882
0,10979,0.6937780600825105
0,10980,0.7207707670484605
0,10981,0.7577594998930867
0,10982,0.6881691444925725
0,10983,0.6348084478088813
0,10984,0.6864994679163617
0,10985,0.6634496187205393
0,10986,0.7415474733016368
0,10987,0.43157358427856074
0,10988,0.5538855708187669
0,10989,0.5080634202539012
0,10990,0.6516275783104817
0,10991,0.4767934564869437
0,10992,0.7429513074414629
0,10993,0.7718840743229933
0,10994,0.7710329875917348
0,10995,0.654924858328184
0,10996,0.702255021382351
0,10997,0.6842168936883593
0,10998,0.7392213428967739
0,10999,0.6425304332633023
0,11000,0.6508170524800324
0,11001,0.6440792414596029
0,11002,0.7143750411661463
0,11003,0.6442516051967645
0,11004,0.5756457806398982
0,11005,0.6867319401668042
0,11006,0.4809082688682799
0,11007,0.7520829337589433
0,11008,0.6674355797442992
0,11009,0.8419202544893849
0,11010,0.7158418227815223
0,11011,0.7353658759482357
0,11012,0.6206461985964584
0,11013,0.6051880919132658
0,11014,0.4652534480255557
0,11015,0.4684026894028068
0,11016,0.5151027853639407
0,11017,0.5235459656750042
0,11018,0.7453063897483821
0,11019,0.8018107543974003
0,11020,0.8231892035982383
0,11021,0.5334543411548869
0,11022,0.6772939326527004
0,11023,0.6881631972810209
0,11024,0.6415078309679098
0,11025,0.6045809332375923
0,11026,0.6538546944942883
0,11027,0.8077086648076534
0,11028,0.6826043601998668
0,11029,0.8323575849797101
0,11030,0.728159980206661
0,11031,0.7153360444673083
0,11032,0.7586125741534533
0,11033,0.688424979587939
0,11034,0.8683424974990487
0,11035,0.8316012668875918
0,11036,0.8873578341227134
0,11037,0.7663748465079827
0,11038,0.6691909539545267
0,11039,0.7489596383999934
0,11040,0.7925100398839047
0,11041,0.642927233269211
0,11042,0.5136519219423107
0,11043,0.5479963161657857
0,11044,0.6825668637785225
0,11045,0.7297699056458552
0,11046,0.4324411256956913
0,11047,0.6448358970532381
0,11048,0.7153287222651564
0,11049,0.6375402186937805
0,11050,0.4737339337568281
0,11051,0.4517653478952386
0,11052,0.5575062432661003
0,11053,0.6811827869928019
0,11054,0.5762773184143686
0,11055,0.5078066537926799
0,11056,0.5858705879649576
0,11057,0.6277681126519721
0,11058,0.6265039309105905
0,11059,0.5143927695982149
0,11060,0.6709681239713337
0,11061,0.7241327617184027
0,11062,0.6248322211099243
0,11063,0.6706338612409766
0,11064,0.522783546803934
0,11065,0.7425856132184661
0,11066,0.6281285587696266
0,11067,0.602699239221996
0,11068,0.5467816644784269
0,11069,0.6973517370626368
0,11070,0.5777956816005445
0,11071,0.5449862465302916
0,11072,0.6102352978452364
0,11073,0.42903840567516205
0,11074,0.7554373463632102
0,11075,0.822203377075651
0,11076,0.7391246416135325
0,11077,0.7764792809396954
0,11078,0.452630494562859
0,11079,0.5852461297415792
0,11080,0.7292174572554212
0,11081,0.5841085546944016
0,11082,0.6446095151463794
0,11083,0.49696181095724573
0,11084,0.629447748637578
0,11085,0.5050402568748931
0,11086,0.8495302384714247
0,11087,0.7346617631219655
0,11088,0.5180530552078585
0,11089,0.5486341291202573
0,11090,0.44184314646984074
0,11091,0.4425362732703868
0,11092,0.8884037355296843
0,11093,0.8533988675944871
0,11094,0.7161418812476326
0,11095,0.8475579980314178
0,11096,0.7435418103281937
0,11097,0.8732983357340716
0,11098,0.8290255437742845
0,11099,0.7558567797846311
0,11100,0.8506882782852585
0,11101,0.6382306794370802
0,11102,0.4891511941143834
0,11103,0.45710165415096665
0,11104,0.7388749832780875
0,11105,0.817814688087446
0,11106,0.7468558138301942
0,11107,0.6800365577100758
0,11108,0.6573404729977127
0,11109,0.8199705922273878
0,11110,0.7251082551265589
0,11111,0.6836616236395725
0,11112,0.5979315332813766
0,11113,0.6390890155371335
0,11114,0.4963162045496107
0,11115,0.22666220008984792
0,11116,0.5223486129664001
0,11117,0.6026852792613892
0,11118,0.6184295657785739
0,11119,0.5106134802398437
0,11120,0.7061287897618889
0,11121,0.5415862896870579
0,11122,0.6044117156891197
0,11123,0.6815880899187958
0,11124,0.6747057225535409
0,11125,0.8001857774217886
0,11126,0.571776539671245
0,11127,0.6936870204340934
0,11128,0.7403294468732236
0,11129,0.7258902521744567
0,11130,0.6911877448141377
0,11131,0.765529891169221
0,11132,0.6794150400934306
0,11133,0.6967135970384313
0,11134,0.5543152132152569
0,11135,0.7182332123916648
0,11136,0.7905412485649552
0,11137,0.573356778584412
0,11138,0.4380878952720475
0,11139,0.5273001506446086
0,11140,0.5033033811046584
0,11141,0.77941462577306
0,11142,0.5508892675608785
0,11143,0.6568711272353359
0,11144,0.6352257166257795
0,11145,0.5788388052254476
0,11146,0.77109356871895
0,11147,0.7752870854350655
0,11148,0.7796697510845173
0,11149,0.7675455406943551
0,11150,0.6632224857967848
0,11151,0.6848151210973855
0,11152,0.6550977236030502
0,11153,0.652210299812344
0,11154,0.7566512889397247
0,11155,0.7389130851947027
0,11156,0.6703838139762175
0,11157,0.7663612651004209
0,11158,0.6456204118371855
0,11159,0.6889093609688266
0,11160,0.7119779350822757
0,11161,0.6533105430614952
0,11162,0.6483763192063073
0,11163,0.5190708460204001
0,11164,0.7122947385242187
0,11165,0.8621958455901276
0,11166,0.6136726811041148
0,11167,0.6282377213900899
0,11168,0.45671897604190265
0,11169,0.5455380846687955
0,11170,0.5527989698498065
0,11171,0.6816540243495817
0,11172,0.6042257046901142
0,11173,0.5438741035413134
0,11174,0.6345265879515117
0,11175,0.6270959003637816
0,11176,0.6300489612308255
0,11177,0.7238933982664695
0,11178,0.7432749576443497
0,11179,0.6270573374776058
0,11180,0.6318230026228033
0,11181,0.4192763984228802
0,11182,0.6833372573582147
0,11183,0.6921007715600437
0,11184,0.7292298523632714
0,11185,0.7783234997727949
0,11186,0.7642021568492141
0,11187,0.6463631992176347
0,11188,0.6741197279693569
0,11189,0.5971544039212433
0,11190,0.7819958049502467
0,11191,0.785386887048054
0,11192,0.8141222806631677
0,11193,0.3772966253029107
0,11194,0.516875503777758
0,11195,0.6527795349406049
0,11196,0.6419343237321249
0,11197,0.6653261977533765
0,11198,0.7510842450615743
0,11199,0.6551947374800609
0,11200,0.6731589042771859
0,11201,0.6159913112577695
0,11202,0.6085985008866354
0,11203,0.6052270297696533
0,11204,0.5626013362496943
0,11205,0.692864265641996
0,11206,0.6450934515263059
0,11207,0.778344371255974
0,11208,0.7833196224411212
0,11209,0.6443208340606745
0,11210,0.6507064957247595
0,11211,0.7931292239173511
0,11212,0.7461449213686872
0,11213,0.7196079497331185
0,11214,0.7489230875190381
0,11215,0.6541091820702536
0,11216,0.4913104792373988
0,11217,0.6340179766386903
0,11218,0.7288845402374718
0,11219,0.7665051141673165
0,11220,0.6158981267882948
0,11221,0.6762829060886446
0,11222,0.7704412129172195
0,11223,0.6910898057609769
0,11224,0.6234417058142494
0,11225,0.7001007780534015
0,11226,0.6967226828063945
0,11227,0.5557430532285668
0,11228,0.7231062471669585
0,11229,0.7233681635634602
0,11230,0.6868299794043933
0,11231,0.5785084203215811
0,11232,0.527049747667702
0,11233,0.7651022324408597
0,11234,0.8111929732473886
0,11235,0.7875341296016186
0,11236,0.5002725503160437
0,11237,0.5820093879726429
0,11238,0.6503724469188312
0,11239,0.7356572152912095
0,11240,0.6215044051321438
0,11241,0.7449990001322935
0,11242,0.6499340438093439
0,11243,0.611343046894502
0,11244,0.5675035562857523
0,11245,0.7351072041548914
0,11246,0.76804615868021
0,11247,0.63313724736953
0,11248,0.7578800955752424
0,11249,0.6978441988790874
0,11250,0.635967136648672
0,11251,0.5670606834075124
0,11252,0.7473058663486157
0,11253,0.48607323406622127
0,11254,0.4888561041122537
0,11255,0.5120059512269267
0,11256,0.3490228040753484
0,11257,0.3675614454895304
0,11258,0.6064970575068107
0,11259,0.6145424035897374
0,11260,0.7169954522710676
0,11261,0.6140056697391819
0,11262,0.7151121782563366
0,11263,0.58788544341727
0,11264,0.6404752417359042
0,11265,0.7040259178674518
0,11266,0.45925427621302173
0,11267,0.7805868255747715
0,11268,0.7363689162722643
0,11269,0.5352404217651834
0,11270,0.6501719434371399
0,11271,0.7722869495281828
0,11272,0.7876533634054489
0,11273,0.6653498189909437
0,11274,0.5686714206823233
0,11275,0.6783976703034017
0,11276,0.7001095740701798
0,11277,0.5861485974543651
0,11278,0.6701339905563313
0,11279,0.6706731794562667
0,11280,0.6496235451698056
0,11281,0.6913580060972894
0,11282,0.7741952746760612
0,11283,0.8790348258137363
0,11284,0.7986826865845029
0,11285,0.890645045991157
0,11286,0.6984353434006074
0,11287,0.4794818470381318
0,11288,0.6872312755055898
0,11289,0.6572027003254289
0,11290,0.8358854038791342
0,11291,0.7934789929316973
0,11292,0.8134361896989675
0,11293,0.726344774211164
0,11294,0.14979874636795643
0,11295,0.5253377366107194
0,11296,0.41943963019444996
0,11297,0.3818793736972086
0,11298,0.6776225356617606
0,11299,0.6305170839306738
0,11300,0.5264418479807231
0,11301,0.6466896294806163
0,11302,0.4870684458491577
0,11303,0.770671273625471
0,11304,0.7122130424569599
0,11305,0.8345439309188175
0,11306,0.7842360934019005
0,11307,0.6278057014304985
0,11308,0.7701066341279164
0,11309,0.6526824491071513
0,11310,0.6796183866406764
0,11311,0.6143877967617206
0,11312,0.8121375074354065
0,11313,0.5933638824724422
0,11314,0.5547658540233679
0,11315,0.7433240630022622
0,11316,0.5938962082321764
0,11317,0.6760396327412583
0,11318,0.6077722394082876
0,11319,0.6644135751658533
0,11320,0.7491818671340262
0,11321,0.572056995986858
0,11322,0.7541593195533491
0,11323,0.6357740252941867
0,11324,0.7960949455115371
0,11325,0.6308620654305127
0,11326,0.6077368708494801
0,11327,0.63729559475935
0,11328,0.7883879494854852
0,11329,0.6119123658897564
0,11330,0.7557026692947438
0,11331,0.644185964751554
0,11332,0.8289872526502852
0,11333,0.6749229482838557
0,11334,0.6048412295185006
0,11335,0.5576616521860145
0,11336,0.5085805090846712
0,11337,0.6260041439902233
0,11338,0.5956187643715901
0,11339,0.7016918394904389
0,11340,0.6616298649879041
0,11341,0.6631258617677408
0,11342,0.6513847875504868
0,11343,0.6777721009751575
0,11344,0.5783296372832688
0,11345,0.7224030622781478
0,11346,0.6392250102066084
0,11347,0.6342813685212174
0,11348,0.5407655024537843
0,11349,0.6179577582074076
0,11350,0.6166265031889895
0,11351,0.712747363262946
0,11352,0.7038078253051446
0,11353,0.8508405850026285
0,11354,0.8259911214610839
0,11355,0.8111272360402705
0,11356,0.706823638546392
0,11357,0.5348059892315964
0,11358,0.6476784649846805
0,11359,0.8126906652881452
0,11360,0.7315260605716701
0,11361,0.738262602646775
0,11362,0.6531934137873916
0,11363,0.5868713307645128
0,11364,0.5943080604648759
0,11365,0.6240184184950764
0,11366,0.6547010166299491
0,11367,0.6585034941044209
0,11368,0.5910320942818186
0,11369,0.7090309685788391
0,11370,0.6172600390116714
0,11371,0.4940124684818307
0,11372,0.4540483368673266
0,11373,0.4092608340638042
0,11374,0.5118523312799752
0,11375,0.51111138694971
0,11376,0.48438630177504866
0,11377,0.5388211874960056
0,11378,0.7284513350916643
0,11379,0.8207515692650611
0,11380,0.7986540073619732
0,11381,0.4610736893135596
0,11382,0.6949130159765309
0,11383,0.6990854219713308
0,11384,0.7079881750266676
0,11385,0.7300061779698406
0,11386,0.7070643043202699
0,11387,0.7076461590801953
0,11388,0.7052941431096444
0,11389,0.7127124977818005
0,11390,0.5913933156434945
0,11391,0.6610345573922548
0,11392,0.7842429853162292
0,11393,0.6465691246522628
0,11394,0.6998441288190871
0,11395,0.7408661588320711
0,11396,0.7051030058623904
0,11397,0.4309277232167696
0,11398,0.732475950933098
0,11399,0.6597223295418633
0,11400,0.7908254162598657
0,11401,0.6256013985264396
0,11402,0.7874179618859548
0,11403,0.6044639132359523
0,11404,0.6538362824117084
0,11405,0.5515552111279544
0,11406,0.5395945752785574
0,11407,0.5229627990217228
0,11408,0.5094431071715967
0,11409,0.7827737116160693
0,11410,0.5368524768790688
0,11411,0.38424933504848174
0,11412,0.7848742796164913
0,11413,0.5262948874612323
0,11414,0.7359143020335206
0,11415,0.7129129874852402
0,11416,0.7256060972294139
0,11417,0.6087148079778081
0,11418,0.41610016483890405
0,11419,0.6929332386369733
0,11420,0.6893701966485085
0,11421,0.6079674774850455
0,11422,0.7387183220797262
0,11423,0.74444616048431
0,11424,0.8414894253342445
0,11425,0.76465086906796
0,11426,0.6183513346603549
0,11427,0.6910642026552674
0,11428,0.5465264982839142
0,11429,0.6747123448401868
0,11430,0.662797990056402
0,11431,0.5855280140923536
0,11432,0.5662987410984066
0,11433,0.46412973361928167
0,11434,0.3409833288978151
0,11435,0.7046868954567352
0,11436,0.7771780152913679
0,11437,0.815002835265827
0,11438,0.8245671798302232
0,11439,0.4100185203390601
0,11440,0.6312551971439336
0,11441,0.6913952425050295
0,11442,0.6544598578109285
0,11443,0.7722092619892561
0,11444,0.657053013079069
0,11445,0.7768062898396186
0,11446,0.6808995835904799
0,11447,0.5980622139952114
0,11448,0.6264380749027887
0,11449,0.8515482371356571
0,11450,0.7136966849536626
0,11451,0.5371030266865334
0,11452,0.5502838588477921
0,11453,0.6444928914898095
0,11454,0.4524364885555492
0,11455,0.608587495713976
0,11456,0.7257050635060684
0,11457,0.6764616407421948
0,11458,0.7399159082794305
0,11459,0.6389436784400653
0,11460,0.574008235246799
0,11461,0.6028423058843178
0,11462,0.4966168682353077
0,11463,0.5301785167072608
0,11464,0.6195848211894643
0,11465,0.662617562302412
0,11466,0.5885726907798469
0,11467,0.44491883945983696
0,11468,0.6564572014836353
0,11469,0.6469155682232068
0,11470,0.5924024690022934
0,11471,0.5898334673621884
0,11472,0.7280333045325151
0,11473,0.6640432903069219
0,11474,0.626095627624121
0,11475,0.8477320639043051
0,11476,0.8119646316617573
0,11477,0.6978805147654069
0,11478,0.7264081172488848
0,11479,0.7636909974347605
0,11480,0.6532405426144069
0,11481,0.8423875604556408
0,11482,0.6800134926002023
0,11483,0.6941139061077091
0,11484,0.7449740674819728
0,11485,0.7509508869179408
0,11486,0.6673811945418802
0,11487,0.5291477266191605
0,11488,0.518616677808961
0,11489,0.6158362582849511
0,11490,0.4737157825817891
0,11491,0.539369848755898
0,11492,0.6273286276258044
0,11493,0.5165882123646732
0,11494,0.5893492415177959
0,11495,0.5786774882929635
0,11496,0.857969173301294
0,11497,0.7613986638393958
0,11498,0.6627763324893319
0,11499,0.8462882146488505
0,11500,0.7530028738398499
0,11501,0.7509811701877447
0,11502,0.48057723560207166
0,11503,0.49484602056396554
0,11504,0.33665859188441544
0,11505,0.7602569242966936
0,11506,0.6775852127713777
0,11507,0.7367306060407749
0,11508,0.722922745214371
0,11509,0.8378568014458798
0,11510,0.77897077060565445
0,11511,0.8226712568971669
0,11512,0.806421071846581
0,11513,0.7414346942129386
0,11514,0.6312758100494669
0,11515,0.7002029171039119
0,11516,0.687064534159784
0,11517,0.4254841291179455
0,11518,0.6245590082465323
0,11519,0.6855305070602585
0,11520,0.5832584663162731
0,11521,0.6429473040164945
0,11522,0.6081207774319503
0,11523,0.5898928778742392
0,11524,0.7280209315667507
0,11525,0.5819103675911826
0,11526,0.5053877552949909
0,11527,0.4709939819288001
0,11528,0.6616318109395875
0,11529,0.6849784918770663
0,11530,0.6648551933891343
0,11531,0.5911823919034017
0,11532,0.6407821409168714
0,11533,0.7385633560753597
0,11534,0.753670785919162
0,11535,0.6332358104400262
0,11536,0.6218920343504781
0,11537,0.6682545931023911
0,11538,0.7866812800469003
0,11539,0.5485343527111118
0,11540,0.8459929103269169
0,11541,0.731161275304612
0,11542,0.5309877500093284
0,11543,0.5672054666754006
0,11544,0.6736085139831919
0,11545,0.7185061846858718
0,11546,0.7587329758140079
0,11547,0.7250865489197178
0,11548,0.7687527306673388
0,11549,0.7293538532251845
0,11550,0.6159339498570955
0,11551,0.49507662187066653
0,11552,0.6886081362136017
0,11553,0.650404939526148
0,11554,0.6104852530750213
0,11555,0.6447390122493338
0,11556,0.5251391358131475
0,11557,0.6089322042876897
0,11558,0.672146871220598
0,11559,0.7196614726345258
0,11560,0.8860275741234991
0,11561,0.7668397964111388
0,11562,0.9386665756214453
0,11563,0.7308823139291497
0,11564,0.7374392477596019
0,11565,0.7374422004265861
0,11566,0.5308050007359258
0,11567,0.5332929156739413
0,11568,0.7190742912648016
0,11569,0.5868775399631175
0,11570,0.5277267793339747
0,11571,0.7054166641286784
0,11572,0.6821039926754426
0,11573,0.8206583797736643
0,11574,0.636830029611003
0,11575,0.6991554373798325
0,11576,0.6423632842951503
0,11577,0.6202434717904962
0,11578,0.6599100134726333
0,11579,0.6976630768160184
0,11580,0.7122023142844685
0,11581,0.6709767747625803
0,11582,0.6099221416302141
0,11583,0.8482004616724644
0,11584,0.7482112673989224
0,11585,0.7132300486944794
0,11586,0.6166080473613915
0,11587,0.7159228657191758
0,11588,0.557943226190952
0,11589,0.6687268336414726
0,11590,0.7549277667261889
0,11591,0.46171301037999235
0,11592,0.7503446904593588
0,11593,0.6301729612266472
0,11594,0.7276553536077128
0,11595,0.8835865374682446
0,11596,0.6547639954613637
0,11597,0.5118900109647653
0,11598,0.4830270651089777
0,11599,0.7006969004616527
0,11600,0.619801705878429
0,11601,0.6307786211171459
0,11602,0.6243594673071973
0,11603,0.5191293064792578
0,11604,0.6856467922046903
0,11605,0.6188117859552268
0,11606,0.5102810273233885
0,11607,0.36202278087411005
0,11608,0.48875187776747936
0,11609,0.8014810424275427
0,11610,0.7142626571770745
0,11611,0.642562280437373
0,11612,0.8479897788227284
0,11613,0.6075734539728229
0,11614,0.8100175349344405
0,11615,0.6675691674817057
0,11616,0.3620528316179357
0,11617,0.7483527850554101
0,11618,0.5847665139920467
0,11619,0.6726877956759797
0,11620,0.7249919874468478
0,11621,0.6980935243326744
0,11622,0.7414097152821864
0,11623,0.685429799969791
0,11624,0.6310997188470423
0,11625,0.54543255453659
0,11626,0.6457608645079633
0,11627,0.6673266354368783
0,11628,0.7086646330064418
0,11629,0.6823236584664223
0,11630,0.58111827885178
0,11631,0.8262458639106436
0,11632,0.5893508187433041
0,11633,0.6500135814347454
0,11634,0.5319316589424683
0,11635,0.4714621850819945
0,11636,0.6099649687737625
0,11637,0.5724300331876809
0,11638,0.5213334553151413
0,11639,0.6516606661006404
0,11640,0.685160378294515
0,11641,0.6876111092767442
0,11642,0.7355053530658363
0,11643,0.42202059778907425
0,11644,0.6944460220362185
0,11645,0.705585352190109
0,11646,0.728364567467398
0,11647,0.6902903513329873
0,11648,0.7811313287468792
0,11649,0.5390370669074467
0,11650,0.7721620395675108
0,11651,0.7609610680514886
0,11652,0.80601026069003
0,11653,0.6072085047082463
0,11654,0.8338007286961912
0,11655,0.8394276822503962
0,11656,0.6625923998435231
0,11657,0.6251558121411722
0,11658,0.4676237981760902
0,11659,0.7761421066932325
0,11660,0.5851220559827781
0,11661,0.4919911995177472
0,11662,0.7067274920448336
0,11663,0.4705880395277793
0,11664,0.6857487492138713
0,11665,0.6921580283197835
0,11666,0.6108350335908357
0,11667,0.655629736507018
0,11668,0.7074558409914439
0,11669,0.7187503427044847
0,11670,0.692074060814548
0,11671,0.6902526731706671
0,11672,0.6888314791865271
0,11673,0.44886872537152545
0,11674,0.20148763740006692
0,11675,0.21008587723596173
0,11676,0.23858892302265491
0,11677,0.648549582454754
0,11678,0.45743255390295007
0,11679,0.5910678763209345
0,11680,0.6790203633128322
0,11681,0.6411451312625066
0,11682,0.7439421293782877
0,11683,0.6565977547700845
0,11684,0.6649124651936967
0,11685,0.6933509829176155
0,11686,0.6295816180603633
0,11687,0.6853710338410798
0,11688,0.6406406838215549
0,11689,0.6597692864856962
0,11690,0.6572012588999752
0,11691,0.7132988669648367
0,11692,0.7353007254624073
0,11693,0.7414839592852199
0,11694,0.6689303040026371
0,11695,0.4779967433593123
0,11696,0.5331274949204252
0,11697,0.2291208629504571
0,11698,0.5236589444585817
0,11699,0.5779295983931645
0,11700,0.7397565641148364
0,11701,0.731500255646004
0,11702,0.7535919758245342
0,11703,0.6092317706181823
0,11704,0.5769721739474976
0,11705,0.7663006933826509
0,11706,0.7616509342686023
0,11707,0.6517022972628079
0,11708,0.7456932497364555
0,11709,0.5213990266678252
0,11710,0.5798466078049376
0,11711,0.5416195711387073
0,11712,0.3572369020010307
0,11713,0.38974524243401965
0,11714,0.7290447761254842
0,11715,0.7256042999332296
0,11716,0.5793766556730929
0,11717,0.762325883591795
0,11718,0.6471255454606185
0,11719,0.6617092981307112
0,11720,0.6255439599300306
0,11721,0.569034275106367
0,11722,0.6619454462279836
0,11723,0.7370120010194687
0,11724,0.6941821163546538
0,11725,0.8662972772246167
0,11726,0.7659886693772228
0,11727,0.7446414827606463
0,11728,0.5262805006923684
0,11729,0.5754569334565659
0,11730,0.5826323420330449
0,11731,0.6748780598471826
0,11732,0.8071428711317625
0,11733,0.7189533465868222
0,11734,0.6446051170800614
0,11735,0.8063999863968018
0,11736,0.8524763423639244
0,11737,0.8510747647822701
0,11738,0.7568838936590689
0,11739,0.7733023196346883
0,11740,0.5954433293369894
0,11741,0.5607757789437471
0,11742,0.5971309151365278
0,11743,0.6214324303357687
0,11744,0.6742627771922481
0,11745,0.5995798260635283
0,11746,0.6946819215466817
0,11747,0.7042805416836747
0,11748,0.7368556547051518
0,11749,0.8422062778859455
0,11750,0.8358913667186446
0,11751,0.8525709800114373
0,11752,0.6383831914877789
0,11753,0.49894469998481134
0,11754,0.5094176033825787
0,11755,0.5960840754043352
0,11756,0.6742681999461647
0,11757,0.6227913404928281
0,11758,0.6207401705350012
0,11759,0.7407263128533185
0,11760,0.7920416085782137
0,11761,0.8430434298367915
0,11762,0.7778392115155005
0,11763,0.38056310475780203
0,11764,0.4769803814931715
0,11765,0.5413266973240017
0,11766,0.5027353704544473
0,11767,0.5351352346861185
0,11768,0.2883628437755801
0,11769,0.7255072316301985
0,11770,0.7648340463878797
0,11771,0.6746600002985188
0,11772,0.6558772435075582
0,11773,0.6417745290751113
0,11774,0.7144585340413656
0,11775,0.70069744018671
0,11776,0.6238629422402394
0,11777,0.6602778720383795
0,11778,0.7359384118239097
0,11779,0.7156414416048726
0,11780,0.761270440713821
0,11781,0.7258295042140352
0,11782,0.610236973015059
0,11783,0.7757473761270294
0,11784,0.6800845983268271
0,11785,0.6179683371008113
0,11786,0.5955456172395449
0,11787,0.7605478300826718
0,11788,0.4543194714449758
0,11789,0.5974462048240967
0,11790,0.3973194812743495
0,11791,0.5836863401259416
0,11792,0.7020434250106667
0,11793,0.5878953714903404
0,11794,0.6807056245177177
0,11795,0.707998405493094
0,11796,0.7815664770786731
0,11797,0.7559293781284914
0,11798,0.5683399668816064
0,11799,0.7493922655540294
0,11800,0.7239761667691158
0,11801,0.6666192395514792
0,11802,0.7714841421365735
0,11803,0.8019667852263418
0,11804,0.7601339770029729
0,11805,0.8972782878496672
0,11806,0.78819284507532406
0,11807,0.597180930378856
0,11808,0.7100071361419572
0,11809,0.6173819281435474
0,11810,0.6304474195588547
0,11811,0.6238301367035307
0,11812,0.656900486148313
0,11813,0.660175120793213
0,11814,0.6409936819718051
0,11815,0.6269050399153789
0,11816,0.6218896408581974
0,11817,0.5700334911404032
0,11818,0.6512783643603619
0,11819,0.6442837378147347
0,11820,0.6431635308464575
0,11821,0.8909980847684474
0,11822,0.7465717793460784
0,11823,0.6410648769603359
0,11824,0.7442649217468569
0,11825,0.7585442375045852
0,11826,0.7725325853759506
0,11827,0.6981236357436136
0,11828,0.6974714019088568
0,11829,0.58782373147572
0,11830,0.7140994873044861
0,11831,0.6923634907875125
0,11832,0.6880249614285157
0,11833,0.6631934853542836
0,11834,0.6963300416691989
0,11835,0.4573221930815311
0,11836,0.5543523671030427
0,11837,0.5220697319551241
0,11838,0.7230641227878873
0,11839,0.5535037097643507
0,11840,0.7300510274162114
0,11841,0.6811086203087122
0,11842,0.7614091764523037
0,11843,0.7015607892749326
0,11844,0.7085943875113417
0,11845,0.6924920496409478
0,11846,0.7200062342473851
0,11847,0.6714417970180221
0,11848,0.6157933798489865
0,11849,0.7444286523038378
0,11850,0.71293320878397
0,11851,0.706833338059429
0,11852,0.8011284497219803
0,11853,0.628334259222994
0,11854,0.6469896169200376
0,11855,0.6597274502041545
0,11856,0.8300229074439701
0,11857,0.7395549768162715
0,11858,0.7573905187277713
0,11859,0.7305582775291773
0,11860,0.6683497414859715
0,11861,0.5899982405176647
0,11862,0.38463867968294957
0,11863,0.5156298275933991
0,11864,0.52620735780611
0,11865,0.6154708134616408
0,11866,0.39327885405321855
0,11867,0.4781172312131365
0,11868,0.6389603047020016
0,11869,0.4927735642282765
0,11870,0.7264028578133825
0,11871,0.6044490896391944
0,11872,0.6487939958432825
0,11873,0.6001757223338091
0,11874,0.6488368292596094
0,11875,0.6205987128022464
0,11876,0.6182698386470793
0,11877,0.5910224351115368
0,11878,0.5950303944518159
0,11879,0.7980224052622857
0,11880,0.8150726051343591
0,11881,0.7699537979526653
0,11882,0.5241049516646955
0,11883,0.3953025995965413
0,11884,0.6873194663454242
0,11885,0.8091790499551352
0,11886,0.7515190742880975
0,11887,0.8147137822859098
0,11888,0.6539641267944059
0,11889,0.5814636960491483
0,11890,0.7521650327662904
0,11891,0.5703020572036832
0,11892,0.7602555603140789
0,11893,0.4722809831482243
0,11894,0.6005249250998861
0,11895,0.6358609393740168
0,11896,0.7325460537347602
0,11897,0.7477490882874177
0,11898,0.5260123925844712
0,11899,0.613207760491231
0,11900,0.744628305034101
0,11901,0.6047641148028947
0,11902,0.6535171069315346
0,11903,0.7035369510221902
0,11904,0.46490219930093685
0,11905,0.6570270138339785
0,11906,0.6455080187807997
0,11907,0.7143687311237111
0,11908,0.797258945203185
0,11909,0.6932355187302718
0,11910,0.7316934759092939
0,11911,0.6626401974489763
0,11912,0.5748361920666085
0,11913,0.6580895948955191
0,11914,0.6176201646112865
0,11915,0.7034634381434625
0,11916,0.7290980242489448
0,11917,0.6130727155114435
0,11918,0.6817129149981433
0,11919,0.5000878267737349
0,11920,0.7011937493327899
0,11921,0.6721285438717631
0,11922,0.682124372454005
0,11923,0.6809607209454859
0,11924,0.5998706320495808
0,11925,0.5002211895654421
0,11926,0.5925120109689178
0,11927,0.707917605788869
0,11928,0.7289673371864389
0,11929,0.735417322891506
0,11930,0.7274977270605475
0,11931,0.650077200267222
0,11932,0.5759316448788111
0,11933,0.9214366883202021
0,11934,0.899744885908229
0,11935,0.2154014617178156
0,11936,0.42089240721034105
0,11937,0.298490983528696
0,11938,0.7494208727514884
0,11939,0.6938429863635633
0,11940,0.7444980630167751
0,11941,0.7171521138110688
0,11942,0.7895011775005537
0,11943,0.7983541159955684
0,11944,0.8183591434178384
0,11945,0.690004453792931
0,11946,0.5299208890280384
0,11947,0.5275132984794859
0,11948,0.5596420055888172
0,11949,0.7071354436116957
0,11950,0.679774388451967
0,11951,0.6385241266066527
0,11952,0.5708818976775951
0,11953,0.7287725649349011
0,11954,0.42951112879682196
0,11955,0.6433819451973298
0,11956,0.6080931998329677
0,11957,0.5776943942251265
0,11958,0.759564395994201
0,11959,0.6459619035646305
0,11960,0.5025608279205621
0,11961,0.6920976546085678
0,11962,0.64708633407859
0,11963,0.746026026421764
0,11964,0.6671338141002627
0,11965,0.5385643177269013
0,11966,0.7744856406570267
0,11967,0.6436000054657451
0,11968,0.6928356665477376
0,11969,0.7819432289342815
0,11970,0.7078805055537785
0,11971,0.8686730145203972
0,11972,0.7323794727058074
0,11973,0.6580463296902348
0,11974,0.5421988905240072
0,11975,0.6723512066098539
0,11976,0.7068983652638136
0,11977,0.8224558804282484
0,11978,0.7423260195870791
0,11979,0.6809605197707594
0,11980,0.6332121593666703
0,11981,0.618214238609916
0,11982,0.7006328349852969
0,11983,0.48592516203989156
0,11984,0.4560795767300724
0,11985,0.567304136436718
0,11986,0.5893068533909345
0,11987,0.7141184405175899
0,11988,0.7691299465923725
0,11989,0.7193107374354923
0,11990,0.6506089870122056
0,11991,0.6683521073107611
0,11992,0.7911410907263549
0,11993,0.6736657218497825
0,11994,0.5883986877958916
0,11995,0.5872618091011657
0,11996,0.5448098396120512
0,11997,0.5380530730178447
0,11998,0.6243783984699635
0,11999,0.8173222103983523
0,12000,0.804228748313352
0,12001,0.7851030697711532
0,12002,0.5089621376762357
0,12003,0.8427319011575135
0,12004,0.832108334341063
0,12005,0.8125117065056294
0,12006,0.6943217362244631
0,12007,0.7394469212453538
0,12008,0.5023322648159898
0,12009,0.6962418099909246
0,12010,0.8315514676096528
0,12011,0.639688709899543
0,12012,0.7616228279531599
0,12013,0.6906872360009624
0,12014,0.6290430077465097
0,12015,0.56836767064674
0,12016,0.6893895429069528
0,12017,0.6150972295932704
0,12018,0.7012821004479337
0,12019,0.6056904353570877
0,12020,0.7175366956421856
0,12021,0.540373654491982
0,12022,0.5175531814016613
0,12023,0.6167247450799623
0,12024,0.7602808855833827
0,12025,0.6636317651444597
0,12026,0.7994963230963696
0,12027,0.7580883132356173
0,12028,0.7670907105602148
0,12029,0.627132447211827
0,12030,0.8408803655815806
0,12031,0.7086894257380649
0,12032,0.642385907533013
0,12033,0.4995303490518961
0,12034,0.5089129807329262
0,12035,0.6816139894748564
0,12036,0.669375876691328
0,12037,0.7967641715045233
0,12038,0.5284025639277434
0,12039,0.5812971632481413
0,12040,0.5083233824832268
0,12041,0.7877800366285831
0,12042,0.7537847434371849
0,12043,0.7944441914556245
0,12044,0.6975208605414774
0,12045,0.6384232316532674
0,12046,0.5413429920433966
0,12047,0.5704362661032729
0,12048,0.7000949894236663
0,12049,0.7102468872150353
0,12050,0.6637317669270378
0,12051,0.5784639617105806
0,12052,0.5510954770940399
0,12053,0.49134844484004003
0,12054,0.4383935400082117
0,12055,0.5015665598446203
0,12056,0.4964299020202178
0,12057,0.923982368306155
0,12058,0.7234936836775614
0,12059,0.7721459513605197
0,12060,0.5458907239895087
0,12061,0.7348057892910752
0,12062,0.610280869083527
0,12063,0.8196451655549359
0,12064,0.6455410414763036
0,12065,0.753466837949245
0,12066,0.7139381988862202
0,12067,0.6368174219499722
0,12068,0.5348325039250041
0,12069,0.6035905944085476
0,12070,0.6248725501689156
0,12071,0.6326251651228529
0,12072,0.6443948677849175
0,12073,0.5394729882266603
0,12074,0.6258396531257612
0,12075,0.6989779142997309
0,12076,0.5599338381025702
0,12077,0.7470510814258972
0,12078,0.7834008229923585
0,12079,0.7057576057368495
0,12080,0.648814175029393
0,12081,0.701806920889667
0,12082,0.6384777345663883
0,12083,0.669696745528363
0,12084,0.7416154683890122
0,12085,0.7615555012602669
0,12086,0.6757021338882234
0,12087,0.5649956868054326
0,12088,0.5440066480707384
0,12089,0.6775175536400229
0,12090,0.7287270701841642
0,12091,0.765668118374875
0,12092,0.7314681784438102
0,12093,0.8651442546562083
0,12094,0.8675524915893962
0,12095,0.8074364053078931
0,12096,0.7862687589605455
0,12097,0.8048705035487007
0,12098,0.71336311254521
0,12099,0.7182104360674884
0,12100,0.6569465824864079
0,12101,0.7061779833396471
0,12102,0.805589168576959
0,12103,0.7068287825311617
0,12104,0.7967115104986529
0,12105,0.7489350451097737
0,12106,0.7284827928642729
0,12107,0.6284761809829031
0,12108,0.540160606967256
0,12109,0.5847743760682301
0,12110,0.7390803434730829
0,12111,0.6968581903798214
0,12112,0.7248382404474651
0,12113,0.8303285072423203
0,12114,0.6962880639475325
0,12115,0.7040808946560592
0,12116,0.5456416256129548
0,12117,0.6439482811601073
0,12118,0.5593696805938466
0,12119,0.8323800071296529
0,12120,0.7646959944780817
0,12121,0.7217814018173486
0,12122,0.6247977150581262
0,12123,0.5902028118802426
0,12124,0.5879168927273106
0,12125,0.5926944397208465
0,12126,0.46306989101778484
0,12127,0.8117735669846268
0,12128,0.7769576349564536
0,12129,0.8440394682592123
0,12130,0.7947175779736518
0,12131,0.8216150788418249
0,12132,0.7408578734762394
0,12133,0.6938750952940056
0,12134,0.6494265352815894
0,12135,0.5377535816512339
0,12136,0.4664938399383477
0,12137,0.492372531176082
0,12138,0.6655619109958882
0,12139,0.779984415511627
0,12140,0.8076435478183869
0,12141,0.7753224289605454
0,12142,0.7768826184185752
0,12143,0.690961381730006
0,12144,0.7511064677467889
0,12145,0.7598967578076654
0,12146,0.6539412293903291
0,12147,0.6929694811568897
0,12148,0.7048141558456787
0,12149,0.4672901208640397
0,12150,0.6001199971662121
0,12151,0.4818596010745894
0,12152,0.557097544923956
0,12153,0.5696664826631793
0,12154,0.4667493249243329
0,12155,0.5753350891335867
0,12156,0.6739914076422171
0,12157,0.6448807061482451
0,12158,0.6320518631746941
0,12159,0.7507161945776755
0,12160,0.7058625122017621
0,12161,0.6385705425057305
0,12162,0.7072046998649463
0,12163,0.6777871605132306
0,12164,0.6782670179359866
0,12165,0.45243790066761
0,12166,0.6752061813377556
0,12167,0.6020321204353583
0,12168,0.63194449902136
0,12169,0.4098608016224473
0,12170,0.5910758407850971
0,12171,0.7924589258815413
0,12172,0.7218758833803958
0,12173,0.6694587935614391
0,12174,0.7473762620736547
0,12175,0.7270505576948749
0,12176,0.5683904666569549
0,12177,0.8088794998392853
0,12178,0.6485992965112406
0,12179,0.5361176794178882
0,12180,0.36536171751447444
0,12181,0.7660679788472112
0,12182,0.8363456363727855
0,12183,0.3582589370649713
0,12184,0.8825158494444224
0,12185,0.8134401593355268
0,12186,0.7562722048591907
0,12187,0.6529454448866148
0,12188,0.5401276060642259
0,12189,0.694335107068862
0,12190,0.4173234663917933
0,12191,0.6953792475689152
0,12192,0.46845441600797727
0,12193,0.6138115703910485
0,12194,0.6045646074760938
0,12195,0.7000402068159279
0,12196,0.6051772651244441
0,12197,0.7440124905421485
0,12198,0.6542704966336924
0,12199,0.7507702792177555
0,12200,0.6220101051090937
0,12201,0.6709962390546517
0,12202,0.7949593356840841
0,12203,0.7154677357243663
0,12204,0.7328940862161034
0,12205,0.6058978981042011
0,12206,0.6928575224523894
0,12207,0.7257107280949492
0,12208,0.51770098073278
0,12209,0.5115526408427014
0,12210,0.6923348726151966
0,12211,0.622708114147973
0,12212,0.6673588647229436
0,12213,0.7398329884480878
0,12214,0.646789623268959
0,12215,0.7656707918946
0,12216,0.6453359291598498
0,12217,0.6884494412824868
0,12218,0.5211500111270713
0,12219,0.5799404716220189
0,12220,0.5384977435620841
0,12221,0.4750768781427439
0,12222,0.6673835347890938
0,12223,0.5753121823587223
0,12224,0.6280026007753348
0,12225,0.5501054055494339
0,12226,0.7552898101469322
0,12227,0.749797939283621
0,12228,0.7202370713924892
0,12229,0.8301463379321027
0,12230,0.805571050844883
0,12231,0.7236760860707658
0,12232,0.8742992020645327
0,12233,0.7256619983571779
0,12234,0.7693642691182272
0,12235,0.7810939905397166
0,12236,0.7267078398606901
0,12237,0.6630934420670116
0,12238,0.5993580726113361
0,12239,0.7621880879601647
0,12240,0.6446245137832229
0,12241,0.6147595919782446
0,12242,0.5883773432247469
0,12243,0.8408582681155229
0,12244,0.7017887515965322
0,12245,0.6861055903711962
0,12246,0.7010753591196435
0,12247,0.6254341745000728
0,12248,0.8331904893233472
0,12249,0.6678417508369157
0,12250,0.7862623666877099
0,12251,0.865991377195757
0,12252,0.7910524714260019
0,12253,0.6988493842129635
0,12254,0.6507132272272244
0,12255,0.6873384034539485
0,12256,0.7455544733477444
0,12257,0.6755241198123038
0,12258,0.6655702850011478
0,12259,0.6444537058444505
0,12260,0.7322206596118289
0,12261,0.5636492208927529
0,12262,0.610587895803919
0,12263,0.7845630121497251
0,12264,0.7887435309505931
0,12265,0.8337007986762678
0,12266,0.5827020163970658
0,12267,0.7119665284465374
0,12268,0.6818955709094141
0,12269,0.5000448506768076
0,12270,0.6982693957372311
0,12271,0.7379265322534343
0,12272,0.861198652720094
0,12273,0.8847345903592296
0,12274,0.7961672061357975
0,12275,0.6826891258057884
0,12276,0.5588692890158331
0,12277,0.7790873189944009
0,12278,0.656097759195585
0,12279,0.6119930257262951
0,12280,0.5864985632845839
0,12281,0.5965973234102001
0,12282,0.534151705622096
0,12283,0.7719810879615373
0,12284,0.8099403794044088
0,12285,0.7733905254039724
0,12286,0.6766117916562112
0,12287,0.8323231388718417
0,12288,0.5764636224659424
0,12289,0.7184504879259691
0,12290,0.4787096305357768
0,12291,0.6982736027187871
0,12292,0.562448512636827
0,12293,0.6778592047403639
0,12294,0.6774787883504348
0,12295,0.7200843217704688
0,12296,0.6595308256883761
0,12297,0.6001740061905239
0,12298,0.5513867458156166
0,12299,0.6532000561915575
0,12300,0.7554010581713608
0,12301,0.6234264813527127
0,12302,0.6460208742723098
0,12303,0.6456324671967851
0,12304,0.2774514795428515
0,12305,0.6567908691154719
0,12306,0.46845439358416224
0,12307,0.6380556953151866
0,12308,0.7497312384773757
0,12309,0.5151391747690149
0,12310,0.598679501127017
0,12311,0.813627623602822
0,12312,0.7965449364370912
0,12313,0.4782572580828329
0,12314,0.8704534602477565
0,12315,0.7558822398110755
0,12316,0.7478533040392888
0,12317,0.560132031434165
0,12318,0.5990650137015551
0,12319,0.612655053075629
0,12320,0.42147753336460547
0,12321,0.4183250033479499
0,12322,0.6726836721295001
0,12323,0.5593285143275488
0,12324,0.7611750237475744
0,12325,0.8258256605314143
0,12326,0.8280337047169881
0,12327,0.7750382566552315
0,12328,0.8070905516848598
0,12329,0.5612572741543513
0,12330,0.6306438596670172
0,12331,0.6382173245086492
0,12332,0.7237359098962911
0,12333,0.8223309613710151
0,12334,0.4890979709279596
0,12335,0.6647493846360807
0,12336,0.7920082249112728
0,12337,0.5478655174129192
0,12338,0.730967302054618
0,12339,0.623769704492855
0,12340,0.6844499106106807
0,12341,0.7332457357898018
0,12342,0.7017437279673964
0,12343,0.6960913398048524
0,12344,0.7418521552303718
0,12345,0.7632157075682954
0,12346,0.6104930171813004
0,12347,0.5877333842759721
0,12348,0.707975493313228
0,12349,0.5993675012564829
0,12350,0.691825506888385
0,12351,0.6159079870839238
0,12352,0.737066628747312
0,12353,0.7587029149621333
0,12354,0.7520267335846452
0,12355,0.7663837373695838
0,12356,0.7569062777821762
0,12357,0.7018580866918137
0,12358,0.7366898813967812
0,12359,0.6102344929283892
0,12360,0.7342756661021447
0,12361,0.5902645439897485
0,12362,0.7394207534017071
0,12363,0.7001283332505995
0,12364,0.678882772796831
0,12365,0.5402733361369528
0,12366,0.7435295945031742
0,12367,0.7142629422118041
0,12368,0.6926911487193587
0,12369,0.4646988978748887
0,12370,0.447974902271894
0,12371,0.4068169632892907
0,12372,0.22153121009327906
0,12373,0.25639379196429357
0,12374,0.2344422204445594
0,12375,0.6197466588919924
0,12376,0.6667563746915179
0,12377,0.48439242503252233
0,12378,0.6887698540005512
0,12379,0.6675946498575529
0,12380,0.6769708732909977
0,12381,0.7163314694283276
0,12382,0.5693542526701042
0,12383,0.6077807048482111
0,12384,0.4885891425166068
0,12385,0.7540506077357163
0,12386,0.8185909229100172
0,12387,0.8074914691969984
0,12388,0.7315124174459203
0,12389,0.6589668483095923
0,12390,0.729564748423242
0,12391,0.537488579404973
0,12392,0.39255389686007897
0,12393,0.5031044333445547
0,12394,0.5890481875633424
0,12395,0.8316845118890449
0,12396,0.6721612130880404
0,12397,0.6796175689206528
0,12398,0.5911001528722312
0,12399,0.6326559823378375
0,12400,0.708412774249886
0,12401,0.7567053529121318
0,12402,0.51685486733537
0,12403,0.6402902186206272
0,12404,0.46225517362930985
0,12405,0.5953023341382525
0,12406,0.4802738767589301
0,12407,0.6174835305116254
0,12408,0.5104299349551251
0,12409,0.6603129938658695
0,12410,0.7767723863728846
0,12411,0.7173397233655601
0,12412,0.7931902709176841
0,12413,0.7979869151763204
0,12414,0.7914514193962225
0,12415,0.4428361529215682
0,12416,0.5182183745759522
0,12417,0.5941711895023234
0,12418,0.5636929980848621
0,12419,0.5831802429452407
0,12420,0.6783056463687334
0,12421,0.4477183805789908
0,12422,0.4058558983339712
0,12423,0.49870128571842437
0,12424,0.3906810864876361
0,12425,0.6709192064355968
0,12426,0.3724610631453498
0,12427,0.5799907150883484
0,12428,0.534526172459674
0,12429,0.6080617793370402
0,12430,0.6620335471538572
0,12431,0.6503008995480805
0,12432,0.6427578651300039
0,12433,0.7234061853546802
0,12434,0.5986247683727605
0,12435,0.5311760367484621
0,12436,0.7529849184924391
0,12437,0.6164483954282065
0,12438,0.5793353862331294
0,12439,0.7084008891490856
0,12440,0.5768742106238357
0,12441,0.5208642546930995
0,12442,0.569217617224254
0,12443,0.6811453645559695
0,12444,0.618169338035977
0,12445,0.7087422963977502
0,12446,0.7127815236753731
0,12447,0.6218338845588162
0,12448,0.9232775352502981
0,12449,0.7266496449522507
0,12450,0.6651057865129626
0,12451,0.6859646981606422
0,12452,0.6027066075568396
0,12453,0.5428827330202398
0,12454,0.6381179391629076
0,12455,0.7531576310038469
0,12456,0.6787875635519977
0,12457,0.6875795623713072
0,12458,0.5619612942522039
0,12459,0.5694043379132235
0,12460,0.49273854117177707
0,12461,0.7322341052090059
0,12462,0.6287508116744781
0,12463,0.7526012156740808
0,12464,0.8080374780634909
0,12465,0.7239762485396826
0,12466,0.7201075404320444
0,12467,0.7544153910562267
0,12468,0.815080418050401
0,12469,0.8229123692711362
0,12470,0.7419191757909392
0,12471,0.6125142333624111
0,12472,0.6252233967239208
0,12473,0.8687107299253066
0,12474,0.7625733209315816
0,12475,0.8007060537928331
0,12476,0.8838001805517187
0,12477,0.8484317644325524
0,12478,0.7995401495600932
0,12479,0.6828563107123168
0,12480,0.6226343687195747
0,12481,0.6737179809197973
0,12482,0.6649631061985328
0,12483,0.5554865855863191
0,12484,0.6692563520869986
0,12485,0.7154950611753329
0,12486,0.6031621338228659
0,12487,0.5539790386686578
0,12488,0.8005973381784988
0,12489,0.7481756811361482
0,12490,0.672900190176014
0,12491,0.7358414203811534
0,12492,0.5751907361688634
0,12493,0.811333021343192
0,12494,0.6484349292160481
0,12495,0.7695882855722124
0,12496,0.7669092990274677
0,12497,0.5661597446035075
0,12498,0.6947053346952261
0,12499,0.6660129903763441
0,12500,0.5756664972375015
0,12501,0.44761169604756157
0,12502,0.531120201057045
0,12503,0.5787696405758977
0,12504,0.5019230364893881
0,12505,0.6815315410404696
0,12506,0.5735358618122371
0,12507,0.6785428653172495
0,12508,0.6191362098065092
0,12509,0.544902609891025
0,12510,0.6492847592419985
0,12511,0.5712265803784762
0,12512,0.8301478213797866
0,12513,0.5805121353524039
0,12514,0.6591261270253702
0,12515,0.7273174135943401
0,12516,0.5596925179194056
0,12517,0.6425071277709153
0,12518,0.6727035539074682
0,12519,0.6091105276120058
0,12520,0.6888359148675701
0,12521,0.667768008785925
0,12522,0.6823004601439421
0,12523,0.29577228246559073
0,12524,0.8098613205245031
0,12525,0.7415431567490508
0,12526,0.8418679105717898
0,12527,0.7903539219590325
0,12528,0.8298776057011762
0,12529,0.7178322861630227
0,12530,0.675754685347098
0,12531,0.6651794084680817
0,12532,0.6422986549896249
0,12533,0.5699741087007639
0,12534,0.655912070312656
0,12535,0.6223659546859861
0,12536,0.633452836713678
0,12537,0.5350583554724274
0,12538,0.6136461133157614
0,12539,0.7470871017338494
0,12540,0.6273000084151983
0,12541,0.8273001472295826
0,12542,0.5802146662994966
0,12543,0.5201222361622241
0,12544,0.49646553631784346
0,12545,0.5869030216149707
0,12546,0.6378439840640896
0,12547,0.5137201117721523
0,12548,0.8462958501713873
0,12549,0.7964389363850284
0,12550,0.8131867389027645
0,12551,0.7855595519125624
0,12552,0.754429988964185
0,12553,0.5688200817146105
0,12554,0.791647505013979
0,12555,0.7908003070001273
0,12556,0.769227682131165
0,12557,0.7131044126192405
0,12558,0.556545417029706
0,12559,0.5665241908451216
0,12560,0.589925351136475
0,12561,0.7775642775755353
0,12562,0.5834453011185678
0,12563,0.7501288481660724
0,12564,0.6471510538091605
0,12565,0.7549470188646119
0,12566,0.803013281848836
0,12567,0.6992073761871255
0,12568,0.7309689020751855
0,12569,0.8403846536349544
0,12570,0.7319969839949907
0,12571,0.6607644724707412
0,12572,0.6143389046746641
0,12573,0.526322217171456
0,12574,0.8740886640382699
0,12575,0.8703751602885216
0,12576,0.8342375026795974
0,12577,0.5622700499017519
0,12578,0.6410924552351829
0,12579,0.5843946403974877
0,12580,0.36607699415462613
0,12581,0.7400604650764683
0,12582,0.6815943306956824
0,12583,0.6302710949594258
0,12584,0.5502302654986119
0,12585,0.5818695429681368
0,12586,0.5525631086440319
0,12587,0.7755829920401488
0,12588,0.8241487971477282
0,12589,0.5410863842709225
0,12590,0.7762166803050977
0,12591,0.7849415410832791
0,12592,0.43160327106609586
0,12593,0.4181144897142342
0,12594,0.3000352387612803
0,12595,0.3303698528105875
0,12596,0.29517272598125216
0,12597,0.3215004253133738
0,12598,0.3958834248987706
0,12599,0.64622270247750635
0,12600,0.7111803608387006
0,12601,0.5904408503815478
0,12602,0.7842798139227755
0,12603,0.8061156776410502
0,12604,0.5353085579010477
0,12605,0.7459878607058279
0,12606,0.750016489819698
0,12607,0.5956842225979919
0,12608,0.7235053155345892
0,12609,0.755867778241086
0,12610,0.7973274365524311
0,12611,0.6561879085820294
0,12612,0.6378472386259608
0,12613,0.6724885138625034
0,12614,0.7844697805104822
0,12615,0.6956191215148109
0,12616,0.7877198873314476
0,12617,0.8285238523042198
0,12618,0.7470233933828373
0,12619,0.7149867967343652
0,12620,0.7880088973330892
0,12621,0.5781761513693586
0,12622,0.5691987450642674
0,12623,0.7592873852057376
0,12624,0.7033802172120774
0,12625,0.44309801750232486
0,12626,0.48002480762677857
0,12627,0.5953398263941561
0,12628,0.4912620334522201
0,12629,0.7351785540009586
0,12630,0.7327629064546055
0,12631,0.6350963648086263
0,12632,0.7227753400292549
0,12633,0.5179297195716529
0,12634,0.7758542467101914
0,12635,0.6833587668997463
0,12636,0.4358902179877224
0,12637,0.6265065551627671
0,12638,0.6454988915812836
0,12639,0.661491359002672
0,12640,0.7307119884898062
0,12641,0.604939111129597
0,12642,0.6389725543005624
0,12643,0.6453708837542415
0,12644,0.5657176900838846
0,12645,0.5674156926434282
0,12646,0.6833293135806827
0,12647,0.6535903364736821
0,12648,0.5822944508469821
0,12649,0.5810912226464614
0,12650,0.6722003002552167
0,12651,0.6828293340165998
0,12652,0.6861421488185684
0,12653,0.5837047115506065
0,12654,0.5445731679552863
0,12655,0.5200999212028079
0,12656,0.4878394574036551
0,12657,0.753057061145494
0,12658,0.6963927437065608
0,12659,0.6851779123060436
0,12660,0.5717636408601122
0,12661,0.5866660015688314
0,12662,0.6939195039592795
0,12663,0.6909406472758644
0,12664,0.5817188268598797
0,12665,0.6144137516310131
0,12666,0.6366319986182911
0,12667,0.6425637227268831
0,12668,0.8051986588796194
0,12669,0.7417627724498916
0,12670,0.5668101840626
0,12671,0.5985099457350576
0,12672,0.520040778316257
0,12673,0.729868924362401
0,12674,0.4969481068179553
0,12675,0.5832101026895798
0,12676,0.5359425074643085
0,12677,0.7075481583304668
0,12678,0.8540517562111986
0,12679,0.7894307176088347
0,12680,0.8193685060346227
0,12681,0.626907226930065
0,12682,0.4956302919893214
0,12683,0.46732675972701243
0,12684,0.3695241511150721
0,12685,0.6191190840775286
0,12686,0.6407914719398403
0,12687,0.6643589779064266
0,12688,0.6194124424375057
0,12689,0.6899871807419284
0,12690,0.7896136821345257
0,12691,0.7106836393972346
0,12692,0.7553681447133668
0,12693,0.5900412290415276
0,12694,0.7493312585230552
0,12695,0.6058141920346946
0,12696,0.5512652513087181
0,12697,0.7454537398449421
0,12698,0.7873605750665266
0,12699,0.706593187310575
0,12700,0.7408818720249539
0,12701,0.7384453570780893
0,12702,0.6133414776926457
0,12703,0.5988308407772772
0,12704,0.6433196446590017
0,12705,0.6483658494677751
0,12706,0.7232173637233796
0,12707,0.7471085889192909
0,12708,0.7051797523876401
0,12709,0.6134894576515969
0,12710,0.6476434061616538
0,12711,0.6656270284818887
0,12712,0.5846544231902395
0,12713,0.6260165391040112
0,12714,0.801476882544934
0,12715,0.8196116084516809
0,12716,0.8499236793244039
0,12717,0.7803395152607439
0,12718,0.6484768594970308
0,12719,0.7869170691298598
0,12720,0.6377805602346855
0,12721,0.4393501425493053
0,12722,0.5736941382660715
0,12723,0.5193249469131641
0,12724,0.6874192123269897
0,12725,0.5852015379946927
0,12726,0.4831525088532768
0,12727,0.5333662831882174
0,12728,0.6243713114888166
0,12729,0.7338439017544373
0,12730,0.5459908581604279
0,12731,0.6393448471232622
0,12732,0.3406047518128557
0,12733,0.3666917317604688
0,12734,0.681410318630046
0,12735,0.6664466144441935
0,12736,0.5975568881080681
0,12737,0.6177810576230665
0,12738,0.6316646634227264
0,12739,0.7290073863116144
0,12740,0.6547395202595874
0,12741,0.6814616645764985
0,12742,0.6050945991206395
0,12743,0.7748336570324945
0,12744,0.7263380556308746
0,12745,0.6041153125894716
0,12746,0.6919302214503213
0,12747,0.6541409813397514
0,12748,0.7541609299341542
0,12749,0.6540370245771503
0,12750,0.5445727922381762
0,12751,0.49318617006120646
0,12752,0.6704537891003137
0,12753,0.47231909598819904
0,12754,0.5406167259295386
0,12755,0.7316946272112193
0,12756,0.8012078651912286
0,12757,0.7220688262334438
0,12758,0.6815019433808257
0,12759,0.6264613157961639
0,12760,0.37042691624918156
0,12761,0.5889740206204931
0,12762,0.65870735135362
0,12763,0.7965162199439731
0,12764,0.7982338116959712
0,12765,0.64087098321901
0,12766,0.5612583233339604
0,12767,0.6725262421680286
0,12768,0.5868949127605598
0,12769,0.5942847432691416
0,12770,0.6883459291441167
0,12771,0.6798143313037592
0,12772,0.7340020458154654
0,12773,0.7047872471207575
0,12774,0.7476257116099484
0,12775,0.7394247808599167
0,12776,0.6827424220579968
0,12777,0.6357408095445992
0,12778,0.5685152060685438
0,12779,0.6772214147837089
0,12780,0.7444764280593034
0,12781,0.6800277350001109
0,12782,0.565590688470848
0,12783,0.7898915152386499
0,12784,0.5172046965089728
0,12785,0.6067833082310833
0,12786,0.6718771343755409
0,12787,0.6083703192516603
0,12788,0.5096425666361266
0,12789,0.46851056384565914
0,12790,0.5332120812596732
0,12791,0.32519499360753357
0,12792,0.770362166804672
0,12793,0.6999538518056928
0,12794,0.7834920094982711
0,12795,0.5105340921794422
0,12796,0.6055857148788533
0,12797,0.42717360868258814
0,12798,0.5527812657123236
0,12799,0.47765899951384416
0,12800,0.5111350079927828
0,12801,0.5817237034149674
0,12802,0.683525061248215
0,12803,0.6204667988896256
0,12804,0.4175648018536862
0,12805,0.4337329189720933
0,12806,0.6490604579195172
0,12807,0.45849536998083296
0,12808,0.332955586185887
0,12809,0.17163893973165684
0,12810,0.1684365319750348
0,12811,0.7247545865111864
0,12812,0.8182403455461681
0,12813,0.7095789915005231
0,12814,0.3414689650457677
0,12815,0.13113422984338227
0,12816,0.6398171188003038
0,12817,0.657326261403396
0,12818,0.436778332547704
0,12819,0.6055081102024151
0,12820,0.45853235281656696
0,12821,0.4086881075387288
0,12822,0.8100836499390621
0,12823,0.5891997013274808
0,12824,0.638948903857787
0,12825,0.6111240246298457
0,12826,0.7848615602655901
0,12827,0.6720338777203086
0,12828,0.5953806067056951
0,12829,0.6538827516196758
0,12830,0.5928206087278026
0,12831,0.6346460198153275
0,12832,0.5541029687438206
0,12833,0.7332564863067197
0,12834,0.6285661670565177
0,12835,0.5688994757534281
0,12836,0.6863721039679433
0,12837,0.6408853674530616
0,12838,0.6798944123265012
0,12839,0.7539826838631757
0,12840,0.549283676219997
0,12841,0.6857177860918919
0,12842,0.7375840519385748
0,12843,0.6628460933987987
0,12844,0.5706959235716166
0,12845,0.5098278392852486
0,12846,0.7872782938215885
0,12847,0.7540250520660052
0,12848,0.7745392751518342
0,12849,0.602250376403668
0,12850,0.47681089105862307
0,12851,0.6699826086079256
0,12852,0.8322435310130712
0,12853,0.7953124734925987
0,12854,0.4802892370428724
0,12855,0.6354879127591897
0,12856,0.6952211968116024
0,12857,0.847922494529254
0,12858,0.6636250533191338
0,12859,0.6333470292125758
0,12860,0.6296044773906262
0,12861,0.7221959124130207
0,12862,0.5831329276149381
0,12863,0.5370827128054676
0,12864,0.4748653298018369
0,12865,0.6685088618522522
0,12866,0.7838541525348895
0,12867,0.7175498942493943
0,12868,0.8121978037677474
0,12869,0.7560496874006608
0,12870,0.6972863073722443
0,12871,0.6183972954878203
0,12872,0.5704921838926124
0,12873,0.714764724503258
0,12874,0.8217418861525988
0,12875,0.7757265525149112
0,12876,0.5919350147715912
0,12877,0.7654947163433327
0,12878,0.6685159703595598
0,12879,0.6875334249042432
0,12880,0.6869759666334522
0,12881,0.8615595434513873
0,12882,0.6654753956358302
0,12883,0.5943410872030854
0,12884,0.6262855522210673
0,12885,0.7140674009779187
0,12886,0.6176169998902789
0,12887,0.7875700746690718
0,12888,0.5742397253726497
0,12889,0.5983396516707025
0,12890,0.6184631600033048
0,12891,0.7041912915748528
0,12892,0.47597362812407623
0,12893,0.8195249879813779
0,12894,0.6332573079397135
0,12895,0.7158920527231225
0,12896,0.7687377223555845
0,12897,0.7323935028068292
0,12898,0.45278444887288655
0,12899,0.6610654043486837
0,12900,0.5023829825842429
0,12901,0.654583881390012
0,12902,0.7648075307107732
0,12903,0.8672798571543254
0,12904,0.7557825987627347
0,12905,0.8370826988192965
0,12906,0.8240322710809862
0,12907,0.4956268320833923
0,12908,0.5487987256152939
0,12909,0.6170880049085214
0,12910,0.6748001530004318
0,12911,0.7406891203887216
0,12912,0.6346048789273022
0,12913,0.7350568780059888
0,12914,0.6524345751391514
0,12915,0.7269486850989608
0,12916,0.7161669221092837
0,12917,0.7632948345828255
0,12918,0.5281101174027717
0,12919,0.7388307660909005
0,12920,0.6468953236645244
0,12921,0.7417686505754634
0,12922,0.6463239310236188
0,12923,0.8059662059621001
0,12924,0.6797124158912933
0,12925,0.6300920508128884
0,12926,0.6034940324446253
0,12927,0.5969002402062734
0,12928,0.6645660188423012
0,12929,0.718259127340304
0,12930,0.5980408703888421
0,12931,0.7464154942964399
0,12932,0.7452853642940929
0,12933,0.6809140650172008
0,12934,0.6533595054016877
0,12935,0.48855047768602117
0,12936,0.5331386510167556
0,12937,0.6116019820643
0,12938,0.38157379584239387
0,12939,0.4439206974005002
0,12940,0.8203831919749646
0,12941,0.5682187996568359
0,12942,0.7697171512618577
0,12943,0.7559010189681772
0,12944,0.7308416248472066
0,12945,0.7117606357982944
0,12946,0.7249857636761615
0,12947,0.7017508464542458
0,12948,0.7394272436088195
0,12949,0.763407128711765
0,12950,0.6650118896222862
0,12951,0.5447931152314759
0,12952,0.6833202627632492
0,12953,0.45967440789598824
0,12954,0.6796102598549356
0,12955,0.5158715785998247
0,12956,0.7173188750409765
0,12957,0.6704462250260353
0,12958,0.6615277171290767
0,12959,0.4770743980483582
0,12960,0.8160116437237296
0,12961,0.653273922462212
0,12962,0.6707518387845124
0,12963,0.6712221741524245
0,12964,0.491402272317391
0,12965,0.5341458269556578
0,12966,0.5893933956137156
0,12967,0.7600318716774165
0,12968,0.7600063501936741
0,12969,0.6773470524754424
0,12970,0.8403112848439855
0,12971,0.7360622885572902
0,12972,0.5882755285703521
0,12973,0.6175750593837621
0,12974,0.6781296740707206
0,12975,0.8080005392889619
0,12976,0.9439358630450506
0,12977,0.9222105728017869
0,12978,0.913176746815913
0,12979,0.7436038517166296
0,12980,0.7336862429925911
0,12981,0.5776927758717102
0,12982,0.5395643933624273
0,12983,0.6047762335680675
0,12984,0.5428878727628532
0,12985,0.8661783671781317
0,12986,0.8263432827844038
0,12987,0.7517010561432534
0,12988,0.7054556036824426
0,12989,0.6864174280744613
0,12990,0.5418130623036627
0,12991,0.464380619319013
0,12992,0.5487577591212658
0,12993,0.7247160744607773
0,12994,0.5376784151332756
0,12995,0.5185790356267103
0,12996,0.5277173823241725
0,12997,0.5393398641239752
0,12998,0.556997905527024
0,12999,0.33310750003907336
0,13000,0.33521361095520136
0,13001,0.44904956887805436
0,13002,0.6703323577275893
0,13003,0.691929349884619
0,13004,0.7496045157445073
0,13005,0.7265151093445361
0,13006,0.5233902323262088
0,13007,0.5452233395650244
0,13008,0.6878627039094313
0,13009,0.519392501520119
0,13010,0.7475877229749455
0,13011,0.5356687763943887
0,13012,0.6371327469095779
0,13013,0.6320919376443274
0,13014,0.626325266322134
0,13015,0.7002868612816433
0,13016,0.7298365976664831
0,13017,0.5859207436621384
0,13018,0.6541439343211342
0,13019,0.6614716222466562
0,13020,0.5510548145231854
0,13021,0.4942039613389074
0,13022,0.6483455147935314
0,13023,0.6521605118325229
0,13024,0.539805258848317
0,13025,0.7467079223732502
0,13026,0.5523122404942559
0,13027,0.6690053128768353
0,13028,0.660502791125697
0,13029,0.7959614182820182
0,13030,0.740929805616037
0,13031,0.39326398180347094
0,13032,0.5263701380695168
0,13033,0.8637254610870384
0,13034,0.701603228656773
0,13035,0.767533960710996
0,13036,0.6788668943294486
0,13037,0.6922627223187093
0,13038,0.5944203587433209
0,13039,0.6628869560932955
0,13040,0.5832596580657958
0,13041,0.685125226875093
0,13042,0.650019323550996
0,13043,0.5821846993342642
0,13044,0.6816109937802467
0,13045,0.7023131325761729
0,13046,0.6761438614881756
0,13047,0.8062797364026236
0,13048,0.37580507991684964
0,13049,0.42629274355705793
0,13050,0.37074981457377104
0,13051,0.416777288639402
0,13052,0.554998544862324
0,13053,0.6479517829005175
0,13054,0.8023386063285786
0,13055,0.8149330397519735
0,13056,0.6735635147352198
0,13057,0.5821981004158132
0,13058,0.554668479167762
0,13059,0.7358170426037015
0,13060,0.708562235281069
0,13061,0.6592384492391938
0,13062,0.49915581474208104
0,13063,0.6166922833005897
0,13064,0.5611035083615976
0,13065,0.5602795132836041
0,13066,0.8200735184860334
0,13067,0.7222679247242728
0,13068,0.6246151831313003
0,13069,0.6346610639069449
0,13070,0.6544311259259108
0,13071,0.5732904564245372
0,13072,0.6099418479798038
0,13073,0.6883039790819017
0,13074,0.46014756005972185
0,13075,0.486170934924875
0,13076,0.7029897669224568
0,13077,0.5661839070110944
0,13078,0.7522381155801365
0,13079,0.7724881131714648
0,13080,0.7609135096698983
0,13081,0.7662218973085606
0,13082,0.6237510533737258
0,13083,0.40076206860464225
0,13084,0.38037709993766317
0,13085,0.4405599923821276
0,13086,0.6507541673090341
0,13087,0.6304129892850922
0,13088,0.5984043385654244
0,13089,0.5423471731311357
0,13090,0.6903303263831754
0,13091,0.590750018348461
0,13092,0.7233396061901791
0,13093,0.6372091033517526
0,13094,0.6648099213168144
0,13095,0.7984646692988842
0,13096,0.8527806937916208
0,13097,0.5747985918896951
0,13098,0.582093890229283
0,13099,0.7716492320027218
0,13100,0.7317326661988077
0,13101,0.7246388349297593
0,13102,0.7517648808154119
0,13103,0.5959059247054149
0,13104,0.555383040741914
0,13105,0.6861370224863008
0,13106,0.7235554693153107
0,13107,0.7649471359775181
0,13108,0.7258707473572554
0,13109,0.7025452707788504
0,13110,0.35642728732139844
0,13111,0.3139449841947934
0,13112,0.6275285007154041
0,13113,0.5518038718618035
0,13114,0.508310777826727
0,13115,0.7672892991396172
0,13116,0.6955176413028646
0,13117,0.6858174271066341
0,13118,0.6292566287627841
0,13119,0.6483664308188919
0,13120,0.55046424683472
0,13121,0.7930941089090914
0,13122,0.7775907274991322
0,13123,0.7758771780230371
0,13124,0.682764804210819
0,13125,0.645991018718897
0,13126,0.548874589057736
0,13127,0.5538539956133942
0,13128,0.7294015679600783
0,13129,0.642243701733909
0,13130,0.4892973671952874
0,13131,0.6706252483924018
0,13132,0.4892623145314267
0,13133,0.6767577108725662
0,13134,0.7195838932076216
0,13135,0.7998751305171788
0,13136,0.7962100593955443
0,13137,0.8044946570676682
0,13138,0.7908308234074015
0,13139,0.5908538536880829
0,13140,0.6193592416294004
0,13141,0.575818938082714
0,13142,0.5702394767501043
0,13143,0.6464904163540074
0,13144,0.499078493880219
0,13145,0.41156776033073567
0,13146,0.51834252435770245
0,13147,0.63239201826704206
0,13148,0.6882175229888549
0,13149,0.6181945331446622
0,13150,0.6665570973470557
0,13151,0.7220904985863882
0,13152,0.7559990505507755
0,13153,0.7051710035720831
0,13154,0.6787675681319509
0,13155,0.5540701455995442
0,13156,0.7862027788069212
0,13157,0.5712426047132584
0,13158,0.8837257462729496
0,13159,0.5385026899565128
0,13160,0.6535799562835972
0,13161,0.8150720716404999
0,13162,0.7759401693455172
0,13163,0.7516965941363418
0,13164,0.731695894855119
0,13165,0.7432598532438263
0,13166,0.39285358040229296
0,13167,0.3554324605216595
0,13168,0.19133376229600602
0,13169,0.5319548222341787
0,13170,0.6345627085334828
0,13171,0.6208590798463134
0,13172,0.5765677221484051
0,13173,0.6226440064008271
0,13174,0.7785924638053292
0,13175,0.6060050453077206
0,13176,0.5422764039698192
0,13177,0.60778632415942
0,13178,0.6860709951710443
0,13179,0.6758522726772075
0,13180,0.6804908927502485
0,13181,0.644545061850257
0,13182,0.6317742728285086
0,13183,0.6236648665276003
0,13184,0.6097081304507277
0,13185,0.7082069392974305
0,13186,0.707759596653751
0,13187,0.7359177217335381
0,13188,0.7149414234402827
0,13189,0.6281361498554059
0,13190,0.6092995445887313
0,13191,0.549777259851799
0,13192,0.675948790273391
0,13193,0.8482118844822413
0,13194,0.7579062826336987
0,13195,0.6169342989911387
0,13196,0.6928833526075789
0,13197,0.7269078138997567
0,13198,0.7638692080161101
0,13199,0.7947708649084325
0,13200,0.6232706512082076
0,13201,0.5688896362347301
0,13202,0.5533517338719391
0,13203,0.5489959241178642
0,13204,0.695583327402944
0,13205,0.40484543042150456
0,13206,0.7136709737639819
0,13207,0.7784330989513434
0,13208,0.6400038447945371
0,13209,0.8284656011910507
0,13210,0.4603189552581441
0,13211,0.2345203300433501
0,13212,0.45122513771474376
0,13213,0.5077542125515384
0,13214,0.6573282199642944
0,13215,0.7080402890920461
0,13216,0.5324191557802017
0,13217,0.5428780016892095
0,13218,0.5957558973530197
0,13219,0.596358768059138
0,13220,0.7632400501624395
0,13221,0.6248552509909354
0,13222,0.7915305260648481
0,13223,0.6115451664091255
0,13224,0.620574496473751
0,13225,0.7883019439430592
0,13226,0.6967120992658585
0,13227,0.7649568581208313
0,13228,0.8667712598471927
0,13229,0.8808147434677285
0,13230,0.5978604266051095
0,13231,0.5918836276133133
0,13232,0.7387602084237941
0,13233,0.6115326709179011
0,13234,0.886709820945285
0,13235,0.8211350523124199
0,13236,0.8409713629515716
0,13237,0.7150970105150692
0,13238,0.6181450589302598
0,13239,0.6772385116883214
0,13240,0.6487993573507019
0,13241,0.7703730979059003
0,13242,0.8103246970156227
0,13243,0.8158562730041461
0,13244,0.7428016730755848
0,13245,0.5961169993938614
0,13246,0.41463192138745797
0,13247,0.7545821423852376
0,13248,0.6967596890764517
0,13249,0.6643026210864678
0,13250,0.6646226779778595
0,13251,0.7450300082869763
0,13252,0.5322022366677502
0,13253,0.6731080496795607
0,13254,0.7317984589313132
0,13255,0.6429439507537094
0,13256,0.6648537747132266
0,13257,0.504066177568388
0,13258,0.4819107397098067
0,13259,0.5028503558696819
0,13260,0.8039517281566017
0,13261,0.41769528611341117
0,13262,0.409546683417612
0,13263,0.4496538242176879
0,13264,0.5845629252291272
0,13265,0.7927032283879496
0,13266,0.5753564738553795
0,13267,0.5344450924354531
0,13268,0.6378989430602686
0,13269,0.6908944126898189
0,13270,0.5987530456955906
0,13271,0.48445582103121176
0,13272,0.3482915440639275
0,13273,0.50249272520436
0,13274,0.5794352087993746
0,13275,0.5485594748309746
0,13276,0.6490772773093686
0,13277,0.6436058930983634
0,13278,0.6538744046158401
0,13279,0.6677811986655595
0,13280,0.5743470076089635
0,13281,0.6453500303733067
0,13282,0.45183298026628127
0,13283,0.6306060474074884
0,13284,0.5982572842704494
0,13285,0.5707170060663403
0,13286,0.8028197978609205
0,13287,0.6576478833237817
0,13288,0.6273505963322958
0,13289,0.691774056350321
0,13290,0.7047117543745318
0,13291,0.8214730463162956
0,13292,0.6578861074317603
0,13293,0.45296913183628545
0,13294,0.6374530119815758
0,13295,0.7694922161897261
0,13296,0.9014264630275987
0,13297,0.877340664577005
0,13298,0.811880044067587
0,13299,0.7245654963410944
0,13300,0.6810092660937755
0,13301,0.7839974493019806
0,13302,0.7129276761501633
0,13303,0.5559573535588282
0,13304,0.6914844948097413
0,13305,0.7757537954332642
0,13306,0.3520716735379929
0,13307,0.5024360823983887
0,13308,0.6723413437267772
0,13309,0.7545060593296181
0,13310,0.6439781576029777
0,13311,0.7823606603709338
0,13312,0.5974523453325773
0,13313,0.6809962197574619
0,13314,0.4967941395595894
0,13315,0.6666380220226269
0,13316,0.6490726653488222
0,13317,0.5309343542535533
0,13318,0.5676273138668846
0,13319,0.7087425279411665
0,13320,0.7735708656001764
0,13321,0.7824788393741844
0,13322,0.6796330504420678
0,13323,0.655812214788704
0,13324,0.6903753036884182
0,13325,0.8490992459214155
0,13326,0.7223667282281285
0,13327,0.8361887843394524
0,13328,0.8122670307969481
0,13329,0.6759590887367206
0,13330,0.7540229225191464
0,13331,0.7251234771671765
0,13332,0.788079282920152
0,13333,0.5283837248818005
0,13334,0.6944551545491737
0,13335,0.6386312713254918
0,13336,0.7534974121207926
0,13337,0.5119958974852481
0,13338,0.7326298933617609
0,13339,0.6360281188310433
0,13340,0.6895474336006701
0,13341,0.6377879153689667
0,13342,0.7930150578960986
0,13343,0.6906424665013859
0,13344,0.7901109083412343
0,13345,0.6535060203597601
0,13346,0.6086351542828592
0,13347,0.7030816262031471
0,13348,0.8319147926879595
0,13349,0.6854288386274922
0,13350,0.5587804865765297
0,13351,0.7889873319868359
0,13352,0.7260313967627641
0,13353,0.6596892305755823
0,13354,0.5327059039258722
0,13355,0.5913688647689535
0,13356,0.8614381691106244
0,13357,0.3991695791328762
0,13358,0.6593523432204705
0,13359,0.5570041597642464
0,13360,0.7305621622356123
0,13361,0.6749748678041371
0,13362,0.6716224885474882
0,13363,0.7343178057081644
0,13364,0.5561604084349723
0,13365,0.49861707432131963
0,13366,0.4726857508412543
0,13367,0.5580008158928357
0,13368,0.7133979668944861
0,13369,0.6254816041138709
0,13370,0.7102157498977227
0,13371,0.7301520435858693
0,13372,0.8040544845934292
0,13373,0.6131931890430395
0,13374,0.7006616543278706
0,13375,0.5637146239906123
0,13376,0.6408349329546505
0,13377,0.7720967643287601
0,13378,0.7533931865518463
0,13379,0.8220206307704312
0,13380,0.7675479717084261
0,13381,0.7949311256895341
0,13382,0.6697106019429592
0,13383,0.7124720904233566
0,13384,0.6465101127428213
0,13385,0.7345965597786029
0,13386,0.8061181791602364
0,13387,0.7621267558153292
0,13388,0.47265098695950875
0,13389,0.531080478069521
0,13390,0.7751626152708951
0,13391,0.6237947612911785
0,13392,0.6646560621613862
0,13393,0.586893203621834
0,13394,0.6894842647732905
0,13395,0.6080856621206961
0,13396,0.7644831946816902
0,13397,0.7323750308090218
0,13398,0.8999944793838034
0,13399,0.6945304800028012
0,13400,0.5945349051813758
0,13401,0.6968940194249231
0,13402,0.8302601685149807
0,13403,0.7705808279613748
0,13404,0.7453747971645561
0,13405,0.7002509047007667
0,13406,0.599870652532868
0,13407,0.6359892390025379
0,13408,0.6889658259329359
0,13409,0.8241401041215483
0,13410,0.6909418444883835
0,13411,0.6582897253251752
0,13412,0.6993934672778944
0,13413,0.5260980772892645
0,13414,0.7092258625248647
0,13415,0.7116791949239426
0,13416,0.6662105027699466
0,13417,0.5193722866791919
0,13418,0.8236958995924291
0,13419,0.7129854239550788
0,13420,0.7542591696520777
0,13421,0.552857029346238
0,13422,0.581851037599491
0,13423,0.6887930358681148
0,13424,0.7488567847457644
0,13425,0.5810015429213021
0,13426,0.6414323612877932
0,13427,0.7902445988726514
0,13428,0.5709647552249288
0,13429,0.4640095209753289
0,13430,0.5754747891769745
0,13431,0.6158330496876099
0,13432,0.7202200810606956
0,13433,0.7280106221636327
0,13434,0.629754045222989
0,13435,0.6261009875198429
0,13436,0.6693806212689734
0,13437,0.6213636283427042
0,13438,0.6268375704359931
0,13439,0.7393947609134587
0,13440,0.8162403348964419
0,13441,0.7087985017518738
0,13442,0.589459472282872
0,13443,0.7284254507429694
0,13444,0.6975634332474999
0,13445,0.5433293575865691
0,13446,0.573056889494804
0,13447,0.6490589624491591
0,13448,0.49163079146602134
0,13449,0.7178768883755923
0,13450,0.6987973597761816
0,13451,0.8502562249122636
0,13452,0.7867531922827556
0,13453,0.7720536473852072
0,13454,0.7997131935730958
0,13455,0.7419222929049674
0,13456,0.7015527900043247
0,13457,0.6945355334132512
0,13458,0.531848700756981
0,13459,0.5252858124477514
0,13460,0.6748951966608343
0,13461,0.5984050370752495
0,13462,0.49717603003853167
0,13463,0.6676065332684876
0,13464,0.5728707989505265
0,13465,0.6395928724844345
0,13466,0.6426488341543347
0,13467,0.6626495851292216
0,13468,0.6738315450910181
0,13469,0.6514651192453491
0,13470,0.6453355060069224
0,13471,0.6503479812945742
0,13472,0.8110424247174164
0,13473,0.5621700666798408
0,13474,0.7728365912459046
0,13475,0.494123415851617
0,13476,0.651273022426668
0,13477,0.883014453197772
0,13478,0.8487524253148675
0,13479,0.7795630431177749
0,13480,0.7467525895817542
0,13481,0.7531304485422957
0,13482,0.6165924097494305
0,13483,0.5378994473228587
0,13484,0.6913404162373655
0,13485,0.7860491502082507
0,13486,0.6065277681549296
0,13487,0.74062434288769885
0,13488,0.6498166327202914
0,13489,0.6914757852612616
0,13490,0.461988071074229
0,13491,0.48115204661536104
0,13492,0.5675724712585769
0,13493,0.5369286030052867
0,13494,0.5308494822565106
0,13495,0.648991450258896
0,13496,0.709598630561872
0,13497,0.8401252808402402
0,13498,0.8249545477218806
0,13499,0.6509317359017738
0,13500,0.6553581024210635
0,13501,0.6328211822326846
0,13502,0.6020226661154741
0,13503,0.7435904839082351
0,13504,0.6828780469808184
0,13505,0.7419007408153145
0,13506,0.8166296463381075
0,13507,0.7120823782880212
0,13508,0.5951698262741123
0,13509,0.6904838801037391
0,13510,0.6832366291200291
0,13511,0.748718613769143
0,13512,0.7170101378127115
0,13513,0.5760084919926572
0,13514,0.7697735706188521
0,13515,0.6119461218834544
0,13516,0.6997073602180989
0,13517,0.6737033269935416
0,13518,0.686158674722621
0,13519,0.5979717862749803
0,13520,0.6725835412737906
0,13521,0.5571049177453503
0,13522,0.7356739547964163
0,13523,0.6202974400982526
0,13524,0.6889356992459302
0,13525,0.7627286808170342
0,13526,0.6448467047392613
0,13527,0.5870629504672769
0,13528,0.6621553346988853
0,13529,0.711015234785799
0,13530,0.7655399233859584
0,13531,0.5760432605066784
0,13532,0.5312317896124177
0,13533,0.8426237574125574
0,13534,0.6207103736317752
0,13535,0.57646436069943
0,13536,0.6475349294558287
0,13537,0.5028669719156879
0,13538,0.5525708761202013
0,13539,0.6366257409799779
0,13540,0.6159917817722602
0,13541,0.7042579506341702
0,13542,0.5102061583787428
0,13543,0.4453873387010374
0,13544,0.7669478583780435
0,13545,0.7099205766374683
0,13546,0.8334508262463163
0,13547,0.7986595088564242
0,13548,0.5854933448429015
0,13549,0.7933453505773295
0,13550,0.7246340409690956
0,13551,0.49588207030256787
0,13552,0.5407028381643544
0,13553,0.5983009230879529
0,13554,0.5357062929837062
0,13555,0.7565110570208778
0,13556,0.5189807253050028
0,13557,0.5750041857710473
0,13558,0.7208380630890987
0,13559,0.7856108893053984
0,13560,0.3567086738257535
0,13561,0.5839896819296951
0,13562,0.7009194443344781
0,13563,0.7444509773692816
0,13564,0.8163544854178625
0,13565,0.7869384680359132
0,13566,0.5815310510506717
0,13567,0.7670804498575208
0,13568,0.7222185866197801
0,13569,0.6807686806662135
0,13570,0.3751698648302874
0,13571,0.44316657695439593
0,13572,0.6449325385345716
0,13573,0.6571220100997911
0,13574,0.6278902987423923
0,13575,0.6727397421279439
0,13576,0.5685435736967336
0,13577,0.36750923157402043
0,13578,0.6027946311014953
0,13579,0.7661962154326538
0,13580,0.6541149963447305
0,13581,0.7038883765390809
0,13582,0.663382799188857
0,13583,0.6444108705827511
0,13584,0.6128832880285429
0,13585,0.7533241902893104
0,13586,0.2636928794041803
0,13587,0.34103915743786906
0,13588,0.3825691554757782
0,13589,0.619426230032492
0,13590,0.6854632206321128
0,13591,0.6559473104962077
0,13592,0.6949581909872931
0,13593,0.4793628092365826
0,13594,0.6940218698604008
0,13595,0.7574376084916483
0,13596,0.7567312532114363
0,13597,0.46880264070975525
0,13598,0.889254234991951
0,13599,0.7995181859854441
0,13600,0.538201780994871
0,13601,0.7675175316952447
0,13602,0.5502104391982608
0,13603,0.5119537875293836
0,13604,0.3317749236874781
0,13605,0.44788427771655126
0,13606,0.7128163184626148
0,13607,0.5597398918485016
0,13608,0.5633432741257904
0,13609,0.5162158715674174
0,13610,0.510526070302611
0,13611,0.48328793300642475
0,13612,0.7617303016482703
0,13613,0.7833050275507293
0,13614,0.4550408667932812
0,13615,0.7373395864605806
0,13616,0.8427652613055167
0,13617,0.6423007553694352
0,13618,0.5349306858273265
0,13619,0.55327911686316
0,13620,0.6797631578552188
0,13621,0.3732130503369597
0,13622,0.4975196021747636
0,13623,0.7838544225151474
0,13624,0.7177475076122505
0,13625,0.7103833147833313
0,13626,0.6486475619073354
0,13627,0.7579424326215568
0,13628,0.5866870831014568
0,13629,0.8957881909415986
0,13630,0.9352153827346615
0,13631,0.9471033649429406
0,13632,0.8920976387085064
0,13633,0.7658175020525843
0,13634,0.4999480747788311
0,13635,0.6196529060460917
0,13636,0.7088532304273828
0,13637,0.7358203948337061
0,13638,0.7483832553712034
0,13639,0.777679297327753
0,13640,0.6069123810750437
0,13641,0.7136368971963944
0,13642,0.7359772171750146
0,13643,0.5493990504004382
0,13644,0.561406693911519
0,13645,0.594517679305229
0,13646,0.6002182115734184
0,13647,0.7128200591050516
0,13648,0.7673232395329009
0,13649,0.8191746963546888
0,13650,0.7922339792769121
0,13651,0.7331236403423196
0,13652,0.6679786205539581
0,13653,0.6399108922752744
0,13654,0.6342848651866557
0,13655,0.6202689336325456
0,13656,0.8158772336189588
0,13657,0.5355897676802828
0,13658,0.6254014357781075
0,13659,0.7611592118373862
0,13660,0.5722875575495309
0,13661,0.5307037127571631
0,13662,0.6771180915044435
0,13663,0.5458678560566872
0,13664,0.5309739774269667
0,13665,0.5081868873008532
0,13666,0.5125458903557908
0,13667,0.6782925606547087
0,13668,0.7194443499544694
0,13669,0.6210548291742866
0,13670,0.5991459138700762
0,13671,0.7257508719092989
0,13672,0.7313943689581587
0,13673,0.6769904385939693
0,13674,0.5922818150404648
0,13675,0.5968892882464907
0,13676,0.8571394153330735
0,13677,0.649626933534607
0,13678,0.8195835809843628
0,13679,0.5187128341323313
0,13680,0.5785550895334021
0,13681,0.6272653038002631
0,13682,0.664131555419455
0,13683,0.5603641165829627
0,13684,0.6148783626518051
0,13685,0.6457758395408467
0,13686,0.6546975119090637
0,13687,0.6746781530366109
0,13688,0.6823781906932948
0,13689,0.6957787787635792
0,13690,0.7002896915680092
0,13691,0.7544410174881241
0,13692,0.5867965511044988
0,13693,0.5953709774707343
0,13694,0.3600780068519864
0,13695,0.6660367976974075
0,13696,0.59126552624109
0,13697,0.7463395843898563
0,13698,0.6988540229919843
0,13699,0.6027093772079434
0,13700,0.6784097179846791
0,13701,0.6314443491902656
0,13702,0.5234439988162478
0,13703,0.3390487028684021
0,13704,0.540749159448669
0,13705,0.4840274147153352
0,13706,0.7941096834219353
0,13707,0.7903431768749253
0,13708,0.6718978566096129
0,13709,0.6075245324715837
0,13710,0.7174853234876164
0,13711,0.7369245847212855
0,13712,0.5873943718878479
0,13713,0.7120141883586656
0,13714,0.655261948389988
0,13715,0.5909961859361247
0,13716,0.5975882243446533
0,13717,0.639144155221921
0,13718,0.7537281302564062
0,13719,0.6393539188169848
0,13720,0.7673310220832481
0,13721,0.721576968488483
0,13722,0.7399599484124503
0,13723,0.5457323712849093
0,13724,0.38270626133001795
0,13725,0.693960568087437
0,13726,0.8634414773307751
0,13727,0.6550487078178102
0,13728,0.6745467735324862
0,13729,0.6081291731312699
0,13730,0.47659375031339823
0,13731,0.6352707236666306
0,13732,0.7263703103167232
0,13733,0.5888350237870902
0,13734,0.6918179016178327
0,13735,0.5662480348500849
0,13736,0.4876859544587761
0,13737,0.5570402463564226
0,13738,0.7108763393019109
0,13739,0.6466208760757862
0,13740,0.5229669104346266
0,13741,0.6176350258551235
0,13742,0.6293889137937319
0,13743,0.7692467242696708
0,13744,0.7033105033828195
0,13745,0.8667920805105849
0,13746,0.5159831677667861
0,13747,0.3930123690035025
0,13748,0.6820780975441716
0,13749,0.6042077965592181
0,13750,0.7020686947372987
0,13751,0.472665792829542
0,13752,0.566025757717282
0,13753,0.575948863474787
0,13754,0.6000441806749893
0,13755,0.6535727121668415
0,13756,0.7133539347073747
0,13757,0.6637230165931165
0,13758,0.7246006257001323
0,13759,0.8041081190107334
0,13760,0.7118171627374434
0,13761,0.48610451507307767
0,13762,0.7157232215561474
0,13763,0.6354669387793452
0,13764,0.544228526781668
0,13765,0.619338816990014
0,13766,0.535986359823623
0,13767,0.7952229479012886
0,13768,0.7063743993789067
0,13769,0.7181572939673706
0,13770,0.6656775105901858
0,13771,0.8643603049395076
0,13772,0.6432466829047764
0,13773,0.6708456676652849
0,13774,0.6604486056649281
0,13775,0.6700404518458103
0,13776,0.5784335276020858
0,13777,0.6566821006423048
0,13778,0.6144308003719795
0,13779,0.6871732653607145
0,13780,0.737439532611288
0,13781,0.6658278201007896
0,13782,0.7633457021257535
0,13783,0.7254607975298372
0,13784,0.7678920893335024
0,13785,0.65104958229471
0,13786,0.4299497621479635
0,13787,0.75131667816955094
0,13788,0.8653129740272169
0,13789,0.694567374393137
0,13790,0.7141190328857046
0,13791,0.5827247220398637
0,13792,0.4477437078547043
0,13793,0.7208331239421678
0,13794,0.6202525108291197
0,13795,0.4081918879933888
0,13796,0.6679109689790884
0,13797,0.6544102517254147
0,13798,0.6910970577980231
0,13799,0.6219710706147193
0,13800,0.5765098226651033
0,13801,0.6631280940551941
0,13802,0.693004636758197
0,13803,0.7063493658851472
0,13804,0.6173045314232604
0,13805,0.7086474215510558
0,13806,0.7113295317946966
0,13807,0.6159008007724852
0,13808,0.36491644261049205
0,13809,0.6567706723976178
0,13810,0.4236625385915128
0,13811,0.6778953062242478
0,13812,0.614516000069944
0,13813,0.7273496697162549
0,13814,0.7478233180746318
0,13815,0.7338620528617004
0,13816,0.6908730855803316
0,13817,0.7496907145124116
0,13818,0.7458068837415666
0,13819,0.6949562977942396
0,13820,0.620530787735654
0,13821,0.638655330161652
0,13822,0.7065142621578168
0,13823,0.7459301889357349
0,13824,0.5606631489342244
0,13825,0.49219990606306846
0,13826,0.5802709692332667
0,13827,0.6072018741694815
0,13828,0.5596990037002949
0,13829,0.5295024194210258
0,13830,0.4576790515569293
0,13831,0.3890938094101573
0,13832,0.6837034345537413
0,13833,0.6904103170820037
0,13834,0.6489352914793335
0,13835,0.7081687257308569
0,13836,0.482687380365418
0,13837,0.767249141275769
0,13838,0.7015169539931835
0,13839,0.5245856848021553
0,13840,0.5314971309819669
0,13841,0.7187068540971959
0,13842,0.6793123133360833
0,13843,0.5982832479349676
0,13844,0.589865919500197
0,13845,0.6331731271159978
0,13846,0.6335175964381521
0,13847,0.6093919572936479
0,13848,0.6905347682083759
0,13849,0.6123928061151
0,13850,0.6480933314604544
0,13851,0.6619639022342756
0,13852,0.6908916910933762
0,13853,0.8510806530961218
0,13854,0.7885647372119204
0,13855,0.7320039764712784
0,13856,0.7293855029355804
0,13857,0.6869908251722875
0,13858,0.698813938320128
0,13859,0.6878706202419326
0,13860,0.6801712515221997
0,13861,0.722750398638776
0,13862,0.7168883858740757
0,13863,0.5356679044228613
0,13864,0.6053886815871009
0,13865,0.5843467515339447
0,13866,0.5815056848346616
0,13867,0.5883697755231653
0,13868,0.6913984895941582
0,13869,0.6148103933379122
0,13870,0.641257353566153
0,13871,0.5159476577698369
0,13872,0.45625480315569733
0,13873,0.5175012069090142
0,13874,0.5706037355744088
0,13875,0.6997995042450627
0,13876,0.7031034315333357
0,13877,0.6310019580169527
0,13878,0.9079751227788309
0,13879,0.8505999015002067
0,13880,0.639470041163122
0,13881,0.7203448309667995
0,13882,0.8540713156750829
0,13883,0.7060883276001846
0,13884,0.7679298997007257
0,13885,0.6517725032126043
0,13886,0.5701184761070651
0,13887,0.6849750593463918
0,13888,0.7539544402888989
0,13889,0.7056369337933636
0,13890,0.7164772861808413
0,13891,0.5184574504272677
0,13892,0.7560229441014398
0,13893,0.6623962288659162
0,13894,0.6711560419214107
0,13895,0.5646344137131654
0,13896,0.6487762008725418
0,13897,0.728817030937451
0,13898,0.5722250565819214
0,13899,0.6676015970982356
0,13900,0.512012845579818
0,13901,0.5091835557341058
0,13902,0.5331556490473228
0,13903,0.6638972066026178
0,13904,0.5709180781901728
0,13905,0.5957444576674009
0,13906,0.5747603293012009
0,13907,0.7475944730222899
0,13908,0.7412456751021573
0,13909,0.7064869999268076
0,13910,0.6643259139872087
0,13911,0.6510764637002552
0,13912,0.7443079438558836
0,13913,0.7341362033190114
0,13914,0.825370130490009
0,13915,0.578876309113712
0,13916,0.6946688359445795
0,13917,0.7193084973926872
0,13918,0.6861259907343157
0,13919,0.7449768493195748
0,13920,0.6351283687574648
0,13921,0.705662216769987
0,13922,0.4960963084563598
0,13923,0.642028427325727
0,13924,0.6037700454933597
0,13925,0.7282102028549886
0,13926,0.6410477436300441
0,13927,0.591538751488095
0,13928,0.6484697467302845
0,13929,0.7352901602295054
0,13930,0.7220568190889948
0,13931,0.7303654380998075
0,13932,0.7483369279714259
0,13933,0.7662135008807044
0,13934,0.6319592285752764
0,13935,0.6012281038558628
0,13936,0.7483890022021188
0,13937,0.6086828998614843
0,13938,0.8433355282103884
0,13939,0.7253642595822581
0,13940,0.7437226137962368
0,13941,0.7989021064593713
0,13942,0.7497770069578762
0,13943,0.636035570237744
0,13944,0.6767067011672461
0,13945,0.6583296211804908
0,13946,0.7565097330850671
0,13947,0.765837420973245
0,13948,0.7779111823648972
0,13949,0.4911939103693202
0,13950,0.7949033980256363
0,13951,0.7641250882156355
0,13952,0.7362174615314746
0,13953,0.6185374299549369
0,13954,0.7257376725190252
0,13955,0.6811947654252599
0,13956,0.5976784298529797
0,13957,0.5542123753229474
0,13958,0.6623064200546116
0,13959,0.6790056157231541
0,13960,0.7100393710782174
0,13961,0.7149191686071114
0,13962,0.7660848037938071
0,13963,0.748428525990753
0,13964,0.6317471664149801
0,13965,0.7733252448196339
0,13966,0.5652289688343105
0,13967,0.5996365975317796
0,13968,0.5986901595771608
0,13969,0.5730381736834299
0,13970,0.689837199859402
0,13971,0.6120456209079349
0,13972,0.7548058657326275
0,13973,0.762947302196398
0,13974,0.7011902387718868
0,13975,0.6436464910731172
0,13976,0.691637359739387
0,13977,0.7310691101478506
0,13978,0.7159529405770451
0,13979,0.6732202046244504
0,13980,0.7900140201010519
0,13981,0.6574769049346856
0,13982,0.6589932018784691
0,13983,0.6479387634809901
0,13984,0.7700362615353026
0,13985,0.7964166563111873
0,13986,0.49919042974115385
0,13987,0.45415379955355856
0,13988,0.7518261198487097
0,13989,0.49752669432231184
0,13990,0.4198823917532022
0,13991,0.5486233709908971
0,13992,0.680273620091402
0,13993,0.7023929534803468
0,13994,0.690349555499424
0,13995,0.7534493400585173
0,13996,0.710800990048045
0,13997,0.5915063040479646
0,13998,0.3774142442086109
0,13999,0.41442746581965845
0,14000,0.6529703942390903
0,14001,0.6152970831856729
0,14002,0.5886202700451258
0,14003,0.6559754635999755
0,14004,0.5294723376348075
0,14005,0.5470230797356181
0,14006,0.7674293916470193
0,14007,0.6510614398339877
0,14008,0.7819414620321024
0,14009,0.7495502485024312
0,14010,0.711288671965395
0,14011,0.7771368153597429
0,14012,0.7634632716690117
0,14013,0.7966765184324642
0,14014,0.7915995762274094
0,14015,0.6589901443927652
0,14016,0.721632855993831
0,14017,0.5100012853527179
0,14018,0.7425590168950835
0,14019,0.7244474982988501
0,14020,0.5795337944761458
0,14021,0.3071515109624199
0,14022,0.6487270977386147
0,14023,0.7523095580201541
0,14024,0.6906397556188144
0,14025,0.5572052541349959
0,14026,0.5579595034974799
0,14027,0.6123687724769694
0,14028,0.5446016506235095
0,14029,0.7683123580791678
0,14030,0.6447796926872631
0,14031,0.7422734424400621
0,14032,0.7687628678646287
0,14033,0.7249346138106407
0,14034,0.6926312036475619
0,14035,0.3295627678560145
0,14036,0.41569640600652247
0,14037,0.6253897425843836
0,14038,0.6862282952479226
0,14039,0.6325399155328941
0,14040,0.8455219869719697
0,14041,0.8762637046752977
0,14042,0.8224129904804371
0,14043,0.6480307829246074
0,14044,0.7640882331941106
0,14045,0.5629048968361232
0,14046,0.6122460973825481
0,14047,0.7687979538724506
0,14048,0.5746192161840494
0,14049,0.7999982843933827
0,14050,0.8224108218021197
0,14051,0.7529570060622686
0,14052,0.6910066554686031
0,14053,0.6898373024685885
0,14054,0.5597560730678333
0,14055,0.5394782535093636
0,14056,0.7368150913280537
0,14057,0.6393752646402762
0,14058,0.5381376866417629
0,14059,0.8211701193629793
0,14060,0.6094483711687558
0,14061,0.7631669943948497
0,14062,0.70711487801939
0,14063,0.7474218157445617
0,14064,0.6977653282952831
0,14065,0.7681713199241642
0,14066,0.7218921199289154
0,14067,0.7046002587592939
0,14068,0.512099249766667
0,14069,0.6665777652253521
0,14070,0.61603218668636
0,14071,0.8374617048770634
0,14072,0.8501200581731543
0,14073,0.7673351509342687
0,14074,0.7626368182301975
0,14075,0.7342006467535941
0,14076,0.7574918807421228
0,14077,0.5784560058840794
0,14078,0.6433637223117739
0,14079,0.6674367033948734
0,14080,0.7161624187817982
0,14081,0.6519208753881817
0,14082,0.7740825660171108
0,14083,0.6202296748249528
0,14084,0.6459502421801515
0,14085,0.6098802491073675
0,14086,0.731605693262507
0,14087,0.6258827993750138
0,14088,0.7180523340343823
0,14089,0.7248478502088127
0,14090,0.6274831036391659
0,14091,0.7239340003483129
0,14092,0.7442770078373545
0,14093,0.7223861669639832
0,14094,0.48504843150270066
0,14095,0.7128656246554566
0,14096,0.7933459654498587
0,14097,0.8436479267307966
0,14098,0.6587522917004683
0,14099,0.739969315290661
0,14100,0.620181040254311
0,14101,0.5901067841297757
0,14102,0.5792478452799981
0,14103,0.524703960453343
0,14104,0.696395867149256
0,14105,0.6671426265768067
0,14106,0.5689808948533325
0,14107,0.6586789507871609
0,14108,0.6235517242701689
0,14109,0.4328425218001502
0,14110,0.5756321386573539
0,14111,0.643659720050262
0,14112,0.624062311375807
0,14113,0.6457506250744418
0,14114,0.5785510177730685
0,14115,0.7018372563327527
0,14116,0.6443395781726169
0,14117,0.6547732215734005
0,14118,0.7169654654862353
0,14119,0.7575234880005521
0,14120,0.6096684709691458
0,14121,0.6948623214695029
0,14122,0.6056402976707242
0,14123,0.5622053753016598
0,14124,0.6658070227412658
0,14125,0.6738613310926946
0,14126,0.48260787925791315
0,14127,0.4592627856684201
0,14128,0.6285668014937462
0,14129,0.6415582806273015
0,14130,0.6062160075920852
0,14131,0.6673514181598954
0,14132,0.780177795814326
0,14133,0.7442985772245557
0,14134,0.8350975625938515
0,14135,0.7598338982840207
0,14136,0.5942348161330121
0,14137,0.5525472498578042
0,14138,0.5915936078235239
0,14139,0.6898747699101585
0,14140,0.6686007142213873
0,14141,0.7340618148648954
0,14142,0.7981082705982567
0,14143,0.6791051878625347
0,14144,0.6946430790465443
0,14145,0.3786014247459025
0,14146,0.4199962372106378
0,14147,0.6530360847931151
0,14148,0.6519146498619639
0,14149,0.638607630546798
0,14150,0.5563978148089133
0,14151,0.6836859364577739
0,14152,0.46934800677406263
0,14153,0.6537872060187486
0,14154,0.3465817222790412
0,14155,0.34824258052905965
0,14156,0.604012367301633
0,14157,0.640312946706885
0,14158,0.5533806749169407
0,14159,0.6665910864839579
0,14160,0.7328727433341065
0,14161,0.5961137951556997
0,14162,0.6487779924747366
0,14163,0.8428950336358305
0,14164,0.5783847717246224
0,14165,0.6134853389189407
0,14166,0.5427821487617103
0,14167,0.7393760722718181
0,14168,0.354883738851488
0,14169,0.726882405432913
0,14170,0.7566858902697249
0,14171,0.7842767184159527
0,14172,0.717586051279563
0,14173,0.7109672091018079
0,14174,0.5563593460788878
0,14175,0.7038861972100166
0,14176,0.7468511325813507
0,14177,0.7453937055580256
0,14178,0.7399512698489278
0,14179,0.5234723350969521
0,14180,0.6407386985313793
0,14181,0.6200731924235032
0,14182,0.6437277424755437
0,14183,0.5673314325051765
0,14184,0.7065534985903741
0,14185,0.6925221383443851
0,14186,0.7124652417787216
0,14187,0.5802592490379481
0,14188,0.7513205098290627
0,14189,0.667096381338488
0,14190,0.8027336573784415
0,14191,0.602965152810663
0,14192,0.6553043368307466
0,14193,0.767109920899813
0,14194,0.5716293377021924
0,14195,0.561138435317605
0,14196,0.7470036554525228
0,14197,0.7249777888219606
0,14198,0.6790626644903573
0,14199,0.7370625965701232
0,14200,0.6815803364619339
0,14201,0.6277735036777538
0,14202,0.6549980861694623
0,14203,0.7041958018914343
0,14204,0.43800079331091296
0,14205,0.5496718359728361
0,14206,0.5443292230580602
0,14207,0.7067525404033265
0,14208,0.6117399329364046
0,14209,0.6110212012679359
0,14210,0.6317661998729869
0,14211,0.6387827470975869
0,14212,0.6105118832078997
0,14213,0.7376520894708136
0,14214,0.7407658256186369
0,14215,0.6614720373277343
0,14216,0.5391284885576552
0,14217,0.7009077591936174
0,14218,0.6875203299326985
0,14219,0.5810069436489922
0,14220,0.6660560244595708
0,14221,0.6945172259976067
0,14222,0.5867214620540967
0,14223,0.47609978735943187
0,14224,0.6168403276382127
0,14225,0.5092893934414631
0,14226,0.7441130091865666
0,14227,0.6762941049020266
0,14228,0.6570643571727982
0,14229,0.8375676650225128
0,14230,0.6880871874108158
0,14231,0.6680449612938801
0,14232,0.719486723578347
0,14233,0.6899986537865563
0,14234,0.6956348598582077
0,14235,0.6331601720465088
0,14236,0.6296804963167785
0,14237,0.6376776349563927
0,14238,0.7316242987580069
0,14239,0.668874246276539
0,14240,0.572863977999806
0,14241,0.543333422964919
0,14242,0.6457142019776191
0,14243,0.700883306409455
0,14244,0.6793301875800706
0,14245,0.7566137402264054
0,14246,0.7307015643847097
0,14247,0.8908233855015296
0,14248,0.7466989549302492
0,14249,0.6871262798868082
0,14250,0.6302330570226602
0,14251,0.6635494506411441
0,14252,0.708476472408945
0,14253,0.8040939981082995
0,14254,0.6335226312855061
0,14255,0.6378873378710102
0,14256,0.8181233290103208
0,14257,0.7658281017983165
0,14258,0.7155289067812078
0,14259,0.6330168807411903
0,14260,0.5968562666982212
0,14261,0.5102566233397617
0,14262,0.5632793185153389
0,14263,0.5920311494984423
0,14264,0.6578789640804654
0,14265,0.6910484155377814
0,14266,0.6742856141753196
0,14267,0.7993522283507098
0,14268,0.7902246402342872
0,14269,0.657678691473563
0,14270,0.7882213491646053
0,14271,0.7178249547431088
0,14272,0.7338085123170247
0,14273,0.8219385841613053
0,14274,0.8919446490677876
0,14275,0.7897946997924035
0,14276,0.903419160783701
0,14277,0.9130815492702138
0,14278,0.7875031939057313
0,14279,0.4768955837031397
0,14280,0.8260687687012813
0,14281,0.7440538925255699
0,14282,0.6687396569185724
0,14283,0.5385856381944919
0,14284,0.7640487624804186
0,14285,0.8486235276914977
0,14286,0.8505376639310337
0,14287,0.664133533450933
0,14288,0.732882395272768
0,14289,0.6101994316307708
0,14290,0.7544942548314879
0,14291,0.7572583044938069
0,14292,0.8035685630579261
0,14293,0.7479276945253377
0,14294,0.583781059264401
0,14295,0.7120211253232541
0,14296,0.6977191562180929
0,14297,0.7095103774594438
0,14298,0.605476663395486
0,14299,0.6343742708732375
0,14300,0.7052516461381666
0,14301,0.7980490272255613
0,14302,0.6740554576387034
0,14303,0.6448620349904503
0,14304,0.7245291775549279
0,14305,0.5844117088725518
0,14306,0.7286733514615079
0,14307,0.6982036295073583
0,14308,0.8315609503552822
0,14309,0.7534109849360945
0,14310,0.7997522688065656
0,14311,0.7131663217826173
0,14312,0.5383028489007291
0,14313,0.5642647689711623
0,14314,0.8351088099783684
0,14315,0.8140636588083316
0,14316,0.6888153872755617
0,14317,0.7456864987305272
0,14318,0.8986074487756563
0,14319,0.8592361082441696
0,14320,0.8533584864870049
0,14321,0.7573799676604673
0,14322,0.52562492478283
0,14323,0.7600161321528894
0,14324,0.8597424894716118
0,14325,0.661933916475639
0,14326,0.6501963161240547
0,14327,0.6458412663713726
0,14328,0.6925343637083196
0,14329,0.741769674639996
0,14330,0.7364310114787144
0,14331,0.684504203441372
0,14332,0.5110208863660288
0,14333,0.6827978628031807
0,14334,0.6601224206286745
0,14335,0.4534517981060753
0,14336,0.5273541175156272
0,14337,0.6582874277800357
0,14338,0.4044067647150813
0,14339,0.5320858187049976
0,14340,0.6153735334783158
0,14341,0.7829863712669407
0,14342,0.6275131465316137
0,14343,0.5940421082802392
0,14344,0.9164193602061498
0,14345,0.8598470849594285
0,14346,0.6461888573889205
0,14347,0.6813684472827453
0,14348,0.6548999496791755
0,14349,0.7198532867507638
0,14350,0.6714515266068786
0,14351,0.6566080315261495
0,14352,0.8402733995283987
0,14353,0.8035768148407015
0,14354,0.6051738826032121
0,14355,0.6763530025259703
0,14356,0.6849753408376761
0,14357,0.7307906628266965
0,14358,0.6543736564920106
0,14359,0.6925346567900944
0,14360,0.737378456999011
0,14361,0.6892992963280535
0,14362,0.7281632387440863
0,14363,0.786172977680528
0,14364,0.7841094712776275
0,14365,0.7062078559210773
0,14366,0.7515834165096248
0,14367,0.7298254546031476
0,14368,0.7725666762825864
0,14369,0.8105421903842981
0,14370,0.7481358457002913
0,14371,0.6012614856722855
0,14372,0.7011728119981139
0,14373,0.6513521300785284
0,14374,0.7471741120052743
0,14375,0.8267340598321433
0,14376,0.7322826970412192
0,14377,0.6892557170731294
0,14378,0.5136001394246792
0,14379,0.5175547297050487
0,14380,0.7431976615902575
0,14381,0.7975949785827026
0,14382,0.4492515932662942
0,14383,0.6548505910530601
0,14384,0.6161920712281602
0,14385,0.7285785003729921
0,14386,0.6608149745655584
0,14387,0.6184349815917967
0,14388,0.7652370071568433
0,14389,0.6020640972792384
0,14390,0.8795108840476124
0,14391,0.8425265916740838
0,14392,0.9050190398172498
0,14393,0.6742085513597517
0,14394,0.6475049867431849
0,14395,0.6231745574337156
0,14396,0.7467411722031706
0,14397,0.5527170969553319
0,14398,0.7338586939388702
0,14399,0.6297632949979802
0,14400,0.4800631156045464
0,14401,0.6114585414366969
0,14402,0.6805422763430904
0,14403,0.687652611467302
0,14404,0.747698586237023
0,14405,0.8098884706463337
0,14406,0.7028278696412049
0,14407,0.58479027380731885
0,14408,0.5387591997031268
0,14409,0.5960478352119993
0,14410,0.35661349680046805
0,14411,0.5607111593627807
0,14412,0.7440078895937289
0,14413,0.7739869653390122
0,14414,0.654408204195659
0,14415,0.7525897065524719
0,14416,0.6060798768661767
0,14417,0.5872370706470726
0,14418,0.7102581497575937
0,14419,0.7453138138878429
0,14420,0.8186479244150943
0,14421,0.8433365652370388
0,14422,0.45299621240861254
0,14423,0.4599236649044058
0,14424,0.7443664998423328
0,14425,0.49121050474201533
0,14426,0.6212602550411098
0,14427,0.5870937954161906
0,14428,0.579884480046926
0,14429,0.5984601761976815
0,14430,0.6390662211373644
0,14431,0.628515068104393
0,14432,0.5974574640413124
0,14433,0.5537783012720483
0,14434,0.5388294138875722
0,14435,0.70883014110295
0,14436,0.7349749336571698
0,14437,0.5624387469611607
0,14438,0.7538288283731359
0,14439,0.4653382129612584
0,14440,0.6942807433644316
0,14441,0.6945297140095156
0,14442,0.691278070992076
0,14443,0.6681496030142395
0,14444,0.6606371845982085
0,14445,0.7725814202498549
0,14446,0.5775049936913493
0,14447,0.6634396047709811
0,14448,0.6785788286210852
0,14449,0.7502186230982641
0,14450,0.7845097748849341
0,14451,0.6936310359444013
0,14452,0.5627751621949667
0,14453,0.4029380508321249
0,14454,0.7537392739507572
0,14455,0.7739663083475771
0,14456,0.6058609209268655
0,14457,0.7560690793555361
0,14458,0.7046930466074911
0,14459,0.5554237102449263
0,14460,0.5205963823670745
0,14461,0.6185066088795157
0,14462,0.5866098657573535
0,14463,0.33790278103360744
0,14464,0.4753711812418608
0,14465,0.40311331754894325
0,14466,0.6196103629845705
0,14467,0.6568080601767853
0,14468,0.8444919481770959
0,14469,0.6015784986758224
0,14470,0.47300202550264697
0,14471,0.5084744059570095
0,14472,0.3964043551185502
0,14473,0.6715450421392665
0,14474,0.4605373236180533
0,14475,0.6279906925133861
0,14476,0.8310735792461204
0,14477,0.7282196510538573
0,14478,0.6518348332948578
0,14479,0.6761321834995229
0,14480,0.7457229905020774
0,14481,0.8040835699065922
0,14482,0.7298943198924819
0,14483,0.7607144098798216
0,14484,0.6145745776545104
0,14485,0.7441654744677828
0,14486,0.6186451360391632
0,14487,0.6743355635187414
0,14488,0.6813713562629354
0,14489,0.675304269650651
0,14490,0.8465187572116982
0,14491,0.7687937725756183
0,14492,0.7360540464421229
0,14493,0.5497664065921384
0,14494,0.613484502787747
0,14495,0.6495340602682115
0,14496,0.6228780591248506
0,14497,0.6497259717293518
0,14498,0.7530865033691916
0,14499,0.6007936487499939
0,14500,0.645621511479435
0,14501,0.42977548322936526
0,14502,0.6270709160134522
0,14503,0.5025407060186328
0,14504,0.7613651182948991
0,14505,0.5592837865006118
0,14506,0.6416546477717459
0,14507,0.7115182832868383
0,14508,0.5745175471194833
0,14509,0.8821898755649176
0,14510,0.8222946101842071
0,14511,0.46128682386623204
0,14512,0.7761776054030012
0,14513,0.6249656478872889
0,14514,0.6585950291130699
0,14515,0.7216491625288505
0,14516,0.7551146015909274
0,14517,0.6284391127102128
0,14518,0.8722700014570782
0,14519,0.8165372094067062
0,14520,0.6748526997019666
0,14521,0.7432351159095765
0,14522,0.6960957639545983
0,14523,0.7483462983510857
0,14524,0.6783046263278293
0,14525,0.7311871585912905
0,14526,0.5455998553055299
0,14527,0.5277692749783341
0,14528,0.6513900515225137
0,14529,0.6942413233374479
0,14530,0.6187472266363214
0,14531,0.6020167225482822
0,14532,0.6941211931148656
0,14533,0.747905718249789
0,14534,0.6556663881139473
0,14535,0.6783324006439888
0,14536,0.6805521092591773
0,14537,0.63082884062275
0,14538,0.6514426987011164
0,14539,0.4361532317258756
0,14540,0.7083050899550623
0,14541,0.609685945896018
0,14542,0.6315732489433327
0,14543,0.6792896484832008
0,14544,0.5696158826974776
0,14545,0.7285662505226544
0,14546,0.7165925572614821
0,14547,0.7804128621284624
0,14548,0.8529265059778226
0,14549,0.729230438122626
0,14550,0.7416119274981122
0,14551,0.6988324699140653
0,14552,0.6402835852257308
0,14553,0.7980083960084599
0,14554,0.5873292133196345
0,14555,0.6986216635935703
0,14556,0.45862184562000535
0,14557,0.7279838264770926
0,14558,0.4043018192853807
0,14559,0.5025458812119998
0,14560,0.4793071623656223
0,14561,0.7031072476156484
0,14562,0.6622700520501766
0,14563,0.7093579514187611
0,14564,0.602116118470169
0,14565,0.7132296326043227
0,14566,0.7103738641152757
0,14567,0.8103509865720449
0,14568,0.5386574972128524
0,14569,0.6267808810663733
0,14570,0.4334780977503263
0,14571,0.29750388766078323
0,14572,0.6238141860760661
0,14573,0.6864130352254164
0,14574,0.5851081302708447
0,14575,0.7173737699651807
0,14576,0.7000446911991642
0,14577,0.6975534009130785
0,14578,0.6840091731868414
0,14579,0.4928573101757826
0,14580,0.6347037573404425
0,14581,0.5609359936572543
0,14582,0.4652767085775988
0,14583,0.40802168781799114
0,14584,0.5701746291187089
0,14585,0.3208625106607813
0,14586,0.7913623632487763
0,14587,0.7574970163936506
0,14588,0.5508998483088874
0,14589,0.7411873223492068
0,14590,0.48787415004812906
0,14591,0.6475727841974878
0,14592,0.6290051684718823
0,14593,0.7809419543475641
0,14594,0.7794895553275472
0,14595,0.7710814410630623
0,14596,0.8296385111554881
0,14597,0.8519514966733538
0,14598,0.802699923415133
0,14599,0.646274212535758
0,14600,0.6857386137975359
0,14601,0.5891405685224398
0,14602,0.7454480824333667
0,14603,0.6724395360839834
0,14604,0.6815494111317832
0,14605,0.8651367085990818
0,14606,0.6583393495187425
0,14607,0.6023695515204083
0,14608,0.6910802451813727
0,14609,0.6646195953894051
0,14610,0.597197530921248
0,14611,0.7707972486424531
0,14612,0.7786737999863266
0,14613,0.7104897768039331
0,14614,0.6414530278154319
0,14615,0.6980746425887255
0,14616,0.6732672301621678
0,14617,0.6929877952590998
0,14618,0.742080723770068
0,14619,0.6474291388857341
0,14620,0.6077689025603294
0,14621,0.579960961381087
0,14622,0.6395378925796619
0,14623,0.658424127340558
0,14624,0.5253349856059195
0,14625,0.6558239534953612
0,14626,0.7688918078110059
0,14627,0.7018901585372904
0,14628,0.7493499889049708
0,14629,0.6837974928971968
0,14630,0.6196672904402929
0,14631,0.5817344771702033
0,14632,0.5407269492165538
0,14633,0.6046652647021247
0,14634,0.6891349759339793
0,14635,0.7682658790685442
0,14636,0.6206600225903879
0,14637,0.7340796083026168
0,14638,0.884398403813457
0,14639,0.7417081041961185
0,14640,0.7308285166670937
0,14641,0.6608134972875763
0,14642,0.6308501274144921
0,14643,0.661989857460518
0,14644,0.7004535937395119
0,14645,0.7502191898970187
0,14646,0.6990579021300976
0,14647,0.7611626835692614
0,14648,0.4929180611404781
0,14649,0.721873833730594
0,14650,0.5090185030213834
0,14651,0.6412223678833705
0,14652,0.4807718211136139
0,14653,0.3303184772392749
0,14654,0.822918354408431
0,14655,0.7953157525565546
0,14656,0.5289332096535068
0,14657,0.6865185095749486
0,14658,0.5784672066684713
0,14659,0.7153809823433178
0,14660,0.6940247002727583
0,14661,0.6953467060330647
0,14662,0.7482006183892383
0,14663,0.47979528588603043
0,14664,0.4933189316164778
0,14665,0.4351307948669757
0,14666,0.5302852322197048
0,14667,0.46805434205026647
0,14668,0.796219223910668
0,14669,0.8067595788470171
0,14670,0.5433066653651539
0,14671,0.6772164592338361
0,14672,0.7324928332102527
0,14673,0.6807393243050384
0,14674,0.7107429565516834
0,14675,0.7254755693520171
0,14676,0.6207284182104523
0,14677,0.5586318480877914
0,14678,0.39971001516018656
0,14679,0.8521730439456929
0,14680,0.6637009884230108
0,14681,0.68675763853991445
0,14682,0.76458784462094
0,14683,0.6580652681408711
0,14684,0.6802424589508804
0,14685,0.8350115392318525
0,14686,0.8728449569113962
0,14687,0.9377167810394953
0,14688,0.7936445017743937
0,14689,0.794306517743595
0,14690,0.7152371492261305
0,14691,0.772111474794728
0,14692,0.6409946795085613
0,14693,0.6522817072374948
0,14694,0.7309913667911284
0,14695,0.7100585778534038
0,14696,0.7033984496520104
0,14697,0.6224207799593849
0,14698,0.7673986742284736
0,14699,0.7511323192771521
0,14700,0.6461897446931308
0,14701,0.7007198592832977
0,14702,0.7108052032461194
0,14703,0.521117155655327
0,14704,0.9141917768581154
0,14705,0.8464408229540115
0,14706,0.8243485664266953
0,14707,0.8892148493832951
0,14708,0.661158234060928
0,14709,0.650504105790085
0,14710,0.5841309860917896
0,14711,0.6942753935206828
0,14712,0.8096080820955693
0,14713,0.6594024743819674
0,14714,0.7388402553789664
0,14715,0.7620391630954602
0,14716,0.7026844309164186
0,14717,0.5945486055619665
0,14718,0.6587024031613988
0,14719,0.6824415803596487
0,14720,0.510957805044826
0,14721,0.5139809174208957
0,14722,0.8096150460757136
0,14723,0.5274576641248007
0,14724,0.617176523048371
0,14725,0.6151574947268871
0,14726,0.6274365024306177
0,14727,0.7961258125503817
0,14728,0.7880127300079928
0,14729,0.8022770325504044
0,14730,0.6753377277353527
0,14731,0.7910800302814237
0,14732,0.5328780709546773
0,14733,0.7232890738524732
0,14734,0.6621829572612279
0,14735,0.7103686207119964
0,14736,0.6886191694111724
0,14737,0.6631001345669666
0,14738,0.6331198667845328
0,14739,0.5631245241649022
0,14740,0.8357927161598858
0,14741,0.5245459889757292
0,14742,0.813291837386245
0,14743,0.5000112669957464
0,14744,0.5937078580548285
0,14745,0.6380340531476556
0,14746,0.7046000518674919
0,14747,0.7099107424737862
0,14748,0.6648952295476234
0,14749,0.7513153263077422
0,14750,0.7060769211552002
0,14751,0.696117274175944
0,14752,0.7329576974840134
0,14753,0.8001243301752169
0,14754,0.6405539615233451
0,14755,0.6826514491767213
0,14756,0.5516746417779619
0,14757,0.7231187349997136
0,14758,0.7178953309212227
0,14759,0.7893112113300929
0,14760,0.7346064903763226
0,14761,0.7816432445050226
0,14762,0.6180304073956248
0,14763,0.6847201829412389
0,14764,0.523712149686632
0,14765,0.6905559697019676
0,14766,0.5734218833161765
0,14767,0.575465292174674
0,14768,0.6275966715229491
0,14769,0.6442689786195575
0,14770,0.6247057692647965
0,14771,0.660187912924268
0,14772,0.6445657113143851
0,14773,0.8271009950945852
0,14774,0.6251030055831548
0,14775,0.6635033731466871
0,14776,0.5121701730779445
0,14777,0.6128325895475601
0,14778,0.6101279618391935
0,14779,0.40256264958417876
0,14780,0.7394953085120112
0,14781,0.6137251682791951
0,14782,0.5967812644024962
0,14783,0.6395030561003189
0,14784,0.6225555141065702
0,14785,0.6290045158918757
0,14786,0.6293800416576255
0,14787,0.5669429573393658
0,14788,0.8415473005726647
0,14789,0.878933954775892
0,14790,0.9295131464182843
0,14791,0.46628958046113084
0,14792,0.5152885828736793
0,14793,0.7379532448623727
0,14794,0.6095005065398245
0,14795,0.7896225265545642
0,14796,0.8797724835562473
0,14797,0.7885351420484802
0,14798,0.9143022231795861
0,14799,0.5976706952507194
0,14800,0.6183775218984301
0,14801,0.6248009817742488
0,14802,0.5543187089435958
0,14803,0.6383475817342323
0,14804,0.5703063268571763
0,14805,0.6750663441920733
0,14806,0.5857652940713162
0,14807,0.8295486191172555
0,14808,0.6570944518445833
0,14809,0.6459911373844546
0,14810,0.4269384499136825
0,14811,0.5678969483230532
0,14812,0.6898269273791793
0,14813,0.43456524145719194
0,14814,0.3761860051400175
0,14815,0.6575656116778248
0,14816,0.8011499556079981
0,14817,0.7047274946231066
0,14818,0.519328234167064
0,14819,0.8545555042952712
0,14820,0.8721772438209483
0,14821,0.8441886208723299
0,14822,0.8487720126690171
0,14823,0.9140721466217583
0,14824,0.8290122198965716
0,14825,0.710201377963382
0,14826,0.8164756584584432
0,14827,0.583460728074755
0,14828,0.5942975724411458
0,14829,0.562186401583148
0,14830,0.614280320722163
0,14831,0.6376372727878671
0,14832,0.7010461980014964
0,14833,0.7293190421768974
0,14834,0.6836578525972842
0,14835,0.8205879098718524
0,14836,0.8409599409067593
0,14837,0.7009515395952458
0,14838,0.4893132480974107
0,14839,0.697862644034002
0,14840,0.6388001353260907
0,14841,0.8048153881090698
0,14842,0.7036398406621788
0,14843,0.47877726561803186
0,14844,0.6861569932297933
0,14845,0.6609149039508336
0,14846,0.6854692511616642
0,14847,0.5600269332271584
0,14848,0.7218695924278119
0,14849,0.6156934631539939
0,14850,0.69880169430355
0,14851,0.6083244006452087
0,14852,0.5828729807352439
0,14853,0.6812418432855524
0,14854,0.48958412706737836
0,14855,0.5217817376048469
0,14856,0.6021649040277478
0,14857,0.7501122918608459
0,14858,0.631175347930102
0,14859,0.763200084857196
0,14860,0.8553621872574071
0,14861,0.8570519462786522
0,14862,0.5732076542318916
0,14863,0.6693009026105077
0,14864,0.6417368807249855
0,14865,0.7241188335615383
0,14866,0.6089733867492312
0,14867,0.5171336080375418
0,14868,0.6736624902809256
0,14869,0.7390825548264193
0,14870,0.6952005024634456
0,14871,0.5362627095289255
0,14872,0.6051837116738059
0,14873,0.7367433087658671
0,14874,0.5332023853473412
0,14875,0.7703860804889259
0,14876,0.7804207795597397
0,14877,0.6268043754850802
0,14878,0.752410223182422
0,14879,0.8011735243696928
0,14880,0.7334711174901701
0,14881,0.6815782195558984
0,14882,0.4811985647173557
0,14883,0.5835159044366592
0,14884,0.6965595503708153
0,14885,0.8268750096179797
0,14886,0.6326842293082633
0,14887,0.6279196050138742
0,14888,0.6615984564416363
0,14889,0.7306242589867525
0,14890,0.6957906791479739
0,14891,0.6217959339326167
0,14892,0.5660486980582023
0,14893,0.639417433410651
0,14894,0.6213379974846338
0,14895,0.5972417517562547
0,14896,0.4660281418372435
0,14897,0.6326098938421895
0,14898,0.6180154027350482
0,14899,0.8834132830180924
0,14900,0.8944980439511857
0,14901,0.6441273531403453
0,14902,0.7341198631317283
0,14903,0.5246463459431858
0,14904,0.6874290035721979
0,14905,0.6964305946385925
0,14906,0.6512161617422607
0,14907,0.7645679976918824
0,14908,0.6297576757891997
0,14909,0.756458124447033
0,14910,0.6584894136594602
0,14911,0.5938181843334002
0,14912,0.5131816364254648
0,14913,0.6558939652981937
0,14914,0.5886561416235828
0,14915,0.5444389298286364
0,14916,0.6641081108387171
0,14917,0.7040561819952517
0,14918,0.7617507248842413
0,14919,0.7857562978928502
0,14920,0.7299537311101811
0,14921,0.7963534174051465
0,14922,0.591190733583208
0,14923,0.6166981067667993
0,14924,0.5996239675402613
0,14925,0.6206882396666696
0,14926,0.6877912427639685
0,14927,0.6989481715981019
0,14928,0.661353668968903
0,14929,0.7350368304891862
0,14930,0.6718474213364654
0,14931,0.7386781497960365
0,14932,0.6048289406802299
0,14933,0.5887308858140229
0,14934,0.7026540825243734
0,14935,0.612776507549508
0,14936,0.6055480293831915
0,14937,0.586633128755909
0,14938,0.6674346357984406
0,14939,0.7591299831755494
0,14940,0.6074416070543809
0,14941,0.7743753639815689
0,14942,0.8649639044156344
0,14943,0.41356538896856726
0,14944,0.4314565504967923
0,14945,0.6019254585389537
0,14946,0.7243518698548719
0,14947,0.632566517437628
0,14948,0.6676934181008554
0,14949,0.5964908772041347
0,14950,0.6812257268612635
0,14951,0.7096861284859433
0,14952,0.509378679441615
0,14953,0.5038759386045347
0,14954,0.6579092663022011
0,14955,0.5694987909052621
0,14956,0.7766101884617388
0,14957,0.6447167148709357
0,14958,0.5663014060488403
0,14959,0.49713974031927355
0,14960,0.44969128678739934
0,14961,0.5701362982086084
0,14962,0.6332204829956997
0,14963,0.590916923320608
0,14964,0.7204937967170378
0,14965,0.5736920613655362
0,14966,0.41844200620525396
0,14967,0.3481286678479028
0,14968,0.3589079346735563
0,14969,0.468541767421019
0,14970,0.6420232805626347
0,14971,0.7375580498273768
0,14972,0.7237987618627396
0,14973,0.5924948715400344
0,14974,0.7118097124761474
0,14975,0.5792929540892338
0,14976,0.7099362108130379
0,14977,0.517059580040462
0,14978,0.47742313824509613
0,14979,0.6717649180569486
0,14980,0.7621868900600342
0,14981,0.8279998852351937
0,14982,0.6108333820386448
0,14983,0.750434236933344
0,14984,0.6390900649215402
0,14985,0.7317371717677928
0,14986,0.6818071348641461
0,14987,0.8191142374078348
0,14988,0.5563063791106273
0,14989,0.6734856784952612
0,14990,0.4471179610439889
0,14991,0.7217633763998662
0,14992,0.6824049261401928
0,14993,0.6924377903451506
0,14994,0.6378669157030478
0,14995,0.7596455070139266
0,14996,0.7233339850496137
0,14997,0.6655329837515699
0,14998,0.712144577691269
0,14999,0.8695893057144923
0,15000,0.760415618024701
