effect,component,group,term,estimate,std.error,conf.low,conf.high
fixed,cond,NA,(Intercept),2.583124872491184,0.06193731748985942,2.4594638297307094,2.7051879454656014
fixed,cond,NA,fungicide1,0.03232672941137419,0.08596542462687211,-0.14001591665854182,0.20140627585598317
ran_pars,cond,Residual,sd__Observation,0.18167527182485213,0.03417562960940863,0.12887161072142575,0.2616080004341473
