effect,component,group,term,estimate,std.error,conf.low,conf.high
fixed,cond,NA,(Intercept),-1.553940144355464,1.412859088550494,-4.370676780242941,1.3065802551510122
fixed,cond,NA,fungicide,-0.3614314838626322,0.11220145093039678,-0.5788636171687532,-0.14126273635356193
ran_pars,cond,site,sd__(Intercept),1.0851687761840376,0.6731537009320073,0.39786299186006396,2.928014372905003
ran_pars,cond,yearf,sd__(Intercept),1.3219740002917277,1.3670938592084636,0.1681601263117624,5.06525022225809
