effect,component,group,term,estimate,std.error,conf.low,conf.high
fixed,cond,NA,b0_treatmentcontrol,6.247512934891269,2.4524635132886994,2.2474058790848486,11.687907842967777
fixed,cond,NA,b0_treatmentfungicide,5.34859993983694,2.138557860476951,1.8366282062851533,10.006720752121495
fixed,cond,NA,alpha_treatmentcontrol,0.23597583803786049,0.1819158427425917,0.03605967380296746,0.6690245680652583
fixed,cond,NA,alpha_treatmentfungicide,0.04555184849223507,0.05689080604167893,8.440293879554783e-4,0.19023146386823822
ran_pars,cond,site,sd__b0_(Intercept),11.36305629068488,7.238877806989438,3.2735537540090642,30.457403515130018
ran_pars,cond,Residual,sd__Observation,20.470694286219,3.116329348463038,15.453669558620112,27.621920616808968
