effect,component,group,term,estimate,std.error,conf.low,conf.high
fixed,cond,NA,b0_treatmentcontrol,5.472340972258073,2.210452552636386,1.9077591557241638,10.426710385934008
fixed,cond,NA,b0_treatmentfungicide,4.818920373581428,1.9763051199202626,1.709066199901362,9.360624792037205
fixed,cond,NA,alpha_treatmentcontrol,0.028560263146959034,0.09280544568440187,7.266760350388628e-4,0.11045324588136841
fixed,cond,NA,alpha_treatmentfungicide,0.029227090776677928,0.11711720818382679,4.621508181546403e-4,0.1291093453989168
ran_pars,cond,site,sd__b0_(Intercept),29.45346248966627,20.279265517935254,10.697940864152654,81.9982465201847
ran_pars,cond,Residual,sd__Observation,100.10961604676538,16.39765166954323,75.38571674268425,139.63811018049043
