effect,component,group,term,estimate,std.error,conf.low,conf.high
fixed,cond,NA,(Intercept),1.1607235255514547,0.09561225361272145,0.9727992169967546,1.3504817561646307
fixed,cond,NA,fungicide,0.10216362520047044,0.13758264716837196,-0.16779221631354038,0.3715889288133665
ran_pars,cond,plotf,sd__(Intercept),0.5309933778971203,0.059085134016629764,0.4262187359103091,0.6586632322166633
