effect,component,group,term,estimate,std.error,conf.low,conf.high
fixed,cond,NA,(Intercept),-2.1963404346603514,0.12211187380346421,-2.4420253639936678,-1.960739841181164
fixed,cond,NA,fungicide,-0.8682090203059618,0.18628161214225616,-1.243705014208278,-0.5117851078170584
ran_pars,cond,plotf,sd__(Intercept),0.6395024519541567,0.08988790128716048,0.4799716266860684,0.8298602250282734
