effect,component,group,term,estimate,std.error,conf.low,conf.high
fixed,cond,NA,(Intercept),4.858574070232768,0.9569000456521103,3.309147621839713,7.0346423287014606
fixed,cond,NA,fungicide,5.3161959966959556,3.606868928002904,-0.012639190700379919,13.726433860546923
fixed,cond,NA,foca,-1.8274200412138961,1.0651650853896515,-4.044624067804448,0.14742994538963164
fixed,cond,NA,focs,-1.906001193396998,0.9060022487877379,-3.8904477320794366,-0.37790411036223065
fixed,cond,NA,fungicide:foca,-5.255808126271323,3.6885721929958404,-13.846467639000263,0.4074009777235604
fixed,cond,NA,fungicide:focs,-2.409657487027701,3.760740496319123,-11.008655895468333,3.5582973683100882
ran_pars,cond,plotf,sd__(Intercept),0.9206138763331753,0.5820698876528884,0.048145396752266645,2.2114238229071663
